cycle,mode,soc_bin_id,soc_start_pct,soc_end_pct,actual_soc_start_pct,actual_soc_end_pct,soc_coverage_pct,soc_definition,soc_reference_capacity_ah,capacity_reference_node,soc_anchor_pct,soc_anchor_source,configured_charge_current_a,configured_nominal_charge_rate_c,effective_charge_rate_c,nominal_capacity_ah,soh_pct,q_ref_ah,q_ref_node,lli_pct,negative_lam_pct,positive_lam_pct,external_charge_ah,negative_particle_lithium_mol_start,negative_particle_lithium_mol_end,intercalated_charge_increment_ah,total_plating_inventory_start_ah,total_plating_inventory_end_ah,reversible_plating_inventory_start_ah,reversible_plating_inventory_end_ah,reversible_plating_increment_ah,reversible_plating_depletion_ah,dead_lithium_inventory_start_ah,dead_lithium_inventory_end_ah,dead_lithium_increment_ah,sei_inventory_start_ah,sei_inventory_end_ah,sei_increment_ah,useful_charge_efficiency_pct,reversible_retention_pct,charge_balance_error_ah,charge_balance_error_pct,charge_balance_abs_error_pct,charge_balance_status,time_start_s,time_end_s,duration_s,cc_charge_ah,cv_charge_ah,cv_charge_fraction_pct,mean_current_a,mean_voltage_v,maximum_voltage_v,temperature_start_k,temperature_end_k,temperature_mean_k,temperature_max_k,temperature_rise_k,negative_surface_stoichiometry,negative_average_stoichiometry,negative_particle_radial_stoichiometry_gradient,minimum_electrolyte_concentration_mol_m3,negative_reaction_overpotential_v,plating_reaction_overpotential_v,negative_intercalation_current_density_mean_a_m2,negative_intercalation_current_density_max_a_m2,negative_plating_current_density_mean_a_m2,negative_plating_current_density_extreme_a_m2,negative_sei_current_density_mean_a_m2,negative_sei_current_density_max_a_m2,electrolyte_ohmic_loss_mean_v,electrolyte_ohmic_loss_max_v,negative_particle_concentration_overpotential_mean_v,negative_particle_concentration_overpotential_max_v,irreversible_heating_energy_wh,ohmic_heating_energy_wh,reversible_heating_energy_wh,total_heating_energy_wh,soc_crossing_count,soc_crossing_selection_rule,charge_trace_path,trace_start_row,trace_end_row,trace_start_time_s,trace_end_time_s,primary_status,status_flags,is_valid_for_efficiency_analysis,is_valid_for_mechanism_analysis,output_schema_version,charge_efficiency_algorithm_version
1,virtual,20-40,20.0,40.0,20.0,40.0,100.0,NEGATIVE_PARTICLE_LITHIUM_DELTA_OVER_FROZEN_Q_REF_V1,4.868603999814521,0,20.0,INITIAL_SOC_CONFIGURATION,14.55,3.0000000000000004,2.9885363444129593,4.85,100.0,4.868603999814521,0,,,,1.057345556077429,0.04274926258206297,0.07908012036992602,0.9737207999629043,,,,,0.08361721598108567,0.0,,,1.6475494749301912e-05,,,0.00046862217477210784,92.09106657384949,99.9992868808692,-0.00047755753608247353,-0.04516570134877478,0.04516570134877478,SOC_UPPER_BOUND_NOT_REACHED,0.0,299.6432930043805,299.6432930043805,0.11052120209393596,0.946824353983493,89.54729591866345,,,,,,,,,,,,,,,,,,,,,,,,,,,,,1,FIRST_UPWARD_CROSSING,charge_timeseries/cycle-001.csv,,,0.0,7406.026601973415,SOC_UPPER_BOUND_NOT_REACHED,SOC_UPPER_BOUND_NOT_REACHED,False,False,3,charge-efficiency-v1
1,virtual,40-60,40.0,60.0,40.0,60.0,100.0,NEGATIVE_PARTICLE_LITHIUM_DELTA_OVER_FROZEN_Q_REF_V1,4.868603999814521,0,20.0,INITIAL_SOC_CONFIGURATION,14.55,3.0000000000000004,2.9885363444129593,4.85,100.0,4.868603999814521,0,,,,0.9695085067210326,0.07908012036992602,0.11541097815778907,0.9737207999629041,,,,,-0.00428547727237967,0.00428547727237967,,,2.504968560452752e-05,,,0.00036745526222382516,100.4344771822702,99.99245142977077,-0.0003193209173201206,-0.03293637086280898,0.03293637086280898,SOC_UPPER_BOUND_NOT_REACHED,299.6432930043805,600.4672512114812,300.8239582071007,0.0,0.9695085067210326,100.0,,,,,,,,,,,,,,,,,,,,,,,,,,,,,1,FIRST_UPWARD_CROSSING,charge_timeseries/cycle-001.csv,,,0.0,7406.026601973415,SOC_UPPER_BOUND_NOT_REACHED,SOC_UPPER_BOUND_NOT_REACHED,False,False,3,charge-efficiency-v1
1,virtual,60-80,60.0,80.0,60.0,80.0,100.0,NEGATIVE_PARTICLE_LITHIUM_DELTA_OVER_FROZEN_Q_REF_V1,4.868603999814521,0,20.0,INITIAL_SOC_CONFIGURATION,14.55,3.0000000000000004,2.9885363444129593,4.85,100.0,4.868603999814521,0,,,,0.9102500118289492,0.11541097815778907,0.15174183594565213,0.9737207999629044,,,,,-0.06362296051646517,0.06362296051646517,,,9.131111619400107e-05,,,0.0007885129173021936,106.97289616139905,99.98328235314116,-0.0007276516509862052,-0.0799397573776624,0.0799397573776624,SOC_UPPER_BOUND_NOT_REACHED,600.4672512114812,3397.2037771585024,2796.736525947021,0.21722863459294856,0.6930213772360007,76.13527802581679,,,,,,,,,,,,,,,,,,,,,,,,,,,,,1,FIRST_UPWARD_CROSSING,charge_timeseries/cycle-001.csv,,,0.0,7406.026601973415,SOC_UPPER_BOUND_NOT_REACHED,SOC_UPPER_BOUND_NOT_REACHED,False,False,3,charge-efficiency-v1
1,virtual,80-100,80.0,100.0,80.0,,0.0,NEGATIVE_PARTICLE_LITHIUM_DELTA_OVER_FROZEN_Q_REF_V1,4.868603999814521,0,20.0,INITIAL_SOC_CONFIGURATION,14.55,3.0000000000000004,2.9885363444129593,4.85,100.0,4.868603999814521,0,,,,,,,,,,,,,,,,,,,,,,,,,,,,,,,,,,,,,,,,,,,,,,,,,,,,,,,,,,,,0,FIRST_UPWARD_CROSSING,charge_timeseries/cycle-001.csv,,,0.0,7406.026601973415,SOC_UPPER_BOUND_NOT_REACHED,SOC_UPPER_BOUND_NOT_REACHED,False,False,3,charge-efficiency-v1
2,virtual,20-40,20.0,40.0,20.0,40.0,100.0,NEGATIVE_PARTICLE_LITHIUM_DELTA_OVER_FROZEN_Q_REF_V1,4.868603999814521,0,20.0,W10_80_PERCENT_DISCHARGE_WINDOW,14.55,3.0000000000000004,2.9885363444129593,4.85,100.0,4.868603999814521,0,,,,1.0541828978510108,0.04298527417991304,0.0793161319677761,0.9737207999629043,,,,,0.0804644338668088,0.0,,,1.4491102598903163e-05,,,3.7597664819093764e-05,92.36734934211782,100.00022159140572,-5.442474612027404e-05,-0.00516274227472489,0.00516274227472489,SOC_UPPER_BOUND_NOT_REACHED,31002.352245677364,31299.713443873465,297.36119819609985,0.11503194657192728,0.9391509512790834,89.0880465992738,,,,,,,,,,,,,,,,,,,,,,,,,,,,,1,FIRST_UPWARD_CROSSING,charge_timeseries/cycle-002.csv,,,31002.352245677364,38413.36005466897,SOC_UPPER_BOUND_NOT_REACHED,SOC_UPPER_BOUND_NOT_REACHED,False,False,3,charge-efficiency-v1
2,virtual,40-60,40.0,60.0,40.0,60.0,100.0,NEGATIVE_PARTICLE_LITHIUM_DELTA_OVER_FROZEN_Q_REF_V1,4.868603999814521,0,20.0,W10_80_PERCENT_DISCHARGE_WINDOW,14.55,3.0000000000000004,2.9885363444129593,4.85,100.0,4.868603999814521,0,,,,0.9697456938671513,0.0793161319677761,0.11564698975563914,0.9737207999629041,,,,,-0.004062727635203378,0.004062727635203378,,,2.241180590821821e-05,,,7.803846586803111e-05,100.409912219347,99.99096448274999,-1.2828732325664838e-05,-0.0013228965497651686,0.0013228965497651686,SOC_UPPER_BOUND_NOT_REACHED,31299.713443873465,31601.132199617994,301.4187557445283,0.0,0.9697456938671513,100.0,,,,,,,,,,,,,,,,,,,,,,,,,,,,,1,FIRST_UPWARD_CROSSING,charge_timeseries/cycle-002.csv,,,31002.352245677364,38413.36005466897,SOC_UPPER_BOUND_NOT_REACHED,SOC_UPPER_BOUND_NOT_REACHED,False,False,3,charge-efficiency-v1
2,virtual,60-80,60.0,80.0,60.0,80.0,100.0,NEGATIVE_PARTICLE_LITHIUM_DELTA_OVER_FROZEN_Q_REF_V1,4.868603999814521,0,20.0,W10_80_PERCENT_DISCHARGE_WINDOW,14.55,3.0000000000000004,2.9885363444129593,4.85,100.0,4.868603999814521,0,,,,0.9129383258793303,0.11564698975563914,0.1519778475435022,0.9737207999629041,,,,,-0.06092196775461238,0.06092196775461238,,,8.232971552483021e-05,,,0.0002872989057517931,106.65789488298992,99.98472036203495,-0.00023013495023793684,-0.025208159600077457,0.025208159600077457,SOC_UPPER_BOUND_NOT_REACHED,31601.132199617994,34420.19191067089,2819.059711052894,0.22405475572237418,0.6888835701569561,75.4578431673829,,,,,,,,,,,,,,,,,,,,,,,,,,,,,1,FIRST_UPWARD_CROSSING,charge_timeseries/cycle-002.csv,,,31002.352245677364,38413.36005466897,SOC_UPPER_BOUND_NOT_REACHED,SOC_UPPER_BOUND_NOT_REACHED,False,False,3,charge-efficiency-v1
2,virtual,80-100,80.0,100.0,80.0,,0.0,NEGATIVE_PARTICLE_LITHIUM_DELTA_OVER_FROZEN_Q_REF_V1,4.868603999814521,0,20.0,W10_80_PERCENT_DISCHARGE_WINDOW,14.55,3.0000000000000004,2.9885363444129593,4.85,100.0,4.868603999814521,0,,,,,,,,,,,,,,,,,,,,,,,,,,,,,,,,,,,,,,,,,,,,,,,,,,,,,,,,,,,,0,FIRST_UPWARD_CROSSING,charge_timeseries/cycle-002.csv,,,31002.352245677364,38413.36005466897,SOC_UPPER_BOUND_NOT_REACHED,SOC_UPPER_BOUND_NOT_REACHED,False,False,3,charge-efficiency-v1
3,virtual,20-40,20.0,40.0,20.0,40.0,100.0,NEGATIVE_PARTICLE_LITHIUM_DELTA_OVER_FROZEN_Q_REF_V1,4.868603999814521,0,20.0,W10_80_PERCENT_DISCHARGE_WINDOW,14.55,3.0000000000000004,2.9885363444129593,4.85,100.0,4.868603999814521,0,,,,1.0552174118174067,0.04296123046094729,0.07929208824881034,0.9737207999629043,,,,,0.08150136657565861,0.0,,,1.3879697455099161e-05,,,2.8268669581965958e-05,92.27679424715515,100.00045059161295,-4.690308819332856e-05,-0.004444874361251025,0.004444874361251025,SOC_UPPER_BOUND_NOT_REACHED,62009.68922297184,62309.24308609134,299.5538631194961,0.11277351723463931,0.9424438945827674,89.3127694850667,,,,,,,,,,,,,,,,,,,,,,,,,,,,,1,FIRST_UPWARD_CROSSING,charge_timeseries/cycle-003.csv,,,62009.68922297184,69430.45926627607,SOC_UPPER_BOUND_NOT_REACHED,SOC_UPPER_BOUND_NOT_REACHED,False,False,3,charge-efficiency-v1
3,virtual,40-60,40.0,60.0,40.0,60.0,100.0,NEGATIVE_PARTICLE_LITHIUM_DELTA_OVER_FROZEN_Q_REF_V1,4.868603999814521,0,20.0,W10_80_PERCENT_DISCHARGE_WINDOW,14.55,3.0000000000000004,2.9885363444129593,4.85,100.0,4.868603999814521,0,,,,0.9695391094246775,0.07929208824881034,0.11562294603667339,0.9737207999629041,,,,,-0.004239671452936633,0.004239671452936633,,,2.1356297004575383e-05,,,5.877244967294505e-05,100.43130705069835,99.99401974462438,-2.214783196741177e-05,-0.002284367051531758,0.002284367051531758,SOC_UPPER_BOUND_NOT_REACHED,62309.24308609134,62612.396972370756,303.1538862794139,0.0,0.9695391094246775,100.0,,,,,,,,,,,,,,,,,,,,,,,,,,,,,1,FIRST_UPWARD_CROSSING,charge_timeseries/cycle-003.csv,,,62009.68922297184,69430.45926627607,SOC_UPPER_BOUND_NOT_REACHED,SOC_UPPER_BOUND_NOT_REACHED,False,False,3,charge-efficiency-v1
3,virtual,60-80,60.0,80.0,60.0,80.0,100.0,NEGATIVE_PARTICLE_LITHIUM_DELTA_OVER_FROZEN_Q_REF_V1,4.868603999814521,0,20.0,W10_80_PERCENT_DISCHARGE_WINDOW,14.55,3.0000000000000004,2.9885363444129593,4.85,100.0,4.868603999814521,0,,,,0.9120550481321159,0.11562294603667339,0.15195380382453644,0.9737207999629041,,,,,-0.06181625413568496,0.06181625413568496,,,7.77639999549807e-05,,,0.00021912515165680747,106.76118749159706,99.98349855031174,-0.00014638684671497426,-0.01605022054477674,0.01605022054477674,SOC_UPPER_BOUND_NOT_REACHED,62612.396972370756,65434.91982274636,2822.522850375604,0.22402716648987508,0.6880278816422408,75.43710032100786,,,,,,,,,,,,,,,,,,,,,,,,,,,,,1,FIRST_UPWARD_CROSSING,charge_timeseries/cycle-003.csv,,,62009.68922297184,69430.45926627607,SOC_UPPER_BOUND_NOT_REACHED,SOC_UPPER_BOUND_NOT_REACHED,False,False,3,charge-efficiency-v1
3,virtual,80-100,80.0,100.0,80.0,,0.0,NEGATIVE_PARTICLE_LITHIUM_DELTA_OVER_FROZEN_Q_REF_V1,4.868603999814521,0,20.0,W10_80_PERCENT_DISCHARGE_WINDOW,14.55,3.0000000000000004,2.9885363444129593,4.85,100.0,4.868603999814521,0,,,,,,,,,,,,,,,,,,,,,,,,,,,,,,,,,,,,,,,,,,,,,,,,,,,,,,,,,,,,0,FIRST_UPWARD_CROSSING,charge_timeseries/cycle-003.csv,,,62009.68922297184,69430.45926627607,SOC_UPPER_BOUND_NOT_REACHED,SOC_UPPER_BOUND_NOT_REACHED,False,False,3,charge-efficiency-v1
4,virtual,20-40,20.0,40.0,20.0,40.0,100.0,NEGATIVE_PARTICLE_LITHIUM_DELTA_OVER_FROZEN_Q_REF_V1,4.868603999814521,0,20.0,W10_80_PERCENT_DISCHARGE_WINDOW,14.55,3.0000000000000004,2.9885363444129593,4.85,100.0,4.868603999814521,0,,,,1.0569366317799187,0.042938917555167676,0.07926977534303073,0.9737207999629043,,,,,0.08321080756850363,0.0,,,1.351291884018821e-05,,,2.4016828179548345e-05,92.12669621669976,99.99952464051678,-3.250549850886131e-05,-0.003075444405226158,0.003075444405226158,SOC_UPPER_BOUND_NOT_REACHED,93026.79005791526,93328.44621351853,301.6561556032625,0.11104935434752665,0.9458872774323921,89.49328171543117,,,,,,,,,,,,,,,,,,,,,,,,,,,,,1,FIRST_UPWARD_CROSSING,charge_timeseries/cycle-004.csv,,,93026.79005791526,100454.78048878875,SOC_UPPER_BOUND_NOT_REACHED,SOC_UPPER_BOUND_NOT_REACHED,False,False,3,charge-efficiency-v1
4,virtual,40-60,40.0,60.0,40.0,60.0,100.0,NEGATIVE_PARTICLE_LITHIUM_DELTA_OVER_FROZEN_Q_REF_V1,4.868603999814521,0,20.0,W10_80_PERCENT_DISCHARGE_WINDOW,14.55,3.0000000000000004,2.9885363444129593,4.85,100.0,4.868603999814521,0,,,,0.9692907717046334,0.07926977534303073,0.11560063313089379,0.9737207999629044,,,,,-0.004527986919119931,0.004527986919119931,,,2.065725500233716e-05,,,4.9831135880341014e-05,100.45703811359724,99.98989377968834,2.7470269966300975e-05,0.002834058753906288,0.002834058753906288,SOC_UPPER_BOUND_NOT_REACHED,93328.44621351853,93633.31959312424,304.87337960570824,0.0,0.9692907717046334,100.0,,,,,,,,,,,,,,,,,,,,,,,,,,,,,1,FIRST_UPWARD_CROSSING,charge_timeseries/cycle-004.csv,,,93026.79005791526,100454.78048878875,SOC_UPPER_BOUND_NOT_REACHED,SOC_UPPER_BOUND_NOT_REACHED,False,False,3,charge-efficiency-v1
4,virtual,60-80,60.0,80.0,60.0,80.0,100.0,NEGATIVE_PARTICLE_LITHIUM_DELTA_OVER_FROZEN_Q_REF_V1,4.868603999814521,0,20.0,W10_80_PERCENT_DISCHARGE_WINDOW,14.55,3.0000000000000004,2.9885363444129593,4.85,100.0,4.868603999814521,0,,,,0.9106183211412467,0.11560063313089379,0.15193149091875682,0.9737207999629037,,,,,-0.06322570426350224,0.06322570426350224,,,7.441493795161836e-05,,,0.00018592851341188085,106.92962983026442,99.98646793733614,-0.00013711800951821118,-0.015057681833851738,0.015057681833851738,SOC_UPPER_BOUND_NOT_REACHED,93633.31959312424,96457.7276045996,2824.4080114753683,0.22403557941054955,0.6865827417306972,75.39742236574229,,,,,,,,,,,,,,,,,,,,,,,,,,,,,1,FIRST_UPWARD_CROSSING,charge_timeseries/cycle-004.csv,,,93026.79005791526,100454.78048878875,SOC_UPPER_BOUND_NOT_REACHED,SOC_UPPER_BOUND_NOT_REACHED,False,False,3,charge-efficiency-v1
4,virtual,80-100,80.0,100.0,80.0,,0.0,NEGATIVE_PARTICLE_LITHIUM_DELTA_OVER_FROZEN_Q_REF_V1,4.868603999814521,0,20.0,W10_80_PERCENT_DISCHARGE_WINDOW,14.55,3.0000000000000004,2.9885363444129593,4.85,100.0,4.868603999814521,0,,,,,,,,,,,,,,,,,,,,,,,,,,,,,,,,,,,,,,,,,,,,,,,,,,,,,,,,,,,,0,FIRST_UPWARD_CROSSING,charge_timeseries/cycle-004.csv,,,93026.79005791526,100454.78048878875,SOC_UPPER_BOUND_NOT_REACHED,SOC_UPPER_BOUND_NOT_REACHED,False,False,3,charge-efficiency-v1
5,virtual,20-40,20.0,40.0,20.0,40.0,100.0,NEGATIVE_PARTICLE_LITHIUM_DELTA_OVER_FROZEN_Q_REF_V1,4.868603999814521,0,20.0,W10_80_PERCENT_DISCHARGE_WINDOW,14.55,3.0000000000000004,2.9885363444129593,4.85,100.0,4.868603999814521,0,,,,1.057689302351614,0.04291783023457547,0.07924868802243851,0.973720799962904,,,,,0.08396437453250141,0.0,,,1.3029677479550555e-05,,,2.1382015149753325e-05,92.06113721657024,99.99960972884953,-3.0283836420785804e-05,-0.002863207215337644,0.002863207215337644,SOC_UPPER_BOUND_NOT_REACHED,124051.11227018577,124354.33100651561,303.2187363298448,0.10960449891197203,0.9480848034396421,89.63736338561024,,,,,,,,,,,,,,,,,,,,,,,,,,,,,1,FIRST_UPWARD_CROSSING,charge_timeseries/cycle-005.csv,,,124051.11227018577,131486.50494069295,SOC_UPPER_BOUND_NOT_REACHED,SOC_UPPER_BOUND_NOT_REACHED,False,False,3,charge-efficiency-v1
5,virtual,40-60,40.0,60.0,40.0,60.0,100.0,NEGATIVE_PARTICLE_LITHIUM_DELTA_OVER_FROZEN_Q_REF_V1,4.868603999814521,0,20.0,W10_80_PERCENT_DISCHARGE_WINDOW,14.55,3.0000000000000004,2.9885363444129593,4.85,100.0,4.868603999814521,0,,,,0.9690955610052379,0.07924868802243851,0.11557954581030157,0.9737207999629044,,,,,-0.00466650220194148,0.00466650220194148,,,1.9858383314277548e-05,,,4.4280104256866e-05,100.477273773999,99.99574208716504,-2.287524329613877e-05,-0.0023604734369446906,0.0023604734369446906,SOC_UPPER_BOUND_NOT_REACHED,124354.33100651561,124660.53897898608,306.2079724704611,0.0,0.9690955610052379,100.0,,,,,,,,,,,,,,,,,,,,,,,,,,,,,1,FIRST_UPWARD_CROSSING,charge_timeseries/cycle-005.csv,,,124051.11227018577,131486.50494069295,SOC_UPPER_BOUND_NOT_REACHED,SOC_UPPER_BOUND_NOT_REACHED,False,False,3,charge-efficiency-v1
5,virtual,60-80,60.0,80.0,60.0,80.0,100.0,NEGATIVE_PARTICLE_LITHIUM_DELTA_OVER_FROZEN_Q_REF_V1,4.868603999814521,0,20.0,W10_80_PERCENT_DISCHARGE_WINDOW,14.55,3.0000000000000004,2.9885363444129593,4.85,100.0,4.868603999814521,0,,,,0.909979128166767,0.11557954581030157,0.15191040359816463,0.9737207999629044,,,,,-0.06386736672187239,0.06386736672187239,,,7.107659351380722e-05,,,0.00016515504234141873,107.00473997953674,99.98618705398351,-0.0001105367101201793,-0.01214716983046251,0.01214716983046251,SOC_UPPER_BOUND_NOT_REACHED,124660.53897898608,127488.26348028399,2827.724501297918,0.22399760286741568,0.6859815252993513,75.38431421842844,,,,,,,,,,,,,,,,,,,,,,,,,,,,,1,FIRST_UPWARD_CROSSING,charge_timeseries/cycle-005.csv,,,124051.11227018577,131486.50494069295,SOC_UPPER_BOUND_NOT_REACHED,SOC_UPPER_BOUND_NOT_REACHED,False,False,3,charge-efficiency-v1
5,virtual,80-100,80.0,100.0,80.0,,0.0,NEGATIVE_PARTICLE_LITHIUM_DELTA_OVER_FROZEN_Q_REF_V1,4.868603999814521,0,20.0,W10_80_PERCENT_DISCHARGE_WINDOW,14.55,3.0000000000000004,2.9885363444129593,4.85,100.0,4.868603999814521,0,,,,,,,,,,,,,,,,,,,,,,,,,,,,,,,,,,,,,,,,,,,,,,,,,,,,,,,,,,,,0,FIRST_UPWARD_CROSSING,charge_timeseries/cycle-005.csv,,,124051.11227018577,131486.50494069295,SOC_UPPER_BOUND_NOT_REACHED,SOC_UPPER_BOUND_NOT_REACHED,False,False,3,charge-efficiency-v1
6,virtual,20-40,20.0,40.0,20.0,40.0,100.0,NEGATIVE_PARTICLE_LITHIUM_DELTA_OVER_FROZEN_Q_REF_V1,4.868603999814521,0,20.0,W10_80_PERCENT_DISCHARGE_WINDOW,14.55,3.0000000000000004,2.9885363444129593,4.85,100.0,4.868603999814521,0,,,,0.9731849221784848,0.04289771127335438,0.07922856906121743,0.9737207999629043,,,,,-0.0005483549601310181,0.0005483549601310181,,,8.062353492905823e-06,,,1.7077369018099822e-05,100.05506433281147,99.99871790289521,-1.2662546799435681e-05,-0.0013011449839451308,0.0013011449839451308,SOC_UPPER_BOUND_NOT_REACHED,155082.83745387493,155360.63150047912,277.7940466041776,0.10833957525086177,0.864845346927623,88.86752427191921,,,,,,,,,,,,,,,,,,,,,,,,,,,,,1,FIRST_UPWARD_CROSSING,charge_timeseries/cycle-006.csv,,,155082.83745387493,162630.43907117145,SOC_UPPER_BOUND_NOT_REACHED,SOC_UPPER_BOUND_NOT_REACHED,False,False,3,charge-efficiency-v1
6,virtual,40-60,40.0,60.0,40.0,60.0,100.0,NEGATIVE_PARTICLE_LITHIUM_DELTA_OVER_FROZEN_Q_REF_V1,4.868603999814521,0,20.0,W10_80_PERCENT_DISCHARGE_WINDOW,14.55,3.0000000000000004,2.9885363444129593,4.85,100.0,4.868603999814521,0,,,,0.977441590130863,0.07922856906121743,0.1155594268490805,0.9737207999629044,,,,,0.00367146326992815,0.0,,,1.5208587074368347e-07,,,3.855474892430592e-05,99.61933375809592,99.9949534684703,1.0620063235267097e-05,0.0010865164059414793,0.0010865164059414793,SOC_UPPER_BOUND_NOT_REACHED,155360.63150047912,155643.31505151637,282.6835510372569,0.0,0.977441590130863,100.0,,,,,,,,,,,,,,,,,,,,,,,,,,,,,1,FIRST_UPWARD_CROSSING,charge_timeseries/cycle-006.csv,,,155082.83745387493,162630.43907117145,SOC_UPPER_BOUND_NOT_REACHED,SOC_UPPER_BOUND_NOT_REACHED,False,False,3,charge-efficiency-v1
6,virtual,60-80,60.0,80.0,60.0,80.0,100.0,NEGATIVE_PARTICLE_LITHIUM_DELTA_OVER_FROZEN_Q_REF_V1,4.868603999814521,0,20.0,W10_80_PERCENT_DISCHARGE_WINDOW,14.55,3.0000000000000004,2.9885363444129593,4.85,100.0,4.868603999814521,0,,,,0.9824116436098438,0.1155594268490805,0.15189028463694354,0.9737207999629041,,,,,0.008537227445761617,0.0,,,1.651666807799359e-05,,,0.00016141107370378632,99.11535620496053,99.98436335703295,-2.431154060367202e-05,-0.0024746796072509843,0.0024746796072509843,SOC_UPPER_BOUND_NOT_REACHED,155643.31505151637,158618.0036250064,2974.6885734900266,0.21989223546373055,0.7625194081461133,77.61709799613706,,,,,,,,,,,,,,,,,,,,,,,,,,,,,1,FIRST_UPWARD_CROSSING,charge_timeseries/cycle-006.csv,,,155082.83745387493,162630.43907117145,SOC_UPPER_BOUND_NOT_REACHED,SOC_UPPER_BOUND_NOT_REACHED,False,False,3,charge-efficiency-v1
6,virtual,80-100,80.0,100.0,80.0,,0.0,NEGATIVE_PARTICLE_LITHIUM_DELTA_OVER_FROZEN_Q_REF_V1,4.868603999814521,0,20.0,W10_80_PERCENT_DISCHARGE_WINDOW,14.55,3.0000000000000004,2.9885363444129593,4.85,100.0,4.868603999814521,0,,,,,,,,,,,,,,,,,,,,,,,,,,,,,,,,,,,,,,,,,,,,,,,,,,,,,,,,,,,,0,FIRST_UPWARD_CROSSING,charge_timeseries/cycle-006.csv,,,155082.83745387493,162630.43907117145,SOC_UPPER_BOUND_NOT_REACHED,SOC_UPPER_BOUND_NOT_REACHED,False,False,3,charge-efficiency-v1
7,virtual,20-40,20.0,40.0,20.0,40.0,100.0,NEGATIVE_PARTICLE_LITHIUM_DELTA_OVER_FROZEN_Q_REF_V1,4.868603999814521,0,20.0,W10_80_PERCENT_DISCHARGE_WINDOW,14.55,3.0000000000000004,2.9885363444129593,4.85,100.0,4.868603999814521,0,,,,1.0596515346034887,0.042881039431746495,0.07921189721960954,0.9737207999629041,,,,,0.08594331895799528,0.0,,,1.2351388550765202e-05,,,1.8156365552007142e-05,91.89066104898917,100.00118759016522,-4.309207151331762e-05,-0.004066626632069405,0.004066626632069405,SOC_UPPER_BOUND_NOT_REACHED,186226.7722553005,186532.9734241085,306.2011688080037,0.10719833934954662,0.952453195253942,89.88362345083006,,,,,,,,,,,,,,,,,,,,,,,,,,,,,1,FIRST_UPWARD_CROSSING,charge_timeseries/cycle-007.csv,,,186226.7722553005,193676.557660544,SOC_UPPER_BOUND_NOT_REACHED,SOC_UPPER_BOUND_NOT_REACHED,False,False,3,charge-efficiency-v1
7,virtual,40-60,40.0,60.0,40.0,60.0,100.0,NEGATIVE_PARTICLE_LITHIUM_DELTA_OVER_FROZEN_Q_REF_V1,4.868603999814521,0,20.0,W10_80_PERCENT_DISCHARGE_WINDOW,14.55,3.0000000000000004,2.9885363444129593,4.85,100.0,4.868603999814521,0,,,,0.9687987369968887,0.07921189721960954,0.1155427550074726,0.9737207999629044,,,,,-0.005025280270983992,0.005025280270983992,,,1.869135930149344e-05,,,3.743569631144139e-05,100.50805835908429,99.98934584645637,4.709024935534156e-05,0.00486068442877138,0.00486068442877138,SOC_UPPER_BOUND_NOT_REACHED,186532.9734241085,186841.803483766,308.8300596575265,0.0,0.9687987369968887,100.0,,,,,,,,,,,,,,,,,,,,,,,,,,,,,1,FIRST_UPWARD_CROSSING,charge_timeseries/cycle-007.csv,,,186226.7722553005,193676.557660544,SOC_UPPER_BOUND_NOT_REACHED,SOC_UPPER_BOUND_NOT_REACHED,False,False,3,charge-efficiency-v1
7,virtual,60-80,60.0,80.0,60.0,80.0,100.0,NEGATIVE_PARTICLE_LITHIUM_DELTA_OVER_FROZEN_Q_REF_V1,4.868603999814521,0,20.0,W10_80_PERCENT_DISCHARGE_WINDOW,14.55,3.0000000000000004,2.9885363444129593,4.85,100.0,4.868603999814521,0,,,,0.9083162210634871,0.1155427550074726,0.15187361279533565,0.9737207999629041,,,,,-0.06551203232545275,0.06551203232545275,,,6.597461868216876e-05,,,0.00013911886703669996,107.20063975328318,99.9881700421567,-9.764005968304623e-05,-0.010749566881974867,0.010749566881974867,SOC_UPPER_BOUND_NOT_REACHED,186841.803483766,189676.322756254,2834.51927248797,0.22392166123167948,0.6843945598318076,75.34760956162333,,,,,,,,,,,,,,,,,,,,,,,,,,,,,1,FIRST_UPWARD_CROSSING,charge_timeseries/cycle-007.csv,,,186226.7722553005,193676.557660544,SOC_UPPER_BOUND_NOT_REACHED,SOC_UPPER_BOUND_NOT_REACHED,False,False,3,charge-efficiency-v1
7,virtual,80-100,80.0,100.0,80.0,,0.0,NEGATIVE_PARTICLE_LITHIUM_DELTA_OVER_FROZEN_Q_REF_V1,4.868603999814521,0,20.0,W10_80_PERCENT_DISCHARGE_WINDOW,14.55,3.0000000000000004,2.9885363444129593,4.85,100.0,4.868603999814521,0,,,,,,,,,,,,,,,,,,,,,,,,,,,,,,,,,,,,,,,,,,,,,,,,,,,,,,,,,,,,0,FIRST_UPWARD_CROSSING,charge_timeseries/cycle-007.csv,,,186226.7722553005,193676.557660544,SOC_UPPER_BOUND_NOT_REACHED,SOC_UPPER_BOUND_NOT_REACHED,False,False,3,charge-efficiency-v1
8,virtual,20-40,20.0,40.0,20.0,40.0,100.0,NEGATIVE_PARTICLE_LITHIUM_DELTA_OVER_FROZEN_Q_REF_V1,4.868603999814521,0,20.0,W10_80_PERCENT_DISCHARGE_WINDOW,14.55,3.0000000000000004,2.9885363444129593,4.85,100.0,4.868603999814521,0,,,,1.059973098531829,0.042862628676502174,0.07919348646436522,0.9737207999629041,,,,,0.08625566137839237,0.0,,,1.1976496457451235e-05,,,1.7047938504372376e-05,91.86278418873148,100.0003172542277,-3.238724442944374e-05,-0.003055477962063696,0.003055477962063696,SOC_UPPER_BOUND_NOT_REACHED,217272.8911780416,217580.2263143021,307.33513626048045,0.10616021528545841,0.9538128832463705,89.98463117295135,,,,,,,,,,,,,,,,,,,,,,,,,,,,,1,FIRST_UPWARD_CROSSING,charge_timeseries/cycle-008.csv,,,217272.8911780416,224729.6191021562,SOC_UPPER_BOUND_NOT_REACHED,SOC_UPPER_BOUND_NOT_REACHED,False,False,3,charge-efficiency-v1
8,virtual,40-60,40.0,60.0,40.0,60.0,100.0,NEGATIVE_PARTICLE_LITHIUM_DELTA_OVER_FROZEN_Q_REF_V1,4.868603999814521,0,20.0,W10_80_PERCENT_DISCHARGE_WINDOW,14.55,3.0000000000000004,2.9885363444129593,4.85,100.0,4.868603999814521,0,,,,0.9686658328708411,0.07919348646436522,0.11552434425222827,0.9737207999629041,,,,,-0.00509535763901689,0.00509535763901689,,,1.8082483405313385e-05,,,3.509284966290993e-05,100.52184839399997,99.99583029094417,-1.2784786114217184e-05,-0.0013198345270759506,0.0013198345270759506,SOC_UPPER_BOUND_NOT_REACHED,217580.2263143021,217890.0698329003,309.84351859821754,0.0,0.9686658328708411,100.0,,,,,,,,,,,,,,,,,,,,,,,,,,,,,1,FIRST_UPWARD_CROSSING,charge_timeseries/cycle-008.csv,,,217272.8911780416,224729.6191021562,SOC_UPPER_BOUND_NOT_REACHED,SOC_UPPER_BOUND_NOT_REACHED,False,False,3,charge-efficiency-v1
8,virtual,60-80,60.0,80.0,60.0,80.0,100.0,NEGATIVE_PARTICLE_LITHIUM_DELTA_OVER_FROZEN_Q_REF_V1,4.868603999814521,0,20.0,W10_80_PERCENT_DISCHARGE_WINDOW,14.55,3.0000000000000004,2.9885363444129593,4.85,100.0,4.868603999814521,0,,,,0.9080535108997493,0.11552434425222827,0.15185520204009134,0.9737207999629048,,,,,-0.06579325562106006,0.06579325562106006,,,6.356887917222131e-05,,,0.00013025253780809057,107.23165411233185,99.98612784859124,-6.785485907578881e-05,-0.007472561722552506,0.007472561722552506,SOC_UPPER_BOUND_NOT_REACHED,217890.0698329003,220728.74168042644,2838.6718475261387,0.22385559241820388,0.6841979184815454,75.34775321815611,,,,,,,,,,,,,,,,,,,,,,,,,,,,,1,FIRST_UPWARD_CROSSING,charge_timeseries/cycle-008.csv,,,217272.8911780416,224729.6191021562,SOC_UPPER_BOUND_NOT_REACHED,SOC_UPPER_BOUND_NOT_REACHED,False,False,3,charge-efficiency-v1
8,virtual,80-100,80.0,100.0,80.0,,0.0,NEGATIVE_PARTICLE_LITHIUM_DELTA_OVER_FROZEN_Q_REF_V1,4.868603999814521,0,20.0,W10_80_PERCENT_DISCHARGE_WINDOW,14.55,3.0000000000000004,2.9885363444129593,4.85,100.0,4.868603999814521,0,,,,,,,,,,,,,,,,,,,,,,,,,,,,,,,,,,,,,,,,,,,,,,,,,,,,,,,,,,,,0,FIRST_UPWARD_CROSSING,charge_timeseries/cycle-008.csv,,,217272.8911780416,224729.6191021562,SOC_UPPER_BOUND_NOT_REACHED,SOC_UPPER_BOUND_NOT_REACHED,False,False,3,charge-efficiency-v1
9,virtual,20-40,20.0,40.0,20.0,40.0,100.0,NEGATIVE_PARTICLE_LITHIUM_DELTA_OVER_FROZEN_Q_REF_V1,4.868603999814521,0,20.0,W10_80_PERCENT_DISCHARGE_WINDOW,14.55,3.0000000000000004,2.9885363444129593,4.85,100.0,4.868603999814521,0,,,,1.0616271016695145,0.042844700763090805,0.07917555855095385,0.973720799962904,,,,,0.08791489368902596,0.0,,,1.1854304869766746e-05,,,1.617316921631931e-05,91.71966299952506,100.00080932206818,-3.661945650157428e-05,-0.0034493709179038976,0.0034493709179038976,SOC_UPPER_BOUND_NOT_REACHED,248325.95340577612,248634.8810064294,308.92760065329026,0.10520037176380466,0.9564267299057099,90.09064749775449,,,,,,,,,,,,,,,,,,,,,,,,,,,,,1,FIRST_UPWARD_CROSSING,charge_timeseries/cycle-009.csv,,,248325.95340577612,255788.7466221297,SOC_UPPER_BOUND_NOT_REACHED,SOC_UPPER_BOUND_NOT_REACHED,False,False,3,charge-efficiency-v1
9,virtual,40-60,40.0,60.0,40.0,60.0,100.0,NEGATIVE_PARTICLE_LITHIUM_DELTA_OVER_FROZEN_Q_REF_V1,4.868603999814521,0,20.0,W10_80_PERCENT_DISCHARGE_WINDOW,14.55,3.0000000000000004,2.9885363444129593,4.85,100.0,4.868603999814521,0,,,,0.9684207218547284,0.07917555855095385,0.1155064163388169,0.9737207999629044,,,,,-0.005383529186128694,0.005383529186128694,,,1.7819540119326082e-05,,,3.3202210473697036e-05,100.54729086114816,99.99138276618112,3.242932735969539e-05,0.0033486816863631795,0.0033486816863631795,SOC_UPPER_BOUND_NOT_REACHED,248634.8810064294,248946.09592737744,311.2149209480383,0.0,0.9684207218547284,100.0,,,,,,,,,,,,,,,,,,,,,,,,,,,,,1,FIRST_UPWARD_CROSSING,charge_timeseries/cycle-009.csv,,,248325.95340577612,255788.7466221297,SOC_UPPER_BOUND_NOT_REACHED,SOC_UPPER_BOUND_NOT_REACHED,False,False,3,charge-efficiency-v1
9,virtual,60-80,60.0,80.0,60.0,80.0,100.0,NEGATIVE_PARTICLE_LITHIUM_DELTA_OVER_FROZEN_Q_REF_V1,4.868603999814521,0,20.0,W10_80_PERCENT_DISCHARGE_WINDOW,14.55,3.0000000000000004,2.9885363444129593,4.85,100.0,4.868603999814521,0,,,,0.9066920600331797,0.1155064163388169,0.15183727412667994,0.9737207999629037,,,,,-0.06714311638826258,0.06714311638826258,,,6.208847187504042e-05,,,0.00012285307042190878,107.3926686781917,99.98738530273064,-7.056508375846704e-05,-0.007782695676841459,0.007782695676841459,SOC_UPPER_BOUND_NOT_REACHED,248946.09592737744,251787.56750219883,2841.471574821388,0.22382883563608383,0.6828632243970959,75.31368746872087,,,,,,,,,,,,,,,,,,,,,,,,,,,,,1,FIRST_UPWARD_CROSSING,charge_timeseries/cycle-009.csv,,,248325.95340577612,255788.7466221297,SOC_UPPER_BOUND_NOT_REACHED,SOC_UPPER_BOUND_NOT_REACHED,False,False,3,charge-efficiency-v1
9,virtual,80-100,80.0,100.0,80.0,,0.0,NEGATIVE_PARTICLE_LITHIUM_DELTA_OVER_FROZEN_Q_REF_V1,4.868603999814521,0,20.0,W10_80_PERCENT_DISCHARGE_WINDOW,14.55,3.0000000000000004,2.9885363444129593,4.85,100.0,4.868603999814521,0,,,,,,,,,,,,,,,,,,,,,,,,,,,,,,,,,,,,,,,,,,,,,,,,,,,,,,,,,,,,0,FIRST_UPWARD_CROSSING,charge_timeseries/cycle-009.csv,,,248325.95340577612,255788.7466221297,SOC_UPPER_BOUND_NOT_REACHED,SOC_UPPER_BOUND_NOT_REACHED,False,False,3,charge-efficiency-v1
10,virtual,20-40,20.0,40.0,20.0,40.0,100.0,NEGATIVE_PARTICLE_LITHIUM_DELTA_OVER_FROZEN_Q_REF_V1,4.868603999814521,0,20.0,W10_80_PERCENT_DISCHARGE_WINDOW,14.55,3.0000000000000004,2.9885363444129593,4.85,100.0,4.868603999814521,0,,,,1.062906027958968,0.04282729437514435,0.0791581521630074,0.9737207999629041,,,,,0.08918748716412638,0.0,,,1.1679097381919702e-05,,,1.5430842498836625e-05,91.60930264293253,100.00021254635904,-2.9369107943155726e-05,-0.002763095435590989,0.002763095435590989,SOC_UPPER_BOUND_NOT_REACHED,279385.0813421581,279695.40455299034,310.32321083225577,0.10430456471721838,0.9586014632417494,90.1868498274012,,,,,,,,,,,,,,,,,,,,,,,,,,,,,1,FIRST_UPWARD_CROSSING,charge_timeseries/cycle-010.csv,,,279385.0813421581,286854.2307249092,SOC_UPPER_BOUND_NOT_REACHED,SOC_UPPER_BOUND_NOT_REACHED,False,False,3,charge-efficiency-v1
10,virtual,40-60,40.0,60.0,40.0,60.0,100.0,NEGATIVE_PARTICLE_LITHIUM_DELTA_OVER_FROZEN_Q_REF_V1,4.868603999814521,0,20.0,W10_80_PERCENT_DISCHARGE_WINDOW,14.55,3.0000000000000004,2.9885363444129593,4.85,100.0,4.868603999814521,0,,,,0.9681706565397533,0.0791581521630074,0.11548900995087044,0.9737207999629041,,,,,-0.005608724909012278,0.005608724909012278,,,1.751915916417741e-05,,,3.160402331956261e-05,100.57326085909142,99.99394926034311,9.458303377840593e-06,0.0009769252263484845,0.0009769252263484845,SOC_UPPER_BOUND_NOT_REACHED,279695.40455299034,280007.83334776363,312.42879477327347,0.0,0.9681706565397533,100.0,,,,,,,,,,,,,,,,,,,,,,,,,,,,,1,FIRST_UPWARD_CROSSING,charge_timeseries/cycle-010.csv,,,279385.0813421581,286854.2307249092,SOC_UPPER_BOUND_NOT_REACHED,SOC_UPPER_BOUND_NOT_REACHED,False,False,3,charge-efficiency-v1
10,virtual,60-80,60.0,80.0,60.0,80.0,100.0,NEGATIVE_PARTICLE_LITHIUM_DELTA_OVER_FROZEN_Q_REF_V1,4.868603999814521,0,20.0,W10_80_PERCENT_DISCHARGE_WINDOW,14.55,3.0000000000000004,2.9885363444129593,4.85,100.0,4.868603999814521,0,,,,0.9056403705180613,0.11548900995087044,0.15181986773873352,0.9737207999629048,,,,,-0.06818640165185944,0.06818640165185944,,,6.060332405699305e-05,,,0.00011664747280010386,107.51738015012502,99.98829864364866,-7.127858984123936e-05,-0.007870518161692068,0.007870518161692068,SOC_UPPER_BOUND_NOT_REACHED,280007.83334776363,282852.7527599211,2844.9194121574624,0.223781380064898,0.6818589904531633,75.2902600911125,,,,,,,,,,,,,,,,,,,,,,,,,,,,,1,FIRST_UPWARD_CROSSING,charge_timeseries/cycle-010.csv,,,279385.0813421581,286854.2307249092,SOC_UPPER_BOUND_NOT_REACHED,SOC_UPPER_BOUND_NOT_REACHED,False,False,3,charge-efficiency-v1
10,virtual,80-100,80.0,100.0,80.0,,0.0,NEGATIVE_PARTICLE_LITHIUM_DELTA_OVER_FROZEN_Q_REF_V1,4.868603999814521,0,20.0,W10_80_PERCENT_DISCHARGE_WINDOW,14.55,3.0000000000000004,2.9885363444129593,4.85,100.0,4.868603999814521,0,,,,,,,,,,,,,,,,,,,,,,,,,,,,,,,,,,,,,,,,,,,,,,,,,,,,,,,,,,,,0,FIRST_UPWARD_CROSSING,charge_timeseries/cycle-010.csv,,,279385.0813421581,286854.2307249092,SOC_UPPER_BOUND_NOT_REACHED,SOC_UPPER_BOUND_NOT_REACHED,False,False,3,charge-efficiency-v1
11,virtual,20-40,20.0,40.0,20.0,40.0,100.0,NEGATIVE_PARTICLE_LITHIUM_DELTA_OVER_FROZEN_Q_REF_V1,4.868603999814521,0,20.0,W10_80_PERCENT_DISCHARGE_WINDOW,14.55,3.0000000000000004,2.9885363444129593,4.85,100.0,4.868603999814521,0,,,,1.06534647214593,0.04281038968412893,0.07914124747199199,0.9737207999629043,,,,,0.09162526039600832,0.0,,,1.167146656510013e-05,,,1.4821932144418876e-05,91.39944848191368,99.99996134712715,-2.6081611692152507e-05,-0.0024481811667913305,0.0024481811667913305,SOC_UPPER_BOUND_NOT_REACHED,310450.56554445456,310762.67588553147,312.1103410769246,0.10346157182589974,0.9618849003200303,90.28845783686721,,,,,,,,,,,,,,,,,,,,,,,,,,,,,1,FIRST_UPWARD_CROSSING,charge_timeseries/cycle-011.csv,,,310450.56554445456,317925.58842866385,SOC_UPPER_BOUND_NOT_REACHED,SOC_UPPER_BOUND_NOT_REACHED,False,False,3,charge-efficiency-v1
11,virtual,40-60,40.0,60.0,40.0,60.0,100.0,NEGATIVE_PARTICLE_LITHIUM_DELTA_OVER_FROZEN_Q_REF_V1,4.868603999814521,0,20.0,W10_80_PERCENT_DISCHARGE_WINDOW,14.55,3.0000000000000004,2.9885363444129593,4.85,100.0,4.868603999814521,0,,,,0.9677327076247818,0.07914124747199199,0.11547210525985503,0.9737207999629041,,,,,-0.0060237961062551415,0.0060237961062551415,,,1.7483269505902182e-05,,,3.0256194845952947e-05,100.61877544191097,99.99631057544593,-1.2035696218992697e-05,-0.0012437004685450074,0.0012437004685450074,SOC_UPPER_BOUND_NOT_REACHED,310762.67588553147,311076.61576711986,313.9398815883539,0.0,0.9677327076247818,100.0,,,,,,,,,,,,,,,,,,,,,,,,,,,,,1,FIRST_UPWARD_CROSSING,charge_timeseries/cycle-011.csv,,,310450.56554445456,317925.58842866385,SOC_UPPER_BOUND_NOT_REACHED,SOC_UPPER_BOUND_NOT_REACHED,False,False,3,charge-efficiency-v1
11,virtual,60-80,60.0,80.0,60.0,80.0,100.0,NEGATIVE_PARTICLE_LITHIUM_DELTA_OVER_FROZEN_Q_REF_V1,4.868603999814521,0,20.0,W10_80_PERCENT_DISCHARGE_WINDOW,14.55,3.0000000000000004,2.9885363444129593,4.85,100.0,4.868603999814521,0,,,,0.9036657882925118,0.11547210525985503,0.15180296304771806,0.9737207999629037,,,,,-0.07015540047315914,0.07015540047315914,,,5.981201658130297e-05,,,0.00011124249882765377,107.75231424913869,99.98889093688533,-7.066571264180421e-05,-0.007819894651022254,0.007819894651022254,SOC_UPPER_BOUND_NOT_REACHED,311076.61576711986,313924.12898565026,2847.5132185304324,0.22376619067112433,0.6798995976213874,75.23794819167233,,,,,,,,,,,,,,,,,,,,,,,,,,,,,1,FIRST_UPWARD_CROSSING,charge_timeseries/cycle-011.csv,,,310450.56554445456,317925.58842866385,SOC_UPPER_BOUND_NOT_REACHED,SOC_UPPER_BOUND_NOT_REACHED,False,False,3,charge-efficiency-v1
11,virtual,80-100,80.0,100.0,80.0,,0.0,NEGATIVE_PARTICLE_LITHIUM_DELTA_OVER_FROZEN_Q_REF_V1,4.868603999814521,0,20.0,W10_80_PERCENT_DISCHARGE_WINDOW,14.55,3.0000000000000004,2.9885363444129593,4.85,100.0,4.868603999814521,0,,,,,,,,,,,,,,,,,,,,,,,,,,,,,,,,,,,,,,,,,,,,,,,,,,,,,,,,,,,,0,FIRST_UPWARD_CROSSING,charge_timeseries/cycle-011.csv,,,310450.56554445456,317925.58842866385,SOC_UPPER_BOUND_NOT_REACHED,SOC_UPPER_BOUND_NOT_REACHED,False,False,3,charge-efficiency-v1
12,virtual,20-40,20.0,40.0,20.0,40.0,100.0,NEGATIVE_PARTICLE_LITHIUM_DELTA_OVER_FROZEN_Q_REF_V1,4.868603999814521,0,20.0,W10_80_PERCENT_DISCHARGE_WINDOW,14.55,3.0000000000000004,2.9885363444129593,4.85,100.0,4.868603999814521,0,,,,1.063320054367454,0.042793861978876975,0.07912471976674003,0.9737207999629043,,,,,0.08961927579072769,0.0,,,1.1129868960355407e-05,,,1.4203184187835949e-05,91.57363260134782,100.00188291249619,-4.535443932640604e-05,-0.004265361039709386,0.004265361039709386,SOC_UPPER_BOUND_NOT_REACHED,341521.9238005675,341834.1522267707,312.2284262032016,0.10266488212787206,0.9606551722395819,90.34487483743122,,,,,,,,,,,,,,,,,,,,,,,,,,,,,1,FIRST_UPWARD_CROSSING,charge_timeseries/cycle-012.csv,,,341521.9238005675,349004.9596658748,SOC_UPPER_BOUND_NOT_REACHED,SOC_UPPER_BOUND_NOT_REACHED,False,False,3,charge-efficiency-v1
12,virtual,40-60,40.0,60.0,40.0,60.0,100.0,NEGATIVE_PARTICLE_LITHIUM_DELTA_OVER_FROZEN_Q_REF_V1,4.868603999814521,0,20.0,W10_80_PERCENT_DISCHARGE_WINDOW,14.55,3.0000000000000004,2.9885363444129593,4.85,100.0,4.868603999814521,0,,,,0.968083028408767,0.07912471976674003,0.11545557755460308,0.9737207999629041,,,,,-0.005724092845348722,0.005724092845348722,,,1.6629430774835717e-05,,,2.9007952898420925e-05,100.5823644655153,99.99108327605396,4.0683907538419106e-05,0.004202522546572377,0.004202522546572377,SOC_UPPER_BOUND_NOT_REACHED,341834.1522267707,342148.39099582046,314.23876904975907,0.0,0.968083028408767,100.0,,,,,,,,,,,,,,,,,,,,,,,,,,,,,1,FIRST_UPWARD_CROSSING,charge_timeseries/cycle-012.csv,,,341521.9238005675,349004.9596658748,SOC_UPPER_BOUND_NOT_REACHED,SOC_UPPER_BOUND_NOT_REACHED,False,False,3,charge-efficiency-v1
12,virtual,60-80,60.0,80.0,60.0,80.0,100.0,NEGATIVE_PARTICLE_LITHIUM_DELTA_OVER_FROZEN_Q_REF_V1,4.868603999814521,0,20.0,W10_80_PERCENT_DISCHARGE_WINDOW,14.55,3.0000000000000004,2.9885363444129593,4.85,100.0,4.868603999814521,0,,,,0.9052254825050401,0.11545557755460308,0.1517864353424661,0.9737207999629037,,,,,-0.06858622028564487,0.06858622028564487,,,5.7147058221739076e-05,,,0.00010680843671413871,107.5666581179659,99.98995799062907,-7.305266715462722e-05,-0.0080701072347707,0.0080701072347707,SOC_UPPER_BOUND_NOT_REACHED,342148.39099582046,345002.9032838556,2854.512288035117,0.2236023347426372,0.681623147762403,75.29871407023805,,,,,,,,,,,,,,,,,,,,,,,,,,,,,1,FIRST_UPWARD_CROSSING,charge_timeseries/cycle-012.csv,,,341521.9238005675,349004.9596658748,SOC_UPPER_BOUND_NOT_REACHED,SOC_UPPER_BOUND_NOT_REACHED,False,False,3,charge-efficiency-v1
12,virtual,80-100,80.0,100.0,80.0,,0.0,NEGATIVE_PARTICLE_LITHIUM_DELTA_OVER_FROZEN_Q_REF_V1,4.868603999814521,0,20.0,W10_80_PERCENT_DISCHARGE_WINDOW,14.55,3.0000000000000004,2.9885363444129593,4.85,100.0,4.868603999814521,0,,,,,,,,,,,,,,,,,,,,,,,,,,,,,,,,,,,,,,,,,,,,,,,,,,,,,,,,,,,,0,FIRST_UPWARD_CROSSING,charge_timeseries/cycle-012.csv,,,341521.9238005675,349004.9596658748,SOC_UPPER_BOUND_NOT_REACHED,SOC_UPPER_BOUND_NOT_REACHED,False,False,3,charge-efficiency-v1
13,virtual,20-40,20.0,40.0,20.0,40.0,100.0,NEGATIVE_PARTICLE_LITHIUM_DELTA_OVER_FROZEN_Q_REF_V1,4.868603999814521,0,20.0,W10_80_PERCENT_DISCHARGE_WINDOW,14.55,3.0000000000000004,2.9885363444129593,4.85,100.0,4.868603999814521,0,,,,1.0315278448122984,0.04277782187185713,0.07910867965972018,0.9737207999629043,,,,,0.05779583932234098,0.0,,,9.585857458450052e-06,,,1.2934018819285575e-05,94.39597824332962,99.998913696115,-1.1314349224633702e-05,-0.0010968534956700576,0.0010968534956700576,SOC_UPPER_BOUND_NOT_REACHED,372601.2954019843,372902.4228101971,301.12740821282546,0.10190776149429957,0.9296200833179988,90.1206969829454,,,,,,,,,,,,,,,,,,,,,,,,,,,,,1,FIRST_UPWARD_CROSSING,charge_timeseries/cycle-013.csv,,,372601.2954019843,380120.73260335624,SOC_UPPER_BOUND_NOT_REACHED,SOC_UPPER_BOUND_NOT_REACHED,False,False,3,charge-efficiency-v1
13,virtual,40-60,40.0,60.0,40.0,60.0,100.0,NEGATIVE_PARTICLE_LITHIUM_DELTA_OVER_FROZEN_Q_REF_V1,4.868603999814521,0,20.0,W10_80_PERCENT_DISCHARGE_WINDOW,14.55,3.0000000000000004,2.9885363444129593,4.85,100.0,4.868603999814521,0,,,,0.9393162391833001,0.07910867965972018,0.11543953744758323,0.9737207999629041,,,,,-0.03443533442722908,0.03443533442722908,,,4.491922554736728e-06,,,2.5999700343634288e-05,103.66272394156812,99.99672382459268,2.8202472679428325e-07,3.002447046369528e-05,3.002447046369528e-05,SOC_UPPER_BOUND_NOT_REACHED,372902.4228101971,373180.6981840117,278.2753738145285,0.0,0.9393162391833001,100.0,,,,,,,,,,,,,,,,,,,,,,,,,,,,,1,FIRST_UPWARD_CROSSING,charge_timeseries/cycle-013.csv,,,372601.2954019843,380120.73260335624,SOC_UPPER_BOUND_NOT_REACHED,SOC_UPPER_BOUND_NOT_REACHED,False,False,3,charge-efficiency-v1
13,virtual,60-80,60.0,80.0,60.0,80.0,100.0,NEGATIVE_PARTICLE_LITHIUM_DELTA_OVER_FROZEN_Q_REF_V1,4.868603999814521,0,20.0,W10_80_PERCENT_DISCHARGE_WINDOW,14.55,3.0000000000000004,2.9885363444129593,4.85,100.0,4.868603999814521,0,,,,0.9627775017289979,0.11543953744758323,0.1517703952354463,0.9737207999629048,,,,,-0.011021618725630455,0.011021618725630455,,,2.3559596421808895e-05,,,0.000108530074488725,101.13663834211481,99.99186515144123,-5.37691791870909e-05,-0.005584798054641894,0.005584798054641894,SOC_UPPER_BOUND_NOT_REACHED,373180.6981840117,376108.12652317586,2927.42833916422,0.2209668299820279,0.74181067174697,77.04902435036071,,,,,,,,,,,,,,,,,,,,,,,,,,,,,1,FIRST_UPWARD_CROSSING,charge_timeseries/cycle-013.csv,,,372601.2954019843,380120.73260335624,SOC_UPPER_BOUND_NOT_REACHED,SOC_UPPER_BOUND_NOT_REACHED,False,False,3,charge-efficiency-v1
13,virtual,80-100,80.0,100.0,80.0,,0.0,NEGATIVE_PARTICLE_LITHIUM_DELTA_OVER_FROZEN_Q_REF_V1,4.868603999814521,0,20.0,W10_80_PERCENT_DISCHARGE_WINDOW,14.55,3.0000000000000004,2.9885363444129593,4.85,100.0,4.868603999814521,0,,,,,,,,,,,,,,,,,,,,,,,,,,,,,,,,,,,,,,,,,,,,,,,,,,,,,,,,,,,,0,FIRST_UPWARD_CROSSING,charge_timeseries/cycle-013.csv,,,372601.2954019843,380120.73260335624,SOC_UPPER_BOUND_NOT_REACHED,SOC_UPPER_BOUND_NOT_REACHED,False,False,3,charge-efficiency-v1
14,virtual,20-40,20.0,40.0,20.0,40.0,100.0,NEGATIVE_PARTICLE_LITHIUM_DELTA_OVER_FROZEN_Q_REF_V1,4.868603999814521,0,20.0,W10_80_PERCENT_DISCHARGE_WINDOW,14.55,3.0000000000000004,2.9885363444129593,4.85,100.0,4.868603999814521,0,,,,1.0646449864708183,0.042763724519152745,0.0790945823070158,0.9737207999629043,,,,,0.09091809226025899,0.0,,,1.0782617845434515e-05,,,1.3267415821995726e-05,91.45967081390035,99.9994275793591,-1.795578601249126e-05,-0.0016865515022066394,0.0016865515022066394,SOC_UPPER_BOUND_NOT_REACHED,403717.0687567583,404031.4297046714,314.3609479130858,0.10118362083057597,0.9634613656402423,90.49602241907995,,,,,,,,,,,,,,,,,,,,,,,,,,,,,1,FIRST_UPWARD_CROSSING,charge_timeseries/cycle-014.csv,,,403717.0687567583,411213.71807458706,SOC_UPPER_BOUND_NOT_REACHED,SOC_UPPER_BOUND_NOT_REACHED,False,False,3,charge-efficiency-v1
14,virtual,40-60,40.0,60.0,40.0,60.0,100.0,NEGATIVE_PARTICLE_LITHIUM_DELTA_OVER_FROZEN_Q_REF_V1,4.868603999814521,0,20.0,W10_80_PERCENT_DISCHARGE_WINDOW,14.55,3.0000000000000004,2.9885363444129593,4.85,100.0,4.868603999814521,0,,,,0.9678064881070151,0.0790945823070158,0.11542544009487885,0.9737207999629041,,,,,-0.005976960336407752,0.005976960336407752,,,1.604025257522521e-05,,,2.700554925215773e-05,100.61110479507707,99.99352675547348,1.960267869138832e-05,0.002025475023393391,0.002025475023393391,SOC_UPPER_BOUND_NOT_REACHED,404031.4297046714,404347.584507809,316.1548031376238,0.0,0.9678064881070151,100.0,,,,,,,,,,,,,,,,,,,,,,,,,,,,,1,FIRST_UPWARD_CROSSING,charge_timeseries/cycle-014.csv,,,403717.0687567583,411213.71807458706,SOC_UPPER_BOUND_NOT_REACHED,SOC_UPPER_BOUND_NOT_REACHED,False,False,3,charge-efficiency-v1
14,virtual,60-80,60.0,80.0,60.0,80.0,100.0,NEGATIVE_PARTICLE_LITHIUM_DELTA_OVER_FROZEN_Q_REF_V1,4.868603999814521,0,20.0,W10_80_PERCENT_DISCHARGE_WINDOW,14.55,3.0000000000000004,2.9885363444129593,4.85,100.0,4.868603999814521,0,,,,0.9041427266573443,0.11542544009487885,0.15175629788274192,0.9737207999629048,,,,,-0.06967642413124937,0.06967642413124937,,,5.462017041475307e-05,,,9.911264744304898e-05,107.69547453672428,99.98912220130859,-5.538199216892359e-05,-0.00612535947434685,0.00612535947434685,SOC_UPPER_BOUND_NOT_REACHED,404347.584507809,407211.1666616812,2863.582153872198,0.22344437779586562,0.6806983488614787,75.28660340807592,,,,,,,,,,,,,,,,,,,,,,,,,,,,,1,FIRST_UPWARD_CROSSING,charge_timeseries/cycle-014.csv,,,403717.0687567583,411213.71807458706,SOC_UPPER_BOUND_NOT_REACHED,SOC_UPPER_BOUND_NOT_REACHED,False,False,3,charge-efficiency-v1
14,virtual,80-100,80.0,100.0,80.0,,0.0,NEGATIVE_PARTICLE_LITHIUM_DELTA_OVER_FROZEN_Q_REF_V1,4.868603999814521,0,20.0,W10_80_PERCENT_DISCHARGE_WINDOW,14.55,3.0000000000000004,2.9885363444129593,4.85,100.0,4.868603999814521,0,,,,,,,,,,,,,,,,,,,,,,,,,,,,,,,,,,,,,,,,,,,,,,,,,,,,,,,,,,,,0,FIRST_UPWARD_CROSSING,charge_timeseries/cycle-014.csv,,,403717.0687567583,411213.71807458706,SOC_UPPER_BOUND_NOT_REACHED,SOC_UPPER_BOUND_NOT_REACHED,False,False,3,charge-efficiency-v1
15,virtual,20-40,20.0,40.0,20.0,40.0,100.0,NEGATIVE_PARTICLE_LITHIUM_DELTA_OVER_FROZEN_Q_REF_V1,4.868603999814521,0,20.0,W10_80_PERCENT_DISCHARGE_WINDOW,14.55,3.0000000000000004,2.9885363444129593,4.85,100.0,4.868603999814521,0,,,,0.9735302874309325,0.04274853202746078,0.07907938981532384,0.9737207999629043,,,,,-0.0001995297327762201,0.0001995297327762201,,,6.100743843360807e-06,,,1.1225803075869817e-05,100.01956924550078,99.99907376268402,-8.309346114732108e-06,-0.000853527231973419,0.000853527231973419,SOC_UPPER_BOUND_NOT_REACHED,434810.05462475866,435096.29775432544,286.24312956676823,0.10049264974581248,0.87303763768512,89.67750145596348,,,,,,,,,,,,,,,,,,,,,,,,,,,,,1,FIRST_UPWARD_CROSSING,charge_timeseries/cycle-015.csv,,,434810.05462475866,442376.31848177384,SOC_UPPER_BOUND_NOT_REACHED,SOC_UPPER_BOUND_NOT_REACHED,False,False,3,charge-efficiency-v1
15,virtual,40-60,40.0,60.0,40.0,60.0,100.0,NEGATIVE_PARTICLE_LITHIUM_DELTA_OVER_FROZEN_Q_REF_V1,4.868603999814521,0,20.0,W10_80_PERCENT_DISCHARGE_WINDOW,14.55,3.0000000000000004,2.9885363444129593,4.85,100.0,4.868603999814521,0,,,,0.9805655381313408,0.07907938981532384,0.11541024760318688,0.9737207999629041,,,,,0.00683660791782051,0.0,,,7.160623449833405e-07,,,2.492867223903225e-05,99.3019601543941,99.99917086106944,-1.7514483967695504e-05,-0.0017861614840220445,0.0017861614840220445,SOC_UPPER_BOUND_NOT_REACHED,435096.29775432544,435387.83483976097,291.537085435553,0.0,0.9805655381313408,100.0,,,,,,,,,,,,,,,,,,,,,,,,,,,,,1,FIRST_UPWARD_CROSSING,charge_timeseries/cycle-015.csv,,,434810.05462475866,442376.31848177384,SOC_UPPER_BOUND_NOT_REACHED,SOC_UPPER_BOUND_NOT_REACHED,False,False,3,charge-efficiency-v1
15,virtual,60-80,60.0,80.0,60.0,80.0,100.0,NEGATIVE_PARTICLE_LITHIUM_DELTA_OVER_FROZEN_Q_REF_V1,4.868603999814521,0,20.0,W10_80_PERCENT_DISCHARGE_WINDOW,14.55,3.0000000000000004,2.9885363444129593,4.85,100.0,4.868603999814521,0,,,,0.978765673459155,0.11541024760318688,0.15174110539104993,0.9737207999629041,,,,,0.00490759627829751,0.0,,,1.3827983145739409e-05,,,0.0001020760799412268,99.48456779461613,99.9859744552066,2.137315486638869e-05,0.002183684557597086,0.002183684557597086,SOC_UPPER_BOUND_NOT_REACHED,435387.83483976097,438360.61840991175,2972.783570150795,0.22019982392090395,0.758565849538251,77.50229397168441,,,,,,,,,,,,,,,,,,,,,,,,,,,,,1,FIRST_UPWARD_CROSSING,charge_timeseries/cycle-015.csv,,,434810.05462475866,442376.31848177384,SOC_UPPER_BOUND_NOT_REACHED,SOC_UPPER_BOUND_NOT_REACHED,False,False,3,charge-efficiency-v1
15,virtual,80-100,80.0,100.0,80.0,,0.0,NEGATIVE_PARTICLE_LITHIUM_DELTA_OVER_FROZEN_Q_REF_V1,4.868603999814521,0,20.0,W10_80_PERCENT_DISCHARGE_WINDOW,14.55,3.0000000000000004,2.9885363444129593,4.85,100.0,4.868603999814521,0,,,,,,,,,,,,,,,,,,,,,,,,,,,,,,,,,,,,,,,,,,,,,,,,,,,,,,,,,,,,0,FIRST_UPWARD_CROSSING,charge_timeseries/cycle-015.csv,,,434810.05462475866,442376.31848177384,SOC_UPPER_BOUND_NOT_REACHED,SOC_UPPER_BOUND_NOT_REACHED,False,False,3,charge-efficiency-v1
16,virtual,20-40,20.0,40.0,20.0,40.0,100.0,NEGATIVE_PARTICLE_LITHIUM_DELTA_OVER_FROZEN_Q_REF_V1,4.868603999814521,0,20.0,W10_80_PERCENT_DISCHARGE_WINDOW,14.55,3.0000000000000004,2.9885363444129593,4.85,100.0,4.868603999814521,0,,,,1.0654447747102622,0.04273556820654152,0.07906642599440457,0.9737207999629041,,,,,0.09173430033168666,0.0,,,1.0437633155561694e-05,,,1.250745132835504e-05,91.39101557166099,100.00096913369642,-3.327066881242402e-05,-0.003122702330721146,0.003122702330721146,SOC_UPPER_BOUND_NOT_REACHED,465972.6553951381,466288.87349761225,316.21810247414834,0.09982774020362195,0.9656170345066403,90.63041627560948,,,,,,,,,,,,,,,,,,,,,,,,,,,,,1,FIRST_UPWARD_CROSSING,charge_timeseries/cycle-016.csv,,,465972.6553951381,473483.08537447045,SOC_UPPER_BOUND_NOT_REACHED,SOC_UPPER_BOUND_NOT_REACHED,False,False,3,charge-efficiency-v1
16,virtual,40-60,40.0,60.0,40.0,60.0,100.0,NEGATIVE_PARTICLE_LITHIUM_DELTA_OVER_FROZEN_Q_REF_V1,4.868603999814521,0,20.0,W10_80_PERCENT_DISCHARGE_WINDOW,14.55,3.0000000000000004,2.9885363444129593,4.85,100.0,4.868603999814521,0,,,,0.9676140664666673,0.07906642599440457,0.11539728378226762,0.9737207999629041,,,,,-0.006151784837066507,0.006151784837066507,,,1.5468288188319815e-05,,,2.538440636185718e-05,100.6311125176731,99.99534407958804,4.198646279429674e-06,0.00043391744962549187,0.00043391744962549187,SOC_UPPER_BOUND_NOT_REACHED,466288.87349761225,466606.75055134186,317.8770537296286,0.0,0.9676140664666673,100.0,,,,,,,,,,,,,,,,,,,,,,,,,,,,,1,FIRST_UPWARD_CROSSING,charge_timeseries/cycle-016.csv,,,465972.6553951381,473483.08537447045,SOC_UPPER_BOUND_NOT_REACHED,SOC_UPPER_BOUND_NOT_REACHED,False,False,3,charge-efficiency-v1
16,virtual,60-80,60.0,80.0,60.0,80.0,100.0,NEGATIVE_PARTICLE_LITHIUM_DELTA_OVER_FROZEN_Q_REF_V1,4.868603999814521,0,20.0,W10_80_PERCENT_DISCHARGE_WINDOW,14.55,3.0000000000000004,2.9885363444129593,4.85,100.0,4.868603999814521,0,,,,0.9034252454820635,0.11539728378226762,0.15172814157013068,0.9737207999629044,,,,,-0.07038103992054866,0.07038103992054866,,,5.22958663785808e-05,,,9.292941922255799e-05,107.78100399921097,99.99053762996603,-5.9739845893358456e-05,-0.006612594256371655,0.006612594256371655,SOC_UPPER_BOUND_NOT_REACHED,466606.75055134186,469480.1096594591,2873.359108117238,0.22326930944592643,0.6801559360361371,75.28635484092644,,,,,,,,,,,,,,,,,,,,,,,,,,,,,1,FIRST_UPWARD_CROSSING,charge_timeseries/cycle-016.csv,,,465972.6553951381,473483.08537447045,SOC_UPPER_BOUND_NOT_REACHED,SOC_UPPER_BOUND_NOT_REACHED,False,False,3,charge-efficiency-v1
16,virtual,80-100,80.0,100.0,80.0,,0.0,NEGATIVE_PARTICLE_LITHIUM_DELTA_OVER_FROZEN_Q_REF_V1,4.868603999814521,0,20.0,W10_80_PERCENT_DISCHARGE_WINDOW,14.55,3.0000000000000004,2.9885363444129593,4.85,100.0,4.868603999814521,0,,,,,,,,,,,,,,,,,,,,,,,,,,,,,,,,,,,,,,,,,,,,,,,,,,,,,,,,,,,,0,FIRST_UPWARD_CROSSING,charge_timeseries/cycle-016.csv,,,465972.6553951381,473483.08537447045,SOC_UPPER_BOUND_NOT_REACHED,SOC_UPPER_BOUND_NOT_REACHED,False,False,3,charge-efficiency-v1
17,virtual,20-40,20.0,40.0,20.0,40.0,100.0,NEGATIVE_PARTICLE_LITHIUM_DELTA_OVER_FROZEN_Q_REF_V1,4.868603999814521,0,20.0,W10_80_PERCENT_DISCHARGE_WINDOW,14.55,3.0000000000000004,2.9885363444129593,4.85,100.0,4.868603999814521,0,,,,1.0667139609620904,0.04272103832303044,0.07905189611089349,0.9737207999629041,,,,,0.09299631847350992,0.0,,,1.0379832529824624e-05,,,1.2195358435402454e-05,91.2822776862024,100.00029600009366,-2.573266528860252e-05,-0.002412330411931022,0.002412330411931022,SOC_UPPER_BOUND_NOT_REACHED,497079.4225543896,497396.86992019106,317.44736580150806,0.09918960856563318,0.9675243523964572,90.7013864826357,,,,,,,,,,,,,,,,,,,,,,,,,,,,,1,FIRST_UPWARD_CROSSING,charge_timeseries/cycle-017.csv,,,497079.4225543896,504596.417038536,SOC_UPPER_BOUND_NOT_REACHED,SOC_UPPER_BOUND_NOT_REACHED,False,False,3,charge-efficiency-v1
17,virtual,40-60,40.0,60.0,40.0,60.0,100.0,NEGATIVE_PARTICLE_LITHIUM_DELTA_OVER_FROZEN_Q_REF_V1,4.868603999814521,0,20.0,W10_80_PERCENT_DISCHARGE_WINDOW,14.55,3.0000000000000004,2.9885363444129593,4.85,100.0,4.868603999814521,0,,,,0.9674221348731591,0.07905189611089349,0.11538275389875655,0.9737207999629044,,,,,-0.006381050635873964,0.006381050635873964,,,1.536027631605149e-05,,,2.4699243557340517e-05,100.65107721466092,99.99148401270149,4.2326026255312676e-05,0.004375135189651427,0.004375135189651427,SOC_UPPER_BOUND_NOT_REACHED,497396.86992019106,497715.84177789977,318.97185770867526,0.0,0.9674221348731591,100.0,,,,,,,,,,,,,,,,,,,,,,,,,,,,,1,FIRST_UPWARD_CROSSING,charge_timeseries/cycle-017.csv,,,497079.4225543896,504596.417038536,SOC_UPPER_BOUND_NOT_REACHED,SOC_UPPER_BOUND_NOT_REACHED,False,False,3,charge-efficiency-v1
17,virtual,60-80,60.0,80.0,60.0,80.0,100.0,NEGATIVE_PARTICLE_LITHIUM_DELTA_OVER_FROZEN_Q_REF_V1,4.868603999814521,0,20.0,W10_80_PERCENT_DISCHARGE_WINDOW,14.55,3.0000000000000004,2.9885363444129593,4.85,100.0,4.868603999814521,0,,,,0.9023897356709942,0.11538275389875655,0.1517136116866196,0.9737207999629041,,,,,-0.07141125366594113,0.07141125366594113,,,5.1596879556132895e-05,,,9.021895961154949e-05,107.90468480216809,99.99111366509818,-6.162646513641068e-05,-0.006829251563969397,0.006829251563969397,SOC_UPPER_BOUND_NOT_REACHED,497715.84177789977,500593.6242166031,2877.7824387033597,0.22320169762823164,0.6791880380427626,75.26548798094822,,,,,,,,,,,,,,,,,,,,,,,,,,,,,1,FIRST_UPWARD_CROSSING,charge_timeseries/cycle-017.csv,,,497079.4225543896,504596.417038536,SOC_UPPER_BOUND_NOT_REACHED,SOC_UPPER_BOUND_NOT_REACHED,False,False,3,charge-efficiency-v1
17,virtual,80-100,80.0,100.0,80.0,,0.0,NEGATIVE_PARTICLE_LITHIUM_DELTA_OVER_FROZEN_Q_REF_V1,4.868603999814521,0,20.0,W10_80_PERCENT_DISCHARGE_WINDOW,14.55,3.0000000000000004,2.9885363444129593,4.85,100.0,4.868603999814521,0,,,,,,,,,,,,,,,,,,,,,,,,,,,,,,,,,,,,,,,,,,,,,,,,,,,,,,,,,,,,0,FIRST_UPWARD_CROSSING,charge_timeseries/cycle-017.csv,,,497079.4225543896,504596.417038536,SOC_UPPER_BOUND_NOT_REACHED,SOC_UPPER_BOUND_NOT_REACHED,False,False,3,charge-efficiency-v1
18,virtual,20-40,20.0,40.0,20.0,40.0,100.0,NEGATIVE_PARTICLE_LITHIUM_DELTA_OVER_FROZEN_Q_REF_V1,4.868603999814521,0,20.0,W10_80_PERCENT_DISCHARGE_WINDOW,14.55,3.0000000000000004,2.9885363444129593,4.85,100.0,4.868603999814521,0,,,,1.0682487667884544,0.04270660898648154,0.07903746677434459,0.9737207999629041,,,,,0.09452665237068758,0.0,,,1.036822754936148e-05,,,1.1915622271350262e-05,91.15112792409433,99.9998769523632,-2.096939495799255e-05,-0.0019629692642692395,0.0019629692642692395,SOC_UPPER_BOUND_NOT_REACHED,528192.7543917013,528511.5320563165,318.7776646152162,0.09857398693516195,0.9696747798532924,90.77237531183758,,,,,,,,,,,,,,,,,,,,,,,,,,,,,1,FIRST_UPWARD_CROSSING,charge_timeseries/cycle-018.csv,,,528192.7543917013,535716.2443281084,SOC_UPPER_BOUND_NOT_REACHED,SOC_UPPER_BOUND_NOT_REACHED,False,False,3,charge-efficiency-v1
18,virtual,40-60,40.0,60.0,40.0,60.0,100.0,NEGATIVE_PARTICLE_LITHIUM_DELTA_OVER_FROZEN_Q_REF_V1,4.868603999814521,0,20.0,W10_80_PERCENT_DISCHARGE_WINDOW,14.55,3.0000000000000004,2.9885363444129593,4.85,100.0,4.868603999814521,0,,,,0.9671494353313692,0.07903746677434459,0.11536832456220765,0.9737207999629044,,,,,-0.006654979421994486,0.006654979421994486,,,1.530891167753068e-05,,,2.4075711881330064e-05,100.67945700958649,99.99135451178437,4.423016690036086e-05,0.004573250553075752,0.004573250553075752,SOC_UPPER_BOUND_NOT_REACHED,528511.5320563165,528831.6412691199,320.1092128034481,0.0,0.9671494353313692,100.0,,,,,,,,,,,,,,,,,,,,,,,,,,,,,1,FIRST_UPWARD_CROSSING,charge_timeseries/cycle-018.csv,,,528192.7543917013,535716.2443281084,SOC_UPPER_BOUND_NOT_REACHED,SOC_UPPER_BOUND_NOT_REACHED,False,False,3,charge-efficiency-v1
18,virtual,60-80,60.0,80.0,60.0,80.0,100.0,NEGATIVE_PARTICLE_LITHIUM_DELTA_OVER_FROZEN_Q_REF_V1,4.868603999814521,0,20.0,W10_80_PERCENT_DISCHARGE_WINDOW,14.55,3.0000000000000004,2.9885363444129593,4.85,100.0,4.868603999814521,0,,,,0.9011541917437991,0.11536832456220765,0.15169918235007068,0.9737207999629037,,,,,-0.07265485782147862,0.07265485782147862,,,5.1057230718839185e-05,,,8.7725402379564e-05,108.05262949270457,99.99020704745286,-5.053303072444226e-05,-0.005607589820634043,0.005607589820634043,SOC_UPPER_BOUND_NOT_REACHED,528831.6412691199,531713.7355615346,2882.0942924147166,0.22313428929836546,0.6780199024454336,75.23905549764083,,,,,,,,,,,,,,,,,,,,,,,,,,,,,1,FIRST_UPWARD_CROSSING,charge_timeseries/cycle-018.csv,,,528192.7543917013,535716.2443281084,SOC_UPPER_BOUND_NOT_REACHED,SOC_UPPER_BOUND_NOT_REACHED,False,False,3,charge-efficiency-v1
18,virtual,80-100,80.0,100.0,80.0,,0.0,NEGATIVE_PARTICLE_LITHIUM_DELTA_OVER_FROZEN_Q_REF_V1,4.868603999814521,0,20.0,W10_80_PERCENT_DISCHARGE_WINDOW,14.55,3.0000000000000004,2.9885363444129593,4.85,100.0,4.868603999814521,0,,,,,,,,,,,,,,,,,,,,,,,,,,,,,,,,,,,,,,,,,,,,,,,,,,,,,,,,,,,,0,FIRST_UPWARD_CROSSING,charge_timeseries/cycle-018.csv,,,528192.7543917013,535716.2443281084,SOC_UPPER_BOUND_NOT_REACHED,SOC_UPPER_BOUND_NOT_REACHED,False,False,3,charge-efficiency-v1
19,virtual,20-40,20.0,40.0,20.0,40.0,100.0,NEGATIVE_PARTICLE_LITHIUM_DELTA_OVER_FROZEN_Q_REF_V1,4.868603999814521,0,20.0,W10_80_PERCENT_DISCHARGE_WINDOW,14.55,3.0000000000000004,2.9885363444129593,4.85,100.0,4.868603999814521,0,,,,1.0719227850034172,0.0426924010252668,0.07902325881312985,0.9737207999629043,,,,,0.09821127532960787,0.0,,,1.0650260544885215e-05,,,1.1697772105658671e-05,90.83870718913771,100.00086669387244,-3.163832174535308e-05,-0.0029515485805493183,0.0029515485805493183,SOC_UPPER_BOUND_NOT_REACHED,559312.5815534168,559633.5274903969,320.9459369800724,0.09797922796925575,0.9739435570341615,90.8594882635186,,,,,,,,,,,,,,,,,,,,,,,,,,,,,1,FIRST_UPWARD_CROSSING,charge_timeseries/cycle-019.csv,,,559312.5815534168,566842.2644611233,SOC_UPPER_BOUND_NOT_REACHED,SOC_UPPER_BOUND_NOT_REACHED,False,False,3,charge-efficiency-v1
19,virtual,40-60,40.0,60.0,40.0,60.0,100.0,NEGATIVE_PARTICLE_LITHIUM_DELTA_OVER_FROZEN_Q_REF_V1,4.868603999814521,0,20.0,W10_80_PERCENT_DISCHARGE_WINDOW,14.55,3.0000000000000004,2.9885363444129593,4.85,100.0,4.868603999814521,0,,,,0.9665170290020205,0.07902325881312985,0.11535411660099289,0.9737207999629037,,,,,-0.007291563829736239,0.007291563829736239,,,1.5616976174442042e-05,,,2.3536687977894488e-05,100.74533306136587,99.99091657299161,4.86392047006623e-05,0.005032420872179027,0.005032420872179027,SOC_UPPER_BOUND_NOT_REACHED,559633.5274903969,559955.3366263194,321.8091359225513,0.0,0.9665170290020205,100.0,,,,,,,,,,,,,,,,,,,,,,,,,,,,,1,FIRST_UPWARD_CROSSING,charge_timeseries/cycle-019.csv,,,559312.5815534168,566842.2644611233,SOC_UPPER_BOUND_NOT_REACHED,SOC_UPPER_BOUND_NOT_REACHED,False,False,3,charge-efficiency-v1
19,virtual,60-80,60.0,80.0,60.0,80.0,100.0,NEGATIVE_PARTICLE_LITHIUM_DELTA_OVER_FROZEN_Q_REF_V1,4.868603999814521,0,20.0,W10_80_PERCENT_DISCHARGE_WINDOW,14.55,3.0000000000000004,2.9885363444129593,4.85,100.0,4.868603999814521,0,,,,0.8982217256899208,0.11535411660099289,0.15168497438885595,0.9737207999629044,,,,,-0.07560576412847513,0.07560576412847513,,,5.1366148560958846e-05,,,8.533908295964981e-05,108.40539391484803,99.9881221025455,-3.00153760290911e-05,-0.0033416444036728685,0.0033416444036728685,SOC_UPPER_BOUND_NOT_REACHED,559955.3366263194,562840.3536425735,2885.017016254029,0.22311683517318404,0.6751048905167367,75.1601604824456,,,,,,,,,,,,,,,,,,,,,,,,,,,,,1,FIRST_UPWARD_CROSSING,charge_timeseries/cycle-019.csv,,,559312.5815534168,566842.2644611233,SOC_UPPER_BOUND_NOT_REACHED,SOC_UPPER_BOUND_NOT_REACHED,False,False,3,charge-efficiency-v1
19,virtual,80-100,80.0,100.0,80.0,,0.0,NEGATIVE_PARTICLE_LITHIUM_DELTA_OVER_FROZEN_Q_REF_V1,4.868603999814521,0,20.0,W10_80_PERCENT_DISCHARGE_WINDOW,14.55,3.0000000000000004,2.9885363444129593,4.85,100.0,4.868603999814521,0,,,,,,,,,,,,,,,,,,,,,,,,,,,,,,,,,,,,,,,,,,,,,,,,,,,,,,,,,,,,0,FIRST_UPWARD_CROSSING,charge_timeseries/cycle-019.csv,,,559312.5815534168,566842.2644611233,SOC_UPPER_BOUND_NOT_REACHED,SOC_UPPER_BOUND_NOT_REACHED,False,False,3,charge-efficiency-v1
20,virtual,20-40,20.0,40.0,20.0,40.0,100.0,NEGATIVE_PARTICLE_LITHIUM_DELTA_OVER_FROZEN_Q_REF_V1,4.868603999814521,0,20.0,W10_80_PERCENT_DISCHARGE_WINDOW,14.55,3.0000000000000004,2.9885363444129593,4.85,100.0,4.868603999814521,0,,,,1.0684150251687679,0.04267838159456088,0.07900923938242392,0.973720799962904,,,,,0.09471075546055453,0.0,,,1.0049074712080962e-05,,,1.1374615538638916e-05,91.13694369929833,100.00154717542351,-3.795394494132687e-05,-0.0035523597148338143,0.0035523597148338143,SOC_UPPER_BOUND_NOT_REACHED,590438.6018476454,590758.8845799379,320.28273229256365,0.09740365944516086,0.9710113657236069,90.88334990143227,,,,,,,,,,,,,,,,,,,,,,,,,,,,,1,FIRST_UPWARD_CROSSING,charge_timeseries/cycle-020.csv,,,590438.6018476454,597975.397422267,SOC_UPPER_BOUND_NOT_REACHED,SOC_UPPER_BOUND_NOT_REACHED,False,False,3,charge-efficiency-v1
20,virtual,40-60,40.0,60.0,40.0,60.0,100.0,NEGATIVE_PARTICLE_LITHIUM_DELTA_OVER_FROZEN_Q_REF_V1,4.868603999814521,0,20.0,W10_80_PERCENT_DISCHARGE_WINDOW,14.55,3.0000000000000004,2.9885363444129593,4.85,100.0,4.868603999814521,0,,,,0.9670358592016728,0.07900923938242392,0.11534009717028698,0.9737207999629044,,,,,-0.006724907583624748,0.006724907583624748,,,1.477572813115939e-05,,,2.2931484450160883e-05,100.69128157943908,99.9958670795904,2.2596098118166097e-06,0.00023366349761652159,0.00023366349761652159,SOC_UPPER_BOUND_NOT_REACHED,590758.8845799379,591080.4144210832,321.52984114523304,0.0,0.9670358592016728,100.0,,,,,,,,,,,,,,,,,,,,,,,,,,,,,1,FIRST_UPWARD_CROSSING,charge_timeseries/cycle-020.csv,,,590438.6018476454,597975.397422267,SOC_UPPER_BOUND_NOT_REACHED,SOC_UPPER_BOUND_NOT_REACHED,False,False,3,charge-efficiency-v1
20,virtual,60-80,60.0,80.0,60.0,80.0,100.0,NEGATIVE_PARTICLE_LITHIUM_DELTA_OVER_FROZEN_Q_REF_V1,4.868603999814521,0,20.0,W10_80_PERCENT_DISCHARGE_WINDOW,14.55,3.0000000000000004,2.9885363444129593,4.85,100.0,4.868603999814521,0,,,,0.9009392277456423,0.11534009717028698,0.15167095495815003,0.9737207999629041,,,,,-0.07285729572554839,0.07285729572554839,,,4.905670035342154e-05,,,8.343450518395398e-05,108.07841083791834,99.99159504815036,-5.676769725071473e-05,-0.006300946334944323,0.006300946334944323,SOC_UPPER_BOUND_NOT_REACHED,591080.4144210832,593973.1491880233,2892.734766940105,0.2229211649151715,0.6780180628304708,75.25680333922504,,,,,,,,,,,,,,,,,,,,,,,,,,,,,1,FIRST_UPWARD_CROSSING,charge_timeseries/cycle-020.csv,,,590438.6018476454,597975.397422267,SOC_UPPER_BOUND_NOT_REACHED,SOC_UPPER_BOUND_NOT_REACHED,False,False,3,charge-efficiency-v1
20,virtual,80-100,80.0,100.0,80.0,,0.0,NEGATIVE_PARTICLE_LITHIUM_DELTA_OVER_FROZEN_Q_REF_V1,4.868603999814521,0,20.0,W10_80_PERCENT_DISCHARGE_WINDOW,14.55,3.0000000000000004,2.9885363444129593,4.85,100.0,4.868603999814521,0,,,,,,,,,,,,,,,,,,,,,,,,,,,,,,,,,,,,,,,,,,,,,,,,,,,,,,,,,,,,0,FIRST_UPWARD_CROSSING,charge_timeseries/cycle-020.csv,,,590438.6018476454,597975.397422267,SOC_UPPER_BOUND_NOT_REACHED,SOC_UPPER_BOUND_NOT_REACHED,False,False,3,charge-efficiency-v1
21,virtual,20-40,20.0,40.0,20.0,40.0,100.0,NEGATIVE_PARTICLE_LITHIUM_DELTA_OVER_FROZEN_Q_REF_V1,4.868603999814521,0,20.0,W10_80_PERCENT_DISCHARGE_WINDOW,14.55,3.0000000000000004,2.9885363444129593,4.85,100.0,4.868603999814521,0,,,,1.017441313343673,0.042664666632656334,0.0789955244205194,0.9737207999629044,,,,,0.04371217184751797,0.0,,,7.867199676876973e-06,,,1.0236402993427096e-05,95.70289580269868,99.99918014600533,-9.762069419494424e-06,-0.0009594724817505986,0.0009594724817505986,SOC_UPPER_BOUND_NOT_REACHED,621571.7350671389,621874.6665486065,302.93148146753686,0.09684572140909291,0.9205955919345802,90.48144397726259,,,,,,,,,,,,,,,,,,,,,,,,,,,,,1,FIRST_UPWARD_CROSSING,charge_timeseries/cycle-021.csv,,,621571.7350671389,629362.0243599869,SOC_UPPER_BOUND_NOT_REACHED,SOC_UPPER_BOUND_NOT_REACHED,False,False,3,charge-efficiency-v1
21,virtual,40-60,40.0,60.0,40.0,60.0,100.0,NEGATIVE_PARTICLE_LITHIUM_DELTA_OVER_FROZEN_Q_REF_V1,4.868603999814521,0,20.0,W10_80_PERCENT_DISCHARGE_WINDOW,14.55,3.0000000000000004,2.9885363444129593,4.85,100.0,4.868603999814521,0,,,,0.9053339599761613,0.0789955244205194,0.11532638220838244,0.9737207999629041,,,,,-0.06839101709944233,0.06839101709944233,,,-1.8991111512532168e-06,,,1.953288776952028e-05,107.55376943868797,99.99953861084592,-1.3456663918831602e-05,-0.0014863756926986296,0.0014863756926986296,SOC_UPPER_BOUND_NOT_REACHED,621874.6665486065,622131.8387692928,257.17222068633737,0.0,0.9053339599761613,100.0,,,,,,,,,,,,,,,,,,,,,,,,,,,,,1,FIRST_UPWARD_CROSSING,charge_timeseries/cycle-021.csv,,,621571.7350671389,629362.0243599869,SOC_UPPER_BOUND_NOT_REACHED,SOC_UPPER_BOUND_NOT_REACHED,False,False,3,charge-efficiency-v1
21,virtual,60-80,60.0,80.0,60.0,80.0,100.0,NEGATIVE_PARTICLE_LITHIUM_DELTA_OVER_FROZEN_Q_REF_V1,4.868603999814521,0,20.0,W10_80_PERCENT_DISCHARGE_WINDOW,14.55,3.0000000000000004,2.9885363444129593,4.85,100.0,4.868603999814521,0,,,,0.9937362214531597,0.11532638220838244,0.15165723999624547,0.9737207999629037,,,,,0.019981240182011663,0.0,,,-2.0974786814247862e-05,,,9.164065976266858e-05,97.985841608854,99.99656032380561,-3.648456470406458e-05,-0.0036714536429710187,0.0036714536429710187,SOC_UPPER_BOUND_NOT_REACHED,622131.8387692928,625269.0528016838,3137.2140323909653,0.20163051507004814,0.7921057063831115,79.7098555212972,,,,,,,,,,,,,,,,,,,,,,,,,,,,,1,FIRST_UPWARD_CROSSING,charge_timeseries/cycle-021.csv,,,621571.7350671389,629362.0243599869,SOC_UPPER_BOUND_NOT_REACHED,SOC_UPPER_BOUND_NOT_REACHED,False,False,3,charge-efficiency-v1
21,virtual,80-100,80.0,100.0,80.0,,0.0,NEGATIVE_PARTICLE_LITHIUM_DELTA_OVER_FROZEN_Q_REF_V1,4.868603999814521,0,20.0,W10_80_PERCENT_DISCHARGE_WINDOW,14.55,3.0000000000000004,2.9885363444129593,4.85,100.0,4.868603999814521,0,,,,,,,,,,,,,,,,,,,,,,,,,,,,,,,,,,,,,,,,,,,,,,,,,,,,,,,,,,,,0,FIRST_UPWARD_CROSSING,charge_timeseries/cycle-021.csv,,,621571.7350671389,629362.0243599869,SOC_UPPER_BOUND_NOT_REACHED,SOC_UPPER_BOUND_NOT_REACHED,False,False,3,charge-efficiency-v1
22,virtual,20-40,20.0,40.0,20.0,40.0,100.0,NEGATIVE_PARTICLE_LITHIUM_DELTA_OVER_FROZEN_Q_REF_V1,4.868603999814521,0,20.0,W10_80_PERCENT_DISCHARGE_WINDOW,14.55,3.0000000000000004,2.9885363444129593,4.85,100.0,4.868603999814521,0,,,,1.071516598703634,0.0426508244514098,0.07898168223927285,0.9737207999629041,,,,,0.09781074303658624,0.0,,,1.0111381951048628e-05,,,1.0953683916018614e-05,90.87314196914473,100.00139468636084,-3.600936172354352e-05,-0.003360597658226589,0.003360597658226589,SOC_UPPER_BOUND_NOT_REACHED,652958.3612521876,653281.2580890825,322.8968368949518,0.09629875181435106,0.9752178468892828,91.01285487029716,,,,,,,,,,,,,,,,,,,,,,,,,,,,,1,FIRST_UPWARD_CROSSING,charge_timeseries/cycle-022.csv,,,652958.3612521876,660508.3358215888,SOC_UPPER_BOUND_NOT_REACHED,SOC_UPPER_BOUND_NOT_REACHED,False,False,3,charge-efficiency-v1
22,virtual,40-60,40.0,60.0,40.0,60.0,100.0,NEGATIVE_PARTICLE_LITHIUM_DELTA_OVER_FROZEN_Q_REF_V1,4.868603999814521,0,20.0,W10_80_PERCENT_DISCHARGE_WINDOW,14.55,3.0000000000000004,2.9885363444129593,4.85,100.0,4.868603999814521,0,,,,0.9665002087806228,0.07898168223927285,0.11531254002713591,0.9737207999629044,,,,,-0.007283001415234164,0.007283001415234164,,,1.4748200928051299e-05,,,2.1980852261332257e-05,100.74708635514848,99.99354265706457,2.5681179763203943e-05,0.002657131320809997,0.002657131320809997,SOC_UPPER_BOUND_NOT_REACHED,653281.2580890825,653604.9388792863,323.6807902036511,0.0,0.9665002087806228,100.0,,,,,,,,,,,,,,,,,,,,,,,,,,,,,1,FIRST_UPWARD_CROSSING,charge_timeseries/cycle-022.csv,,,652958.3612521876,660508.3358215888,SOC_UPPER_BOUND_NOT_REACHED,SOC_UPPER_BOUND_NOT_REACHED,False,False,3,charge-efficiency-v1
22,virtual,60-80,60.0,80.0,60.0,80.0,100.0,NEGATIVE_PARTICLE_LITHIUM_DELTA_OVER_FROZEN_Q_REF_V1,4.868603999814521,0,20.0,W10_80_PERCENT_DISCHARGE_WINDOW,14.55,3.0000000000000004,2.9885363444129593,4.85,100.0,4.868603999814521,0,,,,0.8984229123486283,0.11531254002713591,0.15164339781499894,0.9737207999629037,,,,,-0.07537136241548616,0.07537136241548616,,,4.829925415323873e-05,,,7.959212063004747e-05,108.38111835521137,99.99182180238273,-5.441657357263541e-05,-0.006056899576434594,0.006056899576434594,SOC_UPPER_BOUND_NOT_REACHED,653604.9388792863,656505.8379364066,2900.8990571203644,0.2226852288990534,0.6757376834495749,75.2137633804422,,,,,,,,,,,,,,,,,,,,,,,,,,,,,1,FIRST_UPWARD_CROSSING,charge_timeseries/cycle-022.csv,,,652958.3612521876,660508.3358215888,SOC_UPPER_BOUND_NOT_REACHED,SOC_UPPER_BOUND_NOT_REACHED,False,False,3,charge-efficiency-v1
22,virtual,80-100,80.0,100.0,80.0,,0.0,NEGATIVE_PARTICLE_LITHIUM_DELTA_OVER_FROZEN_Q_REF_V1,4.868603999814521,0,20.0,W10_80_PERCENT_DISCHARGE_WINDOW,14.55,3.0000000000000004,2.9885363444129593,4.85,100.0,4.868603999814521,0,,,,,,,,,,,,,,,,,,,,,,,,,,,,,,,,,,,,,,,,,,,,,,,,,,,,,,,,,,,,0,FIRST_UPWARD_CROSSING,charge_timeseries/cycle-022.csv,,,652958.3612521876,660508.3358215888,SOC_UPPER_BOUND_NOT_REACHED,SOC_UPPER_BOUND_NOT_REACHED,False,False,3,charge-efficiency-v1
23,virtual,20-40,20.0,40.0,20.0,40.0,100.0,NEGATIVE_PARTICLE_LITHIUM_DELTA_OVER_FROZEN_Q_REF_V1,4.868603999814521,0,20.0,W10_80_PERCENT_DISCHARGE_WINDOW,14.55,3.0000000000000004,2.9885363444129593,4.85,100.0,4.868603999814521,0,,,,1.071726588575519,0.04264176642656869,0.07897262421443173,0.973720799962904,,,,,0.09801330914961803,0.0,,,9.959013563423744e-06,,,1.0743747332401382e-05,90.8553366448733,100.00070172160355,-2.8223297898755106e-05,-0.0026334419804092003,0.0026334419804092003,SOC_UPPER_BOUND_NOT_REACHED,684104.6735130945,684428.3172306974,323.64371760280227,0.09577259056634804,0.9759539980091708,91.06371050347423,,,,,,,,,,,,,,,,,,,,,,,,,,,,,1,FIRST_UPWARD_CROSSING,charge_timeseries/cycle-023.csv,,,684104.6735130945,691661.2894028428,SOC_UPPER_BOUND_NOT_REACHED,SOC_UPPER_BOUND_NOT_REACHED,False,False,3,charge-efficiency-v1
23,virtual,40-60,40.0,60.0,40.0,60.0,100.0,NEGATIVE_PARTICLE_LITHIUM_DELTA_OVER_FROZEN_Q_REF_V1,4.868603999814521,0,20.0,W10_80_PERCENT_DISCHARGE_WINDOW,14.55,3.0000000000000004,2.9885363444129593,4.85,100.0,4.868603999814521,0,,,,0.9664183720177739,0.07897262421443173,0.11530348200229477,0.9737207999629041,,,,,-0.007340221466525576,0.007340221466525576,,,1.4544423216370818e-05,,,2.1536086761104328e-05,100.75561766586489,99.99608932088941,1.7130114179364497e-06,0.00017725360646444175,0.00017725360646444175,SOC_UPPER_BOUND_NOT_REACHED,684428.3172306974,684752.7635781677,324.4463474703501,0.0,0.9664183720177739,100.0,,,,,,,,,,,,,,,,,,,,,,,,,,,,,1,FIRST_UPWARD_CROSSING,charge_timeseries/cycle-023.csv,,,684104.6735130945,691661.2894028428,SOC_UPPER_BOUND_NOT_REACHED,SOC_UPPER_BOUND_NOT_REACHED,False,False,3,charge-efficiency-v1
23,virtual,60-80,60.0,80.0,60.0,80.0,100.0,NEGATIVE_PARTICLE_LITHIUM_DELTA_OVER_FROZEN_Q_REF_V1,4.868603999814521,0,20.0,W10_80_PERCENT_DISCHARGE_WINDOW,14.55,3.0000000000000004,2.9885363444129593,4.85,100.0,4.868603999814521,0,,,,0.8982485847412774,0.11530348200229477,0.15163433979015783,0.9737207999629044,,,,,-0.07555543431266298,0.07555543431266298,,,4.7508048732409526e-05,,,7.792334974592377e-05,108.40215242235702,99.99073540527091,-4.221230744227977e-05,-0.0046994014974638875,0.0046994014974638875,SOC_UPPER_BOUND_NOT_REACHED,684752.7635781677,687659.4365251145,2906.6729469467145,0.2226958132725795,0.675552771468698,75.20777465664223,,,,,,,,,,,,,,,,,,,,,,,,,,,,,1,FIRST_UPWARD_CROSSING,charge_timeseries/cycle-023.csv,,,684104.6735130945,691661.2894028428,SOC_UPPER_BOUND_NOT_REACHED,SOC_UPPER_BOUND_NOT_REACHED,False,False,3,charge-efficiency-v1
23,virtual,80-100,80.0,100.0,80.0,,0.0,NEGATIVE_PARTICLE_LITHIUM_DELTA_OVER_FROZEN_Q_REF_V1,4.868603999814521,0,20.0,W10_80_PERCENT_DISCHARGE_WINDOW,14.55,3.0000000000000004,2.9885363444129593,4.85,100.0,4.868603999814521,0,,,,,,,,,,,,,,,,,,,,,,,,,,,,,,,,,,,,,,,,,,,,,,,,,,,,,,,,,,,,0,FIRST_UPWARD_CROSSING,charge_timeseries/cycle-023.csv,,,684104.6735130945,691661.2894028428,SOC_UPPER_BOUND_NOT_REACHED,SOC_UPPER_BOUND_NOT_REACHED,False,False,3,charge-efficiency-v1
24,virtual,20-40,20.0,40.0,20.0,40.0,100.0,NEGATIVE_PARTICLE_LITHIUM_DELTA_OVER_FROZEN_Q_REF_V1,4.868603999814521,0,20.0,W10_80_PERCENT_DISCHARGE_WINDOW,14.55,3.0000000000000004,2.9885363444129593,4.85,100.0,4.868603999814521,0,,,,1.071205904863878,0.042628618516099434,0.07895947630396248,0.9737207999629041,,,,,0.09751318675515501,0.0,,,9.752785839107787e-06,,,1.0536904200400543e-05,90.89949892375158,100.00262151786633,-4.837154422077106e-05,-0.004515615905507709,0.004515615905507709,SOC_UPPER_BOUND_NOT_REACHED,715257.6267049069,715581.7288031391,324.1020982320943,0.0952600523545829,0.9759458525092951,91.10721366246689,,,,,,,,,,,,,,,,,,,,,,,,,,,,,1,FIRST_UPWARD_CROSSING,charge_timeseries/cycle-024.csv,,,715257.6267049069,722821.0231987096,SOC_UPPER_BOUND_NOT_REACHED,SOC_UPPER_BOUND_NOT_REACHED,False,False,3,charge-efficiency-v1
24,virtual,40-60,40.0,60.0,40.0,60.0,100.0,NEGATIVE_PARTICLE_LITHIUM_DELTA_OVER_FROZEN_Q_REF_V1,4.868603999814521,0,20.0,W10_80_PERCENT_DISCHARGE_WINDOW,14.55,3.0000000000000004,2.9885363444129593,4.85,100.0,4.868603999814521,0,,,,0.9664956632443563,0.07895947630396248,0.11529033409182554,0.9737207999629044,,,,,-0.007276156069822126,0.007276156069822126,,,1.424572203617561e-05,,,2.111013976344514e-05,100.74756017986616,99.99472120225529,1.5663489474460057e-05,0.0016206476728390558,0.0016206476728390558,SOC_UPPER_BOUND_NOT_REACHED,715581.7288031391,715906.7064566647,324.97765352563914,0.0,0.9664956632443563,100.0,,,,,,,,,,,,,,,,,,,,,,,,,,,,,1,FIRST_UPWARD_CROSSING,charge_timeseries/cycle-024.csv,,,715257.6267049069,722821.0231987096,SOC_UPPER_BOUND_NOT_REACHED,SOC_UPPER_BOUND_NOT_REACHED,False,False,3,charge-efficiency-v1
24,virtual,60-80,60.0,80.0,60.0,80.0,100.0,NEGATIVE_PARTICLE_LITHIUM_DELTA_OVER_FROZEN_Q_REF_V1,4.868603999814521,0,20.0,W10_80_PERCENT_DISCHARGE_WINDOW,14.55,3.0000000000000004,2.9885363444129593,4.85,100.0,4.868603999814521,0,,,,0.8987040561553583,0.11529033409182554,0.1516211918796886,0.9737207999629041,,,,,-0.07518563333825505,0.07518563333825505,,,4.6520966772019626e-05,,,7.638770222049424e-05,108.34721322261149,99.98120743646892,4.598086171669902e-05,0.005116351862637008,0.005116351862637008,SOC_UPPER_BOUND_NOT_REACHED,715906.7064566647,718819.3898425843,2912.6833859195567,0.22257449621082653,0.6761295599445317,75.2338386940194,,,,,,,,,,,,,,,,,,,,,,,,,,,,,1,FIRST_UPWARD_CROSSING,charge_timeseries/cycle-024.csv,,,715257.6267049069,722821.0231987096,SOC_UPPER_BOUND_NOT_REACHED,SOC_UPPER_BOUND_NOT_REACHED,False,False,3,charge-efficiency-v1
24,virtual,80-100,80.0,100.0,80.0,,0.0,NEGATIVE_PARTICLE_LITHIUM_DELTA_OVER_FROZEN_Q_REF_V1,4.868603999814521,0,20.0,W10_80_PERCENT_DISCHARGE_WINDOW,14.55,3.0000000000000004,2.9885363444129593,4.85,100.0,4.868603999814521,0,,,,,,,,,,,,,,,,,,,,,,,,,,,,,,,,,,,,,,,,,,,,,,,,,,,,,,,,,,,,0,FIRST_UPWARD_CROSSING,charge_timeseries/cycle-024.csv,,,715257.6267049069,722821.0231987096,SOC_UPPER_BOUND_NOT_REACHED,SOC_UPPER_BOUND_NOT_REACHED,False,False,3,charge-efficiency-v1
25,virtual,20-40,20.0,40.0,20.0,40.0,100.0,NEGATIVE_PARTICLE_LITHIUM_DELTA_OVER_FROZEN_Q_REF_V1,4.868603999814521,0,20.0,W10_80_PERCENT_DISCHARGE_WINDOW,14.55,3.0000000000000004,2.9885363444129593,4.85,100.0,4.868603999814521,0,,,,1.0712597169644358,0.0426156858957569,0.07894654368361995,0.9737207999629041,,,,,0.09755967630621806,0.0,,,9.621405077738301e-06,,,1.035070778943395e-05,90.89493281069862,100.00193784050289,-4.0731417553674376e-05,-0.0038021981886047712,0.0038021981886047712,SOC_UPPER_BOUND_NOT_REACHED,746417.3606211013,746742.1391147469,324.778493645624,0.09476095977407911,0.9764987571903566,91.15424968628545,,,,,,,,,,,,,,,,,,,,,,,,,,,,,1,FIRST_UPWARD_CROSSING,charge_timeseries/cycle-025.csv,,,746417.3606211013,753986.9379491985,SOC_UPPER_BOUND_NOT_REACHED,SOC_UPPER_BOUND_NOT_REACHED,False,False,3,charge-efficiency-v1
25,virtual,40-60,40.0,60.0,40.0,60.0,100.0,NEGATIVE_PARTICLE_LITHIUM_DELTA_OVER_FROZEN_Q_REF_V1,4.868603999814521,0,20.0,W10_80_PERCENT_DISCHARGE_WINDOW,14.55,3.0000000000000004,2.9885363444129593,4.85,100.0,4.868603999814521,0,,,,0.966474775597974,0.07894654368361995,0.115277401471483,0.9737207999629041,,,,,-0.007304294520574919,0.007304294520574919,,,1.4040276315906673e-05,,,2.07180878229081e-05,100.74973755631096,99.993970856031,2.3511791506058977e-05,0.002432737211533725,0.002432737211533725,SOC_UPPER_BOUND_NOT_REACHED,746742.1391147469,747067.7734449139,325.634330166997,0.0,0.966474775597974,100.0,,,,,,,,,,,,,,,,,,,,,,,,,,,,,1,FIRST_UPWARD_CROSSING,charge_timeseries/cycle-025.csv,,,746417.3606211013,753986.9379491985,SOC_UPPER_BOUND_NOT_REACHED,SOC_UPPER_BOUND_NOT_REACHED,False,False,3,charge-efficiency-v1
25,virtual,60-80,60.0,80.0,60.0,80.0,100.0,NEGATIVE_PARTICLE_LITHIUM_DELTA_OVER_FROZEN_Q_REF_V1,4.868603999814521,0,20.0,W10_80_PERCENT_DISCHARGE_WINDOW,14.55,3.0000000000000004,2.9885363444129593,4.85,100.0,4.868603999814521,0,,,,0.898542805833173,0.115277401471483,0.15160825925934607,0.9737207999629048,,,,,-0.07524749126268748,0.07524749126268748,,,4.5759864223556684e-05,,,7.492382548086873e-05,108.36665695186586,99.99226557349249,-5.1186556748739065e-05,-0.0056966186158795605,0.0056966186158795605,SOC_UPPER_BOUND_NOT_REACHED,747067.7734449139,749985.672111645,2917.8986667309778,0.22246665183903988,0.6760761539941331,75.24139635921318,,,,,,,,,,,,,,,,,,,,,,,,,,,,,1,FIRST_UPWARD_CROSSING,charge_timeseries/cycle-025.csv,,,746417.3606211013,753986.9379491985,SOC_UPPER_BOUND_NOT_REACHED,SOC_UPPER_BOUND_NOT_REACHED,False,False,3,charge-efficiency-v1
25,virtual,80-100,80.0,100.0,80.0,,0.0,NEGATIVE_PARTICLE_LITHIUM_DELTA_OVER_FROZEN_Q_REF_V1,4.868603999814521,0,20.0,W10_80_PERCENT_DISCHARGE_WINDOW,14.55,3.0000000000000004,2.9885363444129593,4.85,100.0,4.868603999814521,0,,,,,,,,,,,,,,,,,,,,,,,,,,,,,,,,,,,,,,,,,,,,,,,,,,,,,,,,,,,,0,FIRST_UPWARD_CROSSING,charge_timeseries/cycle-025.csv,,,746417.3606211013,753986.9379491985,SOC_UPPER_BOUND_NOT_REACHED,SOC_UPPER_BOUND_NOT_REACHED,False,False,3,charge-efficiency-v1
26,virtual,20-40,20.0,40.0,20.0,40.0,100.0,NEGATIVE_PARTICLE_LITHIUM_DELTA_OVER_FROZEN_Q_REF_V1,4.8582710061294545,25,20.0,W10_80_PERCENT_DISCHARGE_WINDOW,14.55,3.0000000000000004,2.99489262366034,4.85,99.78776269983223,4.8582710061294545,25,,,,1.070248246892034,0.042602920678116975,0.07885667083428327,0.9716542012258909,,,,,0.09861277128445234,0.0,,,9.582249242723849e-06,,,1.0162463963608176e-05,90.78774051231038,100.00174965185539,-3.8470331515494394e-05,-0.003594524132808531,0.003594524132808531,SOC_UPPER_BOUND_NOT_REACHED,777583.2753006931,777908.5688454079,325.2935447148505,0.09427414335558126,0.9759741035364528,91.19137605416778,,,,,,,,,,,,,,,,,,,,,,,,,,,,,1,FIRST_UPWARD_CROSSING,charge_timeseries/cycle-026.csv,,,777583.2753006931,785159.2284867135,SOC_UPPER_BOUND_NOT_REACHED,SOC_UPPER_BOUND_NOT_REACHED,False,False,3,charge-efficiency-v1
26,virtual,40-60,40.0,60.0,40.0,60.0,100.0,NEGATIVE_PARTICLE_LITHIUM_DELTA_OVER_FROZEN_Q_REF_V1,4.8582710061294545,25,20.0,W10_80_PERCENT_DISCHARGE_WINDOW,14.55,3.0000000000000004,2.99489262366034,4.85,99.78776269983223,4.8582710061294545,25,,,,0.96435960988008,0.07885667083428327,0.11511042099044956,0.9716542012258907,,,,,-0.007378544172406423,0.007378544172406423,,,1.3938992919773109e-05,,,2.0265669981874013e-05,100.75641817337392,99.99129444807356,4.97481636939634e-05,0.005158673505638595,0.005158673505638595,SOC_UPPER_BOUND_NOT_REACHED,777908.5688454079,778233.724216988,325.15537157993737,0.0,0.96435960988008,100.0,,,,,,,,,,,,,,,,,,,,,,,,,,,,,1,FIRST_UPWARD_CROSSING,charge_timeseries/cycle-026.csv,,,777583.2753006931,785159.2284867135,SOC_UPPER_BOUND_NOT_REACHED,SOC_UPPER_BOUND_NOT_REACHED,False,False,3,charge-efficiency-v1
26,virtual,60-80,60.0,80.0,60.0,80.0,100.0,NEGATIVE_PARTICLE_LITHIUM_DELTA_OVER_FROZEN_Q_REF_V1,4.8582710061294545,25,20.0,W10_80_PERCENT_DISCHARGE_WINDOW,14.55,3.0000000000000004,2.99489262366034,4.85,99.78776269983223,4.8582710061294545,25,,,,0.8954311387058728,0.11511042099044956,0.15136417114661585,0.9716542012258907,,,,,-0.07629161142185518,0.07629161142185518,,,4.53317130618869e-05,,,7.334752210365336e-05,108.51244269103482,99.99234459257958,-5.013033332834649e-05,-0.00559845767713614,0.00559845767713614,SOC_UPPER_BOUND_NOT_REACHED,778233.724216988,781139.9021073796,2906.1778903917225,0.2161213922983618,0.679309746407511,75.86398518475552,,,,,,,,,,,,,,,,,,,,,,,,,,,,,1,FIRST_UPWARD_CROSSING,charge_timeseries/cycle-026.csv,,,777583.2753006931,785159.2284867135,SOC_UPPER_BOUND_NOT_REACHED,SOC_UPPER_BOUND_NOT_REACHED,False,False,3,charge-efficiency-v1
26,virtual,80-100,80.0,100.0,80.0,,0.0,NEGATIVE_PARTICLE_LITHIUM_DELTA_OVER_FROZEN_Q_REF_V1,4.8582710061294545,25,20.0,W10_80_PERCENT_DISCHARGE_WINDOW,14.55,3.0000000000000004,2.99489262366034,4.85,99.78776269983223,4.8582710061294545,25,,,,,,,,,,,,,,,,,,,,,,,,,,,,,,,,,,,,,,,,,,,,,,,,,,,,,,,,,,,,0,FIRST_UPWARD_CROSSING,charge_timeseries/cycle-026.csv,,,777583.2753006931,785159.2284867135,SOC_UPPER_BOUND_NOT_REACHED,SOC_UPPER_BOUND_NOT_REACHED,False,False,3,charge-efficiency-v1
27,virtual,20-40,20.0,40.0,20.0,40.0,100.0,NEGATIVE_PARTICLE_LITHIUM_DELTA_OVER_FROZEN_Q_REF_V1,4.8582710061294545,25,20.0,W10_80_PERCENT_DISCHARGE_WINDOW,14.55,3.0000000000000004,2.99489262366034,4.85,99.78776269983223,4.8582710061294545,25,,,,1.0685698440860256,0.042898731872536996,0.07915248202870329,0.9716542012258907,,,,,0.09692634900264044,0.0,,,9.308647185887753e-06,,,9.962768236702196e-06,90.93034082923899,100.00100191321745,-2.997755792821799e-05,-0.002805390596986062,0.002805390596986062,SOC_UPPER_BOUND_NOT_REACHED,808721.8683734341,809047.8182284944,325.94985506029525,0.09296748316557338,0.9756023609204522,91.2998215624276,,,,,,,,,,,,,,,,,,,,,,,,,,,,,1,FIRST_UPWARD_CROSSING,charge_timeseries/cycle-027.csv,,,808721.8683734341,816309.8473692263,SOC_UPPER_BOUND_NOT_REACHED,SOC_UPPER_BOUND_NOT_REACHED,False,False,3,charge-efficiency-v1
27,virtual,40-60,40.0,60.0,40.0,60.0,100.0,NEGATIVE_PARTICLE_LITHIUM_DELTA_OVER_FROZEN_Q_REF_V1,4.8582710061294545,25,20.0,W10_80_PERCENT_DISCHARGE_WINDOW,14.55,3.0000000000000004,2.99489262366034,4.85,99.78776269983223,4.8582710061294545,25,,,,0.9643350140757196,0.07915248202870329,0.11540623218486959,0.9716542012258911,,,,,-0.007370590322440279,0.007370590322440279,,,1.3615960697017405e-05,,,1.99208860980106e-05,100.75898801177375,99.99466957317544,1.7866325473736566e-05,0.0018527094021221241,0.0018527094021221241,SOC_UPPER_BOUND_NOT_REACHED,809047.8182284944,809376.2288618063,328.41063331202986,0.0,0.9643350140757196,100.0,,,,,,,,,,,,,,,,,,,,,,,,,,,,,1,FIRST_UPWARD_CROSSING,charge_timeseries/cycle-027.csv,,,808721.8683734341,816309.8473692263,SOC_UPPER_BOUND_NOT_REACHED,SOC_UPPER_BOUND_NOT_REACHED,False,False,3,charge-efficiency-v1
27,virtual,60-80,60.0,80.0,60.0,80.0,100.0,NEGATIVE_PARTICLE_LITHIUM_DELTA_OVER_FROZEN_Q_REF_V1,4.8582710061294545,25,20.0,W10_80_PERCENT_DISCHARGE_WINDOW,14.55,3.0000000000000004,2.99489262366034,4.85,99.78776269983223,4.8582710061294545,25,,,,0.8970683219888913,0.11540623218486959,0.15165998234103586,0.9716542012258904,,,,,-0.07466217046685428,0.07466217046685428,,,4.4117018024036024e-05,,,7.205840093945162e-05,108.31440341931088,99.99149549393451,-3.9884189108274626e-05,-0.004446059249962961,0.004446059249962961,SOC_UPPER_BOUND_NOT_REACHED,809376.2288618063,812315.4359518933,2939.2070900869303,0.22432244798049403,0.6727458740083972,74.99382795246314,,,,,,,,,,,,,,,,,,,,,,,,,,,,,1,FIRST_UPWARD_CROSSING,charge_timeseries/cycle-027.csv,,,808721.8683734341,816309.8473692263,SOC_UPPER_BOUND_NOT_REACHED,SOC_UPPER_BOUND_NOT_REACHED,False,False,3,charge-efficiency-v1
27,virtual,80-100,80.0,100.0,80.0,,0.0,NEGATIVE_PARTICLE_LITHIUM_DELTA_OVER_FROZEN_Q_REF_V1,4.8582710061294545,25,20.0,W10_80_PERCENT_DISCHARGE_WINDOW,14.55,3.0000000000000004,2.99489262366034,4.85,99.78776269983223,4.8582710061294545,25,,,,,,,,,,,,,,,,,,,,,,,,,,,,,,,,,,,,,,,,,,,,,,,,,,,,,,,,,,,,0,FIRST_UPWARD_CROSSING,charge_timeseries/cycle-027.csv,,,808721.8683734341,816309.8473692263,SOC_UPPER_BOUND_NOT_REACHED,SOC_UPPER_BOUND_NOT_REACHED,False,False,3,charge-efficiency-v1
28,virtual,20-40,20.0,40.0,20.0,40.0,100.0,NEGATIVE_PARTICLE_LITHIUM_DELTA_OVER_FROZEN_Q_REF_V1,4.8582710061294545,25,20.0,W10_80_PERCENT_DISCHARGE_WINDOW,14.55,3.0000000000000004,2.99489262366034,4.85,99.78776269983223,4.8582710061294545,25,,,,1.070368418000324,0.04288632574385826,0.07914007590002455,0.9716542012258905,,,,,0.09873301547762973,0.0,,,9.37518323156604e-06,,,9.833058826042018e-06,90.77754770092595,100.0017562834329,-3.800694525391002e-05,-0.0035508283516917554,0.0035508283516917554,SOC_UPPER_BOUND_NOT_REACHED,839872.4872848414,840199.7867768854,327.2994920439912,0.09250581854491922,0.9778625994554048,91.35757212290142,,,,,,,,,,,,,,,,,,,,,,,,,,,,,1,FIRST_UPWARD_CROSSING,charge_timeseries/cycle-028.csv,,,839872.4872848414,847466.8874404288,SOC_UPPER_BOUND_NOT_REACHED,SOC_UPPER_BOUND_NOT_REACHED,False,False,3,charge-efficiency-v1
28,virtual,40-60,40.0,60.0,40.0,60.0,100.0,NEGATIVE_PARTICLE_LITHIUM_DELTA_OVER_FROZEN_Q_REF_V1,4.8582710061294545,25,20.0,W10_80_PERCENT_DISCHARGE_WINDOW,14.55,3.0000000000000004,2.99489262366034,4.85,99.78776269983223,4.8582710061294545,25,,,,0.964067201694705,0.07914007590002455,0.11539382605619085,0.9716542012258911,,,,,-0.007702134615485898,0.007702134615485898,,,1.3690590905135816e-05,,,1.9613910737310142e-05,100.78697828510805,99.98805735906197,8.183058265720522e-05,0.008488057939670356,0.008488057939670356,SOC_UPPER_BOUND_NOT_REACHED,840199.7867768854,840529.3636436005,329.5768667150817,0.0,0.964067201694705,100.0,,,,,,,,,,,,,,,,,,,,,,,,,,,,,1,FIRST_UPWARD_CROSSING,charge_timeseries/cycle-028.csv,,,839872.4872848414,847466.8874404288,SOC_UPPER_BOUND_NOT_REACHED,SOC_UPPER_BOUND_NOT_REACHED,False,False,3,charge-efficiency-v1
28,virtual,60-80,60.0,80.0,60.0,80.0,100.0,NEGATIVE_PARTICLE_LITHIUM_DELTA_OVER_FROZEN_Q_REF_V1,4.8582710061294545,25,20.0,W10_80_PERCENT_DISCHARGE_WINDOW,14.55,3.0000000000000004,2.99489262366034,4.85,99.78776269983223,4.8582710061294545,25,,,,0.8956125769431406,0.11539382605619085,0.15164757621235714,0.9716542012258907,,,,,-0.07611672042237615,0.07611672042237615,,,4.402514329563279e-05,,,7.077020582285654e-05,108.4904596295746,99.99161510885853,-3.969920949253858e-05,-0.004432631978889567,0.004432631978889567,SOC_UPPER_BOUND_NOT_REACHED,840529.3636436005,843473.1412345966,2943.7775909961533,0.2242511225267576,0.671361454416383,74.96114633716286,,,,,,,,,,,,,,,,,,,,,,,,,,,,,1,FIRST_UPWARD_CROSSING,charge_timeseries/cycle-028.csv,,,839872.4872848414,847466.8874404288,SOC_UPPER_BOUND_NOT_REACHED,SOC_UPPER_BOUND_NOT_REACHED,False,False,3,charge-efficiency-v1
28,virtual,80-100,80.0,100.0,80.0,,0.0,NEGATIVE_PARTICLE_LITHIUM_DELTA_OVER_FROZEN_Q_REF_V1,4.8582710061294545,25,20.0,W10_80_PERCENT_DISCHARGE_WINDOW,14.55,3.0000000000000004,2.99489262366034,4.85,99.78776269983223,4.8582710061294545,25,,,,,,,,,,,,,,,,,,,,,,,,,,,,,,,,,,,,,,,,,,,,,,,,,,,,,,,,,,,,0,FIRST_UPWARD_CROSSING,charge_timeseries/cycle-028.csv,,,839872.4872848414,847466.8874404288,SOC_UPPER_BOUND_NOT_REACHED,SOC_UPPER_BOUND_NOT_REACHED,False,False,3,charge-efficiency-v1
29,virtual,20-40,20.0,40.0,20.0,40.0,100.0,NEGATIVE_PARTICLE_LITHIUM_DELTA_OVER_FROZEN_Q_REF_V1,4.8582710061294545,25,20.0,W10_80_PERCENT_DISCHARGE_WINDOW,14.55,3.0000000000000004,2.99489262366034,4.85,99.78776269983223,4.8582710061294545,25,,,,1.0696837514509578,0.04287406995474421,0.0791278201109105,0.9716542012258909,,,,,0.09804399765128326,0.0,,,9.194334279732062e-06,,,9.674840542778923e-06,90.8356511826887,100.00135062593937,-3.3316601038668736e-05,-0.003114621587312782,0.003114621587312782,SOC_UPPER_BOUND_NOT_REACHED,871029.5275229458,871357.1850430955,327.65752014973225,0.09205448867068206,0.9776292627802758,91.39423324456261,,,,,,,,,,,,,,,,,,,,,,,,,,,,,1,FIRST_UPWARD_CROSSING,charge_timeseries/cycle-029.csv,,,871029.5275229458,878630.0339566803,SOC_UPPER_BOUND_NOT_REACHED,SOC_UPPER_BOUND_NOT_REACHED,False,False,3,charge-efficiency-v1
29,virtual,40-60,40.0,60.0,40.0,60.0,100.0,NEGATIVE_PARTICLE_LITHIUM_DELTA_OVER_FROZEN_Q_REF_V1,4.8582710061294545,25,20.0,W10_80_PERCENT_DISCHARGE_WINDOW,14.55,3.0000000000000004,2.99489262366034,4.85,99.78776269983223,4.8582710061294545,25,,,,0.9641264605728411,0.0791278201109105,0.11538157026707678,0.9716542012258904,,,,,-0.007600796492296044,0.007600796492296044,,,1.3415262792736485e-05,,,1.9292419275104833e-05,100.78078353420324,99.9924225874681,4.034815717890439e-05,0.004184944489017686,0.004184944489017686,SOC_UPPER_BOUND_NOT_REACHED,871357.1850430955,871687.1579680183,329.97292492275585,0.0,0.9641264605728411,100.0,,,,,,,,,,,,,,,,,,,,,,,,,,,,,1,FIRST_UPWARD_CROSSING,charge_timeseries/cycle-029.csv,,,871029.5275229458,878630.0339566803,SOC_UPPER_BOUND_NOT_REACHED,SOC_UPPER_BOUND_NOT_REACHED,False,False,3,charge-efficiency-v1
29,virtual,60-80,60.0,80.0,60.0,80.0,100.0,NEGATIVE_PARTICLE_LITHIUM_DELTA_OVER_FROZEN_Q_REF_V1,4.8582710061294545,25,20.0,W10_80_PERCENT_DISCHARGE_WINDOW,14.55,3.0000000000000004,2.99489262366034,4.85,99.78776269983223,4.8582710061294545,25,,,,0.8961236021282663,0.11538157026707678,0.1516353204232431,0.9716542012258915,,,,,-0.07559719058223716,0.07559719058223716,,,4.316374223849867e-05,,,6.96358017198348e-05,108.42859164943792,99.99256893976973,-4.62080593464087e-05,-0.005156438156150108,0.005156438156150108,SOC_UPPER_BOUND_NOT_REACHED,871687.1579680183,874636.6189785604,2949.4610105421752,0.22413020230634761,0.6719933998219186,74.98891874133822,,,,,,,,,,,,,,,,,,,,,,,,,,,,,1,FIRST_UPWARD_CROSSING,charge_timeseries/cycle-029.csv,,,871029.5275229458,878630.0339566803,SOC_UPPER_BOUND_NOT_REACHED,SOC_UPPER_BOUND_NOT_REACHED,False,False,3,charge-efficiency-v1
29,virtual,80-100,80.0,100.0,80.0,,0.0,NEGATIVE_PARTICLE_LITHIUM_DELTA_OVER_FROZEN_Q_REF_V1,4.8582710061294545,25,20.0,W10_80_PERCENT_DISCHARGE_WINDOW,14.55,3.0000000000000004,2.99489262366034,4.85,99.78776269983223,4.8582710061294545,25,,,,,,,,,,,,,,,,,,,,,,,,,,,,,,,,,,,,,,,,,,,,,,,,,,,,,,,,,,,,0,FIRST_UPWARD_CROSSING,charge_timeseries/cycle-029.csv,,,871029.5275229458,878630.0339566803,SOC_UPPER_BOUND_NOT_REACHED,SOC_UPPER_BOUND_NOT_REACHED,False,False,3,charge-efficiency-v1
30,virtual,20-40,20.0,40.0,20.0,40.0,100.0,NEGATIVE_PARTICLE_LITHIUM_DELTA_OVER_FROZEN_Q_REF_V1,4.8582710061294545,25,20.0,W10_80_PERCENT_DISCHARGE_WINDOW,14.55,3.0000000000000004,2.99489262366034,4.85,99.78776269983223,4.8582710061294545,25,,,,1.0702816987931674,0.04286200539767284,0.07911575555383914,0.9716542012258909,,,,,0.09863431798324185,0.0,,,9.156122103182347e-06,,,9.542564761079453e-06,90.78490292055939,100.00063725428296,-2.5519102829552054e-05,-0.0023843351575876695,0.0023843351575876695,SOC_UPPER_BOUND_NOT_REACHED,902192.6741064651,902521.2005199465,328.5264134814371,0.09161286983222394,0.9786688289609434,91.44030305894933,,,,,,,,,,,,,,,,,,,,,,,,,,,,,1,FIRST_UPWARD_CROSSING,charge_timeseries/cycle-030.csv,,,902192.6741064651,909799.3315345548,SOC_UPPER_BOUND_NOT_REACHED,SOC_UPPER_BOUND_NOT_REACHED,False,False,3,charge-efficiency-v1
30,virtual,40-60,40.0,60.0,40.0,60.0,100.0,NEGATIVE_PARTICLE_LITHIUM_DELTA_OVER_FROZEN_Q_REF_V1,4.8582710061294545,25,20.0,W10_80_PERCENT_DISCHARGE_WINDOW,14.55,3.0000000000000004,2.99489262366034,4.85,99.78776269983223,4.8582710061294545,25,,,,0.9639857268694658,0.07911575555383914,0.11536950571000544,0.9716542012258911,,,,,-0.007721199598760373,0.007721199598760373,,,1.3327213815870001e-05,,,1.9002610101348516e-05,100.79549666998997,99.99453049553894,2.039541841791781e-05,0.0021157386307110305,0.0021157386307110305,SOC_UPPER_BOUND_NOT_REACHED,902521.2005199465,902851.932724322,330.73220437546286,0.0,0.9639857268694658,100.0,,,,,,,,,,,,,,,,,,,,,,,,,,,,,1,FIRST_UPWARD_CROSSING,charge_timeseries/cycle-030.csv,,,902192.6741064651,909799.3315345548,SOC_UPPER_BOUND_NOT_REACHED,SOC_UPPER_BOUND_NOT_REACHED,False,False,3,charge-efficiency-v1
30,virtual,60-80,60.0,80.0,60.0,80.0,100.0,NEGATIVE_PARTICLE_LITHIUM_DELTA_OVER_FROZEN_Q_REF_V1,4.8582710061294545,25,20.0,W10_80_PERCENT_DISCHARGE_WINDOW,14.55,3.0000000000000004,2.99489262366034,4.85,99.78776269983223,4.8582710061294545,25,,,,0.8956296294714369,0.11536950571000544,0.15162325586617176,0.9716542012258915,,,,,-0.07608929739733564,0.07608929739733564,,,4.2731061271407064e-05,,,6.851630494092778e-05,108.48839400269966,99.9927731686457,-4.6521723331416354e-05,-0.005194303739021177,0.005194303739021177,SOC_UPPER_BOUND_NOT_REACHED,902851.932724322,905806.4382581112,2954.5055337892477,0.22403618192452768,0.6715934475469092,74.98562189632511,,,,,,,,,,,,,,,,,,,,,,,,,,,,,1,FIRST_UPWARD_CROSSING,charge_timeseries/cycle-030.csv,,,902192.6741064651,909799.3315345548,SOC_UPPER_BOUND_NOT_REACHED,SOC_UPPER_BOUND_NOT_REACHED,False,False,3,charge-efficiency-v1
30,virtual,80-100,80.0,100.0,80.0,,0.0,NEGATIVE_PARTICLE_LITHIUM_DELTA_OVER_FROZEN_Q_REF_V1,4.8582710061294545,25,20.0,W10_80_PERCENT_DISCHARGE_WINDOW,14.55,3.0000000000000004,2.99489262366034,4.85,99.78776269983223,4.8582710061294545,25,,,,,,,,,,,,,,,,,,,,,,,,,,,,,,,,,,,,,,,,,,,,,,,,,,,,,,,,,,,,0,FIRST_UPWARD_CROSSING,charge_timeseries/cycle-030.csv,,,902192.6741064651,909799.3315345548,SOC_UPPER_BOUND_NOT_REACHED,SOC_UPPER_BOUND_NOT_REACHED,False,False,3,charge-efficiency-v1
31,virtual,20-40,20.0,40.0,20.0,40.0,100.0,NEGATIVE_PARTICLE_LITHIUM_DELTA_OVER_FROZEN_Q_REF_V1,4.8582710061294545,25,20.0,W10_80_PERCENT_DISCHARGE_WINDOW,14.55,3.0000000000000004,2.99489262366034,4.85,99.78776269983223,4.8582710061294545,25,,,,1.0706770055184396,0.04285008039443041,0.07910383055059672,0.9716542012258913,,,,,0.09904837904880792,0.0,,,9.095409585604779e-06,,,9.414350718328635e-06,90.75138405119667,100.00238865279891,-4.408451656368051e-05,-0.004117443107161348,0.004117443107161348,SOC_UPPER_BOUND_NOT_REACHED,933361.9717577742,933691.281686273,329.30992849884103,0.0911807221882855,0.979496283330154,91.48382549374595,,,,,,,,,,,,,,,,,,,,,,,,,,,,,1,FIRST_UPWARD_CROSSING,charge_timeseries/cycle-031.csv,,,933361.9717577742,940975.0203367093,SOC_UPPER_BOUND_NOT_REACHED,SOC_UPPER_BOUND_NOT_REACHED,False,False,3,charge-efficiency-v1
31,virtual,40-60,40.0,60.0,40.0,60.0,100.0,NEGATIVE_PARTICLE_LITHIUM_DELTA_OVER_FROZEN_Q_REF_V1,4.8582710061294545,25,20.0,W10_80_PERCENT_DISCHARGE_WINDOW,14.55,3.0000000000000004,2.99489262366034,4.85,99.78776269983223,4.8582710061294545,25,,,,0.9639414916871503,0.07910383055059672,0.11535758070676301,0.9716542012258907,,,,,-0.007813683255299672,0.007813683255299672,,,1.3221770978848364e-05,,,1.872456321448321e-05,100.80012216563489,99.98952491230744,6.902738236580497e-05,0.00716095146449075,0.00716095146449075,SOC_UPPER_BOUND_NOT_REACHED,933691.281686273,934022.7609131658,331.47922689266477,0.0,0.9639414916871503,100.0,,,,,,,,,,,,,,,,,,,,,,,,,,,,,1,FIRST_UPWARD_CROSSING,charge_timeseries/cycle-031.csv,,,933361.9717577742,940975.0203367093,SOC_UPPER_BOUND_NOT_REACHED,SOC_UPPER_BOUND_NOT_REACHED,False,False,3,charge-efficiency-v1
31,virtual,60-80,60.0,80.0,60.0,80.0,100.0,NEGATIVE_PARTICLE_LITHIUM_DELTA_OVER_FROZEN_Q_REF_V1,4.8582710061294545,25,20.0,W10_80_PERCENT_DISCHARGE_WINDOW,14.55,3.0000000000000004,2.99489262366034,4.85,99.78776269983223,4.8582710061294545,25,,,,0.8952893153727752,0.11535758070676301,0.15161133086292927,0.97165420122589,,,,,-0.07643975861789586,0.07643975861789586,,,4.226544634292409e-05,,,6.74531193256625e-05,108.5296322140646,99.99163703134892,-3.484580088741751e-05,-0.003892127415025457,0.003892127415025457,SOC_UPPER_BOUND_NOT_REACHED,934022.7609131658,936982.5485803096,2959.7876671438326,0.22393890912883085,0.6713504062439444,74.98697847906422,,,,,,,,,,,,,,,,,,,,,,,,,,,,,1,FIRST_UPWARD_CROSSING,charge_timeseries/cycle-031.csv,,,933361.9717577742,940975.0203367093,SOC_UPPER_BOUND_NOT_REACHED,SOC_UPPER_BOUND_NOT_REACHED,False,False,3,charge-efficiency-v1
31,virtual,80-100,80.0,100.0,80.0,,0.0,NEGATIVE_PARTICLE_LITHIUM_DELTA_OVER_FROZEN_Q_REF_V1,4.8582710061294545,25,20.0,W10_80_PERCENT_DISCHARGE_WINDOW,14.55,3.0000000000000004,2.99489262366034,4.85,99.78776269983223,4.8582710061294545,25,,,,,,,,,,,,,,,,,,,,,,,,,,,,,,,,,,,,,,,,,,,,,,,,,,,,,,,,,,,,0,FIRST_UPWARD_CROSSING,charge_timeseries/cycle-031.csv,,,933361.9717577742,940975.0203367093,SOC_UPPER_BOUND_NOT_REACHED,SOC_UPPER_BOUND_NOT_REACHED,False,False,3,charge-efficiency-v1
32,virtual,20-40,20.0,40.0,20.0,40.0,100.0,NEGATIVE_PARTICLE_LITHIUM_DELTA_OVER_FROZEN_Q_REF_V1,4.8582710061294545,25,20.0,W10_80_PERCENT_DISCHARGE_WINDOW,14.55,3.0000000000000004,2.99489262366034,4.85,99.78776269983223,4.8582710061294545,25,,,,1.0714683666098117,0.04283834385357903,0.07909209400974532,0.9716542012258907,,,,,0.09982267835519756,0.0,,,9.068561474671541e-06,,,9.297015220743193e-06,90.68435723401346,100.00079451447583,-2.687854797200906e-05,-0.0025085713036078097,0.0025085713036078097,SOC_UPPER_BOUND_NOT_REACHED,964537.6606041038,964867.8973305189,330.2367264150646,0.0907568781160946,0.9807114884937171,91.52967264882913,,,,,,,,,,,,,,,,,,,,,,,,,,,,,1,FIRST_UPWARD_CROSSING,charge_timeseries/cycle-032.csv,,,964537.6606041038,972156.928716604,SOC_UPPER_BOUND_NOT_REACHED,SOC_UPPER_BOUND_NOT_REACHED,False,False,3,charge-efficiency-v1
32,virtual,40-60,40.0,60.0,40.0,60.0,100.0,NEGATIVE_PARTICLE_LITHIUM_DELTA_OVER_FROZEN_Q_REF_V1,4.8582710061294545,25,20.0,W10_80_PERCENT_DISCHARGE_WINDOW,14.55,3.0000000000000004,2.99489262366034,4.85,99.78776269983223,4.8582710061294545,25,,,,0.9637316754999236,0.07909209400974532,0.11534584416591162,0.9716542012258911,,,,,-0.007963865636647333,0.007963865636647333,,,1.3168866067745331e-05,,,1.8462549920311017e-05,100.82206758658813,99.99571043354382,9.708494691729186e-06,0.0010073856591559084,0.0010073856591559084,SOC_UPPER_BOUND_NOT_REACHED,964867.8973305189,965200.167987297,332.27065677813926,0.0,0.9637316754999236,100.0,,,,,,,,,,,,,,,,,,,,,,,,,,,,,1,FIRST_UPWARD_CROSSING,charge_timeseries/cycle-032.csv,,,964537.6606041038,972156.928716604,SOC_UPPER_BOUND_NOT_REACHED,SOC_UPPER_BOUND_NOT_REACHED,False,False,3,charge-efficiency-v1
32,virtual,60-80,60.0,80.0,60.0,80.0,100.0,NEGATIVE_PARTICLE_LITHIUM_DELTA_OVER_FROZEN_Q_REF_V1,4.8582710061294545,25,20.0,W10_80_PERCENT_DISCHARGE_WINDOW,14.55,3.0000000000000004,2.99489262366034,4.85,99.78776269983223,4.8582710061294545,25,,,,0.8946471874625925,0.11534584416591162,0.15159959432207792,0.9716542012258911,,,,,-0.07707926538965508,0.07707926538965508,,,4.192937230750038e-05,,,6.643175173731697e-05,108.60752873785997,99.9919240089983,-3.6109497688396885e-05,-0.004036171822191831,0.004036171822191831,SOC_UPPER_BOUND_NOT_REACHED,965200.167987297,968164.9071639153,2964.739176618329,0.2238506988884213,0.6707964885741712,74.97888530524429,,,,,,,,,,,,,,,,,,,,,,,,,,,,,1,FIRST_UPWARD_CROSSING,charge_timeseries/cycle-032.csv,,,964537.6606041038,972156.928716604,SOC_UPPER_BOUND_NOT_REACHED,SOC_UPPER_BOUND_NOT_REACHED,False,False,3,charge-efficiency-v1
32,virtual,80-100,80.0,100.0,80.0,,0.0,NEGATIVE_PARTICLE_LITHIUM_DELTA_OVER_FROZEN_Q_REF_V1,4.8582710061294545,25,20.0,W10_80_PERCENT_DISCHARGE_WINDOW,14.55,3.0000000000000004,2.99489262366034,4.85,99.78776269983223,4.8582710061294545,25,,,,,,,,,,,,,,,,,,,,,,,,,,,,,,,,,,,,,,,,,,,,,,,,,,,,,,,,,,,,0,FIRST_UPWARD_CROSSING,charge_timeseries/cycle-032.csv,,,964537.6606041038,972156.928716604,SOC_UPPER_BOUND_NOT_REACHED,SOC_UPPER_BOUND_NOT_REACHED,False,False,3,charge-efficiency-v1
33,virtual,20-40,20.0,40.0,20.0,40.0,100.0,NEGATIVE_PARTICLE_LITHIUM_DELTA_OVER_FROZEN_Q_REF_V1,4.8582710061294545,25,20.0,W10_80_PERCENT_DISCHARGE_WINDOW,14.55,3.0000000000000004,2.99489262366034,4.85,99.78776269983223,4.8582710061294545,25,,,,1.0723815706688233,0.042826756321699834,0.07908050647786612,0.9716542012258905,,,,,0.10072535702366293,0.0,,,9.077789125076612e-06,,,9.18762995209127e-06,90.60713348700024,99.99981234111767,-1.6252999807342405e-05,-0.0015155985753471807,0.0015155985753471807,SOC_UPPER_BOUND_NOT_REACHED,995719.5687221792,996050.7982072429,331.2294850637345,0.09034149566505684,0.9820400750037664,91.57562027024461,,,,,,,,,,,,,,,,,,,,,,,,,,,,,1,FIRST_UPWARD_CROSSING,charge_timeseries/cycle-033.csv,,,995719.5687221792,1003345.2535125173,SOC_UPPER_BOUND_NOT_REACHED,SOC_UPPER_BOUND_NOT_REACHED,False,False,3,charge-efficiency-v1
33,virtual,40-60,40.0,60.0,40.0,60.0,100.0,NEGATIVE_PARTICLE_LITHIUM_DELTA_OVER_FROZEN_Q_REF_V1,4.8582710061294545,25,20.0,W10_80_PERCENT_DISCHARGE_WINDOW,14.55,3.0000000000000004,2.99489262366034,4.85,99.78776269983223,4.8582710061294545,25,,,,0.9635838416287054,0.07908050647786612,0.11533425663403242,0.9716542012258911,,,,,-0.008141234293552263,0.008141234293552263,,,1.313754966014713e-05,,,1.8216648688181014e-05,100.83753579590383,99.99264467778468,3.952049801825286e-05,0.004101407299592428,0.004101407299592428,SOC_UPPER_BOUND_NOT_REACHED,996050.7982072429,996383.915962483,333.1177552401829,0.0,0.9635838416287054,100.0,,,,,,,,,,,,,,,,,,,,,,,,,,,,,1,FIRST_UPWARD_CROSSING,charge_timeseries/cycle-033.csv,,,995719.5687221792,1003345.2535125173,SOC_UPPER_BOUND_NOT_REACHED,SOC_UPPER_BOUND_NOT_REACHED,False,False,3,charge-efficiency-v1
33,virtual,60-80,60.0,80.0,60.0,80.0,100.0,NEGATIVE_PARTICLE_LITHIUM_DELTA_OVER_FROZEN_Q_REF_V1,4.8582710061294545,25,20.0,W10_80_PERCENT_DISCHARGE_WINDOW,14.55,3.0000000000000004,2.99489262366034,4.85,99.78776269983223,4.8582710061294545,25,,,,0.8939719460452276,0.11533425663403242,0.1515880067901987,0.9716542012258907,,,,,-0.07781607582905334,0.07781607582905334,,,4.1646441837963136e-05,,,6.545320011281872e-05,108.68956296943271,99.98503077764552,2.6721006439300865e-05,0.0029890206910306114,0.0029890206910306114,SOC_UPPER_BOUND_NOT_REACHED,996383.915962483,999353.6534286542,2969.7374661711124,0.2237654665939122,0.6702064794513154,74.96952028709507,,,,,,,,,,,,,,,,,,,,,,,,,,,,,1,FIRST_UPWARD_CROSSING,charge_timeseries/cycle-033.csv,,,995719.5687221792,1003345.2535125173,SOC_UPPER_BOUND_NOT_REACHED,SOC_UPPER_BOUND_NOT_REACHED,False,False,3,charge-efficiency-v1
33,virtual,80-100,80.0,100.0,80.0,,0.0,NEGATIVE_PARTICLE_LITHIUM_DELTA_OVER_FROZEN_Q_REF_V1,4.8582710061294545,25,20.0,W10_80_PERCENT_DISCHARGE_WINDOW,14.55,3.0000000000000004,2.99489262366034,4.85,99.78776269983223,4.8582710061294545,25,,,,,,,,,,,,,,,,,,,,,,,,,,,,,,,,,,,,,,,,,,,,,,,,,,,,,,,,,,,,0,FIRST_UPWARD_CROSSING,charge_timeseries/cycle-033.csv,,,995719.5687221792,1003345.2535125173,SOC_UPPER_BOUND_NOT_REACHED,SOC_UPPER_BOUND_NOT_REACHED,False,False,3,charge-efficiency-v1
34,virtual,20-40,20.0,40.0,20.0,40.0,100.0,NEGATIVE_PARTICLE_LITHIUM_DELTA_OVER_FROZEN_Q_REF_V1,4.8582710061294545,25,20.0,W10_80_PERCENT_DISCHARGE_WINDOW,14.55,3.0000000000000004,2.99489262366034,4.85,99.78776269983223,4.8582710061294545,25,,,,1.0726786280638052,0.04281531936150191,0.0790690695176682,0.9716542012258909,,,,,0.10102444088921077,0.0,,,9.001046375948889e-06,,,9.074461450892662e-06,90.58204161107746,100.000001309926,-1.8089559123302124e-05,-0.0016863913058428267,0.0016863913058428267,SOC_UPPER_BOUND_NOT_REACHED,1026907.8936480847,1027239.8331365848,331.93948850006836,0.08993420897513456,0.9827444190886707,91.61592236274284,,,,,,,,,,,,,,,,,,,,,,,,,,,,,1,FIRST_UPWARD_CROSSING,charge_timeseries/cycle-034.csv,,,1026907.8936480847,1034539.9124462003,SOC_UPPER_BOUND_NOT_REACHED,SOC_UPPER_BOUND_NOT_REACHED,False,False,3,charge-efficiency-v1
34,virtual,40-60,40.0,60.0,40.0,60.0,100.0,NEGATIVE_PARTICLE_LITHIUM_DELTA_OVER_FROZEN_Q_REF_V1,4.8582710061294545,25,20.0,W10_80_PERCENT_DISCHARGE_WINDOW,14.55,3.0000000000000004,2.99489262366034,4.85,99.78776269983223,4.8582710061294545,25,,,,0.963521734737368,0.0790690695176682,0.1153228196738345,0.9716542012258907,,,,,-0.008212937386858077,0.008212937386858077,,,1.3030509059040393e-05,,,1.797273928296622e-05,100.84403560348738,99.99164825292111,4.9467649993473195e-05,0.0051340460946588656,0.0051340460946588656,SOC_UPPER_BOUND_NOT_REACHED,1027239.8331365848,1027573.6405010507,333.80736446600986,0.0,0.963521734737368,100.0,,,,,,,,,,,,,,,,,,,,,,,,,,,,,1,FIRST_UPWARD_CROSSING,charge_timeseries/cycle-034.csv,,,1026907.8936480847,1034539.9124462003,SOC_UPPER_BOUND_NOT_REACHED,SOC_UPPER_BOUND_NOT_REACHED,False,False,3,charge-efficiency-v1
34,virtual,60-80,60.0,80.0,60.0,80.0,100.0,NEGATIVE_PARTICLE_LITHIUM_DELTA_OVER_FROZEN_Q_REF_V1,4.8582710061294545,25,20.0,W10_80_PERCENT_DISCHARGE_WINDOW,14.55,3.0000000000000004,2.99489262366034,4.85,99.78776269983223,4.8582710061294545,25,,,,0.8936415088867602,0.1153228196738345,0.15157656983000078,0.9716542012258907,,,,,-0.07807560244016032,0.07807560244016032,,,4.120184406073389e-05,,,6.453299134949464e-05,108.72975254208073,99.99296025303164,-4.282473438044221e-05,-0.0047921603858565665,0.0047921603858565665,SOC_UPPER_BOUND_NOT_REACHED,1027573.6405010507,1030548.6247426015,2974.9842415506987,0.22366969618120217,0.6699718127055581,74.97098176875924,,,,,,,,,,,,,,,,,,,,,,,,,,,,,1,FIRST_UPWARD_CROSSING,charge_timeseries/cycle-034.csv,,,1026907.8936480847,1034539.9124462003,SOC_UPPER_BOUND_NOT_REACHED,SOC_UPPER_BOUND_NOT_REACHED,False,False,3,charge-efficiency-v1
34,virtual,80-100,80.0,100.0,80.0,,0.0,NEGATIVE_PARTICLE_LITHIUM_DELTA_OVER_FROZEN_Q_REF_V1,4.8582710061294545,25,20.0,W10_80_PERCENT_DISCHARGE_WINDOW,14.55,3.0000000000000004,2.99489262366034,4.85,99.78776269983223,4.8582710061294545,25,,,,,,,,,,,,,,,,,,,,,,,,,,,,,,,,,,,,,,,,,,,,,,,,,,,,,,,,,,,,0,FIRST_UPWARD_CROSSING,charge_timeseries/cycle-034.csv,,,1026907.8936480847,1034539.9124462003,SOC_UPPER_BOUND_NOT_REACHED,SOC_UPPER_BOUND_NOT_REACHED,False,False,3,charge-efficiency-v1
35,virtual,20-40,20.0,40.0,20.0,40.0,100.0,NEGATIVE_PARTICLE_LITHIUM_DELTA_OVER_FROZEN_Q_REF_V1,4.8582710061294545,25,20.0,W10_80_PERCENT_DISCHARGE_WINDOW,14.55,3.0000000000000004,2.99489262366034,4.85,99.78776269983223,4.8582710061294545,25,,,,1.0735151400998728,0.04280403557112935,0.07905778572729565,0.9716542012258909,,,,,0.10186025983689492,0.0,,,8.987136360859467e-06,,,8.97388856690648e-06,90.51145763398311,99.99993674638935,-1.728198784078927e-05,-0.0016098504059459718,0.0016098504059459718,SOC_UPPER_BOUND_NOT_REACHED,1058102.552708975,1058435.4321724954,332.87946352046765,0.0895345820815807,0.9839805580182921,91.65968147656949,,,,,,,,,,,,,,,,,,,,,,,,,,,,,1,FIRST_UPWARD_CROSSING,charge_timeseries/cycle-035.csv,,,1058102.552708975,1065741.0642365466,SOC_UPPER_BOUND_NOT_REACHED,SOC_UPPER_BOUND_NOT_REACHED,False,False,3,charge-efficiency-v1
35,virtual,40-60,40.0,60.0,40.0,60.0,100.0,NEGATIVE_PARTICLE_LITHIUM_DELTA_OVER_FROZEN_Q_REF_V1,4.8582710061294545,25,20.0,W10_80_PERCENT_DISCHARGE_WINDOW,14.55,3.0000000000000004,2.99489262366034,4.85,99.78776269983223,4.8582710061294545,25,,,,0.9633376905585156,0.07905778572729565,0.11531153588346194,0.9716542012258907,,,,,-0.008377517397979165,0.008377517397979165,,,1.299794825402635e-05,,,1.7745119317211927e-05,100.86330170083488,99.99366715003453,3.0263663032825683e-05,0.0031415425067900828,0.0031415425067900828,SOC_UPPER_BOUND_NOT_REACHED,1058435.4321724954,1058770.0587052125,334.6265327170082,0.0,0.9633376905585156,100.0,,,,,,,,,,,,,,,,,,,,,,,,,,,,,1,FIRST_UPWARD_CROSSING,charge_timeseries/cycle-035.csv,,,1058102.552708975,1065741.0642365466,SOC_UPPER_BOUND_NOT_REACHED,SOC_UPPER_BOUND_NOT_REACHED,False,False,3,charge-efficiency-v1
35,virtual,60-80,60.0,80.0,60.0,80.0,100.0,NEGATIVE_PARTICLE_LITHIUM_DELTA_OVER_FROZEN_Q_REF_V1,4.8582710061294545,25,20.0,W10_80_PERCENT_DISCHARGE_WINDOW,14.55,3.0000000000000004,2.99489262366034,4.85,99.78776269983223,4.8582710061294545,25,,,,0.8929557533213416,0.11531153588346194,0.15156528603962827,0.9716542012258917,,,,,-0.07876049665356342,0.07876049665356342,,,4.093010148665654e-05,,,6.363762243746102e-05,108.81325279688627,99.99305130754996,-4.251897491081014e-05,-0.004761599301271217,0.004761599301271217,SOC_UPPER_BOUND_NOT_REACHED,1058770.0587052125,1061750.061593016,2980.00288780328,0.2235854022486231,0.6693703510727185,74.96120032633208,,,,,,,,,,,,,,,,,,,,,,,,,,,,,1,FIRST_UPWARD_CROSSING,charge_timeseries/cycle-035.csv,,,1058102.552708975,1065741.0642365466,SOC_UPPER_BOUND_NOT_REACHED,SOC_UPPER_BOUND_NOT_REACHED,False,False,3,charge-efficiency-v1
35,virtual,80-100,80.0,100.0,80.0,,0.0,NEGATIVE_PARTICLE_LITHIUM_DELTA_OVER_FROZEN_Q_REF_V1,4.8582710061294545,25,20.0,W10_80_PERCENT_DISCHARGE_WINDOW,14.55,3.0000000000000004,2.99489262366034,4.85,99.78776269983223,4.8582710061294545,25,,,,,,,,,,,,,,,,,,,,,,,,,,,,,,,,,,,,,,,,,,,,,,,,,,,,,,,,,,,,0,FIRST_UPWARD_CROSSING,charge_timeseries/cycle-035.csv,,,1058102.552708975,1065741.0642365466,SOC_UPPER_BOUND_NOT_REACHED,SOC_UPPER_BOUND_NOT_REACHED,False,False,3,charge-efficiency-v1
36,virtual,20-40,20.0,40.0,20.0,40.0,100.0,NEGATIVE_PARTICLE_LITHIUM_DELTA_OVER_FROZEN_Q_REF_V1,4.8582710061294545,25,20.0,W10_80_PERCENT_DISCHARGE_WINDOW,14.55,3.0000000000000004,2.99489262366034,4.85,99.78776269983223,4.8582710061294545,25,,,,1.0715703168956785,0.042792920586237466,0.07904667074240376,0.9716542012258909,,,,,0.09992177224221027,0.0,,,8.753284587060747e-06,,,8.842439839715222e-06,90.67572943236772,100.00052787692357,-2.3252296849518572e-05,-0.0021699273004201994,0.0021699273004201994,SOC_UPPER_BOUND_NOT_REACHED,1089303.7045367921,1089636.4234149181,332.7188781259134,0.08914212490821145,0.982428191987467,91.68116888806189,,,,,,,,,,,,,,,,,,,,,,,,,,,,,1,FIRST_UPWARD_CROSSING,charge_timeseries/cycle-036.csv,,,1089303.7045367921,1096948.191417324,SOC_UPPER_BOUND_NOT_REACHED,SOC_UPPER_BOUND_NOT_REACHED,False,False,3,charge-efficiency-v1
36,virtual,40-60,40.0,60.0,40.0,60.0,100.0,NEGATIVE_PARTICLE_LITHIUM_DELTA_OVER_FROZEN_Q_REF_V1,4.8582710061294545,25,20.0,W10_80_PERCENT_DISCHARGE_WINDOW,14.55,3.0000000000000004,2.99489262366034,4.85,99.78776269983223,4.8582710061294545,25,,,,0.9636569017775012,0.07904667074240376,0.11530042089857005,0.9716542012258907,,,,,-0.008055670935715298,0.008055670935715298,,,1.2607270042137506e-05,,,1.7500374867328305e-05,100.82989074572477,99.99394271060396,2.8263842416165197e-05,0.0029329777396946448,0.0029329777396946448,SOC_UPPER_BOUND_NOT_REACHED,1089636.4234149181,1089971.0285915192,334.6051766011378,0.0,0.9636569017775012,100.0,,,,,,,,,,,,,,,,,,,,,,,,,,,,,1,FIRST_UPWARD_CROSSING,charge_timeseries/cycle-036.csv,,,1089303.7045367921,1096948.191417324,SOC_UPPER_BOUND_NOT_REACHED,SOC_UPPER_BOUND_NOT_REACHED,False,False,3,charge-efficiency-v1
36,virtual,60-80,60.0,80.0,60.0,80.0,100.0,NEGATIVE_PARTICLE_LITHIUM_DELTA_OVER_FROZEN_Q_REF_V1,4.8582710061294545,25,20.0,W10_80_PERCENT_DISCHARGE_WINDOW,14.55,3.0000000000000004,2.99489262366034,4.85,99.78776269983223,4.8582710061294545,25,,,,0.8944649313386314,0.11530042089857005,0.15155417105473634,0.9716542012258907,,,,,-0.07725012426861969,0.07725012426861969,,,3.9880145437898654e-05,,,6.286532762327796e-05,108.62965860179001,99.99319656039849,-4.189109170082972e-05,-0.004683368820076229,0.004683368820076229,SOC_UPPER_BOUND_NOT_REACHED,1089971.0285915192,1092957.0841284185,2986.0555368992905,0.22345339770774678,0.6710115336308846,75.0182047524957,,,,,,,,,,,,,,,,,,,,,,,,,,,,,1,FIRST_UPWARD_CROSSING,charge_timeseries/cycle-036.csv,,,1089303.7045367921,1096948.191417324,SOC_UPPER_BOUND_NOT_REACHED,SOC_UPPER_BOUND_NOT_REACHED,False,False,3,charge-efficiency-v1
36,virtual,80-100,80.0,100.0,80.0,,0.0,NEGATIVE_PARTICLE_LITHIUM_DELTA_OVER_FROZEN_Q_REF_V1,4.8582710061294545,25,20.0,W10_80_PERCENT_DISCHARGE_WINDOW,14.55,3.0000000000000004,2.99489262366034,4.85,99.78776269983223,4.8582710061294545,25,,,,,,,,,,,,,,,,,,,,,,,,,,,,,,,,,,,,,,,,,,,,,,,,,,,,,,,,,,,,0,FIRST_UPWARD_CROSSING,charge_timeseries/cycle-036.csv,,,1089303.7045367921,1096948.191417324,SOC_UPPER_BOUND_NOT_REACHED,SOC_UPPER_BOUND_NOT_REACHED,False,False,3,charge-efficiency-v1
37,virtual,20-40,20.0,40.0,20.0,40.0,100.0,NEGATIVE_PARTICLE_LITHIUM_DELTA_OVER_FROZEN_Q_REF_V1,4.8582710061294545,25,20.0,W10_80_PERCENT_DISCHARGE_WINDOW,14.55,3.0000000000000004,2.99489262366034,4.85,99.78776269983223,4.8582710061294545,25,,,,1.0735736584745632,0.04278199420515547,0.07903574436132177,0.9716542012258909,,,,,0.10196320971395886,0.0,,,8.828417190779973e-06,,,8.76524949746868e-06,90.5065240336197,100.00407540413657,-6.134613197494865e-05,-0.005714198694304323,0.005714198694304323,SOC_UPPER_BOUND_NOT_REACHED,1120510.8317980743,1120844.9303192708,334.09852119655534,0.08875662951007428,0.9848170289644889,91.73259991902295,,,,,,,,,,,,,,,,,,,,,,,,,,,,,1,FIRST_UPWARD_CROSSING,charge_timeseries/cycle-037.csv,,,1120510.8317980743,1128162.3216831242,SOC_UPPER_BOUND_NOT_REACHED,SOC_UPPER_BOUND_NOT_REACHED,False,False,3,charge-efficiency-v1
37,virtual,40-60,40.0,60.0,40.0,60.0,100.0,NEGATIVE_PARTICLE_LITHIUM_DELTA_OVER_FROZEN_Q_REF_V1,4.8582710061294545,25,20.0,W10_80_PERCENT_DISCHARGE_WINDOW,14.55,3.0000000000000004,2.99489262366034,4.85,99.78776269983223,4.8582710061294545,25,,,,0.9632642732516604,0.07903574436132177,0.11528949451748807,0.9716542012258911,,,,,-0.00843158862958926,0.00843158862958926,,,1.274043133206882e-05,,,1.7301602294732266e-05,100.87098921938723,99.99567505444607,1.1618621731823708e-05,0.0012061717697266086,0.0012061717697266086,SOC_UPPER_BOUND_NOT_REACHED,1120844.9303192708,1121180.737698894,335.80737962318096,0.0,0.9632642732516604,100.0,,,,,,,,,,,,,,,,,,,,,,,,,,,,,1,FIRST_UPWARD_CROSSING,charge_timeseries/cycle-037.csv,,,1120510.8317980743,1128162.3216831242,SOC_UPPER_BOUND_NOT_REACHED,SOC_UPPER_BOUND_NOT_REACHED,False,False,3,charge-efficiency-v1
37,virtual,60-80,60.0,80.0,60.0,80.0,100.0,NEGATIVE_PARTICLE_LITHIUM_DELTA_OVER_FROZEN_Q_REF_V1,4.8582710061294545,25,20.0,W10_80_PERCENT_DISCHARGE_WINDOW,14.55,3.0000000000000004,2.99489262366034,4.85,99.78776269983223,4.8582710061294545,25,,,,0.8928347956610985,0.11528949451748807,0.15154324467365435,0.9716542012258904,,,,,-0.07888913998275804,0.07888913998275804,,,3.998350018861747e-05,,,6.200138182462997e-05,108.82799437788826,99.99218954970114,-3.2250464047201e-05,-0.003612142381090914,0.003612142381090914,SOC_UPPER_BOUND_NOT_REACHED,1121180.737698894,1124171.4821001773,2990.7444012833753,0.22339410802183277,0.6694406876392657,74.97923366030768,,,,,,,,,,,,,,,,,,,,,,,,,,,,,1,FIRST_UPWARD_CROSSING,charge_timeseries/cycle-037.csv,,,1120510.8317980743,1128162.3216831242,SOC_UPPER_BOUND_NOT_REACHED,SOC_UPPER_BOUND_NOT_REACHED,False,False,3,charge-efficiency-v1
37,virtual,80-100,80.0,100.0,80.0,,0.0,NEGATIVE_PARTICLE_LITHIUM_DELTA_OVER_FROZEN_Q_REF_V1,4.8582710061294545,25,20.0,W10_80_PERCENT_DISCHARGE_WINDOW,14.55,3.0000000000000004,2.99489262366034,4.85,99.78776269983223,4.8582710061294545,25,,,,,,,,,,,,,,,,,,,,,,,,,,,,,,,,,,,,,,,,,,,,,,,,,,,,,,,,,,,,0,FIRST_UPWARD_CROSSING,charge_timeseries/cycle-037.csv,,,1120510.8317980743,1128162.3216831242,SOC_UPPER_BOUND_NOT_REACHED,SOC_UPPER_BOUND_NOT_REACHED,False,False,3,charge-efficiency-v1
38,virtual,20-40,20.0,40.0,20.0,40.0,100.0,NEGATIVE_PARTICLE_LITHIUM_DELTA_OVER_FROZEN_Q_REF_V1,4.8582710061294545,25,20.0,W10_80_PERCENT_DISCHARGE_WINDOW,14.55,3.0000000000000004,2.99489262366034,4.85,99.78776269983223,4.8582710061294545,25,,,,1.076296919022634,0.04277121536868034,0.07902496552484664,0.9716542012258911,,,,,0.10465120249302903,0.0,,,9.065691820854885e-06,,,8.703667690887484e-06,90.27752324221396,100.00078832301163,-2.6254055797814146e-05,-0.002439294894726168,0.002439294894726168,SOC_UPPER_BOUND_NOT_REACHED,1151724.9621937263,1152060.838676409,335.87648268277377,0.08837781077150815,0.9879191082511258,91.78871469298988,,,,,,,,,,,,,,,,,,,,,,,,,,,,,1,FIRST_UPWARD_CROSSING,charge_timeseries/cycle-038.csv,,,1151724.9621937263,1159383.2795782716,SOC_UPPER_BOUND_NOT_REACHED,SOC_UPPER_BOUND_NOT_REACHED,False,False,3,charge-efficiency-v1
38,virtual,40-60,40.0,60.0,40.0,60.0,100.0,NEGATIVE_PARTICLE_LITHIUM_DELTA_OVER_FROZEN_Q_REF_V1,4.8582710061294545,25,20.0,W10_80_PERCENT_DISCHARGE_WINDOW,14.55,3.0000000000000004,2.99489262366034,4.85,99.78776269983223,4.8582710061294545,25,,,,0.962808786851009,0.07902496552484664,0.11527871568101292,0.9716542012258904,,,,,-0.008929257172376762,0.008929257172376762,,,1.2952589228790862e-05,,,1.712620232015641e-05,100.91870935285203,99.99129185372627,5.376400594636621e-05,0.005584079277278759,0.005584079277278759,SOC_UPPER_BOUND_NOT_REACHED,1152060.838676409,1152397.9558762999,337.1171998908724,0.0,0.962808786851009,100.0,,,,,,,,,,,,,,,,,,,,,,,,,,,,,1,FIRST_UPWARD_CROSSING,charge_timeseries/cycle-038.csv,,,1151724.9621937263,1159383.2795782716,SOC_UPPER_BOUND_NOT_REACHED,SOC_UPPER_BOUND_NOT_REACHED,False,False,3,charge-efficiency-v1
38,virtual,60-80,60.0,80.0,60.0,80.0,100.0,NEGATIVE_PARTICLE_LITHIUM_DELTA_OVER_FROZEN_Q_REF_V1,4.8582710061294545,25,20.0,W10_80_PERCENT_DISCHARGE_WINDOW,14.55,3.0000000000000004,2.99489262366034,4.85,99.78776269983223,4.8582710061294545,25,,,,0.8906832698525874,0.11527871568101292,0.15153246583717922,0.9716542012258911,,,,,-0.08103100645414567,0.08103100645414567,,,4.026390604726371e-05,,,6.116403908327378e-05,109.09087821832613,99.99325516905107,-4.135286428863516e-05,-0.004642824861353831,0.004642824861353831,SOC_UPPER_BOUND_NOT_REACHED,1152397.9558762999,1155392.716688776,2994.760812475964,0.22334754816463828,0.6673357216879491,74.9240211729133,,,,,,,,,,,,,,,,,,,,,,,,,,,,,1,FIRST_UPWARD_CROSSING,charge_timeseries/cycle-038.csv,,,1151724.9621937263,1159383.2795782716,SOC_UPPER_BOUND_NOT_REACHED,SOC_UPPER_BOUND_NOT_REACHED,False,False,3,charge-efficiency-v1
38,virtual,80-100,80.0,100.0,80.0,,0.0,NEGATIVE_PARTICLE_LITHIUM_DELTA_OVER_FROZEN_Q_REF_V1,4.8582710061294545,25,20.0,W10_80_PERCENT_DISCHARGE_WINDOW,14.55,3.0000000000000004,2.99489262366034,4.85,99.78776269983223,4.8582710061294545,25,,,,,,,,,,,,,,,,,,,,,,,,,,,,,,,,,,,,,,,,,,,,,,,,,,,,,,,,,,,,0,FIRST_UPWARD_CROSSING,charge_timeseries/cycle-038.csv,,,1151724.9621937263,1159383.2795782716,SOC_UPPER_BOUND_NOT_REACHED,SOC_UPPER_BOUND_NOT_REACHED,False,False,3,charge-efficiency-v1
39,virtual,20-40,20.0,40.0,20.0,40.0,100.0,NEGATIVE_PARTICLE_LITHIUM_DELTA_OVER_FROZEN_Q_REF_V1,4.8582710061294545,25,20.0,W10_80_PERCENT_DISCHARGE_WINDOW,14.55,3.0000000000000004,2.99489262366034,4.85,99.78776269983223,4.8582710061294545,25,,,,1.0745820494456786,0.04276054882220564,0.07901429897837195,0.9716542012258913,,,,,0.1029422182904146,0.0,,,8.761007671847024e-06,,,8.583664646823197e-06,90.42159244397554,100.00133727067511,-3.1714742945831986e-05,-0.0029513561074458656,0.0029513561074458656,SOC_UPPER_BOUND_NOT_REACHED,1182945.9202949821,1183281.6022217607,335.6819267785756,0.08800538704381848,0.98657666240186,91.81026827228168,,,,,,,,,,,,,,,,,,,,,,,,,,,,,1,FIRST_UPWARD_CROSSING,charge_timeseries/cycle-039.csv,,,1182945.9202949821,1190611.0065983736,SOC_UPPER_BOUND_NOT_REACHED,SOC_UPPER_BOUND_NOT_REACHED,False,False,3,charge-efficiency-v1
39,virtual,40-60,40.0,60.0,40.0,60.0,100.0,NEGATIVE_PARTICLE_LITHIUM_DELTA_OVER_FROZEN_Q_REF_V1,4.8582710061294545,25,20.0,W10_80_PERCENT_DISCHARGE_WINDOW,14.55,3.0000000000000004,2.99489262366034,4.85,99.78776269983223,4.8582710061294545,25,,,,0.9630478865581006,0.07901429897837195,0.11526804913453824,0.9716542012258907,,,,,-0.008641802834260484,0.008641802834260484,,,1.2611347856774681e-05,,,1.6902668074809946e-05,100.89365386580607,99.99631501538337,5.974150538712308e-06,0.0006203378484182872,0.0006203378484182872,SOC_UPPER_BOUND_NOT_REACHED,1183281.6022217607,1183618.8239969516,337.22177519081896,0.0,0.9630478865581006,100.0,,,,,,,,,,,,,,,,,,,,,,,,,,,,,1,FIRST_UPWARD_CROSSING,charge_timeseries/cycle-039.csv,,,1182945.9202949821,1190611.0065983736,SOC_UPPER_BOUND_NOT_REACHED,SOC_UPPER_BOUND_NOT_REACHED,False,False,3,charge-efficiency-v1
39,virtual,60-80,60.0,80.0,60.0,80.0,100.0,NEGATIVE_PARTICLE_LITHIUM_DELTA_OVER_FROZEN_Q_REF_V1,4.8582710061294545,25,20.0,W10_80_PERCENT_DISCHARGE_WINDOW,14.55,3.0000000000000004,2.99489262366034,4.85,99.78776269983223,4.8582710061294545,25,,,,0.8921481284187243,0.11526804913453824,0.15152179929070456,0.9716542012258915,,,,,-0.0797080950376344,0.0797080950376344,,,3.934387581457782e-05,,,6.047060764051079e-05,108.91175694647107,99.9773555282994,0.00010220774701208413,0.011456365121029941,0.011456365121029941,SOC_UPPER_BOUND_NOT_REACHED,1183618.8239969516,1186620.1240144477,3001.3000174960375,0.22322636223813452,0.6689217661805897,74.97877817288155,,,,,,,,,,,,,,,,,,,,,,,,,,,,,1,FIRST_UPWARD_CROSSING,charge_timeseries/cycle-039.csv,,,1182945.9202949821,1190611.0065983736,SOC_UPPER_BOUND_NOT_REACHED,SOC_UPPER_BOUND_NOT_REACHED,False,False,3,charge-efficiency-v1
39,virtual,80-100,80.0,100.0,80.0,,0.0,NEGATIVE_PARTICLE_LITHIUM_DELTA_OVER_FROZEN_Q_REF_V1,4.8582710061294545,25,20.0,W10_80_PERCENT_DISCHARGE_WINDOW,14.55,3.0000000000000004,2.99489262366034,4.85,99.78776269983223,4.8582710061294545,25,,,,,,,,,,,,,,,,,,,,,,,,,,,,,,,,,,,,,,,,,,,,,,,,,,,,,,,,,,,,0,FIRST_UPWARD_CROSSING,charge_timeseries/cycle-039.csv,,,1182945.9202949821,1190611.0065983736,SOC_UPPER_BOUND_NOT_REACHED,SOC_UPPER_BOUND_NOT_REACHED,False,False,3,charge-efficiency-v1
40,virtual,20-40,20.0,40.0,20.0,40.0,100.0,NEGATIVE_PARTICLE_LITHIUM_DELTA_OVER_FROZEN_Q_REF_V1,4.8582710061294545,25,20.0,W10_80_PERCENT_DISCHARGE_WINDOW,14.55,3.0000000000000004,2.99489262366034,4.85,99.78776269983223,4.8582710061294545,25,,,,1.0745521674853789,0.04275005720879265,0.07900380736495895,0.9716542012258909,,,,,0.10290951760287892,0.0,,,8.681715159794198e-06,,,8.491715922476911e-06,90.42410695608335,100.00107499140019,-2.8724774473243286e-05,-0.002673185662122275,0.002673185662122275,SOC_UPPER_BOUND_NOT_REACHED,1214173.6474320246,1214509.8984714875,336.25103946280905,0.08763906367323272,0.9869131038121461,91.84413132046238,,,,,,,,,,,,,,,,,,,,,,,,,,,,,1,FIRST_UPWARD_CROSSING,charge_timeseries/cycle-040.csv,,,1214173.6474320246,1221845.2501695075,SOC_UPPER_BOUND_NOT_REACHED,SOC_UPPER_BOUND_NOT_REACHED,False,False,3,charge-efficiency-v1
40,virtual,40-60,40.0,60.0,40.0,60.0,100.0,NEGATIVE_PARTICLE_LITHIUM_DELTA_OVER_FROZEN_Q_REF_V1,4.8582710061294545,25,20.0,W10_80_PERCENT_DISCHARGE_WINDOW,14.55,3.0000000000000004,2.99489262366034,4.85,99.78776269983223,4.8582710061294545,25,,,,0.9630520910860195,0.07900380736495895,0.11525755752112524,0.9716542012258907,,,,,-0.008655263201922447,0.008655263201922447,,,1.2486638871720204e-05,,,1.670919357304318e-05,100.89321338061482,99.9944807697794,2.3957229606463848e-05,0.002487635905493714,0.002487635905493714,SOC_UPPER_BOUND_NOT_REACHED,1214509.8984714875,1214847.6813174589,337.7828459714536,0.0,0.9630520910860195,100.0,,,,,,,,,,,,,,,,,,,,,,,,,,,,,1,FIRST_UPWARD_CROSSING,charge_timeseries/cycle-040.csv,,,1214173.6474320246,1221845.2501695075,SOC_UPPER_BOUND_NOT_REACHED,SOC_UPPER_BOUND_NOT_REACHED,False,False,3,charge-efficiency-v1
40,virtual,60-80,60.0,80.0,60.0,80.0,100.0,NEGATIVE_PARTICLE_LITHIUM_DELTA_OVER_FROZEN_Q_REF_V1,4.8582710061294545,25,20.0,W10_80_PERCENT_DISCHARGE_WINDOW,14.55,3.0000000000000004,2.99489262366034,4.85,99.78776269983223,4.8582710061294545,25,,,,0.8920268992924174,0.11525755752112524,0.15151130767729157,0.9716542012258917,,,,,-0.07970295801410547,0.07970295801410547,,,3.8898719941339935e-05,,,5.976007597730676e-05,108.92655838031757,99.99151863237631,-2.3002715287545605e-05,-0.0025787019770134793,0.0025787019770134793,SOC_UPPER_BOUND_NOT_REACHED,1214847.6813174589,1217854.1484437098,3006.4671262509905,0.2231357501000898,0.6688911491923276,74.9855357190363,,,,,,,,,,,,,,,,,,,,,,,,,,,,,1,FIRST_UPWARD_CROSSING,charge_timeseries/cycle-040.csv,,,1214173.6474320246,1221845.2501695075,SOC_UPPER_BOUND_NOT_REACHED,SOC_UPPER_BOUND_NOT_REACHED,False,False,3,charge-efficiency-v1
40,virtual,80-100,80.0,100.0,80.0,,0.0,NEGATIVE_PARTICLE_LITHIUM_DELTA_OVER_FROZEN_Q_REF_V1,4.8582710061294545,25,20.0,W10_80_PERCENT_DISCHARGE_WINDOW,14.55,3.0000000000000004,2.99489262366034,4.85,99.78776269983223,4.8582710061294545,25,,,,,,,,,,,,,,,,,,,,,,,,,,,,,,,,,,,,,,,,,,,,,,,,,,,,,,,,,,,,0,FIRST_UPWARD_CROSSING,charge_timeseries/cycle-040.csv,,,1214173.6474320246,1221845.2501695075,SOC_UPPER_BOUND_NOT_REACHED,SOC_UPPER_BOUND_NOT_REACHED,False,False,3,charge-efficiency-v1
41,virtual,20-40,20.0,40.0,20.0,40.0,100.0,NEGATIVE_PARTICLE_LITHIUM_DELTA_OVER_FROZEN_Q_REF_V1,4.8582710061294545,25,20.0,W10_80_PERCENT_DISCHARGE_WINDOW,14.55,3.0000000000000004,2.99489262366034,4.85,99.78776269983223,4.8582710061294545,25,,,,1.0749182502745986,0.04273973251092365,0.07899348266708994,0.9716542012258907,,,,,0.10327415699023348,0.0,,,8.638187911027932e-06,,,8.408141717493323e-06,90.39331139625473,100.00094034514001,-2.7154271154072873e-05,-0.0025261708178399653,0.0025261708178399653,SOC_UPPER_BOUND_NOT_REACHED,1245407.8910143415,1245744.8699444802,336.9789301387541,0.08727860049874991,0.9876396497758487,91.88044295680591,,,,,,,,,,,,,,,,,,,,,,,,,,,,,1,FIRST_UPWARD_CROSSING,charge_timeseries/cycle-041.csv,,,1245407.8910143415,1253086.350463518,SOC_UPPER_BOUND_NOT_REACHED,SOC_UPPER_BOUND_NOT_REACHED,False,False,3,charge-efficiency-v1
41,virtual,40-60,40.0,60.0,40.0,60.0,100.0,NEGATIVE_PARTICLE_LITHIUM_DELTA_OVER_FROZEN_Q_REF_V1,4.8582710061294545,25,20.0,W10_80_PERCENT_DISCHARGE_WINDOW,14.55,3.0000000000000004,2.99489262366034,4.85,99.78776269983223,4.8582710061294545,25,,,,0.9629743192666392,0.07899348266708994,0.11524723282325625,0.9716542012258911,,,,,-0.008738500590948037,0.008738500590948037,,,1.241539968882717e-05,,,1.6526469134126726e-05,100.90136172747184,99.99391275234206,2.9676762873243057e-05,0.0030817813392826124,0.0030817813392826124,SOC_UPPER_BOUND_NOT_REACHED,1245744.8699444802,1246083.3294728843,338.45952840410087,0.0,0.9629743192666392,100.0,,,,,,,,,,,,,,,,,,,,,,,,,,,,,1,FIRST_UPWARD_CROSSING,charge_timeseries/cycle-041.csv,,,1245407.8910143415,1253086.350463518,SOC_UPPER_BOUND_NOT_REACHED,SOC_UPPER_BOUND_NOT_REACHED,False,False,3,charge-efficiency-v1
41,virtual,60-80,60.0,80.0,60.0,80.0,100.0,NEGATIVE_PARTICLE_LITHIUM_DELTA_OVER_FROZEN_Q_REF_V1,4.8582710061294545,25,20.0,W10_80_PERCENT_DISCHARGE_WINDOW,14.55,3.0000000000000004,2.99489262366034,4.85,99.78776269983223,4.8582710061294545,25,,,,0.891720275096129,0.11524723282325625,0.15150098297942255,0.9716542012258911,,,,,-0.08001267854398579,0.08001267854398579,,,3.8576166838083514e-05,,,5.9065574412715816e-05,108.96401353228681,99.99116848450988,-1.8889327027205027e-05,-0.002118301843609951,0.002118301843609951,SOC_UPPER_BOUND_NOT_REACHED,1246083.3294728843,1249095.0180271277,3011.688554243251,0.22305484660156574,0.6686654284945632,74.98600706622713,,,,,,,,,,,,,,,,,,,,,,,,,,,,,1,FIRST_UPWARD_CROSSING,charge_timeseries/cycle-041.csv,,,1245407.8910143415,1253086.350463518,SOC_UPPER_BOUND_NOT_REACHED,SOC_UPPER_BOUND_NOT_REACHED,False,False,3,charge-efficiency-v1
41,virtual,80-100,80.0,100.0,80.0,,0.0,NEGATIVE_PARTICLE_LITHIUM_DELTA_OVER_FROZEN_Q_REF_V1,4.8582710061294545,25,20.0,W10_80_PERCENT_DISCHARGE_WINDOW,14.55,3.0000000000000004,2.99489262366034,4.85,99.78776269983223,4.8582710061294545,25,,,,,,,,,,,,,,,,,,,,,,,,,,,,,,,,,,,,,,,,,,,,,,,,,,,,,,,,,,,,0,FIRST_UPWARD_CROSSING,charge_timeseries/cycle-041.csv,,,1245407.8910143415,1253086.350463518,SOC_UPPER_BOUND_NOT_REACHED,SOC_UPPER_BOUND_NOT_REACHED,False,False,3,charge-efficiency-v1
42,virtual,20-40,20.0,40.0,20.0,40.0,100.0,NEGATIVE_PARTICLE_LITHIUM_DELTA_OVER_FROZEN_Q_REF_V1,4.8582710061294545,25,20.0,W10_80_PERCENT_DISCHARGE_WINDOW,14.55,3.0000000000000004,2.99489262366034,4.85,99.78776269983223,4.8582710061294545,25,,,,0.9886442033935381,0.04272953889289216,0.07898328904905845,0.9716542012258907,,,,,0.016985823278112638,0.0,,,5.1164714518874e-06,,,7.350304003821834e-06,98.2814846727135,99.99957731107709,-8.287885920887916e-06,-0.0008383082500701067,0.0008383082500701067,SOC_UPPER_BOUND_NOT_REACHED,1276648.991350497,1276957.4226506199,308.43130012301884,0.0869238275939165,0.9017203757996216,91.20777451629728,,,,,,,,,,,,,,,,,,,,,,,,,,,,,1,FIRST_UPWARD_CROSSING,charge_timeseries/cycle-042.csv,,,1276648.991350497,1284324.6962467798,SOC_UPPER_BOUND_NOT_REACHED,SOC_UPPER_BOUND_NOT_REACHED,False,False,3,charge-efficiency-v1
42,virtual,40-60,40.0,60.0,40.0,60.0,100.0,NEGATIVE_PARTICLE_LITHIUM_DELTA_OVER_FROZEN_Q_REF_V1,4.8582710061294545,25,20.0,W10_80_PERCENT_DISCHARGE_WINDOW,14.55,3.0000000000000004,2.99489262366034,4.85,99.78776269983223,4.8582710061294545,25,,,,0.9763600394856262,0.07898328904905845,0.11523703920522475,0.9716542012258911,,,,,0.004675075532136648,0.0,,,2.3333988934098188e-06,,,1.5619015070710007e-05,99.5180222387825,99.99684924348044,1.2810313634314952e-05,0.001312048129403553,0.001312048129403553,SOC_UPPER_BOUND_NOT_REACHED,1276957.4226506199,1277270.633879159,313.2112285392065,0.0,0.9763600394856262,100.0,,,,,,,,,,,,,,,,,,,,,,,,,,,,,1,FIRST_UPWARD_CROSSING,charge_timeseries/cycle-042.csv,,,1276648.991350497,1284324.6962467798,SOC_UPPER_BOUND_NOT_REACHED,SOC_UPPER_BOUND_NOT_REACHED,False,False,3,charge-efficiency-v1
42,virtual,60-80,60.0,80.0,60.0,80.0,100.0,NEGATIVE_PARTICLE_LITHIUM_DELTA_OVER_FROZEN_Q_REF_V1,4.8582710061294545,25,20.0,W10_80_PERCENT_DISCHARGE_WINDOW,14.55,3.0000000000000004,2.99489262366034,4.85,99.78776269983223,4.8582710061294545,25,,,,0.9617771565799655,0.11523703920522475,0.15149078936139104,0.9716542012258907,,,,,-0.010024457094822881,0.010024457094822881,,,1.4014572428720437e-05,,,6.10772553494357e-05,101.0269577082749,99.984672910155,7.232062111961479e-05,0.007519477939857038,0.007519477939857038,SOC_UPPER_BOUND_NOT_REACHED,1277270.633879159,1280323.1442007907,3052.5103216314756,0.2213944677542599,0.7403826888257057,76.98068973258543,,,,,,,,,,,,,,,,,,,,,,,,,,,,,1,FIRST_UPWARD_CROSSING,charge_timeseries/cycle-042.csv,,,1276648.991350497,1284324.6962467798,SOC_UPPER_BOUND_NOT_REACHED,SOC_UPPER_BOUND_NOT_REACHED,False,False,3,charge-efficiency-v1
42,virtual,80-100,80.0,100.0,80.0,,0.0,NEGATIVE_PARTICLE_LITHIUM_DELTA_OVER_FROZEN_Q_REF_V1,4.8582710061294545,25,20.0,W10_80_PERCENT_DISCHARGE_WINDOW,14.55,3.0000000000000004,2.99489262366034,4.85,99.78776269983223,4.8582710061294545,25,,,,,,,,,,,,,,,,,,,,,,,,,,,,,,,,,,,,,,,,,,,,,,,,,,,,,,,,,,,,0,FIRST_UPWARD_CROSSING,charge_timeseries/cycle-042.csv,,,1276648.991350497,1284324.6962467798,SOC_UPPER_BOUND_NOT_REACHED,SOC_UPPER_BOUND_NOT_REACHED,False,False,3,charge-efficiency-v1
43,virtual,20-40,20.0,40.0,20.0,40.0,100.0,NEGATIVE_PARTICLE_LITHIUM_DELTA_OVER_FROZEN_Q_REF_V1,4.8582710061294545,25,20.0,W10_80_PERCENT_DISCHARGE_WINDOW,14.55,3.0000000000000004,2.99489262366034,4.85,99.78776269983223,4.8582710061294545,25,,,,1.0766072488757488,0.04272042236830925,0.07897417252447556,0.9716542012258911,,,,,0.10495970256454801,0.0,,,8.643740576665115e-06,,,8.261291225834105e-06,90.25150092947496,100.00061813764464,-2.3559946492612838e-05,-0.002188351092491287,0.002188351092491287,SOC_UPPER_BOUND_NOT_REACHED,1307887.337249274,1308226.151491713,338.8142424392041,0.08657420264660878,0.9900330462291399,91.95860860708356,,,,,,,,,,,,,,,,,,,,,,,,,,,,,1,FIRST_UPWARD_CROSSING,charge_timeseries/cycle-043.csv,,,1307887.337249274,1315579.6690818511,SOC_UPPER_BOUND_NOT_REACHED,SOC_UPPER_BOUND_NOT_REACHED,False,False,3,charge-efficiency-v1
43,virtual,40-60,40.0,60.0,40.0,60.0,100.0,NEGATIVE_PARTICLE_LITHIUM_DELTA_OVER_FROZEN_Q_REF_V1,4.8582710061294545,25,20.0,W10_80_PERCENT_DISCHARGE_WINDOW,14.55,3.0000000000000004,2.99489262366034,4.85,99.78776269983223,4.8582710061294545,25,,,,0.9626233033833844,0.07897417252447556,0.11522792268064184,0.9716542012258907,,,,,-0.009075145617083613,0.009075145617083613,,,1.2396902311808192e-05,,,1.6188855041222167e-05,100.93815491592245,99.99540341747164,1.5662017224249425e-05,0.0016270141361840382,0.0016270141361840382,SOC_UPPER_BOUND_NOT_REACHED,1308226.151491713,1308566.2081970065,340.05670529341694,0.0,0.9626233033833844,100.0,,,,,,,,,,,,,,,,,,,,,,,,,,,,,1,FIRST_UPWARD_CROSSING,charge_timeseries/cycle-043.csv,,,1307887.337249274,1315579.6690818511,SOC_UPPER_BOUND_NOT_REACHED,SOC_UPPER_BOUND_NOT_REACHED,False,False,3,charge-efficiency-v1
43,virtual,60-80,60.0,80.0,60.0,80.0,100.0,NEGATIVE_PARTICLE_LITHIUM_DELTA_OVER_FROZEN_Q_REF_V1,4.8582710061294545,25,20.0,W10_80_PERCENT_DISCHARGE_WINDOW,14.55,3.0000000000000004,2.99489262366034,4.85,99.78776269983223,4.8582710061294545,25,,,,0.8903339288047428,0.11522792268064184,0.15148167283680813,0.9716542012258907,,,,,-0.08138523309984605,0.08138523309984605,,,3.821367755272795e-05,,,5.772097903765372e-05,109.13368229494733,99.9927037848838,-3.0973977892312377e-05,-0.0034789169423088684,0.0034789169423088684,SOC_UPPER_BOUND_NOT_REACHED,1308566.2081970065,1311587.5572705185,3021.349073511942,0.22291208718321895,0.6674218416215238,74.96309193984392,,,,,,,,,,,,,,,,,,,,,,,,,,,,,1,FIRST_UPWARD_CROSSING,charge_timeseries/cycle-043.csv,,,1307887.337249274,1315579.6690818511,SOC_UPPER_BOUND_NOT_REACHED,SOC_UPPER_BOUND_NOT_REACHED,False,False,3,charge-efficiency-v1
43,virtual,80-100,80.0,100.0,80.0,,0.0,NEGATIVE_PARTICLE_LITHIUM_DELTA_OVER_FROZEN_Q_REF_V1,4.8582710061294545,25,20.0,W10_80_PERCENT_DISCHARGE_WINDOW,14.55,3.0000000000000004,2.99489262366034,4.85,99.78776269983223,4.8582710061294545,25,,,,,,,,,,,,,,,,,,,,,,,,,,,,,,,,,,,,,,,,,,,,,,,,,,,,,,,,,,,,0,FIRST_UPWARD_CROSSING,charge_timeseries/cycle-043.csv,,,1307887.337249274,1315579.6690818511,SOC_UPPER_BOUND_NOT_REACHED,SOC_UPPER_BOUND_NOT_REACHED,False,False,3,charge-efficiency-v1
44,virtual,20-40,20.0,40.0,20.0,40.0,100.0,NEGATIVE_PARTICLE_LITHIUM_DELTA_OVER_FROZEN_Q_REF_V1,4.8582710061294545,25,20.0,W10_80_PERCENT_DISCHARGE_WINDOW,14.55,3.0000000000000004,2.99489262366034,4.85,99.78776269983223,4.8582710061294545,25,,,,1.0765277664119022,0.04271082709842206,0.07896457725458836,0.9716542012258909,,,,,0.10487877283870678,0.0,,,8.578461929806443e-06,,,8.181259490151055e-06,90.25816440057483,100.00048374532065,-2.1967374115305915e-05,-0.002040576639144553,0.002040576639144553,SOC_UPPER_BOUND_NOT_REACHED,1339142.3101594958,1339481.6784468344,339.3682873385262,0.08623012731669892,0.9902976390952032,91.98997647741994,,,,,,,,,,,,,,,,,,,,,,,,,,,,,1,FIRST_UPWARD_CROSSING,charge_timeseries/cycle-044.csv,,,1339142.3101594958,1346841.5580966698,SOC_UPPER_BOUND_NOT_REACHED,SOC_UPPER_BOUND_NOT_REACHED,False,False,3,charge-efficiency-v1
44,virtual,40-60,40.0,60.0,40.0,60.0,100.0,NEGATIVE_PARTICLE_LITHIUM_DELTA_OVER_FROZEN_Q_REF_V1,4.8582710061294545,25,20.0,W10_80_PERCENT_DISCHARGE_WINDOW,14.55,3.0000000000000004,2.99489262366034,4.85,99.78776269983223,4.8582710061294545,25,,,,0.9626316563218416,0.07896457725458836,0.11521832741075466,0.9716542012258911,,,,,-0.009080947782219753,0.009080947782219753,,,1.227900938956597e-05,,,1.602096644475956e-05,100.93727905630324,99.9939329983814,3.0102902335960025e-05,0.003127146519467418,0.003127146519467418,SOC_UPPER_BOUND_NOT_REACHED,1339481.6784468344,1339822.2657407299,340.5872938956526,0.0,0.9626316563218416,100.0,,,,,,,,,,,,,,,,,,,,,,,,,,,,,1,FIRST_UPWARD_CROSSING,charge_timeseries/cycle-044.csv,,,1339142.3101594958,1346841.5580966698,SOC_UPPER_BOUND_NOT_REACHED,SOC_UPPER_BOUND_NOT_REACHED,False,False,3,charge-efficiency-v1
44,virtual,60-80,60.0,80.0,60.0,80.0,100.0,NEGATIVE_PARTICLE_LITHIUM_DELTA_OVER_FROZEN_Q_REF_V1,4.8582710061294545,25,20.0,W10_80_PERCENT_DISCHARGE_WINDOW,14.55,3.0000000000000004,2.99489262366034,4.85,99.78776269983223,4.8582710061294545,25,,,,0.8903776066764413,0.11521832741075466,0.15147207756692094,0.9716542012258904,,,,,-0.08134051067559586,0.08134051067559586,,,3.780443605643207e-05,,,5.7109945090207115e-05,109.12832869335455,99.99282145848375,-3.0998254999858865e-05,-0.0034814728905377193,0.0034814728905377193,SOC_UPPER_BOUND_NOT_REACHED,1339822.2657407299,1342849.0047199489,3026.7389792188596,0.22283775689939528,0.667539849777046,74.97266831190943,,,,,,,,,,,,,,,,,,,,,,,,,,,,,1,FIRST_UPWARD_CROSSING,charge_timeseries/cycle-044.csv,,,1339142.3101594958,1346841.5580966698,SOC_UPPER_BOUND_NOT_REACHED,SOC_UPPER_BOUND_NOT_REACHED,False,False,3,charge-efficiency-v1
44,virtual,80-100,80.0,100.0,80.0,,0.0,NEGATIVE_PARTICLE_LITHIUM_DELTA_OVER_FROZEN_Q_REF_V1,4.8582710061294545,25,20.0,W10_80_PERCENT_DISCHARGE_WINDOW,14.55,3.0000000000000004,2.99489262366034,4.85,99.78776269983223,4.8582710061294545,25,,,,,,,,,,,,,,,,,,,,,,,,,,,,,,,,,,,,,,,,,,,,,,,,,,,,,,,,,,,,0,FIRST_UPWARD_CROSSING,charge_timeseries/cycle-044.csv,,,1339142.3101594958,1346841.5580966698,SOC_UPPER_BOUND_NOT_REACHED,SOC_UPPER_BOUND_NOT_REACHED,False,False,3,charge-efficiency-v1
45,virtual,20-40,20.0,40.0,20.0,40.0,100.0,NEGATIVE_PARTICLE_LITHIUM_DELTA_OVER_FROZEN_Q_REF_V1,4.8582710061294545,25,20.0,W10_80_PERCENT_DISCHARGE_WINDOW,14.55,3.0000000000000004,2.99489262366034,4.85,99.78776269983223,4.8582710061294545,25,,,,1.0772432001615675,0.04270099855839317,0.07895474871455947,0.9716542012258911,,,,,0.10560056072772978,0.0,,,8.576561663145403e-06,,,8.113407699017472e-06,90.19822089201028,100.00107327593727,-2.825176141540986e-05,-0.00262259825925776,0.00262259825925776,SOC_UPPER_BOUND_NOT_REACHED,1370404.1992425655,1370744.436296946,340.23705438038223,0.08589113177528751,0.9913520683862799,92.02676500882944,,,,,,,,,,,,,,,,,,,,,,,,,,,,,1,FIRST_UPWARD_CROSSING,charge_timeseries/cycle-045.csv,,,1370404.1992425655,1378110.696899256,SOC_UPPER_BOUND_NOT_REACHED,SOC_UPPER_BOUND_NOT_REACHED,False,False,3,charge-efficiency-v1
45,virtual,40-60,40.0,60.0,40.0,60.0,100.0,NEGATIVE_PARTICLE_LITHIUM_DELTA_OVER_FROZEN_Q_REF_V1,4.8582710061294545,25,20.0,W10_80_PERCENT_DISCHARGE_WINDOW,14.55,3.0000000000000004,2.99489262366034,4.85,99.78776269983223,4.8582710061294545,25,,,,0.9624650009163886,0.07895474871455947,0.11520849887072576,0.9716542012258907,,,,,-0.009228198178207248,0.009228198178207248,,,1.2260711338549744e-05,,,1.5865589871343067e-05,100.95475682759921,99.99594812604427,1.0871567495351897e-05,0.001129554579647134,0.001129554579647134,SOC_UPPER_BOUND_NOT_REACHED,1370744.436296946,1371085.7798784238,341.3435814778222,0.0,0.9624650009163886,100.0,,,,,,,,,,,,,,,,,,,,,,,,,,,,,1,FIRST_UPWARD_CROSSING,charge_timeseries/cycle-045.csv,,,1370404.1992425655,1378110.696899256,SOC_UPPER_BOUND_NOT_REACHED,SOC_UPPER_BOUND_NOT_REACHED,False,False,3,charge-efficiency-v1
45,virtual,60-80,60.0,80.0,60.0,80.0,100.0,NEGATIVE_PARTICLE_LITHIUM_DELTA_OVER_FROZEN_Q_REF_V1,4.8582710061294545,25,20.0,W10_80_PERCENT_DISCHARGE_WINDOW,14.55,3.0000000000000004,2.99489262366034,4.85,99.78776269983223,4.8582710061294545,25,,,,0.889880125035067,0.11520849887072576,0.15146224902689207,0.9716542012258911,,,,,-0.08193206316155796,0.08193206316155796,,,3.761493930126876e-05,,,5.650003593524883e-05,109.18933616902633,99.98224626370572,6.387199549728884e-05,0.007177595464869144,0.007177595464869144,SOC_UPPER_BOUND_NOT_REACHED,1371085.7798784238,1374117.72957453,3031.9496961061113,0.2227676696654526,0.6671124553696144,74.96655297738288,,,,,,,,,,,,,,,,,,,,,,,,,,,,,1,FIRST_UPWARD_CROSSING,charge_timeseries/cycle-045.csv,,,1370404.1992425655,1378110.696899256,SOC_UPPER_BOUND_NOT_REACHED,SOC_UPPER_BOUND_NOT_REACHED,False,False,3,charge-efficiency-v1
45,virtual,80-100,80.0,100.0,80.0,,0.0,NEGATIVE_PARTICLE_LITHIUM_DELTA_OVER_FROZEN_Q_REF_V1,4.8582710061294545,25,20.0,W10_80_PERCENT_DISCHARGE_WINDOW,14.55,3.0000000000000004,2.99489262366034,4.85,99.78776269983223,4.8582710061294545,25,,,,,,,,,,,,,,,,,,,,,,,,,,,,,,,,,,,,,,,,,,,,,,,,,,,,,,,,,,,,0,FIRST_UPWARD_CROSSING,charge_timeseries/cycle-045.csv,,,1370404.1992425655,1378110.696899256,SOC_UPPER_BOUND_NOT_REACHED,SOC_UPPER_BOUND_NOT_REACHED,False,False,3,charge-efficiency-v1
46,virtual,20-40,20.0,40.0,20.0,40.0,100.0,NEGATIVE_PARTICLE_LITHIUM_DELTA_OVER_FROZEN_Q_REF_V1,4.8582710061294545,25,20.0,W10_80_PERCENT_DISCHARGE_WINDOW,14.55,3.0000000000000004,2.99489262366034,4.85,99.78776269983223,4.8582710061294545,25,,,,1.0771805779021841,0.04269126969267835,0.07894501984884464,0.9716542012258907,,,,,0.10554594701586742,0.0,,,8.505569179089074e-06,,,8.038637853757802e-06,90.20346459626977,100.00181681140336,-3.611454660701341e-05,-0.0033526919578652924,0.0033526919578652924,SOC_UPPER_BOUND_NOT_REACHED,1401673.3380716196,1402014.1138414715,340.77576985178115,0.08555695576416222,0.9916236221380219,92.0573246938053,,,,,,,,,,,,,,,,,,,,,,,,,,,,,1,FIRST_UPWARD_CROSSING,charge_timeseries/cycle-046.csv,,,1401673.3380716196,1409386.801982155,SOC_UPPER_BOUND_NOT_REACHED,SOC_UPPER_BOUND_NOT_REACHED,False,False,3,charge-efficiency-v1
46,virtual,40-60,40.0,60.0,40.0,60.0,100.0,NEGATIVE_PARTICLE_LITHIUM_DELTA_OVER_FROZEN_Q_REF_V1,4.8582710061294545,25,20.0,W10_80_PERCENT_DISCHARGE_WINDOW,14.55,3.0000000000000004,2.99489262366034,4.85,99.78776269983223,4.8582710061294545,25,,,,0.9624854875555138,0.07894501984884464,0.11519877000501094,0.9716542012258911,,,,,-0.009238326513698145,0.009238326513698145,,,1.2152605866727097e-05,,,1.5708178447683407e-05,100.95260799138528,99.99276738774549,4.1752059006472386e-05,0.004337941667308956,0.004337941667308956,SOC_UPPER_BOUND_NOT_REACHED,1402014.1138414715,1402356.0081647509,341.89432327949595,0.0,0.9624854875555138,100.0,,,,,,,,,,,,,,,,,,,,,,,,,,,,,1,FIRST_UPWARD_CROSSING,charge_timeseries/cycle-046.csv,,,1401673.3380716196,1409386.801982155,SOC_UPPER_BOUND_NOT_REACHED,SOC_UPPER_BOUND_NOT_REACHED,False,False,3,charge-efficiency-v1
46,virtual,60-80,60.0,80.0,60.0,80.0,100.0,NEGATIVE_PARTICLE_LITHIUM_DELTA_OVER_FROZEN_Q_REF_V1,4.8582710061294545,25,20.0,W10_80_PERCENT_DISCHARGE_WINDOW,14.55,3.0000000000000004,2.99489262366034,4.85,99.78776269983223,4.8582710061294545,25,,,,0.8898535370002718,0.11519877000501094,0.15145252016117725,0.9716542012258911,,,,,-0.08190796388296724,0.08190796388296724,,,3.723371943844308e-05,,,5.592638117846854e-05,109.1925986495904,99.98794187437747,1.4139556731129765e-05,0.0015889757295110291,0.0015889757295110291,SOC_UPPER_BOUND_NOT_REACHED,1402356.0081647509,1405393.2664231893,3037.258258438326,0.22268683612167878,0.667166700878593,74.9748889157238,,,,,,,,,,,,,,,,,,,,,,,,,,,,,1,FIRST_UPWARD_CROSSING,charge_timeseries/cycle-046.csv,,,1401673.3380716196,1409386.801982155,SOC_UPPER_BOUND_NOT_REACHED,SOC_UPPER_BOUND_NOT_REACHED,False,False,3,charge-efficiency-v1
46,virtual,80-100,80.0,100.0,80.0,,0.0,NEGATIVE_PARTICLE_LITHIUM_DELTA_OVER_FROZEN_Q_REF_V1,4.8582710061294545,25,20.0,W10_80_PERCENT_DISCHARGE_WINDOW,14.55,3.0000000000000004,2.99489262366034,4.85,99.78776269983223,4.8582710061294545,25,,,,,,,,,,,,,,,,,,,,,,,,,,,,,,,,,,,,,,,,,,,,,,,,,,,,,,,,,,,,0,FIRST_UPWARD_CROSSING,charge_timeseries/cycle-046.csv,,,1401673.3380716196,1409386.801982155,SOC_UPPER_BOUND_NOT_REACHED,SOC_UPPER_BOUND_NOT_REACHED,False,False,3,charge-efficiency-v1
47,virtual,20-40,20.0,40.0,20.0,40.0,100.0,NEGATIVE_PARTICLE_LITHIUM_DELTA_OVER_FROZEN_Q_REF_V1,4.8582710061294545,25,20.0,W10_80_PERCENT_DISCHARGE_WINDOW,14.55,3.0000000000000004,2.99489262366034,4.85,99.78776269983223,4.8582710061294545,25,,,,1.0782583172987819,0.04268166349222051,0.07893541364838681,0.9716542012258911,,,,,0.10661986827299512,0.0,,,8.540880602128133e-06,,,7.979788259386555e-06,90.11330454283423,100.00146089298376,-3.227286896567705e-05,-0.0029930554161201376,0.0029930554161201376,SOC_UPPER_BOUND_NOT_REACHED,1432949.4430505864,1433291.2409452223,341.79789463588986,0.08522759190314504,0.9930307253956369,92.09580946088555,,,,,,,,,,,,,,,,,,,,,,,,,,,,,1,FIRST_UPWARD_CROSSING,charge_timeseries/cycle-047.csv,,,1432949.4430505864,1440670.0932680806,SOC_UPPER_BOUND_NOT_REACHED,SOC_UPPER_BOUND_NOT_REACHED,False,False,3,charge-efficiency-v1
47,virtual,40-60,40.0,60.0,40.0,60.0,100.0,NEGATIVE_PARTICLE_LITHIUM_DELTA_OVER_FROZEN_Q_REF_V1,4.8582710061294545,25,20.0,W10_80_PERCENT_DISCHARGE_WINDOW,14.55,3.0000000000000004,2.99489262366034,4.85,99.78776269983223,4.8582710061294545,25,,,,0.9622382576577553,0.07893541364838681,0.1151891638045531,0.9716542012258907,,,,,-0.009448964411121877,0.009448964411121877,,,1.2179594173936797e-05,,,1.5566203968989112e-05,100.97854595711621,99.99656832985764,5.275044843378041e-06,0.0005482056862110595,0.0005482056862110595,SOC_UPPER_BOUND_NOT_REACHED,1433291.2409452223,1433633.9759816572,342.7350364348231,0.0,0.9622382576577553,100.0,,,,,,,,,,,,,,,,,,,,,,,,,,,,,1,FIRST_UPWARD_CROSSING,charge_timeseries/cycle-047.csv,,,1432949.4430505864,1440670.0932680806,SOC_UPPER_BOUND_NOT_REACHED,SOC_UPPER_BOUND_NOT_REACHED,False,False,3,charge-efficiency-v1
47,virtual,60-80,60.0,80.0,60.0,80.0,100.0,NEGATIVE_PARTICLE_LITHIUM_DELTA_OVER_FROZEN_Q_REF_V1,4.8582710061294545,25,20.0,W10_80_PERCENT_DISCHARGE_WINDOW,14.55,3.0000000000000004,2.99489262366034,4.85,99.78776269983223,4.8582710061294545,25,,,,0.8889330971907723,0.1151891638045531,0.15144291396071938,0.9716542012258904,,,,,-0.08277643282161624,0.08277643282161624,,,3.7148255306520585e-05,,,5.534639014586479e-05,109.30566139302668,99.99377582107438,-3.716585895419122e-05,-0.004180951195499826,0.004180951195499826,SOC_UPPER_BOUND_NOT_REACHED,1433633.9759816572,1436676.0588444201,3042.082862763132,0.22262490398426313,0.6663081932065091,74.95594385136432,,,,,,,,,,,,,,,,,,,,,,,,,,,,,1,FIRST_UPWARD_CROSSING,charge_timeseries/cycle-047.csv,,,1432949.4430505864,1440670.0932680806,SOC_UPPER_BOUND_NOT_REACHED,SOC_UPPER_BOUND_NOT_REACHED,False,False,3,charge-efficiency-v1
47,virtual,80-100,80.0,100.0,80.0,,0.0,NEGATIVE_PARTICLE_LITHIUM_DELTA_OVER_FROZEN_Q_REF_V1,4.8582710061294545,25,20.0,W10_80_PERCENT_DISCHARGE_WINDOW,14.55,3.0000000000000004,2.99489262366034,4.85,99.78776269983223,4.8582710061294545,25,,,,,,,,,,,,,,,,,,,,,,,,,,,,,,,,,,,,,,,,,,,,,,,,,,,,,,,,,,,,0,FIRST_UPWARD_CROSSING,charge_timeseries/cycle-047.csv,,,1432949.4430505864,1440670.0932680806,SOC_UPPER_BOUND_NOT_REACHED,SOC_UPPER_BOUND_NOT_REACHED,False,False,3,charge-efficiency-v1
48,virtual,20-40,20.0,40.0,20.0,40.0,100.0,NEGATIVE_PARTICLE_LITHIUM_DELTA_OVER_FROZEN_Q_REF_V1,4.8582710061294545,25,20.0,W10_80_PERCENT_DISCHARGE_WINDOW,14.55,3.0000000000000004,2.99489262366034,4.85,99.78776269983223,4.8582710061294545,25,,,,1.077613530615517,0.042672157961973836,0.07892590811814013,0.9716542012258907,,,,,0.10599824545139733,0.0,,,8.427372131646765e-06,,,7.903005835994958e-06,90.16722355656542,100.00361131896227,-5.5246439738754205e-05,-0.005126739612038673,0.005126739612038673,SOC_UPPER_BOUND_NOT_REACHED,1464232.7344643935,1464574.8315385845,342.0970741910996,0.08490281170084964,0.9927107189146674,92.12121885177571,,,,,,,,,,,,,,,,,,,,,,,,,,,,,1,FIRST_UPWARD_CROSSING,charge_timeseries/cycle-048.csv,,,1464232.7344643935,1471960.396757638,SOC_UPPER_BOUND_NOT_REACHED,SOC_UPPER_BOUND_NOT_REACHED,False,False,3,charge-efficiency-v1
48,virtual,40-60,40.0,60.0,40.0,60.0,100.0,NEGATIVE_PARTICLE_LITHIUM_DELTA_OVER_FROZEN_Q_REF_V1,4.8582710061294545,25,20.0,W10_80_PERCENT_DISCHARGE_WINDOW,14.55,3.0000000000000004,2.99489262366034,4.85,99.78776269983223,4.8582710061294545,25,,,,0.9623389621497886,0.07892590811814013,0.11517965827430643,0.9716542012258911,,,,,-0.00935556547971704,0.00935556547971704,,,1.200997165332323e-05,,,1.541267994500245e-05,100.96797900142097,99.99580954266628,1.2903752016346637e-05,0.001340873904504571,0.001340873904504571,SOC_UPPER_BOUND_NOT_REACHED,1464574.8315385845,1464917.9358103662,343.10427178168135,0.0,0.9623389621497886,100.0,,,,,,,,,,,,,,,,,,,,,,,,,,,,,1,FIRST_UPWARD_CROSSING,charge_timeseries/cycle-048.csv,,,1464232.7344643935,1471960.396757638,SOC_UPPER_BOUND_NOT_REACHED,SOC_UPPER_BOUND_NOT_REACHED,False,False,3,charge-efficiency-v1
48,virtual,60-80,60.0,80.0,60.0,80.0,100.0,NEGATIVE_PARTICLE_LITHIUM_DELTA_OVER_FROZEN_Q_REF_V1,4.8582710061294545,25,20.0,W10_80_PERCENT_DISCHARGE_WINDOW,14.55,3.0000000000000004,2.99489262366034,4.85,99.78776269983223,4.8582710061294545,25,,,,0.889406350601401,0.11517965827430643,0.1514334084304727,0.9716542012258904,,,,,-0.08230599294694728,0.08230599294694728,,,3.664517663667238e-05,,,5.48238363227635e-05,109.24749981477811,99.99346279432133,-3.332669050148951e-05,-0.0037470713447182585,0.0037470713447182585,SOC_UPPER_BOUND_NOT_REACHED,1464917.9358103662,1467965.6176441482,3047.6818337818904,0.22253812485143423,0.6668682257499668,74.9790267743245,,,,,,,,,,,,,,,,,,,,,,,,,,,,,1,FIRST_UPWARD_CROSSING,charge_timeseries/cycle-048.csv,,,1464232.7344643935,1471960.396757638,SOC_UPPER_BOUND_NOT_REACHED,SOC_UPPER_BOUND_NOT_REACHED,False,False,3,charge-efficiency-v1
48,virtual,80-100,80.0,100.0,80.0,,0.0,NEGATIVE_PARTICLE_LITHIUM_DELTA_OVER_FROZEN_Q_REF_V1,4.8582710061294545,25,20.0,W10_80_PERCENT_DISCHARGE_WINDOW,14.55,3.0000000000000004,2.99489262366034,4.85,99.78776269983223,4.8582710061294545,25,,,,,,,,,,,,,,,,,,,,,,,,,,,,,,,,,,,,,,,,,,,,,,,,,,,,,,,,,,,,0,FIRST_UPWARD_CROSSING,charge_timeseries/cycle-048.csv,,,1464232.7344643935,1471960.396757638,SOC_UPPER_BOUND_NOT_REACHED,SOC_UPPER_BOUND_NOT_REACHED,False,False,3,charge-efficiency-v1
49,virtual,20-40,20.0,40.0,20.0,40.0,100.0,NEGATIVE_PARTICLE_LITHIUM_DELTA_OVER_FROZEN_Q_REF_V1,4.8582710061294545,25,20.0,W10_80_PERCENT_DISCHARGE_WINDOW,14.55,3.0000000000000004,2.99489262366034,4.85,99.78776269983223,4.8582710061294545,25,,,,1.0796417088913415,0.04266277204149795,0.07891652219766424,0.9716542012258905,,,,,0.10800195100415226,0.0,,,8.540556229728533e-06,,,7.858941089559923e-06,89.99783847028837,100.00133778998925,-3.084283602050597e-05,-0.0028567658850617906,0.0028567658850617906,SOC_UPPER_BOUND_NOT_REACHED,1495523.0379848874,1495866.544816339,343.506831451447,0.08458241176120276,0.9950592971301387,92.1656961689579,,,,,,,,,,,,,,,,,,,,,,,,,,,,,1,FIRST_UPWARD_CROSSING,charge_timeseries/cycle-049.csv,,,1495523.0379848874,1503258.4294548277,SOC_UPPER_BOUND_NOT_REACHED,SOC_UPPER_BOUND_NOT_REACHED,False,False,3,charge-efficiency-v1
49,virtual,40-60,40.0,60.0,40.0,60.0,100.0,NEGATIVE_PARTICLE_LITHIUM_DELTA_OVER_FROZEN_Q_REF_V1,4.8582710061294545,25,20.0,W10_80_PERCENT_DISCHARGE_WINDOW,14.55,3.0000000000000004,2.99489262366034,4.85,99.78776269983223,4.8582710061294545,25,,,,0.9620562638691583,0.07891652219766424,0.11517027235383055,0.9716542012258915,,,,,-0.009742756078336273,0.009742756078336273,,,1.21500193893476e-05,,,1.5290303960253937e-05,100.99764823713456,99.98494695923286,0.00011737839825343155,0.012200783120663227,0.012200783120663227,SOC_UPPER_BOUND_NOT_REACHED,1495866.544816339,1496210.8289581246,344.2841417857015,0.0,0.9620562638691583,100.0,,,,,,,,,,,,,,,,,,,,,,,,,,,,,1,FIRST_UPWARD_CROSSING,charge_timeseries/cycle-049.csv,,,1495523.0379848874,1503258.4294548277,SOC_UPPER_BOUND_NOT_REACHED,SOC_UPPER_BOUND_NOT_REACHED,False,False,3,charge-efficiency-v1
49,virtual,60-80,60.0,80.0,60.0,80.0,100.0,NEGATIVE_PARTICLE_LITHIUM_DELTA_OVER_FROZEN_Q_REF_V1,4.8582710061294545,25,20.0,W10_80_PERCENT_DISCHARGE_WINDOW,14.55,3.0000000000000004,2.99489262366034,4.85,99.78776269983223,4.8582710061294545,25,,,,0.8878159289537003,0.11517027235383055,0.15142402250999684,0.9716542012258907,,,,,-0.08390021347949955,0.08390021347949955,,,3.68011015169107e-05,,,5.425390314557632e-05,109.44320433301918,99.99302319261356,-2.9113797353375048e-05,-0.00327926053181834,0.00327926053181834,SOC_UPPER_BOUND_NOT_REACHED,1496210.8289581246,1499263.1681394107,3052.339181286188,0.22249291667719587,0.6653230122765045,74.9392966017848,,,,,,,,,,,,,,,,,,,,,,,,,,,,,1,FIRST_UPWARD_CROSSING,charge_timeseries/cycle-049.csv,,,1495523.0379848874,1503258.4294548277,SOC_UPPER_BOUND_NOT_REACHED,SOC_UPPER_BOUND_NOT_REACHED,False,False,3,charge-efficiency-v1
49,virtual,80-100,80.0,100.0,80.0,,0.0,NEGATIVE_PARTICLE_LITHIUM_DELTA_OVER_FROZEN_Q_REF_V1,4.8582710061294545,25,20.0,W10_80_PERCENT_DISCHARGE_WINDOW,14.55,3.0000000000000004,2.99489262366034,4.85,99.78776269983223,4.8582710061294545,25,,,,,,,,,,,,,,,,,,,,,,,,,,,,,,,,,,,,,,,,,,,,,,,,,,,,,,,,,,,,0,FIRST_UPWARD_CROSSING,charge_timeseries/cycle-049.csv,,,1495523.0379848874,1503258.4294548277,SOC_UPPER_BOUND_NOT_REACHED,SOC_UPPER_BOUND_NOT_REACHED,False,False,3,charge-efficiency-v1
50,virtual,20-40,20.0,40.0,20.0,40.0,100.0,NEGATIVE_PARTICLE_LITHIUM_DELTA_OVER_FROZEN_Q_REF_V1,4.8582710061294545,25,20.0,W10_80_PERCENT_DISCHARGE_WINDOW,14.55,3.0000000000000004,2.99489262366034,4.85,99.78776269983223,4.8582710061294545,25,,,,1.0786592409203997,0.042653452175633856,0.07890720233180015,0.9716542012258909,,,,,0.10701311677533784,0.0,,,8.399020507368453e-06,,,7.781918949449629e-06,90.0798105986462,100.00074880745677,-2.4258020285827797e-05,-0.0022489048779787846,0.0022489048779787846,SOC_UPPER_BOUND_NOT_REACHED,1526821.0708918972,1527164.7206227046,343.6497308073733,0.08426637199088145,0.9943928689295183,92.1878598176215,,,,,,,,,,,,,,,,,,,,,,,,,,,,,1,FIRST_UPWARD_CROSSING,charge_timeseries/cycle-050.csv,,,1526821.0708918972,1534563.2692658769,SOC_UPPER_BOUND_NOT_REACHED,SOC_UPPER_BOUND_NOT_REACHED,False,False,3,charge-efficiency-v1
50,virtual,40-60,40.0,60.0,40.0,60.0,100.0,NEGATIVE_PARTICLE_LITHIUM_DELTA_OVER_FROZEN_Q_REF_V1,4.8582710061294545,25,20.0,W10_80_PERCENT_DISCHARGE_WINDOW,14.55,3.0000000000000004,2.99489262366034,4.85,99.78776269983223,4.8582710061294545,25,,,,0.9621562558470736,0.07890720233180015,0.11516095248796644,0.9716542012258907,,,,,-0.009577962110689855,0.009577962110689855,,,1.1941821385534797e-05,,,1.514204527165025e-05,100.98715206819033,99.99168360322074,5.293286521557139e-05,0.005501483245979602,0.005501483245979602,SOC_UPPER_BOUND_NOT_REACHED,1527164.7206227046,1527509.2087765506,344.4881538460463,0.0,0.9621562558470736,100.0,,,,,,,,,,,,,,,,,,,,,,,,,,,,,1,FIRST_UPWARD_CROSSING,charge_timeseries/cycle-050.csv,,,1526821.0708918972,1534563.2692658769,SOC_UPPER_BOUND_NOT_REACHED,SOC_UPPER_BOUND_NOT_REACHED,False,False,3,charge-efficiency-v1
50,virtual,60-80,60.0,80.0,60.0,80.0,100.0,NEGATIVE_PARTICLE_LITHIUM_DELTA_OVER_FROZEN_Q_REF_V1,4.8582710061294545,25,20.0,W10_80_PERCENT_DISCHARGE_WINDOW,14.55,3.0000000000000004,2.99489262366034,4.85,99.78776269983223,4.8582710061294545,25,,,,0.8885797360612611,0.11516095248796644,0.15141470264413273,0.9716542012258907,,,,,-0.08314393031397754,0.08314393031397754,,,3.622769772032228e-05,,,5.377533048437494e-05,109.34912892937075,99.99218245177909,-2.05378788568078e-05,-0.00231131523973802,0.00231131523973802,SOC_UPPER_BOUND_NOT_REACHED,1527509.2087765506,1530567.1575383006,3057.948761749971,0.22240289166005472,0.6661768444012063,74.97096966830654,,,,,,,,,,,,,,,,,,,,,,,,,,,,,1,FIRST_UPWARD_CROSSING,charge_timeseries/cycle-050.csv,,,1526821.0708918972,1534563.2692658769,SOC_UPPER_BOUND_NOT_REACHED,SOC_UPPER_BOUND_NOT_REACHED,False,False,3,charge-efficiency-v1
50,virtual,80-100,80.0,100.0,80.0,,0.0,NEGATIVE_PARTICLE_LITHIUM_DELTA_OVER_FROZEN_Q_REF_V1,4.8582710061294545,25,20.0,W10_80_PERCENT_DISCHARGE_WINDOW,14.55,3.0000000000000004,2.99489262366034,4.85,99.78776269983223,4.8582710061294545,25,,,,,,,,,,,,,,,,,,,,,,,,,,,,,,,,,,,,,,,,,,,,,,,,,,,,,,,,,,,,0,FIRST_UPWARD_CROSSING,charge_timeseries/cycle-050.csv,,,1526821.0708918972,1534563.2692658769,SOC_UPPER_BOUND_NOT_REACHED,SOC_UPPER_BOUND_NOT_REACHED,False,False,3,charge-efficiency-v1
51,virtual,20-40,20.0,40.0,20.0,40.0,100.0,NEGATIVE_PARTICLE_LITHIUM_DELTA_OVER_FROZEN_Q_REF_V1,4.8582710061294545,25,20.0,W10_80_PERCENT_DISCHARGE_WINDOW,14.55,3.0000000000000004,2.99489262366034,4.85,99.78776269983223,4.8582710061294545,25,,,,1.078962679922075,0.042644243138847585,0.07889799329501387,0.9716542012258907,,,,,0.10734487255429327,0.0,,,8.369368344282417e-06,,,7.722339789996424e-06,90.05447725921952,100.00337304142082,-5.2485566243376525e-05,-0.004864446863645658,0.004864446863645658,SOC_UPPER_BOUND_NOT_REACHED,1558125.9107976735,1558470.2504905798,344.33969290635395,0.08395443683836498,0.9950082430837102,92.21896749529574,,,,,,,,,,,,,,,,,,,,,,,,,,,,,1,FIRST_UPWARD_CROSSING,charge_timeseries/cycle-051.csv,,,1558125.9107976735,1565875.3772531978,SOC_UPPER_BOUND_NOT_REACHED,SOC_UPPER_BOUND_NOT_REACHED,False,False,3,charge-efficiency-v1
51,virtual,40-60,40.0,60.0,40.0,60.0,100.0,NEGATIVE_PARTICLE_LITHIUM_DELTA_OVER_FROZEN_Q_REF_V1,4.8582710061294545,25,20.0,W10_80_PERCENT_DISCHARGE_WINDOW,14.55,3.0000000000000004,2.99489262366034,4.85,99.78776269983223,4.8582710061294545,25,,,,0.9620572691527698,0.07889799329501387,0.11515174345118018,0.9716542012258911,,,,,-0.009655588077586819,0.009655588077586819,,,1.1890371716913838e-05,,,1.5009628827611365e-05,100.9975427015455,99.99390306519723,3.175600392102407e-05,0.003300843404986671,0.003300843404986671,SOC_UPPER_BOUND_NOT_REACHED,1558470.2504905798,1558815.373804706,345.1233141261177,0.0,0.9620572691527698,100.0,,,,,,,,,,,,,,,,,,,,,,,,,,,,,1,FIRST_UPWARD_CROSSING,charge_timeseries/cycle-051.csv,,,1558125.9107976735,1565875.3772531978,SOC_UPPER_BOUND_NOT_REACHED,SOC_UPPER_BOUND_NOT_REACHED,False,False,3,charge-efficiency-v1
51,virtual,60-80,60.0,80.0,60.0,80.0,100.0,NEGATIVE_PARTICLE_LITHIUM_DELTA_OVER_FROZEN_Q_REF_V1,4.8582710061294545,25,20.0,W10_80_PERCENT_DISCHARGE_WINDOW,14.55,3.0000000000000004,2.99489262366034,4.85,99.78776269983223,4.8582710061294545,25,,,,0.8882888034638102,0.11515174345118018,0.15140549360734648,0.9716542012258911,,,,,-0.08342575849721953,0.08342575849721953,,,3.598719137686522e-05,,,5.3277006197116616e-05,109.38494298667328,99.99320482990404,-2.8903462435336813e-05,-0.0032538361760983707,0.0032538361760983707,SOC_UPPER_BOUND_NOT_REACHED,1558815.373804706,1561878.5074541587,3063.133649452804,0.22233482668818652,0.6659539767756237,74.97043463553635,,,,,,,,,,,,,,,,,,,,,,,,,,,,,1,FIRST_UPWARD_CROSSING,charge_timeseries/cycle-051.csv,,,1558125.9107976735,1565875.3772531978,SOC_UPPER_BOUND_NOT_REACHED,SOC_UPPER_BOUND_NOT_REACHED,False,False,3,charge-efficiency-v1
51,virtual,80-100,80.0,100.0,80.0,,0.0,NEGATIVE_PARTICLE_LITHIUM_DELTA_OVER_FROZEN_Q_REF_V1,4.8582710061294545,25,20.0,W10_80_PERCENT_DISCHARGE_WINDOW,14.55,3.0000000000000004,2.99489262366034,4.85,99.78776269983223,4.8582710061294545,25,,,,,,,,,,,,,,,,,,,,,,,,,,,,,,,,,,,,,,,,,,,,,,,,,,,,,,,,,,,,0,FIRST_UPWARD_CROSSING,charge_timeseries/cycle-051.csv,,,1558125.9107976735,1565875.3772531978,SOC_UPPER_BOUND_NOT_REACHED,SOC_UPPER_BOUND_NOT_REACHED,False,False,3,charge-efficiency-v1
52,virtual,20-40,20.0,40.0,20.0,40.0,100.0,NEGATIVE_PARTICLE_LITHIUM_DELTA_OVER_FROZEN_Q_REF_V1,4.8582710061294545,25,20.0,W10_80_PERCENT_DISCHARGE_WINDOW,14.55,3.0000000000000004,2.99489262366034,4.85,99.78776269983223,4.8582710061294545,25,,,,1.0795681074524435,0.042635131467464796,0.0788888816236311,0.9716542012258911,,,,,0.10793164428819203,0.0,,,8.361174807207904e-06,,,7.667407585613961e-06,90.00397422991618,100.00164307017938,-3.376664403242913e-05,-0.0031277919196882717,0.0031277919196882717,SOC_UPPER_BOUND_NOT_REACHED,1589438.0189959882,1589783.1619613739,345.14296538557403,0.08364654581669431,0.9959215616357492,92.25185097269288,,,,,,,,,,,,,,,,,,,,,,,,,,,,,1,FIRST_UPWARD_CROSSING,charge_timeseries/cycle-052.csv,,,1589438.0189959882,1597194.818455074,SOC_UPPER_BOUND_NOT_REACHED,SOC_UPPER_BOUND_NOT_REACHED,False,False,3,charge-efficiency-v1
52,virtual,40-60,40.0,60.0,40.0,60.0,100.0,NEGATIVE_PARTICLE_LITHIUM_DELTA_OVER_FROZEN_Q_REF_V1,4.8582710061294545,25,20.0,W10_80_PERCENT_DISCHARGE_WINDOW,14.55,3.0000000000000004,2.99489262366034,4.85,99.78776269983223,4.8582710061294545,25,,,,0.9619165982613168,0.0788888816236311,0.11514263177979739,0.9716542012258907,,,,,-0.009780058892696342,0.009780058892696342,,,1.1869493585885127e-05,,,1.488419961953591e-05,101.01231260404226,99.99558631920905,1.570223491687006e-05,0.0016323904738988972,0.0016323904738988972,SOC_UPPER_BOUND_NOT_REACHED,1589783.1619613739,1590128.986682723,345.8247213493389,0.0,0.9619165982613168,100.0,,,,,,,,,,,,,,,,,,,,,,,,,,,,,1,FIRST_UPWARD_CROSSING,charge_timeseries/cycle-052.csv,,,1589438.0189959882,1597194.818455074,SOC_UPPER_BOUND_NOT_REACHED,SOC_UPPER_BOUND_NOT_REACHED,False,False,3,charge-efficiency-v1
52,virtual,60-80,60.0,80.0,60.0,80.0,100.0,NEGATIVE_PARTICLE_LITHIUM_DELTA_OVER_FROZEN_Q_REF_V1,4.8582710061294545,25,20.0,W10_80_PERCENT_DISCHARGE_WINDOW,14.55,3.0000000000000004,2.99489262366034,4.85,99.78776269983223,4.8582710061294545,25,,,,0.8878000079662172,0.11514263177979739,0.1513963819359637,0.9716542012258911,,,,,-0.08390800703689255,0.08390800703689255,,,3.5814523171366804e-05,,,5.278875231043423e-05,109.4451669866244,99.99393852481013,-3.4789498263188e-05,-0.003918618827553764,0.003918618827553764,SOC_UPPER_BOUND_NOT_REACHED,1590128.986682723,1593197.182860098,3068.1961773748944,0.22227131550807858,0.6655286924581386,74.96380789438601,,,,,,,,,,,,,,,,,,,,,,,,,,,,,1,FIRST_UPWARD_CROSSING,charge_timeseries/cycle-052.csv,,,1589438.0189959882,1597194.818455074,SOC_UPPER_BOUND_NOT_REACHED,SOC_UPPER_BOUND_NOT_REACHED,False,False,3,charge-efficiency-v1
52,virtual,80-100,80.0,100.0,80.0,,0.0,NEGATIVE_PARTICLE_LITHIUM_DELTA_OVER_FROZEN_Q_REF_V1,4.8582710061294545,25,20.0,W10_80_PERCENT_DISCHARGE_WINDOW,14.55,3.0000000000000004,2.99489262366034,4.85,99.78776269983223,4.8582710061294545,25,,,,,,,,,,,,,,,,,,,,,,,,,,,,,,,,,,,,,,,,,,,,,,,,,,,,,,,,,,,,0,FIRST_UPWARD_CROSSING,charge_timeseries/cycle-052.csv,,,1589438.0189959882,1597194.818455074,SOC_UPPER_BOUND_NOT_REACHED,SOC_UPPER_BOUND_NOT_REACHED,False,False,3,charge-efficiency-v1
53,virtual,20-40,20.0,40.0,20.0,40.0,100.0,NEGATIVE_PARTICLE_LITHIUM_DELTA_OVER_FROZEN_Q_REF_V1,4.8582710061294545,25,20.0,W10_80_PERCENT_DISCHARGE_WINDOW,14.55,3.0000000000000004,2.99489262366034,4.85,99.78776269983223,4.8582710061294545,25,,,,1.0812911531446032,0.04262610339839095,0.07887985355455726,0.9716542012258913,,,,,0.10964430536499813,0.0,,,8.433036766772317e-06,,,7.6263604031623355e-06,89.86055221113513,100.00068006163416,-2.3412843455972165e-05,-0.0021652672721757782,0.0021652672721757782,SOC_UPPER_BOUND_NOT_REACHED,1620757.4601772022,1621103.8590033595,346.3988261571138,0.08334250708484567,0.9979486460597576,92.29231582608722,,,,,,,,,,,,,,,,,,,,,,,,,,,,,1,FIRST_UPWARD_CROSSING,charge_timeseries/cycle-053.csv,,,1620757.4601772022,1628522.159775641,SOC_UPPER_BOUND_NOT_REACHED,SOC_UPPER_BOUND_NOT_REACHED,False,False,3,charge-efficiency-v1
53,virtual,40-60,40.0,60.0,40.0,60.0,100.0,NEGATIVE_PARTICLE_LITHIUM_DELTA_OVER_FROZEN_Q_REF_V1,4.8582710061294545,25,20.0,W10_80_PERCENT_DISCHARGE_WINDOW,14.55,3.0000000000000004,2.99489262366034,4.85,99.78776269983223,4.8582710061294545,25,,,,0.9615951446480218,0.07887985355455726,0.11513360371072354,0.9716542012258904,,,,,-0.010114213767306743,0.010114213767306743,,,1.1978325241705258e-05,,,1.4772134984492036e-05,101.04608021721559,99.9942639904387,2.840672921189391e-05,0.0029541256910455586,0.0029541256910455586,SOC_UPPER_BOUND_NOT_REACHED,1621103.8590033595,1621450.7548251762,346.8958218169021,0.0,0.9615951446480218,100.0,,,,,,,,,,,,,,,,,,,,,,,,,,,,,1,FIRST_UPWARD_CROSSING,charge_timeseries/cycle-053.csv,,,1620757.4601772022,1628522.159775641,SOC_UPPER_BOUND_NOT_REACHED,SOC_UPPER_BOUND_NOT_REACHED,False,False,3,charge-efficiency-v1
53,virtual,60-80,60.0,80.0,60.0,80.0,100.0,NEGATIVE_PARTICLE_LITHIUM_DELTA_OVER_FROZEN_Q_REF_V1,4.8582710061294545,25,20.0,W10_80_PERCENT_DISCHARGE_WINDOW,14.55,3.0000000000000004,2.99489262366034,4.85,99.78776269983223,4.8582710061294545,25,,,,0.8864892437122973,0.11513360371072354,0.15138735386688984,0.9716542012258911,,,,,-0.08527403377508565,0.08527403377508565,,,3.591486679592731e-05,,,5.228689850605289e-05,109.60699276586297,99.98769570389425,2.087449619003756e-05,0.002354737673141154,0.002354737673141154,SOC_UPPER_BOUND_NOT_REACHED,1621450.7548251762,1624523.8171308534,3073.0623056770532,0.2222245492525919,0.6642646944597054,74.93206479054437,,,,,,,,,,,,,,,,,,,,,,,,,,,,,1,FIRST_UPWARD_CROSSING,charge_timeseries/cycle-053.csv,,,1620757.4601772022,1628522.159775641,SOC_UPPER_BOUND_NOT_REACHED,SOC_UPPER_BOUND_NOT_REACHED,False,False,3,charge-efficiency-v1
53,virtual,80-100,80.0,100.0,80.0,,0.0,NEGATIVE_PARTICLE_LITHIUM_DELTA_OVER_FROZEN_Q_REF_V1,4.8582710061294545,25,20.0,W10_80_PERCENT_DISCHARGE_WINDOW,14.55,3.0000000000000004,2.99489262366034,4.85,99.78776269983223,4.8582710061294545,25,,,,,,,,,,,,,,,,,,,,,,,,,,,,,,,,,,,,,,,,,,,,,,,,,,,,,,,,,,,,0,FIRST_UPWARD_CROSSING,charge_timeseries/cycle-053.csv,,,1620757.4601772022,1628522.159775641,SOC_UPPER_BOUND_NOT_REACHED,SOC_UPPER_BOUND_NOT_REACHED,False,False,3,charge-efficiency-v1
54,virtual,20-40,20.0,40.0,20.0,40.0,100.0,NEGATIVE_PARTICLE_LITHIUM_DELTA_OVER_FROZEN_Q_REF_V1,4.8582710061294545,25,20.0,W10_80_PERCENT_DISCHARGE_WINDOW,14.55,3.0000000000000004,2.99489262366034,4.85,99.78776269983223,4.8582710061294545,25,,,,1.081053253904499,0.042617153347952956,0.07887090350411925,0.9716542012258909,,,,,0.10940620668407994,0.0,,,8.383046890781884e-06,,,7.566171687511947e-06,89.88032714544953,100.00066176254,-2.310322405030263e-05,-0.0021371032339858793,0.0021371032339858793,SOC_UPPER_BOUND_NOT_REACHED,1652084.8016332246,1652431.6858931947,346.8842599701104,0.08304229130586575,0.9980109625986333,92.31839032851181,,,,,,,,,,,,,,,,,,,,,,,,,,,,,1,FIRST_UPWARD_CROSSING,charge_timeseries/cycle-054.csv,,,1652084.8016332246,1659856.4878399735,SOC_UPPER_BOUND_NOT_REACHED,SOC_UPPER_BOUND_NOT_REACHED,False,False,3,charge-efficiency-v1
54,virtual,40-60,40.0,60.0,40.0,60.0,100.0,NEGATIVE_PARTICLE_LITHIUM_DELTA_OVER_FROZEN_Q_REF_V1,4.8582710061294545,25,20.0,W10_80_PERCENT_DISCHARGE_WINDOW,14.55,3.0000000000000004,2.99489262366034,4.85,99.78776269983223,4.8582710061294545,25,,,,0.9615943339591251,0.07887090350411925,0.11512465366028556,0.9716542012258911,,,,,-0.010087191726851186,0.010087191726851186,,,1.186560038032771e-05,,,1.464722802422408e-05,101.04616540587828,99.99715842126764,8.11631680641689e-07,8.440479025079087e-05,8.440479025079087e-05,SOC_UPPER_BOUND_NOT_REACHED,1652431.6858931947,1652778.9990947577,347.31320156304366,0.0,0.9615943339591251,100.00000000000001,,,,,,,,,,,,,,,,,,,,,,,,,,,,,1,FIRST_UPWARD_CROSSING,charge_timeseries/cycle-054.csv,,,1652084.8016332246,1659856.4878399735,SOC_UPPER_BOUND_NOT_REACHED,SOC_UPPER_BOUND_NOT_REACHED,False,False,3,charge-efficiency-v1
54,virtual,60-80,60.0,80.0,60.0,80.0,100.0,NEGATIVE_PARTICLE_LITHIUM_DELTA_OVER_FROZEN_Q_REF_V1,4.8582710061294545,25,20.0,W10_80_PERCENT_DISCHARGE_WINDOW,14.55,3.0000000000000004,2.99489262366034,4.85,99.78776269983223,4.8582710061294545,25,,,,0.8866007836168627,0.11512465366028556,0.15137840381645187,0.9716542012258915,,,,,-0.08510660449929268,0.08510660449929268,,,3.5556069421360977e-05,,,5.1846780433836837e-05,109.59320352301697,99.99400103279328,-3.421595959141044e-05,-0.0038592295679942224,0.0038592295679942224,SOC_UPPER_BOUND_NOT_REACHED,1652778.9990947577,1655857.2378714683,3078.2387767104597,0.22215133130362355,0.6644494523132392,74.94347677007869,,,,,,,,,,,,,,,,,,,,,,,,,,,,,1,FIRST_UPWARD_CROSSING,charge_timeseries/cycle-054.csv,,,1652084.8016332246,1659856.4878399735,SOC_UPPER_BOUND_NOT_REACHED,SOC_UPPER_BOUND_NOT_REACHED,False,False,3,charge-efficiency-v1
54,virtual,80-100,80.0,100.0,80.0,,0.0,NEGATIVE_PARTICLE_LITHIUM_DELTA_OVER_FROZEN_Q_REF_V1,4.8582710061294545,25,20.0,W10_80_PERCENT_DISCHARGE_WINDOW,14.55,3.0000000000000004,2.99489262366034,4.85,99.78776269983223,4.8582710061294545,25,,,,,,,,,,,,,,,,,,,,,,,,,,,,,,,,,,,,,,,,,,,,,,,,,,,,,,,,,,,,0,FIRST_UPWARD_CROSSING,charge_timeseries/cycle-054.csv,,,1652084.8016332246,1659856.4878399735,SOC_UPPER_BOUND_NOT_REACHED,SOC_UPPER_BOUND_NOT_REACHED,False,False,3,charge-efficiency-v1
55,virtual,20-40,20.0,40.0,20.0,40.0,100.0,NEGATIVE_PARTICLE_LITHIUM_DELTA_OVER_FROZEN_Q_REF_V1,4.8582710061294545,25,20.0,W10_80_PERCENT_DISCHARGE_WINDOW,14.55,3.0000000000000004,2.99489262366034,4.85,99.78776269983223,4.8582710061294545,25,,,,1.0813875370240633,0.04260827106291397,0.07886202121908026,0.9716542012258907,,,,,0.10976334300281565,0.0,,,8.360486450387575e-06,,,7.513596754868401e-06,89.85254295604751,100.00277487982945,-4.5881287848326124e-05,-0.004242816407389867,0.004242816407389867,SOC_UPPER_BOUND_NOT_REACHED,1683419.129773766,1683766.7127376343,347.5829638682495,0.08274572468130215,0.9986418123427611,92.3481895390606,,,,,,,,,,,,,,,,,,,,,,,,,,,,,1,FIRST_UPWARD_CROSSING,charge_timeseries/cycle-055.csv,,,1683419.129773766,1691198.3225575963,SOC_UPPER_BOUND_NOT_REACHED,SOC_UPPER_BOUND_NOT_REACHED,False,False,3,charge-efficiency-v1
55,virtual,40-60,40.0,60.0,40.0,60.0,100.0,NEGATIVE_PARTICLE_LITHIUM_DELTA_OVER_FROZEN_Q_REF_V1,4.8582710061294545,25,20.0,W10_80_PERCENT_DISCHARGE_WINDOW,14.55,3.0000000000000004,2.99489262366034,4.85,99.78776269983223,4.8582710061294545,25,,,,0.9615305386721116,0.07886202121908026,0.11511577137524656,0.9716542012258911,,,,,-0.010172656499004909,0.010172656499004909,,,1.1823786112009904e-05,,,1.4529792845482947e-05,101.05286958100784,99.99490458771147,2.2640366267978607e-05,0.002354617493402269,0.002354617493402269,SOC_UPPER_BOUND_NOT_REACHED,1683766.7127376343,1684114.6836734766,347.9709358423487,0.0,0.9615305386721116,100.0,,,,,,,,,,,,,,,,,,,,,,,,,,,,,1,FIRST_UPWARD_CROSSING,charge_timeseries/cycle-055.csv,,,1683419.129773766,1691198.3225575963,SOC_UPPER_BOUND_NOT_REACHED,SOC_UPPER_BOUND_NOT_REACHED,False,False,3,charge-efficiency-v1
55,virtual,60-80,60.0,80.0,60.0,80.0,100.0,NEGATIVE_PARTICLE_LITHIUM_DELTA_OVER_FROZEN_Q_REF_V1,4.8582710061294545,25,20.0,W10_80_PERCENT_DISCHARGE_WINDOW,14.55,3.0000000000000004,2.99489262366034,4.85,99.78776269983223,4.8582710061294545,25,,,,0.886311782206798,0.11511577137524656,0.15136952153141287,0.9716542012258911,,,,,-0.08540522700003904,0.08540522700003904,,,3.534527086763387e-05,,,5.140158076808593e-05,109.62893879246442,99.99291355680847,-2.3938870689854674e-05,-0.002700953679104895,0.002700953679104895,SOC_UPPER_BOUND_NOT_REACHED,1684114.6836734766,1687198.1619646705,3083.4782911940038,0.2220870546733649,0.6642247275334331,74.94255868737322,,,,,,,,,,,,,,,,,,,,,,,,,,,,,1,FIRST_UPWARD_CROSSING,charge_timeseries/cycle-055.csv,,,1683419.129773766,1691198.3225575963,SOC_UPPER_BOUND_NOT_REACHED,SOC_UPPER_BOUND_NOT_REACHED,False,False,3,charge-efficiency-v1
55,virtual,80-100,80.0,100.0,80.0,,0.0,NEGATIVE_PARTICLE_LITHIUM_DELTA_OVER_FROZEN_Q_REF_V1,4.8582710061294545,25,20.0,W10_80_PERCENT_DISCHARGE_WINDOW,14.55,3.0000000000000004,2.99489262366034,4.85,99.78776269983223,4.8582710061294545,25,,,,,,,,,,,,,,,,,,,,,,,,,,,,,,,,,,,,,,,,,,,,,,,,,,,,,,,,,,,,0,FIRST_UPWARD_CROSSING,charge_timeseries/cycle-055.csv,,,1683419.129773766,1691198.3225575963,SOC_UPPER_BOUND_NOT_REACHED,SOC_UPPER_BOUND_NOT_REACHED,False,False,3,charge-efficiency-v1
56,virtual,20-40,20.0,40.0,20.0,40.0,100.0,NEGATIVE_PARTICLE_LITHIUM_DELTA_OVER_FROZEN_Q_REF_V1,4.8582710061294545,25,20.0,W10_80_PERCENT_DISCHARGE_WINDOW,14.55,3.0000000000000004,2.99489262366034,4.85,99.78776269983223,4.8582710061294545,25,,,,1.0810606169704737,0.042599482724357755,0.07885323288052405,0.9716542012258909,,,,,0.10943387266990502,0.0,,,8.282145319965344e-06,,,7.454627762304433e-06,89.87971497369134,100.0025398136692,-4.319369840466436e-05,-0.003995492734321306,0.003995492734321306,SOC_UPPER_BOUND_NOT_REACHED,1714760.9643347354,1715108.9562599866,347.9919252511305,0.0824526480578018,0.998607968912672,92.37298568059354,,,,,,,,,,,,,,,,,,,,,,,,,,,,,1,FIRST_UPWARD_CROSSING,charge_timeseries/cycle-056.csv,,,1714760.9643347354,1722547.3881517812,SOC_UPPER_BOUND_NOT_REACHED,SOC_UPPER_BOUND_NOT_REACHED,False,False,3,charge-efficiency-v1
56,virtual,40-60,40.0,60.0,40.0,60.0,100.0,NEGATIVE_PARTICLE_LITHIUM_DELTA_OVER_FROZEN_Q_REF_V1,4.8582710061294545,25,20.0,W10_80_PERCENT_DISCHARGE_WINDOW,14.55,3.0000000000000004,2.99489262366034,4.85,99.78776269983223,4.8582710061294545,25,,,,0.9615869106412505,0.07885323288052405,0.11510698303669034,0.9716542012258907,,,,,-0.010131166612383058,0.010131166612383058,,,1.17067623862507e-05,,,1.4410122484480314e-05,101.04694546829123,99.99335722782456,3.775914287196258e-05,0.00392675300111794,0.00392675300111794,SOC_UPPER_BOUND_NOT_REACHED,1715108.9562599866,1715457.357426264,348.4011662774876,0.0,0.9615869106412505,100.0,,,,,,,,,,,,,,,,,,,,,,,,,,,,,1,FIRST_UPWARD_CROSSING,charge_timeseries/cycle-056.csv,,,1714760.9643347354,1722547.3881517812,SOC_UPPER_BOUND_NOT_REACHED,SOC_UPPER_BOUND_NOT_REACHED,False,False,3,charge-efficiency-v1
56,virtual,60-80,60.0,80.0,60.0,80.0,100.0,NEGATIVE_PARTICLE_LITHIUM_DELTA_OVER_FROZEN_Q_REF_V1,4.8582710061294545,25,20.0,W10_80_PERCENT_DISCHARGE_WINDOW,14.55,3.0000000000000004,2.99489262366034,4.85,99.78776269983223,4.8582710061294545,25,,,,0.8865511916219313,0.11510698303669034,0.15136073319285664,0.9716542012258911,,,,,-0.08516371224657035,0.08516371224657035,,,3.498109584264622e-05,,,5.09852989091647e-05,109.59933395930192,99.99315294557334,-2.5263752141180262e-05,-0.0028496664806191992,0.0028496664806191992,SOC_UPPER_BOUND_NOT_REACHED,1715457.357426264,1718546.2502567228,3088.8928304588053,0.2220139514351967,0.6645372401867347,74.95757114385853,,,,,,,,,,,,,,,,,,,,,,,,,,,,,1,FIRST_UPWARD_CROSSING,charge_timeseries/cycle-056.csv,,,1714760.9643347354,1722547.3881517812,SOC_UPPER_BOUND_NOT_REACHED,SOC_UPPER_BOUND_NOT_REACHED,False,False,3,charge-efficiency-v1
56,virtual,80-100,80.0,100.0,80.0,,0.0,NEGATIVE_PARTICLE_LITHIUM_DELTA_OVER_FROZEN_Q_REF_V1,4.8582710061294545,25,20.0,W10_80_PERCENT_DISCHARGE_WINDOW,14.55,3.0000000000000004,2.99489262366034,4.85,99.78776269983223,4.8582710061294545,25,,,,,,,,,,,,,,,,,,,,,,,,,,,,,,,,,,,,,,,,,,,,,,,,,,,,,,,,,,,,0,FIRST_UPWARD_CROSSING,charge_timeseries/cycle-056.csv,,,1714760.9643347354,1722547.3881517812,SOC_UPPER_BOUND_NOT_REACHED,SOC_UPPER_BOUND_NOT_REACHED,False,False,3,charge-efficiency-v1
57,virtual,20-40,20.0,40.0,20.0,40.0,100.0,NEGATIVE_PARTICLE_LITHIUM_DELTA_OVER_FROZEN_Q_REF_V1,4.8582710061294545,25,20.0,W10_80_PERCENT_DISCHARGE_WINDOW,14.55,3.0000000000000004,2.99489262366034,4.85,99.78776269983223,4.8582710061294545,25,,,,1.046159789728928,0.042590760573426464,0.07884451072959277,0.9716542012258911,,,,,0.07449826959780378,0.0,,,7.4240571369069835e-06,,,6.978195849279001e-06,92.87818273704228,99.99930040273914,-7.083347753011893e-06,-0.0006770808649458099,0.0006770808649458099,SOC_UPPER_BOUND_NOT_REACHED,1746110.0300783373,1746444.997475419,334.967397081607,0.08216314695626976,0.9639966427726583,92.14621439641078,,,,,,,,,,,,,,,,,,,,,,,,,,,,,1,FIRST_UPWARD_CROSSING,charge_timeseries/cycle-057.csv,,,1746110.0300783373,1753835.197419213,SOC_UPPER_BOUND_NOT_REACHED,SOC_UPPER_BOUND_NOT_REACHED,False,False,3,charge-efficiency-v1
57,virtual,40-60,40.0,60.0,40.0,60.0,100.0,NEGATIVE_PARTICLE_LITHIUM_DELTA_OVER_FROZEN_Q_REF_V1,4.8582710061294545,25,20.0,W10_80_PERCENT_DISCHARGE_WINDOW,14.55,3.0000000000000004,2.99489262366034,4.85,99.78776269983223,4.8582710061294545,25,,,,0.8922183151840936,0.07884451072959277,0.11509826088575907,0.9716542012258911,,,,,-0.07945659451745127,0.07945659451745127,,,8.191251510570458e-07,,,1.2295840738862918e-05,108.90318935286678,99.99767899007436,7.593509763759165e-06,0.0008510820316653529,0.0008510820316653529,SOC_UPPER_BOUND_NOT_REACHED,1746444.997475419,1746718.4042406357,273.4067652168747,0.0,0.8922183151840936,100.0,,,,,,,,,,,,,,,,,,,,,,,,,,,,,1,FIRST_UPWARD_CROSSING,charge_timeseries/cycle-057.csv,,,1746110.0300783373,1753835.197419213,SOC_UPPER_BOUND_NOT_REACHED,SOC_UPPER_BOUND_NOT_REACHED,False,False,3,charge-efficiency-v1
57,virtual,60-80,60.0,80.0,60.0,80.0,100.0,NEGATIVE_PARTICLE_LITHIUM_DELTA_OVER_FROZEN_Q_REF_V1,4.8582710061294545,25,20.0,W10_80_PERCENT_DISCHARGE_WINDOW,14.55,3.0000000000000004,2.99489262366034,4.85,99.78776269983223,4.8582710061294545,25,,,,0.9863376096056394,0.11509826088575907,0.15135201104192533,0.97165420122589,,,,,0.014631895124603373,0.0,,,3.045538350936877e-06,,,5.4362449248744615e-05,98.51132023794365,99.99477732019498,-5.894732453604057e-06,-0.0005976384146966581,0.0005976384146966581,SOC_UPPER_BOUND_NOT_REACHED,1746718.4042406357,1749818.533148083,3100.128907447104,0.21951988865563724,0.7668177209500022,77.74394015621017,,,,,,,,,,,,,,,,,,,,,,,,,,,,,1,FIRST_UPWARD_CROSSING,charge_timeseries/cycle-057.csv,,,1746110.0300783373,1753835.197419213,SOC_UPPER_BOUND_NOT_REACHED,SOC_UPPER_BOUND_NOT_REACHED,False,False,3,charge-efficiency-v1
57,virtual,80-100,80.0,100.0,80.0,,0.0,NEGATIVE_PARTICLE_LITHIUM_DELTA_OVER_FROZEN_Q_REF_V1,4.8582710061294545,25,20.0,W10_80_PERCENT_DISCHARGE_WINDOW,14.55,3.0000000000000004,2.99489262366034,4.85,99.78776269983223,4.8582710061294545,25,,,,,,,,,,,,,,,,,,,,,,,,,,,,,,,,,,,,,,,,,,,,,,,,,,,,,,,,,,,,0,FIRST_UPWARD_CROSSING,charge_timeseries/cycle-057.csv,,,1746110.0300783373,1753835.197419213,SOC_UPPER_BOUND_NOT_REACHED,SOC_UPPER_BOUND_NOT_REACHED,False,False,3,charge-efficiency-v1
58,virtual,20-40,20.0,40.0,20.0,40.0,100.0,NEGATIVE_PARTICLE_LITHIUM_DELTA_OVER_FROZEN_Q_REF_V1,4.8582710061294545,25,20.0,W10_80_PERCENT_DISCHARGE_WINDOW,14.55,3.0000000000000004,2.99489262366034,4.85,99.78776269983223,4.8582710061294545,25,,,,1.0823863141629775,0.04258263892012996,0.07883638907629625,0.9716542012258909,,,,,0.11075344091162637,0.0,,,8.289748572034954e-06,,,7.362854635414862e-06,89.76963109306152,100.00197045863023,-3.698057774714769e-05,-0.003416578467711431,0.003416578467711431,SOC_UPPER_BOUND_NOT_REACHED,1777397.8394333853,1777747.4825529614,349.6431195762264,0.08187638134326539,1.000509932819712,92.43556757213976,,,,,,,,,,,,,,,,,,,,,,,,,,,,,1,FIRST_UPWARD_CROSSING,charge_timeseries/cycle-058.csv,,,1777397.8394333853,1785198.898370435,SOC_UPPER_BOUND_NOT_REACHED,SOC_UPPER_BOUND_NOT_REACHED,False,False,3,charge-efficiency-v1
58,virtual,40-60,40.0,60.0,40.0,60.0,100.0,NEGATIVE_PARTICLE_LITHIUM_DELTA_OVER_FROZEN_Q_REF_V1,4.8582710061294545,25,20.0,W10_80_PERCENT_DISCHARGE_WINDOW,14.55,3.0000000000000004,2.99489262366034,4.85,99.78776269983223,4.8582710061294545,25,,,,0.9613136563608303,0.07883638907629625,0.11509013923246254,0.9716542012258907,,,,,-0.010410709511699007,0.010410709511699007,,,1.1696009516058356e-05,,,1.4195817890375051e-05,101.07566815436762,99.9927011703023,4.427281923213844e-05,0.004605449942294441,0.004605449942294441,SOC_UPPER_BOUND_NOT_REACHED,1777747.4825529614,1778097.3206250134,349.83807205192244,0.0,0.9613136563608303,100.0,,,,,,,,,,,,,,,,,,,,,,,,,,,,,1,FIRST_UPWARD_CROSSING,charge_timeseries/cycle-058.csv,,,1777397.8394333853,1785198.898370435,SOC_UPPER_BOUND_NOT_REACHED,SOC_UPPER_BOUND_NOT_REACHED,False,False,3,charge-efficiency-v1
58,virtual,60-80,60.0,80.0,60.0,80.0,100.0,NEGATIVE_PARTICLE_LITHIUM_DELTA_OVER_FROZEN_Q_REF_V1,4.8582710061294545,25,20.0,W10_80_PERCENT_DISCHARGE_WINDOW,14.55,3.0000000000000004,2.99489262366034,4.85,99.78776269983223,4.8582710061294545,25,,,,0.8854771617364368,0.11509013923246254,0.15134388938862883,0.9716542012258907,,,,,-0.08623632551016651,0.08623632551016651,,,3.472620638229548e-05,,,5.013543972452045e-05,109.73227127851149,99.99330462452626,-2.5575625394402834e-05,-0.0028883438782597816,0.0028883438782597816,SOC_UPPER_BOUND_NOT_REACHED,1778097.3206250134,1781195.7357881826,3098.4151631691298,0.2218836565922278,0.663593505144209,74.94191084983943,,,,,,,,,,,,,,,,,,,,,,,,,,,,,1,FIRST_UPWARD_CROSSING,charge_timeseries/cycle-058.csv,,,1777397.8394333853,1785198.898370435,SOC_UPPER_BOUND_NOT_REACHED,SOC_UPPER_BOUND_NOT_REACHED,False,False,3,charge-efficiency-v1
58,virtual,80-100,80.0,100.0,80.0,,0.0,NEGATIVE_PARTICLE_LITHIUM_DELTA_OVER_FROZEN_Q_REF_V1,4.8582710061294545,25,20.0,W10_80_PERCENT_DISCHARGE_WINDOW,14.55,3.0000000000000004,2.99489262366034,4.85,99.78776269983223,4.8582710061294545,25,,,,,,,,,,,,,,,,,,,,,,,,,,,,,,,,,,,,,,,,,,,,,,,,,,,,,,,,,,,,0,FIRST_UPWARD_CROSSING,charge_timeseries/cycle-058.csv,,,1777397.8394333853,1785198.898370435,SOC_UPPER_BOUND_NOT_REACHED,SOC_UPPER_BOUND_NOT_REACHED,False,False,3,charge-efficiency-v1
59,virtual,20-40,20.0,40.0,20.0,40.0,100.0,NEGATIVE_PARTICLE_LITHIUM_DELTA_OVER_FROZEN_Q_REF_V1,4.8582710061294545,25,20.0,W10_80_PERCENT_DISCHARGE_WINDOW,14.55,3.0000000000000004,2.99489262366034,4.85,99.78776269983223,4.8582710061294545,25,,,,1.0821504563643805,0.04257493778698382,0.07882868794315011,0.9716542012258907,,,,,0.11050291822993494,0.0,,,8.222176450043382e-06,,,7.309108745960635e-06,89.78919664186847,100.00061572689879,-2.219437664141566e-05,-0.0020509510956526725,0.0020509510956526725,SOC_UPPER_BOUND_NOT_REACHED,1808761.540355632,1809111.6235753659,350.08321973369885,0.0815934854594731,1.0005569709049074,92.46006089267877,,,,,,,,,,,,,,,,,,,,,,,,,,,,,1,FIRST_UPWARD_CROSSING,charge_timeseries/cycle-059.csv,,,1808761.540355632,1816569.8748185725,SOC_UPPER_BOUND_NOT_REACHED,SOC_UPPER_BOUND_NOT_REACHED,False,False,3,charge-efficiency-v1
59,virtual,40-60,40.0,60.0,40.0,60.0,100.0,NEGATIVE_PARTICLE_LITHIUM_DELTA_OVER_FROZEN_Q_REF_V1,4.8582710061294545,25,20.0,W10_80_PERCENT_DISCHARGE_WINDOW,14.55,3.0000000000000004,2.99489262366034,4.85,99.78776269983223,4.8582710061294545,25,,,,0.961302274513767,0.07882868794315011,0.11508243809931641,0.9716542012258911,,,,,-0.010381158397439416,0.010381158397439416,,,1.159293147950588e-05,,,1.4085388790864573e-05,101.07686489323665,99.99695915779144,3.553365044983714e-06,0.0003696407612039646,0.0003696407612039646,SOC_UPPER_BOUND_NOT_REACHED,1809111.6235753659,1809461.8893580218,350.2657826559111,0.0,0.961302274513767,100.0,,,,,,,,,,,,,,,,,,,,,,,,,,,,,1,FIRST_UPWARD_CROSSING,charge_timeseries/cycle-059.csv,,,1808761.540355632,1816569.8748185725,SOC_UPPER_BOUND_NOT_REACHED,SOC_UPPER_BOUND_NOT_REACHED,False,False,3,charge-efficiency-v1
59,virtual,60-80,60.0,80.0,60.0,80.0,100.0,NEGATIVE_PARTICLE_LITHIUM_DELTA_OVER_FROZEN_Q_REF_V1,4.8582710061294545,25,20.0,W10_80_PERCENT_DISCHARGE_WINDOW,14.55,3.0000000000000004,2.99489262366034,4.85,99.78776269983223,4.8582710061294545,25,,,,0.8857018568020567,0.11508243809931641,0.1513361882554827,0.9716542012258907,,,,,-0.0860584044695483,0.0860584044695483,,,3.440105354304574e-05,,,4.9751636721141745e-05,109.7044331299221,99.98802531067315,2.1907355450045962e-05,0.002473445808180346,0.002473445808180346,SOC_UPPER_BOUND_NOT_REACHED,1809461.8893580218,1812565.7456664296,3103.8563084078696,0.22183805886261737,0.6638637979394393,74.95341607800249,,,,,,,,,,,,,,,,,,,,,,,,,,,,,1,FIRST_UPWARD_CROSSING,charge_timeseries/cycle-059.csv,,,1808761.540355632,1816569.8748185725,SOC_UPPER_BOUND_NOT_REACHED,SOC_UPPER_BOUND_NOT_REACHED,False,False,3,charge-efficiency-v1
59,virtual,80-100,80.0,100.0,80.0,,0.0,NEGATIVE_PARTICLE_LITHIUM_DELTA_OVER_FROZEN_Q_REF_V1,4.8582710061294545,25,20.0,W10_80_PERCENT_DISCHARGE_WINDOW,14.55,3.0000000000000004,2.99489262366034,4.85,99.78776269983223,4.8582710061294545,25,,,,,,,,,,,,,,,,,,,,,,,,,,,,,,,,,,,,,,,,,,,,,,,,,,,,,,,,,,,,0,FIRST_UPWARD_CROSSING,charge_timeseries/cycle-059.csv,,,1808761.540355632,1816569.8748185725,SOC_UPPER_BOUND_NOT_REACHED,SOC_UPPER_BOUND_NOT_REACHED,False,False,3,charge-efficiency-v1
60,virtual,20-40,20.0,40.0,20.0,40.0,100.0,NEGATIVE_PARTICLE_LITHIUM_DELTA_OVER_FROZEN_Q_REF_V1,4.8582710061294545,25,20.0,W10_80_PERCENT_DISCHARGE_WINDOW,14.55,3.0000000000000004,2.99489262366034,4.85,99.78776269983223,4.8582710061294545,25,,,,1.082289063609819,0.042566417760074804,0.07882016791624111,0.9716542012258911,,,,,0.11064825070597191,0.0,,,8.191675210918702e-06,,,7.2612334675314916e-06,89.77769746513734,100.0012370375433,-2.88412307223318e-05,-0.002664836196915456,0.002664836196915456,SOC_UPPER_BOUND_NOT_REACHED,1840132.5168515998,1840483.2101383626,350.6932867627051,0.08131381624274693,1.000975247367072,92.48686705088413,,,,,,,,,,,,,,,,,,,,,,,,,,,,,1,FIRST_UPWARD_CROSSING,charge_timeseries/cycle-060.csv,,,1840132.5168515998,1847948.3077170039,SOC_UPPER_BOUND_NOT_REACHED,SOC_UPPER_BOUND_NOT_REACHED,False,False,3,charge-efficiency-v1
60,virtual,40-60,40.0,60.0,40.0,60.0,100.0,NEGATIVE_PARTICLE_LITHIUM_DELTA_OVER_FROZEN_Q_REF_V1,4.8582710061294545,25,20.0,W10_80_PERCENT_DISCHARGE_WINDOW,14.55,3.0000000000000004,2.99489262366034,4.85,99.78776269983223,4.8582710061294545,25,,,,0.9612792312134809,0.07882016791624111,0.1150739180724074,0.9716542012258907,,,,,-0.01042772048527249,0.01042772048527249,,,1.1535406488480913e-05,,,1.398157237749581e-05,101.07928785679816,99.99451247138711,2.7233493996692282e-05,0.0028330471638624496,0.0028330471638624496,SOC_UPPER_BOUND_NOT_REACHED,1840483.2101383626,1840834.0488745624,350.83873619995626,0.0,0.9612792312134809,100.0,,,,,,,,,,,,,,,,,,,,,,,,,,,,,1,FIRST_UPWARD_CROSSING,charge_timeseries/cycle-060.csv,,,1840132.5168515998,1847948.3077170039,SOC_UPPER_BOUND_NOT_REACHED,SOC_UPPER_BOUND_NOT_REACHED,False,False,3,charge-efficiency-v1
60,virtual,60-80,60.0,80.0,60.0,80.0,100.0,NEGATIVE_PARTICLE_LITHIUM_DELTA_OVER_FROZEN_Q_REF_V1,4.8582710061294545,25,20.0,W10_80_PERCENT_DISCHARGE_WINDOW,14.55,3.0000000000000004,2.99489262366034,4.85,99.78776269983223,4.8582710061294545,25,,,,0.8855812291887812,0.1150739180724074,0.1513276682285737,0.9716542012258907,,,,,-0.0861891223275595,0.0861891223275595,,,3.4170640088470976e-05,,,4.936725684908522e-05,109.71937629210534,99.98688428722045,3.261239351237677e-05,0.0036825976474513457,0.0036825976474513457,SOC_UPPER_BOUND_NOT_REACHED,1840834.0488745624,1843943.130754497,3109.081879934546,0.22177464587195045,0.6638065833168308,74.95716501634722,,,,,,,,,,,,,,,,,,,,,,,,,,,,,1,FIRST_UPWARD_CROSSING,charge_timeseries/cycle-060.csv,,,1840132.5168515998,1847948.3077170039,SOC_UPPER_BOUND_NOT_REACHED,SOC_UPPER_BOUND_NOT_REACHED,False,False,3,charge-efficiency-v1
60,virtual,80-100,80.0,100.0,80.0,,0.0,NEGATIVE_PARTICLE_LITHIUM_DELTA_OVER_FROZEN_Q_REF_V1,4.8582710061294545,25,20.0,W10_80_PERCENT_DISCHARGE_WINDOW,14.55,3.0000000000000004,2.99489262366034,4.85,99.78776269983223,4.8582710061294545,25,,,,,,,,,,,,,,,,,,,,,,,,,,,,,,,,,,,,,,,,,,,,,,,,,,,,,,,,,,,,0,FIRST_UPWARD_CROSSING,charge_timeseries/cycle-060.csv,,,1840132.5168515998,1847948.3077170039,SOC_UPPER_BOUND_NOT_REACHED,SOC_UPPER_BOUND_NOT_REACHED,False,False,3,charge-efficiency-v1
61,virtual,20-40,20.0,40.0,20.0,40.0,100.0,NEGATIVE_PARTICLE_LITHIUM_DELTA_OVER_FROZEN_Q_REF_V1,4.8582710061294545,25,20.0,W10_80_PERCENT_DISCHARGE_WINDOW,14.55,3.0000000000000004,2.99489262366034,4.85,99.78776269983223,4.8582710061294545,25,,,,1.0835642773526966,0.04255797971120711,0.0788117298673734,0.9716542012258909,,,,,0.11193423544461367,0.0,,,8.249780809485747e-06,,,7.226919409818178e-06,89.67204083174298,100.00222961556713,-3.963601802703387e-05,-0.0036579295622286814,0.0036579295622286814,SOC_UPPER_BOUND_NOT_REACHED,1871510.9498261483,1871862.7407764876,351.7909503392038,0.0810372752191508,1.0025270021335457,92.52123045093951,,,,,,,,,,,,,,,,,,,,,,,,,,,,,1,FIRST_UPWARD_CROSSING,charge_timeseries/cycle-061.csv,,,1871510.9498261483,1879334.4893579306,SOC_UPPER_BOUND_NOT_REACHED,SOC_UPPER_BOUND_NOT_REACHED,False,False,3,charge-efficiency-v1
61,virtual,40-60,40.0,60.0,40.0,60.0,100.0,NEGATIVE_PARTICLE_LITHIUM_DELTA_OVER_FROZEN_Q_REF_V1,4.8582710061294545,25,20.0,W10_80_PERCENT_DISCHARGE_WINDOW,14.55,3.0000000000000004,2.99489262366034,4.85,99.78776269983223,4.8582710061294545,25,,,,0.9610171053589146,0.0788117298673734,0.1150654800235397,0.9716542012258907,,,,,-0.010686889853575646,0.010686889853575646,,,1.1602130484966895e-05,,,1.3889065442244941e-05,101.10685812017918,99.99481861599321,2.4302790672336982e-05,0.002528861404944559,0.002528861404944559,SOC_UPPER_BOUND_NOT_REACHED,1871862.7407764876,1872214.495926704,351.7551502163886,0.0,0.9610171053589146,100.0,,,,,,,,,,,,,,,,,,,,,,,,,,,,,1,FIRST_UPWARD_CROSSING,charge_timeseries/cycle-061.csv,,,1871510.9498261483,1879334.4893579306,SOC_UPPER_BOUND_NOT_REACHED,SOC_UPPER_BOUND_NOT_REACHED,False,False,3,charge-efficiency-v1
61,virtual,60-80,60.0,80.0,60.0,80.0,100.0,NEGATIVE_PARTICLE_LITHIUM_DELTA_OVER_FROZEN_Q_REF_V1,4.8582710061294545,25,20.0,W10_80_PERCENT_DISCHARGE_WINDOW,14.55,3.0000000000000004,2.99489262366034,4.85,99.78776269983223,4.8582710061294545,25,,,,0.8844973836086921,0.1150654800235397,0.151319230179706,0.9716542012258911,,,,,-0.08721564568012441,0.08721564568012441,,,3.419866241199856e-05,,,4.8967125542351275e-05,109.85382424327868,99.99334898395229,-2.4337725028855672e-05,-0.0027515881312796344,0.0027515881312796344,SOC_UPPER_BOUND_NOT_REACHED,1872214.495926704,1875328.330949316,3113.835022612051,0.22172854874008288,0.6627688348686093,74.9316896975495,,,,,,,,,,,,,,,,,,,,,,,,,,,,,1,FIRST_UPWARD_CROSSING,charge_timeseries/cycle-061.csv,,,1871510.9498261483,1879334.4893579306,SOC_UPPER_BOUND_NOT_REACHED,SOC_UPPER_BOUND_NOT_REACHED,False,False,3,charge-efficiency-v1
61,virtual,80-100,80.0,100.0,80.0,,0.0,NEGATIVE_PARTICLE_LITHIUM_DELTA_OVER_FROZEN_Q_REF_V1,4.8582710061294545,25,20.0,W10_80_PERCENT_DISCHARGE_WINDOW,14.55,3.0000000000000004,2.99489262366034,4.85,99.78776269983223,4.8582710061294545,25,,,,,,,,,,,,,,,,,,,,,,,,,,,,,,,,,,,,,,,,,,,,,,,,,,,,,,,,,,,,0,FIRST_UPWARD_CROSSING,charge_timeseries/cycle-061.csv,,,1871510.9498261483,1879334.4893579306,SOC_UPPER_BOUND_NOT_REACHED,SOC_UPPER_BOUND_NOT_REACHED,False,False,3,charge-efficiency-v1
62,virtual,20-40,20.0,40.0,20.0,40.0,100.0,NEGATIVE_PARTICLE_LITHIUM_DELTA_OVER_FROZEN_Q_REF_V1,4.8582710061294545,25,20.0,W10_80_PERCENT_DISCHARGE_WINDOW,14.55,3.0000000000000004,2.99489262366034,4.85,99.78776269983223,4.8582710061294545,25,,,,1.0844397763250784,0.04254960841090939,0.0788033585670757,0.9716542012258911,,,,,0.11281285893902324,0.0,,,8.288704752445163e-06,,,7.189667637692854e-06,89.59964605121806,100.00251593868387,-4.2762212225877505e-05,-0.003943253757326109,0.003943253757326109,SOC_UPPER_BOUND_NOT_REACHED,1902897.1318919943,1903249.8650912957,352.7331993013827,0.08076391223064222,1.003675864094436,92.55247603473813,,,,,,,,,,,,,,,,,,,,,,,,,,,,,1,FIRST_UPWARD_CROSSING,charge_timeseries/cycle-062.csv,,,1902897.1318919943,1910728.2965108426,SOC_UPPER_BOUND_NOT_REACHED,SOC_UPPER_BOUND_NOT_REACHED,False,False,3,charge-efficiency-v1
62,virtual,40-60,40.0,60.0,40.0,60.0,100.0,NEGATIVE_PARTICLE_LITHIUM_DELTA_OVER_FROZEN_Q_REF_V1,4.8582710061294545,25,20.0,W10_80_PERCENT_DISCHARGE_WINDOW,14.55,3.0000000000000004,2.99489262366034,4.85,99.78776269983223,4.8582710061294545,25,,,,0.9608234278479485,0.0788033585670757,0.11505710872324199,0.9716542012258907,,,,,-0.010868825363919449,0.010868825363919449,,,1.1624777046603287e-05,,,1.37964187150591e-05,101.12723868548886,99.99603964840216,1.2630790215517607e-05,0.0013145797499763343,0.0013145797499763343,SOC_UPPER_BOUND_NOT_REACHED,1903249.8650912957,1903602.3884418937,352.5233505981181,0.0,0.9608234278479485,100.0,,,,,,,,,,,,,,,,,,,,,,,,,,,,,1,FIRST_UPWARD_CROSSING,charge_timeseries/cycle-062.csv,,,1902897.1318919943,1910728.2965108426,SOC_UPPER_BOUND_NOT_REACHED,SOC_UPPER_BOUND_NOT_REACHED,False,False,3,charge-efficiency-v1
62,virtual,60-80,60.0,80.0,60.0,80.0,100.0,NEGATIVE_PARTICLE_LITHIUM_DELTA_OVER_FROZEN_Q_REF_V1,4.8582710061294545,25,20.0,W10_80_PERCENT_DISCHARGE_WINDOW,14.55,3.0000000000000004,2.99489262366034,4.85,99.78776269983223,4.8582710061294545,25,,,,0.8837808956583717,0.11505710872324199,0.1513108588794083,0.9716542012258911,,,,,-0.08792353994698558,0.08792353994698558,,,3.41385349839924e-05,,,4.858797745643795e-05,109.94288358112316,99.9943159690696,-3.249213297429332e-05,-0.003676491892267974,0.003676491892267974,SOC_UPPER_BOUND_NOT_REACHED,1903602.3884418937,1906721.11732435,3118.7288824561383,0.22167707597057168,0.6621038196878,74.91719078115695,,,,,,,,,,,,,,,,,,,,,,,,,,,,,1,FIRST_UPWARD_CROSSING,charge_timeseries/cycle-062.csv,,,1902897.1318919943,1910728.2965108426,SOC_UPPER_BOUND_NOT_REACHED,SOC_UPPER_BOUND_NOT_REACHED,False,False,3,charge-efficiency-v1
62,virtual,80-100,80.0,100.0,80.0,,0.0,NEGATIVE_PARTICLE_LITHIUM_DELTA_OVER_FROZEN_Q_REF_V1,4.8582710061294545,25,20.0,W10_80_PERCENT_DISCHARGE_WINDOW,14.55,3.0000000000000004,2.99489262366034,4.85,99.78776269983223,4.8582710061294545,25,,,,,,,,,,,,,,,,,,,,,,,,,,,,,,,,,,,,,,,,,,,,,,,,,,,,,,,,,,,,0,FIRST_UPWARD_CROSSING,charge_timeseries/cycle-062.csv,,,1902897.1318919943,1910728.2965108426,SOC_UPPER_BOUND_NOT_REACHED,SOC_UPPER_BOUND_NOT_REACHED,False,False,3,charge-efficiency-v1
63,virtual,20-40,20.0,40.0,20.0,40.0,100.0,NEGATIVE_PARTICLE_LITHIUM_DELTA_OVER_FROZEN_Q_REF_V1,4.8582710061294545,25,20.0,W10_80_PERCENT_DISCHARGE_WINDOW,14.55,3.0000000000000004,2.99489262366034,4.85,99.78776269983223,4.8582710061294545,25,,,,1.0848866327134656,0.04254127925961555,0.07879502941578184,0.9716542012258907,,,,,0.11324618543865848,0.0,,,8.271889885796795e-06,,,7.147931923287554e-06,89.56274065204735,100.00126777772616,-2.917377289257672e-05,-0.0026891079687846003,0.0026891079687846003,SOC_UPPER_BOUND_NOT_REACHED,1934290.9390936473,1934644.390701695,353.4516080478564,0.08049333535281127,1.0043932973606544,92.58048417911785,,,,,,,,,,,,,,,,,,,,,,,,,,,,,1,FIRST_UPWARD_CROSSING,charge_timeseries/cycle-063.csv,,,1934290.9390936473,1942129.7045946475,SOC_UPPER_BOUND_NOT_REACHED,SOC_UPPER_BOUND_NOT_REACHED,False,False,3,charge-efficiency-v1
63,virtual,40-60,40.0,60.0,40.0,60.0,100.0,NEGATIVE_PARTICLE_LITHIUM_DELTA_OVER_FROZEN_Q_REF_V1,4.8582710061294545,25,20.0,W10_80_PERCENT_DISCHARGE_WINDOW,14.55,3.0000000000000004,2.99489262366034,4.85,99.78776269983223,4.8582710061294545,25,,,,0.9607344343190438,0.07879502941578184,0.11504877957194816,0.9716542012258915,,,,,-0.010969972393968866,0.010969972393968866,,,1.1601142826874432e-05,,,1.3701981525164608e-05,101.1366061751068,99.9947742596364,2.4902362769196884e-05,0.002592013139078059,0.002592013139078059,SOC_UPPER_BOUND_NOT_REACHED,1934644.390701695,1934997.568293414,353.17759171884137,0.0,0.9607344343190438,100.0,,,,,,,,,,,,,,,,,,,,,,,,,,,,,1,FIRST_UPWARD_CROSSING,charge_timeseries/cycle-063.csv,,,1934290.9390936473,1942129.7045946475,SOC_UPPER_BOUND_NOT_REACHED,SOC_UPPER_BOUND_NOT_REACHED,False,False,3,charge-efficiency-v1
63,virtual,60-80,60.0,80.0,60.0,80.0,100.0,NEGATIVE_PARTICLE_LITHIUM_DELTA_OVER_FROZEN_Q_REF_V1,4.8582710061294545,25,20.0,W10_80_PERCENT_DISCHARGE_WINDOW,14.55,3.0000000000000004,2.99489262366034,4.85,99.78776269983223,4.8582710061294545,25,,,,0.88343152543387,0.11504877957194816,0.15130252972811445,0.9716542012258907,,,,,-0.0882795303703361,0.0882795303703361,,,3.3983743763983144e-05,,,4.8225389261385976e-05,109.98636263842778,99.9935643480362,-2.5354554709977606e-05,-0.0028700079157267452,0.0028700079157267452,SOC_UPPER_BOUND_NOT_REACHED,1934997.568293414,1938121.4239837264,3123.8556903123927,0.22162023589946428,0.6618112895344058,74.91370530493325,,,,,,,,,,,,,,,,,,,,,,,,,,,,,1,FIRST_UPWARD_CROSSING,charge_timeseries/cycle-063.csv,,,1934290.9390936473,1942129.7045946475,SOC_UPPER_BOUND_NOT_REACHED,SOC_UPPER_BOUND_NOT_REACHED,False,False,3,charge-efficiency-v1
63,virtual,80-100,80.0,100.0,80.0,,0.0,NEGATIVE_PARTICLE_LITHIUM_DELTA_OVER_FROZEN_Q_REF_V1,4.8582710061294545,25,20.0,W10_80_PERCENT_DISCHARGE_WINDOW,14.55,3.0000000000000004,2.99489262366034,4.85,99.78776269983223,4.8582710061294545,25,,,,,,,,,,,,,,,,,,,,,,,,,,,,,,,,,,,,,,,,,,,,,,,,,,,,,,,,,,,,0,FIRST_UPWARD_CROSSING,charge_timeseries/cycle-063.csv,,,1934290.9390936473,1942129.7045946475,SOC_UPPER_BOUND_NOT_REACHED,SOC_UPPER_BOUND_NOT_REACHED,False,False,3,charge-efficiency-v1
64,virtual,20-40,20.0,40.0,20.0,40.0,100.0,NEGATIVE_PARTICLE_LITHIUM_DELTA_OVER_FROZEN_Q_REF_V1,4.8582710061294545,25,20.0,W10_80_PERCENT_DISCHARGE_WINDOW,14.55,3.0000000000000004,2.99489262366034,4.85,99.78776269983223,4.8582710061294545,25,,,,1.085113367069324,0.04253301420212032,0.07878676435828662,0.9716542012258909,,,,,0.11348292314864053,0.0,,,8.25475474949735e-06,,,7.1057238952149104e-06,89.54402652417195,100.0021893846236,-3.9117783852127275e-05,-0.0036049490347517007,0.0036049490347517007,SOC_UPPER_BOUND_NOT_REACHED,1965692.3472694068,1966046.4532238087,354.105954401842,0.08022567125372203,1.0048876958156021,92.606701411264,,,,,,,,,,,,,,,,,,,,,,,,,,,,,1,FIRST_UPWARD_CROSSING,charge_timeseries/cycle-064.csv,,,1965692.3472694068,1973538.7445294226,SOC_UPPER_BOUND_NOT_REACHED,SOC_UPPER_BOUND_NOT_REACHED,False,False,3,charge-efficiency-v1
64,virtual,40-60,40.0,60.0,40.0,60.0,100.0,NEGATIVE_PARTICLE_LITHIUM_DELTA_OVER_FROZEN_Q_REF_V1,4.8582710061294545,25,20.0,W10_80_PERCENT_DISCHARGE_WINDOW,14.55,3.0000000000000004,2.99489262366034,4.85,99.78776269983223,4.8582710061294545,25,,,,0.9606807363808055,0.07878676435828662,0.11504051451445291,0.9716542012258907,,,,,-0.011032564914607398,0.011032564914607398,,,1.155769954288427e-05,,,1.360819610890518e-05,101.1422592781891,99.99384810506925,3.393417387032027e-05,0.0035323050192680307,0.0035323050192680307,SOC_UPPER_BOUND_NOT_REACHED,1966046.4532238087,1966400.2187099177,353.7654861092355,0.0,0.9606807363808055,100.0,,,,,,,,,,,,,,,,,,,,,,,,,,,,,1,FIRST_UPWARD_CROSSING,charge_timeseries/cycle-064.csv,,,1965692.3472694068,1973538.7445294226,SOC_UPPER_BOUND_NOT_REACHED,SOC_UPPER_BOUND_NOT_REACHED,False,False,3,charge-efficiency-v1
64,virtual,60-80,60.0,80.0,60.0,80.0,100.0,NEGATIVE_PARTICLE_LITHIUM_DELTA_OVER_FROZEN_Q_REF_V1,4.8582710061294545,25,20.0,W10_80_PERCENT_DISCHARGE_WINDOW,14.55,3.0000000000000004,2.99489262366034,4.85,99.78776269983223,4.8582710061294545,25,,,,0.8833011795909039,0.11504051451445291,0.1512942646706192,0.9716542012258911,,,,,-0.08848291495448712,0.08848291495448712,,,3.3790867668959806e-05,,,4.787620080744237e-05,110.00259296335452,99.98529456062086,4.822625102351985e-05,0.005459774325882319,0.005459774325882319,SOC_UPPER_BOUND_NOT_REACHED,1966400.2187099177,1969529.3254973977,3129.106787479762,0.22156140750964468,0.6617397720812592,74.91666346327538,,,,,,,,,,,,,,,,,,,,,,,,,,,,,1,FIRST_UPWARD_CROSSING,charge_timeseries/cycle-064.csv,,,1965692.3472694068,1973538.7445294226,SOC_UPPER_BOUND_NOT_REACHED,SOC_UPPER_BOUND_NOT_REACHED,False,False,3,charge-efficiency-v1
64,virtual,80-100,80.0,100.0,80.0,,0.0,NEGATIVE_PARTICLE_LITHIUM_DELTA_OVER_FROZEN_Q_REF_V1,4.8582710061294545,25,20.0,W10_80_PERCENT_DISCHARGE_WINDOW,14.55,3.0000000000000004,2.99489262366034,4.85,99.78776269983223,4.8582710061294545,25,,,,,,,,,,,,,,,,,,,,,,,,,,,,,,,,,,,,,,,,,,,,,,,,,,,,,,,,,,,,0,FIRST_UPWARD_CROSSING,charge_timeseries/cycle-064.csv,,,1965692.3472694068,1973538.7445294226,SOC_UPPER_BOUND_NOT_REACHED,SOC_UPPER_BOUND_NOT_REACHED,False,False,3,charge-efficiency-v1
65,virtual,20-40,20.0,40.0,20.0,40.0,100.0,NEGATIVE_PARTICLE_LITHIUM_DELTA_OVER_FROZEN_Q_REF_V1,4.8582710061294545,25,20.0,W10_80_PERCENT_DISCHARGE_WINDOW,14.55,3.0000000000000004,2.99489262366034,4.85,99.78776269983223,4.8582710061294545,25,,,,1.0871567279902223,0.04252480659413439,0.0787785567503007,0.9716542012258911,,,,,0.11551839635801898,0.0,,,8.379580435488067e-06,,,7.0835318344633635e-06,89.37572442035514,100.00145973375128,-3.1332705957787255e-05,-0.002882078098869021,0.002882078098869021,SOC_UPPER_BOUND_NOT_REACHED,1997101.3872001003,1997456.934707654,355.5475075536178,0.07996078565267394,1.0071959423375485,92.64496244249035,,,,,,,,,,,,,,,,,,,,,,,,,,,,,1,FIRST_UPWARD_CROSSING,charge_timeseries/cycle-065.csv,,,1997101.3872001003,2004955.8235943618,SOC_UPPER_BOUND_NOT_REACHED,SOC_UPPER_BOUND_NOT_REACHED,False,False,3,charge-efficiency-v1
65,virtual,40-60,40.0,60.0,40.0,60.0,100.0,NEGATIVE_PARTICLE_LITHIUM_DELTA_OVER_FROZEN_Q_REF_V1,4.8582710061294545,25,20.0,W10_80_PERCENT_DISCHARGE_WINDOW,14.55,3.0000000000000004,2.99489262366034,4.85,99.78776269983223,4.8582710061294545,25,,,,0.9602744084545862,0.0787785567503007,0.11503230690646697,0.9716542012258904,,,,,-0.011436774525218185,0.011436774525218185,,,1.170509547196788e-05,,,1.3531422353718625e-05,101.18505634130334,99.99406609679356,3.17452360882875e-05,0.003305850474488492,0.003305850474488492,SOC_UPPER_BOUND_NOT_REACHED,1997456.934707654,1997811.8360419248,354.90133427080883,0.0,0.9602744084545862,100.0,,,,,,,,,,,,,,,,,,,,,,,,,,,,,1,FIRST_UPWARD_CROSSING,charge_timeseries/cycle-065.csv,,,1997101.3872001003,2004955.8235943618,SOC_UPPER_BOUND_NOT_REACHED,SOC_UPPER_BOUND_NOT_REACHED,False,False,3,charge-efficiency-v1
65,virtual,60-80,60.0,80.0,60.0,80.0,100.0,NEGATIVE_PARTICLE_LITHIUM_DELTA_OVER_FROZEN_Q_REF_V1,4.8582710061294545,25,20.0,W10_80_PERCENT_DISCHARGE_WINDOW,14.55,3.0000000000000004,2.99489262366034,4.85,99.78776269983223,4.8582710061294545,25,,,,0.8816411742702474,0.11503230690646697,0.15128605706263326,0.9716542012258907,,,,,-0.09009401501608415,0.09009401501608415,,,3.398764897339507e-05,,,4.7497877732255445e-05,110.20971224831338,99.99081394304119,-4.974662649592787e-07,-5.642502635735472e-05,5.642502635735472e-05,SOC_UPPER_BOUND_NOT_REACHED,1997811.8360419248,2000945.3918038653,3133.555761940621,0.2215280014905107,0.6601131727797367,74.87322416924619,,,,,,,,,,,,,,,,,,,,,,,,,,,,,1,FIRST_UPWARD_CROSSING,charge_timeseries/cycle-065.csv,,,1997101.3872001003,2004955.8235943618,SOC_UPPER_BOUND_NOT_REACHED,SOC_UPPER_BOUND_NOT_REACHED,False,False,3,charge-efficiency-v1
65,virtual,80-100,80.0,100.0,80.0,,0.0,NEGATIVE_PARTICLE_LITHIUM_DELTA_OVER_FROZEN_Q_REF_V1,4.8582710061294545,25,20.0,W10_80_PERCENT_DISCHARGE_WINDOW,14.55,3.0000000000000004,2.99489262366034,4.85,99.78776269983223,4.8582710061294545,25,,,,,,,,,,,,,,,,,,,,,,,,,,,,,,,,,,,,,,,,,,,,,,,,,,,,,,,,,,,,0,FIRST_UPWARD_CROSSING,charge_timeseries/cycle-065.csv,,,1997101.3872001003,2004955.8235943618,SOC_UPPER_BOUND_NOT_REACHED,SOC_UPPER_BOUND_NOT_REACHED,False,False,3,charge-efficiency-v1
66,virtual,20-40,20.0,40.0,20.0,40.0,100.0,NEGATIVE_PARTICLE_LITHIUM_DELTA_OVER_FROZEN_Q_REF_V1,4.8582710061294545,25,20.0,W10_80_PERCENT_DISCHARGE_WINDOW,14.55,3.0000000000000004,2.99489262366034,4.85,99.78776269983223,4.8582710061294545,25,,,,1.0853337900212616,0.04251665325034465,0.07877040340651095,0.9716542012258911,,,,,0.11370098151932552,0.0,,,8.175913710509186e-06,,,7.0206905885272786e-06,89.52584082053286,100.00197107324509,-3.658932825389982e-05,-0.0033712511846869745,0.0033712511846869745,SOC_UPPER_BOUND_NOT_REACHED,2028518.4663406243,2028873.7238418579,355.2575012334857,0.07969865125782896,1.0056351387634326,92.65676126638719,,,,,,,,,,,,,,,,,,,,,,,,,,,,,1,FIRST_UPWARD_CROSSING,charge_timeseries/cycle-066.csv,,,2028518.4663406243,2036379.7800732022,SOC_UPPER_BOUND_NOT_REACHED,SOC_UPPER_BOUND_NOT_REACHED,False,False,3,charge-efficiency-v1
66,virtual,40-60,40.0,60.0,40.0,60.0,100.0,NEGATIVE_PARTICLE_LITHIUM_DELTA_OVER_FROZEN_Q_REF_V1,4.8582710061294545,25,20.0,W10_80_PERCENT_DISCHARGE_WINDOW,14.55,3.0000000000000004,2.99489262366034,4.85,99.78776269983223,4.8582710061294545,25,,,,0.9605934357792261,0.07877040340651095,0.11502415356267726,0.9716542012258911,,,,,-0.011110714606835895,0.011110714606835895,,,1.1447859241112655e-05,,,1.3424196199193772e-05,101.15145128362164,99.99480017681671,2.5077104730542032e-05,0.0026105846445015186,0.0026105846445015186,SOC_UPPER_BOUND_NOT_REACHED,2028873.7238418579,2029228.587190621,354.8633487634158,0.0,0.9605934357792261,100.0,,,,,,,,,,,,,,,,,,,,,,,,,,,,,1,FIRST_UPWARD_CROSSING,charge_timeseries/cycle-066.csv,,,2028518.4663406243,2036379.7800732022,SOC_UPPER_BOUND_NOT_REACHED,SOC_UPPER_BOUND_NOT_REACHED,False,False,3,charge-efficiency-v1
66,virtual,60-80,60.0,80.0,60.0,80.0,100.0,NEGATIVE_PARTICLE_LITHIUM_DELTA_OVER_FROZEN_Q_REF_V1,4.8582710061294545,25,20.0,W10_80_PERCENT_DISCHARGE_WINDOW,14.55,3.0000000000000004,2.99489262366034,4.85,99.78776269983223,4.8582710061294545,25,,,,0.8830172655517119,0.11502415356267726,0.15127790371884353,0.9716542012258904,,,,,-0.08868683527098131,0.08868683527098131,,,3.336340013158738e-05,,,4.720538303283617e-05,110.03796178535625,99.99434896703049,-3.066918636163152e-05,-0.0034732261257054034,0.0034732261257054034,SOC_UPPER_BOUND_NOT_REACHED,2029228.587190621,2032368.0091272956,3139.4219366744283,0.2214436196844932,0.6615736458672187,74.92193773287835,,,,,,,,,,,,,,,,,,,,,,,,,,,,,1,FIRST_UPWARD_CROSSING,charge_timeseries/cycle-066.csv,,,2028518.4663406243,2036379.7800732022,SOC_UPPER_BOUND_NOT_REACHED,SOC_UPPER_BOUND_NOT_REACHED,False,False,3,charge-efficiency-v1
66,virtual,80-100,80.0,100.0,80.0,,0.0,NEGATIVE_PARTICLE_LITHIUM_DELTA_OVER_FROZEN_Q_REF_V1,4.8582710061294545,25,20.0,W10_80_PERCENT_DISCHARGE_WINDOW,14.55,3.0000000000000004,2.99489262366034,4.85,99.78776269983223,4.8582710061294545,25,,,,,,,,,,,,,,,,,,,,,,,,,,,,,,,,,,,,,,,,,,,,,,,,,,,,,,,,,,,,0,FIRST_UPWARD_CROSSING,charge_timeseries/cycle-066.csv,,,2028518.4663406243,2036379.7800732022,SOC_UPPER_BOUND_NOT_REACHED,SOC_UPPER_BOUND_NOT_REACHED,False,False,3,charge-efficiency-v1
67,virtual,20-40,20.0,40.0,20.0,40.0,100.0,NEGATIVE_PARTICLE_LITHIUM_DELTA_OVER_FROZEN_Q_REF_V1,4.8582710061294545,25,20.0,W10_80_PERCENT_DISCHARGE_WINDOW,14.55,3.0000000000000004,2.99489262366034,4.85,99.78776269983223,4.8582710061294545,25,,,,1.0858014715689592,0.04250854218404998,0.07876229234021627,0.9716542012258907,,,,,0.11417954449206542,0.0,,,8.185049570399831e-06,,,6.984162252442194e-06,89.48727982675062,100.00297238029621,-4.744336081974332e-05,-0.004369432355915737,0.004369432355915737,SOC_UPPER_BOUND_NOT_REACHED,2059942.422770304,2060298.4430440634,356.0202737594756,0.07943924485262399,1.0063622267163352,92.68381495764267,,,,,,,,,,,,,,,,,,,,,,,,,,,,,1,FIRST_UPWARD_CROSSING,charge_timeseries/cycle-067.csv,,,2059942.422770304,2067811.3267924145,SOC_UPPER_BOUND_NOT_REACHED,SOC_UPPER_BOUND_NOT_REACHED,False,False,3,charge-efficiency-v1
67,virtual,40-60,40.0,60.0,40.0,60.0,100.0,NEGATIVE_PARTICLE_LITHIUM_DELTA_OVER_FROZEN_Q_REF_V1,4.8582710061294545,25,20.0,W10_80_PERCENT_DISCHARGE_WINDOW,14.55,3.0000000000000004,2.99489262366034,4.85,99.78776269983223,4.8582710061294545,25,,,,0.9604696255484145,0.07876229234021627,0.11501604249638257,0.9716542012258911,,,,,-0.011219447673816857,0.011219447673816857,,,1.1432761762732342e-05,,,1.333895543603747e-05,101.16449030557217,99.99636927650675,1.0100279141611601e-05,0.0010515979759218815,0.0010515979759218815,SOC_UPPER_BOUND_NOT_REACHED,2060298.4430440634,2060653.9465374846,355.50349342117454,0.0,0.9604696255484145,100.0,,,,,,,,,,,,,,,,,,,,,,,,,,,,,1,FIRST_UPWARD_CROSSING,charge_timeseries/cycle-067.csv,,,2059942.422770304,2067811.3267924145,SOC_UPPER_BOUND_NOT_REACHED,SOC_UPPER_BOUND_NOT_REACHED,False,False,3,charge-efficiency-v1
67,virtual,60-80,60.0,80.0,60.0,80.0,100.0,NEGATIVE_PARTICLE_LITHIUM_DELTA_OVER_FROZEN_Q_REF_V1,4.8582710061294545,25,20.0,W10_80_PERCENT_DISCHARGE_WINDOW,14.55,3.0000000000000004,2.99489262366034,4.85,99.78776269983223,4.8582710061294545,25,,,,0.8826250366751949,0.11501604249638257,0.15126979265254886,0.9716542012258907,,,,,-0.08907853165930268,0.08907853165930268,,,3.323457189538179e-05,,,4.687563918777393e-05,110.08686144753658,99.99440678583142,-3.0743102476415984e-05,-0.0034831441664315054,0.0034831441664315054,SOC_UPPER_BOUND_NOT_REACHED,2060653.9465374846,2063798.3871880516,3144.4406505669504,0.22138939705265925,0.6612356396225356,74.91693665447988,,,,,,,,,,,,,,,,,,,,,,,,,,,,,1,FIRST_UPWARD_CROSSING,charge_timeseries/cycle-067.csv,,,2059942.422770304,2067811.3267924145,SOC_UPPER_BOUND_NOT_REACHED,SOC_UPPER_BOUND_NOT_REACHED,False,False,3,charge-efficiency-v1
67,virtual,80-100,80.0,100.0,80.0,,0.0,NEGATIVE_PARTICLE_LITHIUM_DELTA_OVER_FROZEN_Q_REF_V1,4.8582710061294545,25,20.0,W10_80_PERCENT_DISCHARGE_WINDOW,14.55,3.0000000000000004,2.99489262366034,4.85,99.78776269983223,4.8582710061294545,25,,,,,,,,,,,,,,,,,,,,,,,,,,,,,,,,,,,,,,,,,,,,,,,,,,,,,,,,,,,,0,FIRST_UPWARD_CROSSING,charge_timeseries/cycle-067.csv,,,2059942.422770304,2067811.3267924145,SOC_UPPER_BOUND_NOT_REACHED,SOC_UPPER_BOUND_NOT_REACHED,False,False,3,charge-efficiency-v1
68,virtual,20-40,20.0,40.0,20.0,40.0,100.0,NEGATIVE_PARTICLE_LITHIUM_DELTA_OVER_FROZEN_Q_REF_V1,4.8582710061294545,25,20.0,W10_80_PERCENT_DISCHARGE_WINDOW,14.55,3.0000000000000004,2.99489262366034,4.85,99.78776269983223,4.8582710061294545,25,,,,1.0862732642390631,0.042500501222442665,0.07875425137860896,0.9716542012258909,,,,,0.11464244489569084,0.0,,,8.185191858986127e-06,,,6.948034596374053e-06,89.44841350822868,100.00215248623788,-3.85151089739022e-05,-0.0035456187905795623,0.0035456187905795623,SOC_UPPER_BOUND_NOT_REACHED,2091373.9696639718,2091730.7373600802,356.76769610836396,0.07918246091251782,1.0070908033265453,92.71063152161945,,,,,,,,,,,,,,,,,,,,,,,,,,,,,1,FIRST_UPWARD_CROSSING,charge_timeseries/cycle-068.csv,,,2091373.9696639718,2099250.68611197,SOC_UPPER_BOUND_NOT_REACHED,SOC_UPPER_BOUND_NOT_REACHED,False,False,3,charge-efficiency-v1
68,virtual,40-60,40.0,60.0,40.0,60.0,100.0,NEGATIVE_PARTICLE_LITHIUM_DELTA_OVER_FROZEN_Q_REF_V1,4.8582710061294545,25,20.0,W10_80_PERCENT_DISCHARGE_WINDOW,14.55,3.0000000000000004,2.99489262366034,4.85,99.78776269983223,4.8582710061294545,25,,,,0.9603839929448253,0.07875425137860896,0.11500800153477526,0.9716542012258911,,,,,-0.011326015765280986,0.011326015765280986,,,1.1417539030040766e-05,,,1.3255642281585767e-05,101.17351063364852,99.99418904473364,3.113430290369035e-05,0.003241859832359683,0.003241859832359683,SOC_UPPER_BOUND_NOT_REACHED,2091730.7373600802,2092086.8968773703,356.1595172901527,0.0,0.9603839929448253,100.0,,,,,,,,,,,,,,,,,,,,,,,,,,,,,1,FIRST_UPWARD_CROSSING,charge_timeseries/cycle-068.csv,,,2091373.9696639718,2099250.68611197,SOC_UPPER_BOUND_NOT_REACHED,SOC_UPPER_BOUND_NOT_REACHED,False,False,3,charge-efficiency-v1
68,virtual,60-80,60.0,80.0,60.0,80.0,100.0,NEGATIVE_PARTICLE_LITHIUM_DELTA_OVER_FROZEN_Q_REF_V1,4.8582710061294545,25,20.0,W10_80_PERCENT_DISCHARGE_WINDOW,14.55,3.0000000000000004,2.99489262366034,4.85,99.78776269983223,4.8582710061294545,25,,,,0.882331935007398,0.11500800153477526,0.15126175169094155,0.9716542012258907,,,,,-0.08945757771999634,0.08945757771999634,,,3.3106634214534816e-05,,,4.655335502986441e-05,110.12343117987038,99.98466433140013,5.565151225916942e-05,0.006307321547723738,0.006307321547723738,SOC_UPPER_BOUND_NOT_REACHED,2092086.8968773703,2095236.5436725859,3149.646795215531,0.221336182567457,0.660995752439941,74.914635435291,,,,,,,,,,,,,,,,,,,,,,,,,,,,,1,FIRST_UPWARD_CROSSING,charge_timeseries/cycle-068.csv,,,2091373.9696639718,2099250.68611197,SOC_UPPER_BOUND_NOT_REACHED,SOC_UPPER_BOUND_NOT_REACHED,False,False,3,charge-efficiency-v1
68,virtual,80-100,80.0,100.0,80.0,,0.0,NEGATIVE_PARTICLE_LITHIUM_DELTA_OVER_FROZEN_Q_REF_V1,4.8582710061294545,25,20.0,W10_80_PERCENT_DISCHARGE_WINDOW,14.55,3.0000000000000004,2.99489262366034,4.85,99.78776269983223,4.8582710061294545,25,,,,,,,,,,,,,,,,,,,,,,,,,,,,,,,,,,,,,,,,,,,,,,,,,,,,,,,,,,,,0,FIRST_UPWARD_CROSSING,charge_timeseries/cycle-068.csv,,,2091373.9696639718,2099250.68611197,SOC_UPPER_BOUND_NOT_REACHED,SOC_UPPER_BOUND_NOT_REACHED,False,False,3,charge-efficiency-v1
69,virtual,20-40,20.0,40.0,20.0,40.0,100.0,NEGATIVE_PARTICLE_LITHIUM_DELTA_OVER_FROZEN_Q_REF_V1,4.8582710061294545,25,20.0,W10_80_PERCENT_DISCHARGE_WINDOW,14.55,3.0000000000000004,2.99489262366034,4.85,99.78776269983223,4.8582710061294545,25,,,,1.0868906022288063,0.042492518483691386,0.07874626863985769,0.9716542012258911,,,,,0.11525212509749036,0.0,,,8.198152240431258e-06,,,6.914520863147977e-06,89.39760811560902,100.00144670443767,-3.0836767678676935e-05,-0.002837154688378228,0.002837154688378228,SOC_UPPER_BOUND_NOT_REACHED,2122813.3290767004,2123170.908180492,357.57910379170977,0.07892820958622682,1.0079623926425794,92.73816431714704,,,,,,,,,,,,,,,,,,,,,,,,,,,,,1,FIRST_UPWARD_CROSSING,charge_timeseries/cycle-069.csv,,,2122813.3290767004,2130697.5466106017,SOC_UPPER_BOUND_NOT_REACHED,SOC_UPPER_BOUND_NOT_REACHED,False,False,3,charge-efficiency-v1
69,virtual,40-60,40.0,60.0,40.0,60.0,100.0,NEGATIVE_PARTICLE_LITHIUM_DELTA_OVER_FROZEN_Q_REF_V1,4.8582710061294545,25,20.0,W10_80_PERCENT_DISCHARGE_WINDOW,14.55,3.0000000000000004,2.99489262366034,4.85,99.78776269983223,4.8582710061294545,25,,,,0.9602420049118356,0.07874626863985769,0.11500001879602398,0.9716542012258907,,,,,-0.011460454069930195,0.011460454069930195,,,1.1417835122783104e-05,,,1.3175165516084164e-05,101.18847084960659,99.99497441732103,2.366475523618572e-05,0.0024644574091880612,0.0024644574091880612,SOC_UPPER_BOUND_NOT_REACHED,2123170.908180492,2123527.7521944717,356.8440139797911,0.0,0.9602420049118356,100.0,,,,,,,,,,,,,,,,,,,,,,,,,,,,,1,FIRST_UPWARD_CROSSING,charge_timeseries/cycle-069.csv,,,2122813.3290767004,2130697.5466106017,SOC_UPPER_BOUND_NOT_REACHED,SOC_UPPER_BOUND_NOT_REACHED,False,False,3,charge-efficiency-v1
69,virtual,60-80,60.0,80.0,60.0,80.0,100.0,NEGATIVE_PARTICLE_LITHIUM_DELTA_OVER_FROZEN_Q_REF_V1,4.8582710061294545,25,20.0,W10_80_PERCENT_DISCHARGE_WINDOW,14.55,3.0000000000000004,2.99489262366034,4.85,99.78776269983223,4.8582710061294545,25,,,,0.8817521203803095,0.11500001879602398,0.15125376895219028,0.9716542012258911,,,,,-0.08995061443665707,0.08995061443665707,,,3.301078765466023e-05,,,4.623415600683162e-05,110.19584515507667,99.99449577835384,-3.07113525859215e-05,-0.00348299163405191,0.00348299163405191,SOC_UPPER_BOUND_NOT_REACHED,2123527.7521944717,2126682.2039894955,3154.4517950235445,0.2212862633255532,0.6604658570547562,74.90380139600798,,,,,,,,,,,,,,,,,,,,,,,,,,,,,1,FIRST_UPWARD_CROSSING,charge_timeseries/cycle-069.csv,,,2122813.3290767004,2130697.5466106017,SOC_UPPER_BOUND_NOT_REACHED,SOC_UPPER_BOUND_NOT_REACHED,False,False,3,charge-efficiency-v1
69,virtual,80-100,80.0,100.0,80.0,,0.0,NEGATIVE_PARTICLE_LITHIUM_DELTA_OVER_FROZEN_Q_REF_V1,4.8582710061294545,25,20.0,W10_80_PERCENT_DISCHARGE_WINDOW,14.55,3.0000000000000004,2.99489262366034,4.85,99.78776269983223,4.8582710061294545,25,,,,,,,,,,,,,,,,,,,,,,,,,,,,,,,,,,,,,,,,,,,,,,,,,,,,,,,,,,,,0,FIRST_UPWARD_CROSSING,charge_timeseries/cycle-069.csv,,,2122813.3290767004,2130697.5466106017,SOC_UPPER_BOUND_NOT_REACHED,SOC_UPPER_BOUND_NOT_REACHED,False,False,3,charge-efficiency-v1
70,virtual,20-40,20.0,40.0,20.0,40.0,100.0,NEGATIVE_PARTICLE_LITHIUM_DELTA_OVER_FROZEN_Q_REF_V1,4.8582710061294545,25,20.0,W10_80_PERCENT_DISCHARGE_WINDOW,14.55,3.0000000000000004,2.99489262366034,4.85,99.78776269983223,4.8582710061294545,25,,,,1.0869865907738954,0.04248458112111195,0.07873833127727825,0.9716542012258911,,,,,0.11535084115333814,0.0,,,8.157070977662939e-06,,,6.875956182178511e-06,89.3897136793664,100.0016975007319,-3.348463249364109e-05,-0.003080500971939427,0.003080500971939427,SOC_UPPER_BOUND_NOT_REACHED,2154260.1897479175,2154618.327785786,358.13803786831187,0.07867644154497412,1.0083101492289213,92.76196760725821,,,,,,,,,,,,,,,,,,,,,,,,,,,,,1,FIRST_UPWARD_CROSSING,charge_timeseries/cycle-070.csv,,,2154260.1897479175,2162151.990672281,SOC_UPPER_BOUND_NOT_REACHED,SOC_UPPER_BOUND_NOT_REACHED,False,False,3,charge-efficiency-v1
70,virtual,40-60,40.0,60.0,40.0,60.0,100.0,NEGATIVE_PARTICLE_LITHIUM_DELTA_OVER_FROZEN_Q_REF_V1,4.8582710061294545,25,20.0,W10_80_PERCENT_DISCHARGE_WINDOW,14.55,3.0000000000000004,2.99489262366034,4.85,99.78776269983223,4.8582710061294545,25,,,,0.9602123159784087,0.07873833127727825,0.11499208143344455,0.9716542012258911,,,,,-0.011497675423579351,0.011497675423579351,,,1.1367040135032425e-05,,,1.309173714943851e-05,101.19159950951303,99.99418980831962,3.133139881250635e-05,0.003262965730717712,0.003262965730717712,SOC_UPPER_BOUND_NOT_REACHED,2154618.327785786,2154975.7192461547,357.3914603690246,0.0,0.9602123159784087,100.0,,,,,,,,,,,,,,,,,,,,,,,,,,,,,1,FIRST_UPWARD_CROSSING,charge_timeseries/cycle-070.csv,,,2154260.1897479175,2162151.990672281,SOC_UPPER_BOUND_NOT_REACHED,SOC_UPPER_BOUND_NOT_REACHED,False,False,3,charge-efficiency-v1
70,virtual,60-80,60.0,80.0,60.0,80.0,100.0,NEGATIVE_PARTICLE_LITHIUM_DELTA_OVER_FROZEN_Q_REF_V1,4.8582710061294545,25,20.0,W10_80_PERCENT_DISCHARGE_WINDOW,14.55,3.0000000000000004,2.99489262366034,4.85,99.78776269983223,4.8582710061294545,25,,,,0.8816583457136284,0.11499208143344455,0.15124583158961083,0.9716542012258904,,,,,-0.09004392326339089,0.09004392326339089,,,3.281314977250302e-05,,,4.593136192639763e-05,110.20756577077687,99.99454802970305,-3.0676760570003125e-05,-0.003479438573813177,0.003479438573813177,SOC_UPPER_BOUND_NOT_REACHED,2154975.7192461547,2158135.3844802505,3159.6652340957303,0.2212299219090324,0.6604284238045961,74.90752251316066,,,,,,,,,,,,,,,,,,,,,,,,,,,,,1,FIRST_UPWARD_CROSSING,charge_timeseries/cycle-070.csv,,,2154260.1897479175,2162151.990672281,SOC_UPPER_BOUND_NOT_REACHED,SOC_UPPER_BOUND_NOT_REACHED,False,False,3,charge-efficiency-v1
70,virtual,80-100,80.0,100.0,80.0,,0.0,NEGATIVE_PARTICLE_LITHIUM_DELTA_OVER_FROZEN_Q_REF_V1,4.8582710061294545,25,20.0,W10_80_PERCENT_DISCHARGE_WINDOW,14.55,3.0000000000000004,2.99489262366034,4.85,99.78776269983223,4.8582710061294545,25,,,,,,,,,,,,,,,,,,,,,,,,,,,,,,,,,,,,,,,,,,,,,,,,,,,,,,,,,,,,0,FIRST_UPWARD_CROSSING,charge_timeseries/cycle-070.csv,,,2154260.1897479175,2162151.990672281,SOC_UPPER_BOUND_NOT_REACHED,SOC_UPPER_BOUND_NOT_REACHED,False,False,3,charge-efficiency-v1
71,virtual,20-40,20.0,40.0,20.0,40.0,100.0,NEGATIVE_PARTICLE_LITHIUM_DELTA_OVER_FROZEN_Q_REF_V1,4.8582710061294545,25,20.0,W10_80_PERCENT_DISCHARGE_WINDOW,14.55,3.0000000000000004,2.99489262366034,4.85,99.78776269983223,4.8582710061294545,25,,,,1.0872081567024112,0.04247669370054802,0.07873044385671432,0.9716542012258911,,,,,0.11556427706306982,0.0,,,8.132373943361623e-06,,,6.839635893859941e-06,89.37149663896889,100.00094936618034,-2.5293596386921635e-05,-0.0023264722795714784,0.0023264722795714784,SOC_UPPER_BOUND_NOT_REACHED,2185714.6338004437,2186073.396724586,358.76292414220796,0.07842708477095806,1.0087810719314532,92.78637818457565,,,,,,,,,,,,,,,,,,,,,,,,,,,,,1,FIRST_UPWARD_CROSSING,charge_timeseries/cycle-071.csv,,,2185714.6338004437,2193614.1281873216,SOC_UPPER_BOUND_NOT_REACHED,SOC_UPPER_BOUND_NOT_REACHED,False,False,3,charge-efficiency-v1
71,virtual,40-60,40.0,60.0,40.0,60.0,100.0,NEGATIVE_PARTICLE_LITHIUM_DELTA_OVER_FROZEN_Q_REF_V1,4.8582710061294545,25,20.0,W10_80_PERCENT_DISCHARGE_WINDOW,14.55,3.0000000000000004,2.99489262366034,4.85,99.78776269983223,4.8582710061294545,25,,,,0.9601397397577458,0.07873044385671432,0.11498419401288061,0.9716542012258907,,,,,-0.011556235839065704,0.011556235839065704,,,1.1328646288008906e-05,,,1.3011289465229836e-05,101.19924850429065,99.99564913635058,1.74344351675515e-05,0.0018158226813891076,0.0018158226813891076,SOC_UPPER_BOUND_NOT_REACHED,2186073.396724586,2186431.3541405182,357.9574159321068,0.0,0.9601397397577458,100.0,,,,,,,,,,,,,,,,,,,,,,,,,,,,,1,FIRST_UPWARD_CROSSING,charge_timeseries/cycle-071.csv,,,2185714.6338004437,2193614.1281873216,SOC_UPPER_BOUND_NOT_REACHED,SOC_UPPER_BOUND_NOT_REACHED,False,False,3,charge-efficiency-v1
71,virtual,60-80,60.0,80.0,60.0,80.0,100.0,NEGATIVE_PARTICLE_LITHIUM_DELTA_OVER_FROZEN_Q_REF_V1,4.8582710061294545,25,20.0,W10_80_PERCENT_DISCHARGE_WINDOW,14.55,3.0000000000000004,2.99489262366034,4.85,99.78776269983223,4.8582710061294545,25,,,,0.8815432474145741,0.11498419401288061,0.1512379441690469,0.9716542012258907,,,,,-0.09022763342239289,0.09022763342239289,,,3.264318966179902e-05,,,4.563434763144025e-05,110.22195497221465,99.98676416484177,3.84020737831392e-05,0.0043562325383089675,0.0043562325383089675,SOC_UPPER_BOUND_NOT_REACHED,2186431.3541405182,2189596.249042278,3164.8949017602386,0.22117515686155678,0.6603680905530174,74.91045873129556,,,,,,,,,,,,,,,,,,,,,,,,,,,,,1,FIRST_UPWARD_CROSSING,charge_timeseries/cycle-071.csv,,,2185714.6338004437,2193614.1281873216,SOC_UPPER_BOUND_NOT_REACHED,SOC_UPPER_BOUND_NOT_REACHED,False,False,3,charge-efficiency-v1
71,virtual,80-100,80.0,100.0,80.0,,0.0,NEGATIVE_PARTICLE_LITHIUM_DELTA_OVER_FROZEN_Q_REF_V1,4.8582710061294545,25,20.0,W10_80_PERCENT_DISCHARGE_WINDOW,14.55,3.0000000000000004,2.99489262366034,4.85,99.78776269983223,4.8582710061294545,25,,,,,,,,,,,,,,,,,,,,,,,,,,,,,,,,,,,,,,,,,,,,,,,,,,,,,,,,,,,,0,FIRST_UPWARD_CROSSING,charge_timeseries/cycle-071.csv,,,2185714.6338004437,2193614.1281873216,SOC_UPPER_BOUND_NOT_REACHED,SOC_UPPER_BOUND_NOT_REACHED,False,False,3,charge-efficiency-v1
72,virtual,20-40,20.0,40.0,20.0,40.0,100.0,NEGATIVE_PARTICLE_LITHIUM_DELTA_OVER_FROZEN_Q_REF_V1,4.8582710061294545,25,20.0,W10_80_PERCENT_DISCHARGE_WINDOW,14.55,3.0000000000000004,2.99489262366034,4.85,99.78776269983223,4.8582710061294545,25,,,,1.041225403207651,0.042468857313542045,0.07872260746970834,0.9716542012258909,,,,,0.06956392222191392,0.0,,,6.982889867227643e-06,,,6.323785161542472e-06,93.31833416977385,99.99930084688448,-6.02691518269971e-06,-0.0005788290570065708,0.0005788290570065708,SOC_UPPER_BOUND_NOT_REACHED,2217176.7714260216,2217518.5317595513,341.760333529653,0.07818015718563821,0.9630452460220126,92.49152422282508,,,,,,,,,,,,,,,,,,,,,,,,,,,,,1,FIRST_UPWARD_CROSSING,charge_timeseries/cycle-072.csv,,,2217176.7714260216,2225014.9160896027,SOC_UPPER_BOUND_NOT_REACHED,SOC_UPPER_BOUND_NOT_REACHED,False,False,3,charge-efficiency-v1
72,virtual,40-60,40.0,60.0,40.0,60.0,100.0,NEGATIVE_PARTICLE_LITHIUM_DELTA_OVER_FROZEN_Q_REF_V1,4.8582710061294545,25,20.0,W10_80_PERCENT_DISCHARGE_WINDOW,14.55,3.0000000000000004,2.99489262366034,4.85,99.78776269983223,4.8582710061294545,25,,,,0.9048105336223774,0.07872260746970834,0.11497635762587465,0.9716542012258911,,,,,-0.06686347484117199,0.06686347484117199,,,9.281479281999377e-07,,,1.1406562664142972e-05,107.38758724833887,99.99781089665491,7.472527065899293e-06,0.0008258664978162103,0.0008258664978162103,SOC_UPPER_BOUND_NOT_REACHED,2217518.5317595513,2217807.843808547,289.31204899577034,0.0,0.9048105336223774,100.0,,,,,,,,,,,,,,,,,,,,,,,,,,,,,1,FIRST_UPWARD_CROSSING,charge_timeseries/cycle-072.csv,,,2217176.7714260216,2225014.9160896027,SOC_UPPER_BOUND_NOT_REACHED,SOC_UPPER_BOUND_NOT_REACHED,False,False,3,charge-efficiency-v1
72,virtual,60-80,60.0,80.0,60.0,80.0,100.0,NEGATIVE_PARTICLE_LITHIUM_DELTA_OVER_FROZEN_Q_REF_V1,4.8582710061294545,25,20.0,W10_80_PERCENT_DISCHARGE_WINDOW,14.55,3.0000000000000004,2.99489262366034,4.85,99.78776269983223,4.8582710061294545,25,,,,0.9794440487760774,0.11497635762587465,0.15123010778204096,0.9716542012258915,,,,,0.0077595878799713944,0.0,,,5.8177113883076115e-06,,,4.848662892434352e-05,99.20466640642515,99.99691052589964,-2.4044670098199994e-05,-0.0024549304402070177,0.0024549304402070177,SOC_UPPER_BOUND_NOT_REACHED,2217807.843808547,2220985.2754176836,3177.431609136669,0.21942753637938456,0.7600165123966928,77.59672574930815,,,,,,,,,,,,,,,,,,,,,,,,,,,,,1,FIRST_UPWARD_CROSSING,charge_timeseries/cycle-072.csv,,,2217176.7714260216,2225014.9160896027,SOC_UPPER_BOUND_NOT_REACHED,SOC_UPPER_BOUND_NOT_REACHED,False,False,3,charge-efficiency-v1
72,virtual,80-100,80.0,100.0,80.0,,0.0,NEGATIVE_PARTICLE_LITHIUM_DELTA_OVER_FROZEN_Q_REF_V1,4.8582710061294545,25,20.0,W10_80_PERCENT_DISCHARGE_WINDOW,14.55,3.0000000000000004,2.99489262366034,4.85,99.78776269983223,4.8582710061294545,25,,,,,,,,,,,,,,,,,,,,,,,,,,,,,,,,,,,,,,,,,,,,,,,,,,,,,,,,,,,,0,FIRST_UPWARD_CROSSING,charge_timeseries/cycle-072.csv,,,2217176.7714260216,2225014.9160896027,SOC_UPPER_BOUND_NOT_REACHED,SOC_UPPER_BOUND_NOT_REACHED,False,False,3,charge-efficiency-v1
73,virtual,20-40,20.0,40.0,20.0,40.0,100.0,NEGATIVE_PARTICLE_LITHIUM_DELTA_OVER_FROZEN_Q_REF_V1,4.8582710061294545,25,20.0,W10_80_PERCENT_DISCHARGE_WINDOW,14.55,3.0000000000000004,2.99489262366034,4.85,99.78776269983223,4.8582710061294545,25,,,,1.087800509240385,0.04246144996935987,0.07871520012552617,0.9716542012258911,,,,,0.11616334766617208,0.0,,,8.110295628797892e-06,,,6.771352024634303e-06,89.32283014873754,100.00156643166953,-3.192129933160537e-05,-0.0029344810064389584,0.0029344810064389584,SOC_UPPER_BOUND_NOT_REACHED,2248577.559481333,2248937.651380709,360.0918993756939,0.07793504454517922,1.0098654646952059,92.83553888023076,,,,,,,,,,,,,,,,,,,,,,,,,,,,,1,FIRST_UPWARD_CROSSING,charge_timeseries/cycle-073.csv,,,2248577.559481333,2256491.664482445,SOC_UPPER_BOUND_NOT_REACHED,SOC_UPPER_BOUND_NOT_REACHED,False,False,3,charge-efficiency-v1
73,virtual,40-60,40.0,60.0,40.0,60.0,100.0,NEGATIVE_PARTICLE_LITHIUM_DELTA_OVER_FROZEN_Q_REF_V1,4.8582710061294545,25,20.0,W10_80_PERCENT_DISCHARGE_WINDOW,14.55,3.0000000000000004,2.99489262366034,4.85,99.78776269983223,4.8582710061294545,25,,,,0.9600020812763121,0.07871520012552617,0.11496895028169246,0.9716542012258907,,,,,-0.011707030913674948,0.011707030913674948,,,1.1271732973433882e-05,,,1.2856705612809827e-05,101.21375986332104,99.99428012030731,3.078252551014238e-05,0.003206506122280209,0.003206506122280209,SOC_UPPER_BOUND_NOT_REACHED,2248937.651380709,2249296.785655667,359.13427495837067,0.0,0.9600020812763121,100.0,,,,,,,,,,,,,,,,,,,,,,,,,,,,,1,FIRST_UPWARD_CROSSING,charge_timeseries/cycle-073.csv,,,2248577.559481333,2256491.664482445,SOC_UPPER_BOUND_NOT_REACHED,SOC_UPPER_BOUND_NOT_REACHED,False,False,3,charge-efficiency-v1
73,virtual,60-80,60.0,80.0,60.0,80.0,100.0,NEGATIVE_PARTICLE_LITHIUM_DELTA_OVER_FROZEN_Q_REF_V1,4.8582710061294545,25,20.0,W10_80_PERCENT_DISCHARGE_WINDOW,14.55,3.0000000000000004,2.99489262366034,4.85,99.78776269983223,4.8582710061294545,25,,,,0.8809762863495358,0.11496895028169246,0.15122270043785876,0.9716542012258911,,,,,-0.0907252317158289,0.0907252317158289,,,3.234645977346316e-05,,,4.504844607625125e-05,110.29288940932717,99.99462904504844,-3.0078066376004742e-05,-0.0034141743474887334,0.0034141743474887334,SOC_UPPER_BOUND_NOT_REACHED,2249296.785655667,2252471.16601476,3174.3803590928183,0.2210562177086903,0.6599200686408455,74.9078129418589,,,,,,,,,,,,,,,,,,,,,,,,,,,,,1,FIRST_UPWARD_CROSSING,charge_timeseries/cycle-073.csv,,,2248577.559481333,2256491.664482445,SOC_UPPER_BOUND_NOT_REACHED,SOC_UPPER_BOUND_NOT_REACHED,False,False,3,charge-efficiency-v1
73,virtual,80-100,80.0,100.0,80.0,,0.0,NEGATIVE_PARTICLE_LITHIUM_DELTA_OVER_FROZEN_Q_REF_V1,4.8582710061294545,25,20.0,W10_80_PERCENT_DISCHARGE_WINDOW,14.55,3.0000000000000004,2.99489262366034,4.85,99.78776269983223,4.8582710061294545,25,,,,,,,,,,,,,,,,,,,,,,,,,,,,,,,,,,,,,,,,,,,,,,,,,,,,,,,,,,,,0,FIRST_UPWARD_CROSSING,charge_timeseries/cycle-073.csv,,,2248577.559481333,2256491.664482445,SOC_UPPER_BOUND_NOT_REACHED,SOC_UPPER_BOUND_NOT_REACHED,False,False,3,charge-efficiency-v1
74,virtual,20-40,20.0,40.0,20.0,40.0,100.0,NEGATIVE_PARTICLE_LITHIUM_DELTA_OVER_FROZEN_Q_REF_V1,4.8582710061294545,25,20.0,W10_80_PERCENT_DISCHARGE_WINDOW,14.55,3.0000000000000004,2.99489262366034,4.85,99.78776269983223,4.8582710061294545,25,,,,1.0901217314798903,0.04245448848845606,0.07870823864462237,0.9716542012258913,,,,,0.11848704281715974,0.0,,,8.274801596057715e-06,,,6.7598534954915745e-06,89.13263291309917,100.00178994350789,-3.4547218252356515e-05,-0.003169115636788295,0.003169115636788295,SOC_UPPER_BOUND_NOT_REACHED,2280054.3079453898,2280416.0098519246,361.7019065350571,0.07769269530628907,1.0124290361736012,92.8730257307303,,,,,,,,,,,,,,,,,,,,,,,,,,,,,1,FIRST_UPWARD_CROSSING,charge_timeseries/cycle-074.csv,,,2280054.3079453898,2287976.7341504265,SOC_UPPER_BOUND_NOT_REACHED,SOC_UPPER_BOUND_NOT_REACHED,False,False,3,charge-efficiency-v1
74,virtual,40-60,40.0,60.0,40.0,60.0,100.0,NEGATIVE_PARTICLE_LITHIUM_DELTA_OVER_FROZEN_Q_REF_V1,4.8582710061294545,25,20.0,W10_80_PERCENT_DISCHARGE_WINDOW,14.55,3.0000000000000004,2.99489262366034,4.85,99.78776269983223,4.8582710061294545,25,,,,0.959523535196752,0.07870823864462237,0.11496198880078866,0.9716542012258907,,,,,-0.012174409058662045,0.012174409058662045,,,1.1448773529933523e-05,,,1.2798363643463928e-05,101.26423850840212,99.99544117179842,1.9495892349952193e-05,0.002031830552853977,0.002031830552853977,SOC_UPPER_BOUND_NOT_REACHED,2280416.0098519246,2280776.36227115,360.3524192254115,0.0,0.959523535196752,100.0,,,,,,,,,,,,,,,,,,,,,,,,,,,,,1,FIRST_UPWARD_CROSSING,charge_timeseries/cycle-074.csv,,,2280054.3079453898,2287976.7341504265,SOC_UPPER_BOUND_NOT_REACHED,SOC_UPPER_BOUND_NOT_REACHED,False,False,3,charge-efficiency-v1
74,virtual,60-80,60.0,80.0,60.0,80.0,100.0,NEGATIVE_PARTICLE_LITHIUM_DELTA_OVER_FROZEN_Q_REF_V1,4.8582710061294545,25,20.0,W10_80_PERCENT_DISCHARGE_WINDOW,14.55,3.0000000000000004,2.99489262366034,4.85,99.78776269983223,4.8582710061294545,25,,,,0.8791631128566392,0.11496198880078866,0.15121573895695498,0.9716542012258915,,,,,-0.09255563732033135,0.09255563732033135,,,3.261037128480214e-05,,,4.4730013360444465e-05,110.52035589490598,99.99265790953521,-1.2791433566250454e-05,-0.0014549556708183104,0.0014549556708183104,SOC_UPPER_BOUND_NOT_REACHED,2280776.36227115,2283955.1574770804,3178.7952059300655,0.22105144064993162,0.6581116722067075,74.85660653667831,,,,,,,,,,,,,,,,,,,,,,,,,,,,,1,FIRST_UPWARD_CROSSING,charge_timeseries/cycle-074.csv,,,2280054.3079453898,2287976.7341504265,SOC_UPPER_BOUND_NOT_REACHED,SOC_UPPER_BOUND_NOT_REACHED,False,False,3,charge-efficiency-v1
74,virtual,80-100,80.0,100.0,80.0,,0.0,NEGATIVE_PARTICLE_LITHIUM_DELTA_OVER_FROZEN_Q_REF_V1,4.8582710061294545,25,20.0,W10_80_PERCENT_DISCHARGE_WINDOW,14.55,3.0000000000000004,2.99489262366034,4.85,99.78776269983223,4.8582710061294545,25,,,,,,,,,,,,,,,,,,,,,,,,,,,,,,,,,,,,,,,,,,,,,,,,,,,,,,,,,,,,0,FIRST_UPWARD_CROSSING,charge_timeseries/cycle-074.csv,,,2280054.3079453898,2287976.7341504265,SOC_UPPER_BOUND_NOT_REACHED,SOC_UPPER_BOUND_NOT_REACHED,False,False,3,charge-efficiency-v1
75,virtual,20-40,20.0,40.0,20.0,40.0,100.0,NEGATIVE_PARTICLE_LITHIUM_DELTA_OVER_FROZEN_Q_REF_V1,4.8582710061294545,25,20.0,W10_80_PERCENT_DISCHARGE_WINDOW,14.55,3.0000000000000004,2.99489262366034,4.85,99.78776269983223,4.8582710061294545,25,,,,1.023449502679703,0.04244677592773215,0.07870052608389844,0.9716542012258907,,,,,0.051797332700955226,0.0,,,6.013446458426677e-06,,,6.115347317127429e-06,94.93914440153652,100.00019847067566,-1.4160040918476113e-05,-0.0013835602910940703,0.0013835602910940703,SOC_UPPER_BOUND_NOT_REACHED,2311539.3777475515,2311877.4048881633,338.02714061177545,0.07745261900930611,0.9459968836703968,92.43219926273727,,,,,,,,,,,,,,,,,,,,,,,,,,,,,1,FIRST_UPWARD_CROSSING,charge_timeseries/cycle-075.csv,,,2311539.3777475515,2319442.2237677444,SOC_UPPER_BOUND_NOT_REACHED,SOC_UPPER_BOUND_NOT_REACHED,False,False,3,charge-efficiency-v1
75,virtual,40-60,40.0,60.0,40.0,60.0,100.0,NEGATIVE_PARTICLE_LITHIUM_DELTA_OVER_FROZEN_Q_REF_V1,4.8582710061294545,25,20.0,W10_80_PERCENT_DISCHARGE_WINDOW,14.55,3.0000000000000004,2.99489262366034,4.85,99.78776269983223,4.8582710061294545,25,,,,0.9711825624934446,0.07870052608389844,0.11495427624006474,0.9716542012258911,,,,,-0.000527543923753461,0.000527543923753461,,,4.962335186936215e-06,,,1.2321528565846507e-05,100.04856334438662,99.99424359605845,3.8621327554055895e-05,0.003976731980740911,0.003976731980740911,SOC_UPPER_BOUND_NOT_REACHED,2311877.4048881633,2312215.9619634445,338.5570752813781,0.0,0.9711825624934446,100.0,,,,,,,,,,,,,,,,,,,,,,,,,,,,,1,FIRST_UPWARD_CROSSING,charge_timeseries/cycle-075.csv,,,2311539.3777475515,2319442.2237677444,SOC_UPPER_BOUND_NOT_REACHED,SOC_UPPER_BOUND_NOT_REACHED,False,False,3,charge-efficiency-v1
75,virtual,60-80,60.0,80.0,60.0,80.0,100.0,NEGATIVE_PARTICLE_LITHIUM_DELTA_OVER_FROZEN_Q_REF_V1,4.8582710061294545,25,20.0,W10_80_PERCENT_DISCHARGE_WINDOW,14.55,3.0000000000000004,2.99489262366034,4.85,99.78776269983223,4.8582710061294545,25,,,,0.932520555183806,0.11495427624006474,0.15120802639623104,0.9716542012258911,,,,,-0.039270489953000004,0.039270489953000004,,,1.8475915044027097e-05,,,4.592182398970024e-05,104.19654514043089,99.98532537324199,7.244617188129077e-05,0.0077688552256106715,0.0077688552256106715,SOC_UPPER_BOUND_NOT_REACHED,2312215.9619634445,2315413.829761719,3197.8677982741924,0.22012843729395284,0.7123921178898532,76.39425360971651,,,,,,,,,,,,,,,,,,,,,,,,,,,,,1,FIRST_UPWARD_CROSSING,charge_timeseries/cycle-075.csv,,,2311539.3777475515,2319442.2237677444,SOC_UPPER_BOUND_NOT_REACHED,SOC_UPPER_BOUND_NOT_REACHED,False,False,3,charge-efficiency-v1
75,virtual,80-100,80.0,100.0,80.0,,0.0,NEGATIVE_PARTICLE_LITHIUM_DELTA_OVER_FROZEN_Q_REF_V1,4.8582710061294545,25,20.0,W10_80_PERCENT_DISCHARGE_WINDOW,14.55,3.0000000000000004,2.99489262366034,4.85,99.78776269983223,4.8582710061294545,25,,,,,,,,,,,,,,,,,,,,,,,,,,,,,,,,,,,,,,,,,,,,,,,,,,,,,,,,,,,,0,FIRST_UPWARD_CROSSING,charge_timeseries/cycle-075.csv,,,2311539.3777475515,2319442.2237677444,SOC_UPPER_BOUND_NOT_REACHED,SOC_UPPER_BOUND_NOT_REACHED,False,False,3,charge-efficiency-v1
