cycle,mode,soc_bin_id,soc_start_pct,soc_end_pct,actual_soc_start_pct,actual_soc_end_pct,soc_coverage_pct,soc_definition,soc_reference_capacity_ah,capacity_reference_node,soc_anchor_pct,soc_anchor_source,configured_charge_current_a,configured_nominal_charge_rate_c,effective_charge_rate_c,nominal_capacity_ah,soh_pct,q_ref_ah,q_ref_node,lli_pct,negative_lam_pct,positive_lam_pct,external_charge_ah,negative_particle_lithium_mol_start,negative_particle_lithium_mol_end,intercalated_charge_increment_ah,total_plating_inventory_start_ah,total_plating_inventory_end_ah,reversible_plating_inventory_start_ah,reversible_plating_inventory_end_ah,reversible_plating_increment_ah,reversible_plating_depletion_ah,dead_lithium_inventory_start_ah,dead_lithium_inventory_end_ah,dead_lithium_increment_ah,sei_inventory_start_ah,sei_inventory_end_ah,sei_increment_ah,useful_charge_efficiency_pct,reversible_retention_pct,charge_balance_error_ah,charge_balance_error_pct,charge_balance_abs_error_pct,charge_balance_status,time_start_s,time_end_s,duration_s,cc_charge_ah,cv_charge_ah,cv_charge_fraction_pct,mean_current_a,mean_voltage_v,maximum_voltage_v,temperature_start_k,temperature_end_k,temperature_mean_k,temperature_max_k,temperature_rise_k,negative_surface_stoichiometry,negative_average_stoichiometry,negative_particle_radial_stoichiometry_gradient,minimum_electrolyte_concentration_mol_m3,negative_reaction_overpotential_v,plating_reaction_overpotential_v,negative_intercalation_current_density_mean_a_m2,negative_intercalation_current_density_max_a_m2,negative_plating_current_density_mean_a_m2,negative_plating_current_density_extreme_a_m2,negative_sei_current_density_mean_a_m2,negative_sei_current_density_max_a_m2,electrolyte_ohmic_loss_mean_v,electrolyte_ohmic_loss_max_v,negative_particle_concentration_overpotential_mean_v,negative_particle_concentration_overpotential_max_v,irreversible_heating_energy_wh,ohmic_heating_energy_wh,reversible_heating_energy_wh,total_heating_energy_wh,soc_crossing_count,soc_crossing_selection_rule,charge_trace_path,trace_start_row,trace_end_row,trace_start_time_s,trace_end_time_s,primary_status,status_flags,is_valid_for_efficiency_analysis,is_valid_for_mechanism_analysis,output_schema_version,charge_efficiency_algorithm_version
1,virtual,20-40,20.0,40.0,20.0,40.0,100.0,NEGATIVE_PARTICLE_LITHIUM_DELTA_OVER_FROZEN_Q_REF_V1,4.868639720756586,0,20.0,INITIAL_SOC_CONFIGURATION,14.55,3.0000000000000004,2.9885144176860416,4.85,100.0,4.868639720756586,0,,,,1.0571467693227858,0.04274926258206297,0.0790803869293887,0.9737279441513169,,,,,0.08342274872900415,0.0,,,1.6440739566235074e-05,,,0.0004685551402935046,92.10905925343673,100.00037114596091,-0.0004889194373949302,-0.04624896481574973,0.04624896481574973,SOC_UPPER_BOUND_NOT_REACHED,0.0,299.5755305561374,299.5755305561374,0.11052120199330136,0.9466255673294844,89.5453303930445,,,,,,,,,,,,,,,,,,,,,,,,,,,,,1,FIRST_UPWARD_CROSSING,charge_timeseries/cycle-001.csv,,,0.0,7406.495947454476,SOC_UPPER_BOUND_NOT_REACHED,SOC_UPPER_BOUND_NOT_REACHED,False,False,3,charge-efficiency-v1
1,virtual,40-60,40.0,60.0,40.0,60.0,100.0,NEGATIVE_PARTICLE_LITHIUM_DELTA_OVER_FROZEN_Q_REF_V1,4.868639720756586,0,20.0,INITIAL_SOC_CONFIGURATION,14.55,3.0000000000000004,2.9885144176860416,4.85,100.0,4.868639720756586,0,,,,0.9695181146336108,0.0790803869293887,0.11541151127671445,0.9737279441513178,,,,,-0.004254697457980766,0.004254697457980766,,,2.49905912273183e-05,,,0.00036745006922186225,100.43421875818152,99.99537214007695,-0.000347572720175382,-0.03585004910472794,0.03585004910472794,SOC_UPPER_BOUND_NOT_REACHED,299.5755305561374,600.3404232087103,300.7648926525729,0.0,0.9695181146336108,100.0,,,,,,,,,,,,,,,,,,,,,,,,,,,,,1,FIRST_UPWARD_CROSSING,charge_timeseries/cycle-001.csv,,,0.0,7406.495947454476,SOC_UPPER_BOUND_NOT_REACHED,SOC_UPPER_BOUND_NOT_REACHED,False,False,3,charge-efficiency-v1
1,virtual,60-80,60.0,80.0,60.0,80.0,100.0,NEGATIVE_PARTICLE_LITHIUM_DELTA_OVER_FROZEN_Q_REF_V1,4.868639720756586,0,20.0,INITIAL_SOC_CONFIGURATION,14.55,3.0000000000000004,2.9885144176860416,4.85,100.0,4.868639720756586,0,,,,0.9104323175418358,0.11541151127671445,0.15174263562404017,0.9737279441513167,,,,,-0.06346905658768529,0.06346905658768529,,,9.116929571269026e-05,,,0.0007886566766020254,106.95226052392107,99.98095081041579,-0.0007063959941102649,-0.07758907285030607,0.07758907285030607,SOC_UPPER_BOUND_NOT_REACHED,600.3404232087103,3397.540806466066,2797.2003832573555,0.21723059612478057,0.6932017214170553,76.13984126669598,,,,,,,,,,,,,,,,,,,,,,,,,,,,,1,FIRST_UPWARD_CROSSING,charge_timeseries/cycle-001.csv,,,0.0,7406.495947454476,SOC_UPPER_BOUND_NOT_REACHED,SOC_UPPER_BOUND_NOT_REACHED,False,False,3,charge-efficiency-v1
1,virtual,80-100,80.0,100.0,80.0,,0.0,NEGATIVE_PARTICLE_LITHIUM_DELTA_OVER_FROZEN_Q_REF_V1,4.868639720756586,0,20.0,INITIAL_SOC_CONFIGURATION,14.55,3.0000000000000004,2.9885144176860416,4.85,100.0,4.868639720756586,0,,,,,,,,,,,,,,,,,,,,,,,,,,,,,,,,,,,,,,,,,,,,,,,,,,,,,,,,,,,,0,FIRST_UPWARD_CROSSING,charge_timeseries/cycle-001.csv,,,0.0,7406.495947454476,SOC_UPPER_BOUND_NOT_REACHED,SOC_UPPER_BOUND_NOT_REACHED,False,False,3,charge-efficiency-v1
2,virtual,20-40,20.0,40.0,20.0,40.0,100.0,NEGATIVE_PARTICLE_LITHIUM_DELTA_OVER_FROZEN_Q_REF_V1,4.868639720756586,0,20.0,W10_80_PERCENT_DISCHARGE_WINDOW,14.55,3.0000000000000004,2.9885144176860416,4.85,100.0,4.868639720756586,0,,,,0.9751827900183713,0.0429855345085619,0.07931665885588764,0.9737279441513174,,,,,0.0014466688245932129,0.0,,,8.94431991592089e-06,,,3.309842708014866e-05,99.85081300839748,99.9991614861804,-3.386570453534077e-05,-0.0034727545319685944,0.0034727545319685944,SOC_UPPER_BOUND_NOT_REACHED,31002.87382136241,31275.105921861636,272.23210049922744,0.11504638973044638,0.8601364002879249,88.20258202790075,,,,,,,,,,,,,,,,,,,,,,,,,,,,,1,FIRST_UPWARD_CROSSING,charge_timeseries/cycle-002.csv,,,31002.87382136241,38609.5706058659,SOC_UPPER_BOUND_NOT_REACHED,SOC_UPPER_BOUND_NOT_REACHED,False,False,3,charge-efficiency-v1
2,virtual,40-60,40.0,60.0,40.0,60.0,100.0,NEGATIVE_PARTICLE_LITHIUM_DELTA_OVER_FROZEN_Q_REF_V1,4.868639720756586,0,20.0,W10_80_PERCENT_DISCHARGE_WINDOW,14.55,3.0000000000000004,2.9885144176860416,4.85,100.0,4.868639720756586,0,,,,0.9406417131196071,0.07931665885588764,0.11564778320321337,0.973727944151317,,,,,-0.0331252771310423,0.0331252771310423,,,-7.519795848256918e-06,,,7.083971635277967e-05,103.51741056878932,99.99584899342781,-2.427382117220489e-05,-0.002580559721480091,0.002580559721480091,SOC_UPPER_BOUND_NOT_REACHED,31275.105921861636,31531.97390876977,256.8679869081331,0.0,0.9406417131196071,100.0,,,,,,,,,,,,,,,,,,,,,,,,,,,,,1,FIRST_UPWARD_CROSSING,charge_timeseries/cycle-002.csv,,,31002.87382136241,38609.5706058659,SOC_UPPER_BOUND_NOT_REACHED,SOC_UPPER_BOUND_NOT_REACHED,False,False,3,charge-efficiency-v1
2,virtual,60-80,60.0,80.0,60.0,80.0,100.0,NEGATIVE_PARTICLE_LITHIUM_DELTA_OVER_FROZEN_Q_REF_V1,4.868639720756586,0,20.0,W10_80_PERCENT_DISCHARGE_WINDOW,14.55,3.0000000000000004,2.9885144176860416,4.85,100.0,4.868639720756586,0,,,,0.9946115911006822,0.11564778320321337,0.1519789075505391,0.9737279441513175,,,,,0.020870168158201155,0.0,,,-5.552521339845248e-05,,,0.00031421775077112874,97.90032137809153,99.9986448186122,-0.0002452137462091164,-0.024654221648246807,0.024654221648246807,SOC_UPPER_BOUND_NOT_REACHED,31531.97390876977,34500.92198753023,2968.948078760463,0.19614803009126977,0.7984635610094124,80.27893181154228,,,,,,,,,,,,,,,,,,,,,,,,,,,,,1,FIRST_UPWARD_CROSSING,charge_timeseries/cycle-002.csv,,,31002.87382136241,38609.5706058659,SOC_UPPER_BOUND_NOT_REACHED,SOC_UPPER_BOUND_NOT_REACHED,False,False,3,charge-efficiency-v1
2,virtual,80-100,80.0,100.0,80.0,,0.0,NEGATIVE_PARTICLE_LITHIUM_DELTA_OVER_FROZEN_Q_REF_V1,4.868639720756586,0,20.0,W10_80_PERCENT_DISCHARGE_WINDOW,14.55,3.0000000000000004,2.9885144176860416,4.85,100.0,4.868639720756586,0,,,,,,,,,,,,,,,,,,,,,,,,,,,,,,,,,,,,,,,,,,,,,,,,,,,,,,,,,,,,0,FIRST_UPWARD_CROSSING,charge_timeseries/cycle-002.csv,,,31002.87382136241,38609.5706058659,SOC_UPPER_BOUND_NOT_REACHED,SOC_UPPER_BOUND_NOT_REACHED,False,False,3,charge-efficiency-v1
3,virtual,20-40,20.0,40.0,20.0,40.0,100.0,NEGATIVE_PARTICLE_LITHIUM_DELTA_OVER_FROZEN_Q_REF_V1,4.868639720756586,0,20.0,W10_80_PERCENT_DISCHARGE_WINDOW,14.55,3.0000000000000004,2.9885144176860416,4.85,100.0,4.868639720756586,0,,,,1.0552090581994245,0.042972083284040764,0.0793032076313665,0.9737279441513174,,,,,0.08147799515958423,0.0,,,1.3797184851929977e-05,,,2.8197957915042197e-05,92.27820180134314,99.99970442932624,-3.887625424425778e-05,-0.003684222945412826,0.003684222945412826,SOC_UPPER_BOUND_NOT_REACHED,62205.946533313625,62505.43821760695,299.4916842933203,0.11278124289763028,0.9424278153017942,89.31195273379508,,,,,,,,,,,,,,,,,,,,,,,,,,,,,1,FIRST_UPWARD_CROSSING,charge_timeseries/cycle-003.csv,,,62205.946533313625,69631.40994946951,SOC_UPPER_BOUND_NOT_REACHED,SOC_UPPER_BOUND_NOT_REACHED,False,False,3,charge-efficiency-v1
3,virtual,40-60,40.0,60.0,40.0,60.0,100.0,NEGATIVE_PARTICLE_LITHIUM_DELTA_OVER_FROZEN_Q_REF_V1,4.868639720756586,0,20.0,W10_80_PERCENT_DISCHARGE_WINDOW,14.55,3.0000000000000004,2.9885144176860416,4.85,100.0,4.868639720756586,0,,,,0.9696443832968016,0.0793032076313665,0.11563433197869223,0.973727944151317,,,,,-0.004199008992342254,0.004199008992342254,,,2.125844838170895e-05,,,5.863434772484383e-05,100.42114005143115,99.98809376511475,3.555534172028363e-05,0.0036668434668177085,0.0036668434668177085,SOC_UPPER_BOUND_NOT_REACHED,62505.43821760695,62808.49479788647,303.056580279527,0.0,0.9696443832968016,100.0,,,,,,,,,,,,,,,,,,,,,,,,,,,,,1,FIRST_UPWARD_CROSSING,charge_timeseries/cycle-003.csv,,,62205.946533313625,69631.40994946951,SOC_UPPER_BOUND_NOT_REACHED,SOC_UPPER_BOUND_NOT_REACHED,False,False,3,charge-efficiency-v1
3,virtual,60-80,60.0,80.0,60.0,80.0,100.0,NEGATIVE_PARTICLE_LITHIUM_DELTA_OVER_FROZEN_Q_REF_V1,4.868639720756586,0,20.0,W10_80_PERCENT_DISCHARGE_WINDOW,14.55,3.0000000000000004,2.9885144176860416,4.85,100.0,4.868639720756586,0,,,,0.9122907666171965,0.11563433197869223,0.15196545632601796,0.973727944151317,,,,,-0.06157617950685746,0.06157617950685746,,,7.753082797907129e-05,,,0.0002188329516956489,106.73438554704785,99.98476341339588,-0.00015736180693781687,-0.017249084688352102,0.017249084688352102,SOC_UPPER_BOUND_NOT_REACHED,62808.49479788647,65634.39187347065,2825.8970755841783,0.2239848195902322,0.6883059470269643,75.44808872496044,,,,,,,,,,,,,,,,,,,,,,,,,,,,,1,FIRST_UPWARD_CROSSING,charge_timeseries/cycle-003.csv,,,62205.946533313625,69631.40994946951,SOC_UPPER_BOUND_NOT_REACHED,SOC_UPPER_BOUND_NOT_REACHED,False,False,3,charge-efficiency-v1
3,virtual,80-100,80.0,100.0,80.0,,0.0,NEGATIVE_PARTICLE_LITHIUM_DELTA_OVER_FROZEN_Q_REF_V1,4.868639720756586,0,20.0,W10_80_PERCENT_DISCHARGE_WINDOW,14.55,3.0000000000000004,2.9885144176860416,4.85,100.0,4.868639720756586,0,,,,,,,,,,,,,,,,,,,,,,,,,,,,,,,,,,,,,,,,,,,,,,,,,,,,,,,,,,,,0,FIRST_UPWARD_CROSSING,charge_timeseries/cycle-003.csv,,,62205.946533313625,69631.40994946951,SOC_UPPER_BOUND_NOT_REACHED,SOC_UPPER_BOUND_NOT_REACHED,False,False,3,charge-efficiency-v1
4,virtual,20-40,20.0,40.0,20.0,40.0,100.0,NEGATIVE_PARTICLE_LITHIUM_DELTA_OVER_FROZEN_Q_REF_V1,4.868639720756586,0,20.0,W10_80_PERCENT_DISCHARGE_WINDOW,14.55,3.0000000000000004,2.9885144176860416,4.85,100.0,4.868639720756586,0,,,,1.0241588482285893,0.04295134206656828,0.07928246641389401,0.973727944151317,,,,,0.05041678873733823,0.0,,,1.1352662698630573e-05,,,2.25994725257736e-05,95.0758708803328,99.99862176263395,-1.98367952903844e-05,-0.001936886580113487,0.001936886580113487,SOC_UPPER_BOUND_NOT_REACHED,93227.7929572343,93517.2757261296,289.4827688953026,0.11105428796085096,0.9131045602677383,89.15653678597484,,,,,,,,,,,,,,,,,,,,,,,,,,,,,1,FIRST_UPWARD_CROSSING,charge_timeseries/cycle-004.csv,,,93227.7929572343,100705.0073951592,SOC_UPPER_BOUND_NOT_REACHED,SOC_UPPER_BOUND_NOT_REACHED,False,False,3,charge-efficiency-v1
4,virtual,40-60,40.0,60.0,40.0,60.0,100.0,NEGATIVE_PARTICLE_LITHIUM_DELTA_OVER_FROZEN_Q_REF_V1,4.868639720756586,0,20.0,W10_80_PERCENT_DISCHARGE_WINDOW,14.55,3.0000000000000004,2.9885144176860416,4.85,100.0,4.868639720756586,0,,,,0.9645441391295392,0.07928246641389401,0.11561359076121976,0.9737279441513175,,,,,-0.009263799641472913,0.009263799641472913,,,9.93601538021668e-06,,,4.8356763919489565e-05,100.9521394251658,99.99170648429144,2.1701840394960925e-05,0.00224995824603174,0.00224995824603174,SOC_UPPER_BOUND_NOT_REACHED,93517.2757261296,93805.23372610129,287.9579999716828,0.0,0.9645441391295392,100.0,,,,,,,,,,,,,,,,,,,,,,,,,,,,,1,FIRST_UPWARD_CROSSING,charge_timeseries/cycle-004.csv,,,93227.7929572343,100705.0073951592,SOC_UPPER_BOUND_NOT_REACHED,SOC_UPPER_BOUND_NOT_REACHED,False,False,3,charge-efficiency-v1
4,virtual,60-80,60.0,80.0,60.0,80.0,100.0,NEGATIVE_PARTICLE_LITHIUM_DELTA_OVER_FROZEN_Q_REF_V1,4.868639720756586,0,20.0,W10_80_PERCENT_DISCHARGE_WINDOW,14.55,3.0000000000000004,2.9885144176860416,4.85,100.0,4.868639720756586,0,,,,0.9461615752809139,0.11561359076121976,0.15194471510854551,0.9737279441513178,,,,,-0.027673016170484226,0.027673016170484226,,,4.6874951167259564e-05,,,0.00019283113030226819,102.91349486077148,99.98872842621529,-0.0001330587813891393,-0.014063008355590254,0.014063008355590254,SOC_UPPER_BOUND_NOT_REACHED,93805.23372610129,96699.58918504199,2894.35545894071,0.2218987738377769,0.724262801443137,76.5474756495057,,,,,,,,,,,,,,,,,,,,,,,,,,,,,1,FIRST_UPWARD_CROSSING,charge_timeseries/cycle-004.csv,,,93227.7929572343,100705.0073951592,SOC_UPPER_BOUND_NOT_REACHED,SOC_UPPER_BOUND_NOT_REACHED,False,False,3,charge-efficiency-v1
4,virtual,80-100,80.0,100.0,80.0,,0.0,NEGATIVE_PARTICLE_LITHIUM_DELTA_OVER_FROZEN_Q_REF_V1,4.868639720756586,0,20.0,W10_80_PERCENT_DISCHARGE_WINDOW,14.55,3.0000000000000004,2.9885144176860416,4.85,100.0,4.868639720756586,0,,,,,,,,,,,,,,,,,,,,,,,,,,,,,,,,,,,,,,,,,,,,,,,,,,,,,,,,,,,,0,FIRST_UPWARD_CROSSING,charge_timeseries/cycle-004.csv,,,93227.7929572343,100705.0073951592,SOC_UPPER_BOUND_NOT_REACHED,SOC_UPPER_BOUND_NOT_REACHED,False,False,3,charge-efficiency-v1
5,virtual,20-40,20.0,40.0,20.0,40.0,100.0,NEGATIVE_PARTICLE_LITHIUM_DELTA_OVER_FROZEN_Q_REF_V1,4.868639720756586,0,20.0,W10_80_PERCENT_DISCHARGE_WINDOW,14.55,3.0000000000000004,2.9885144176860416,4.85,100.0,4.868639720756586,0,,,,1.0575498294193917,0.04293299677424435,0.07926412112157008,0.973727944151317,,,,,0.08383011383558212,0.0,,,1.2996571389293013e-05,,,2.1343332786499802e-05,92.07395406473718,100.00077807846765,-4.256847168315758e-05,-0.004025197725815739,0.004025197725815739,SOC_UPPER_BOUND_NOT_REACHED,124301.39138641498,124604.54824494435,303.1568585293775,0.10960787758368895,0.9479419518357026,89.63567724805316,,,,,,,,,,,,,,,,,,,,,,,,,,,,,1,FIRST_UPWARD_CROSSING,charge_timeseries/cycle-005.csv,,,124301.39138641498,131741.333151647,SOC_UPPER_BOUND_NOT_REACHED,SOC_UPPER_BOUND_NOT_REACHED,False,False,3,charge-efficiency-v1
5,virtual,40-60,40.0,60.0,40.0,60.0,100.0,NEGATIVE_PARTICLE_LITHIUM_DELTA_OVER_FROZEN_Q_REF_V1,4.868639720756586,0,20.0,W10_80_PERCENT_DISCHARGE_WINDOW,14.55,3.0000000000000004,2.9885144176860416,4.85,100.0,4.868639720756586,0,,,,0.9691617834707063,0.07926412112157008,0.11559524546889581,0.973727944151317,,,,,-0.0046473151755209025,0.0046473151755209025,,,1.9813807943395165e-05,,,4.420707668815506e-05,100.47114535039329,99.99162632118866,1.7133610278552425e-05,0.0017678792716314636,0.0017678792716314636,SOC_UPPER_BOUND_NOT_REACHED,124604.54824494435,124910.7482944935,306.2000495491475,0.0,0.9691617834707063,100.0,,,,,,,,,,,,,,,,,,,,,,,,,,,,,1,FIRST_UPWARD_CROSSING,charge_timeseries/cycle-005.csv,,,124301.39138641498,131741.333151647,SOC_UPPER_BOUND_NOT_REACHED,SOC_UPPER_BOUND_NOT_REACHED,False,False,3,charge-efficiency-v1
5,virtual,60-80,60.0,80.0,60.0,80.0,100.0,NEGATIVE_PARTICLE_LITHIUM_DELTA_OVER_FROZEN_Q_REF_V1,4.868639720756586,0,20.0,W10_80_PERCENT_DISCHARGE_WINDOW,14.55,3.0000000000000004,2.9885144176860416,4.85,100.0,4.868639720756586,0,,,,0.9100791414236308,0.11559524546889581,0.15192636981622154,0.973727944151317,,,,,-0.06376925554657664,0.06376925554657664,,,7.097280295821509e-05,,,0.00016499975065139075,106.99376568812696,99.98676457756169,-0.00011551973471923827,-0.012693372417978013,0.012693372417978013,SOC_UPPER_BOUND_NOT_REACHED,124910.7482944935,127741.35458969277,2830.606295199264,0.22400439345283796,0.6860747479707928,75.38627320889594,,,,,,,,,,,,,,,,,,,,,,,,,,,,,1,FIRST_UPWARD_CROSSING,charge_timeseries/cycle-005.csv,,,124301.39138641498,131741.333151647,SOC_UPPER_BOUND_NOT_REACHED,SOC_UPPER_BOUND_NOT_REACHED,False,False,3,charge-efficiency-v1
5,virtual,80-100,80.0,100.0,80.0,,0.0,NEGATIVE_PARTICLE_LITHIUM_DELTA_OVER_FROZEN_Q_REF_V1,4.868639720756586,0,20.0,W10_80_PERCENT_DISCHARGE_WINDOW,14.55,3.0000000000000004,2.9885144176860416,4.85,100.0,4.868639720756586,0,,,,,,,,,,,,,,,,,,,,,,,,,,,,,,,,,,,,,,,,,,,,,,,,,,,,,,,,,,,,0,FIRST_UPWARD_CROSSING,charge_timeseries/cycle-005.csv,,,124301.39138641498,131741.333151647,SOC_UPPER_BOUND_NOT_REACHED,SOC_UPPER_BOUND_NOT_REACHED,False,False,3,charge-efficiency-v1
6,virtual,20-40,20.0,40.0,20.0,40.0,100.0,NEGATIVE_PARTICLE_LITHIUM_DELTA_OVER_FROZEN_Q_REF_V1,4.868639720756586,0,20.0,W10_80_PERCENT_DISCHARGE_WINDOW,14.55,3.0000000000000004,2.9885144176860416,4.85,100.0,4.868639720756586,0,,,,0.9749443074371726,0.04291432770688143,0.07924545205420716,0.973727944151317,,,,,0.0012040042348338586,0.0,,,8.137914192689398e-06,,,1.7097199323032677e-05,99.87523766469769,99.99873233261353,-1.2876062494115992e-05,-0.0013206972332566547,0.0013206972332566547,SOC_UPPER_BOUND_NOT_REACHED,155337.71787829115,155615.97414251932,278.2562642281562,0.10834464075929212,0.8665996666778805,88.88709437730891,,,,,,,,,,,,,,,,,,,,,,,,,,,,,1,FIRST_UPWARD_CROSSING,charge_timeseries/cycle-006.csv,,,155337.71787829115,162897.63938100328,SOC_UPPER_BOUND_NOT_REACHED,SOC_UPPER_BOUND_NOT_REACHED,False,False,3,charge-efficiency-v1
6,virtual,40-60,40.0,60.0,40.0,60.0,100.0,NEGATIVE_PARTICLE_LITHIUM_DELTA_OVER_FROZEN_Q_REF_V1,4.868639720756586,0,20.0,W10_80_PERCENT_DISCHARGE_WINDOW,14.55,3.0000000000000004,2.9885144176860416,4.85,100.0,4.868639720756586,0,,,,0.9726388751691797,0.07924545205420716,0.11557657640153289,0.973727944151317,,,,,-0.0011115229282953846,0.0011115229282953846,,,-4.783008313520619e-07,,,3.828648517456047e-05,100.11197053808363,99.99769144060234,-1.535423818510573e-05,-0.0015786165427980688,0.0015786165427980688,SOC_UPPER_BOUND_NOT_REACHED,155615.97414251932,155896.28929709215,280.31515457283655,0.0,0.9726388751691797,100.00000000000001,,,,,,,,,,,,,,,,,,,,,,,,,,,,,1,FIRST_UPWARD_CROSSING,charge_timeseries/cycle-006.csv,,,155337.71787829115,162897.63938100328,SOC_UPPER_BOUND_NOT_REACHED,SOC_UPPER_BOUND_NOT_REACHED,False,False,3,charge-efficiency-v1
6,virtual,60-80,60.0,80.0,60.0,80.0,100.0,NEGATIVE_PARTICLE_LITHIUM_DELTA_OVER_FROZEN_Q_REF_V1,4.868639720756586,0,20.0,W10_80_PERCENT_DISCHARGE_WINDOW,14.55,3.0000000000000004,2.9885144176860416,4.85,100.0,4.868639720756586,0,,,,0.9852415946053791,0.11557657640153289,0.15190770074885862,0.973727944151317,,,,,0.01143707357494543,0.0,,,1.4371353874864418e-05,,,0.00016185547521430955,98.83138810652086,99.99222760391604,-9.964994997246901e-05,-0.010114265426682683,0.010114265426682683,SOC_UPPER_BOUND_NOT_REACHED,155896.28929709215,158883.03497522185,2986.745678129705,0.2196891377266502,0.7655524568787289,77.7020033533356,,,,,,,,,,,,,,,,,,,,,,,,,,,,,1,FIRST_UPWARD_CROSSING,charge_timeseries/cycle-006.csv,,,155337.71787829115,162897.63938100328,SOC_UPPER_BOUND_NOT_REACHED,SOC_UPPER_BOUND_NOT_REACHED,False,False,3,charge-efficiency-v1
6,virtual,80-100,80.0,100.0,80.0,,0.0,NEGATIVE_PARTICLE_LITHIUM_DELTA_OVER_FROZEN_Q_REF_V1,4.868639720756586,0,20.0,W10_80_PERCENT_DISCHARGE_WINDOW,14.55,3.0000000000000004,2.9885144176860416,4.85,100.0,4.868639720756586,0,,,,,,,,,,,,,,,,,,,,,,,,,,,,,,,,,,,,,,,,,,,,,,,,,,,,,,,,,,,,0,FIRST_UPWARD_CROSSING,charge_timeseries/cycle-006.csv,,,155337.71787829115,162897.63938100328,SOC_UPPER_BOUND_NOT_REACHED,SOC_UPPER_BOUND_NOT_REACHED,False,False,3,charge-efficiency-v1
7,virtual,20-40,20.0,40.0,20.0,40.0,100.0,NEGATIVE_PARTICLE_LITHIUM_DELTA_OVER_FROZEN_Q_REF_V1,4.868639720756586,0,20.0,W10_80_PERCENT_DISCHARGE_WINDOW,14.55,3.0000000000000004,2.9885144176860416,4.85,100.0,4.868639720756586,0,,,,1.0597295287525164,0.0428990861341871,0.07923021048151282,0.9737279441513169,,,,,0.08601189522268808,0.0,,,1.2352937562607716e-05,,,1.8136841321649694e-05,91.88457221698464,100.00097294839945,-4.0800400372908996e-05,-0.0038500767663743477,0.0038500767663743477,SOC_UPPER_BOUND_NOT_REACHED,186494.0247197103,186800.24188394178,306.2171642314827,0.10720422375418587,0.9525253049983305,89.88381272338579,,,,,,,,,,,,,,,,,,,,,,,,,,,,,1,FIRST_UPWARD_CROSSING,charge_timeseries/cycle-007.csv,,,186494.0247197103,193947.73883206272,SOC_UPPER_BOUND_NOT_REACHED,SOC_UPPER_BOUND_NOT_REACHED,False,False,3,charge-efficiency-v1
7,virtual,40-60,40.0,60.0,40.0,60.0,100.0,NEGATIVE_PARTICLE_LITHIUM_DELTA_OVER_FROZEN_Q_REF_V1,4.868639720756586,0,20.0,W10_80_PERCENT_DISCHARGE_WINDOW,14.55,3.0000000000000004,2.9885144176860416,4.85,100.0,4.868639720756586,0,,,,0.968742267980593,0.07923021048151282,0.11556133482883856,0.973727944151317,,,,,-0.005036740866514497,0.005036740866514497,,,1.8695175852239667e-05,,,3.739386736082741e-05,100.51465455111368,99.99472876352377,-5.024347422555309e-06,-0.0005186464541315918,0.0005186464541315918,SOC_UPPER_BOUND_NOT_REACHED,186800.24188394178,187109.0909610325,308.84907709070535,0.0,0.968742267980593,100.00000000000001,,,,,,,,,,,,,,,,,,,,,,,,,,,,,1,FIRST_UPWARD_CROSSING,charge_timeseries/cycle-007.csv,,,186494.0247197103,193947.73883206272,SOC_UPPER_BOUND_NOT_REACHED,SOC_UPPER_BOUND_NOT_REACHED,False,False,3,charge-efficiency-v1
7,virtual,60-80,60.0,80.0,60.0,80.0,100.0,NEGATIVE_PARTICLE_LITHIUM_DELTA_OVER_FROZEN_Q_REF_V1,4.868639720756586,0,20.0,W10_80_PERCENT_DISCHARGE_WINDOW,14.55,3.0000000000000004,2.9885144176860416,4.85,100.0,4.868639720756586,0,,,,0.9082750201633192,0.11556133482883856,0.1518924591761643,0.9737279441513178,,,,,-0.06557356402007718,0.06557356402007718,,,6.59903986592929e-05,,,0.00013902092056001895,107.20628912333507,99.98671767588006,-8.437128714078312e-05,-0.00928917841708474,0.00928917841708474,SOC_UPPER_BOUND_NOT_REACHED,187109.0909610325,189945.6662325898,2836.5752715573312,0.22397299762489467,0.6843020225384245,75.34083921138539,,,,,,,,,,,,,,,,,,,,,,,,,,,,,1,FIRST_UPWARD_CROSSING,charge_timeseries/cycle-007.csv,,,186494.0247197103,193947.73883206272,SOC_UPPER_BOUND_NOT_REACHED,SOC_UPPER_BOUND_NOT_REACHED,False,False,3,charge-efficiency-v1
7,virtual,80-100,80.0,100.0,80.0,,0.0,NEGATIVE_PARTICLE_LITHIUM_DELTA_OVER_FROZEN_Q_REF_V1,4.868639720756586,0,20.0,W10_80_PERCENT_DISCHARGE_WINDOW,14.55,3.0000000000000004,2.9885144176860416,4.85,100.0,4.868639720756586,0,,,,,,,,,,,,,,,,,,,,,,,,,,,,,,,,,,,,,,,,,,,,,,,,,,,,,,,,,,,,0,FIRST_UPWARD_CROSSING,charge_timeseries/cycle-007.csv,,,186494.0247197103,193947.73883206272,SOC_UPPER_BOUND_NOT_REACHED,SOC_UPPER_BOUND_NOT_REACHED,False,False,3,charge-efficiency-v1
8,virtual,20-40,20.0,40.0,20.0,40.0,100.0,NEGATIVE_PARTICLE_LITHIUM_DELTA_OVER_FROZEN_Q_REF_V1,4.868639720756586,0,20.0,W10_80_PERCENT_DISCHARGE_WINDOW,14.55,3.0000000000000004,2.9885144176860416,4.85,100.0,4.868639720756586,0,,,,1.0299030894158268,0.04288204003978168,0.07921316438710742,0.9737279441513174,,,,,0.056162711337059,0.0,,,1.050204447150321e-05,,,1.6107300648235054e-05,94.5455892071969,99.9987927089861,-1.4175417669237689e-05,-0.0013763836437541083,0.0013763836437541083,SOC_UPPER_BOUND_NOT_REACHED,217544.12456653512,217839.9807848546,295.856218319464,0.10616712269633245,0.9237359667194943,89.69154245798488,,,,,,,,,,,,,,,,,,,,,,,,,,,,,1,FIRST_UPWARD_CROSSING,charge_timeseries/cycle-008.csv,,,217544.12456653512,225051.59594338102,SOC_UPPER_BOUND_NOT_REACHED,SOC_UPPER_BOUND_NOT_REACHED,False,False,3,charge-efficiency-v1
8,virtual,40-60,40.0,60.0,40.0,60.0,100.0,NEGATIVE_PARTICLE_LITHIUM_DELTA_OVER_FROZEN_Q_REF_V1,4.868639720756586,0,20.0,W10_80_PERCENT_DISCHARGE_WINDOW,14.55,3.0000000000000004,2.9885144176860416,4.85,100.0,4.868639720756586,0,,,,0.9443367419742531,0.07921316438710742,0.11554428873443315,0.973727944151317,,,,,-0.029412400874852935,0.029412400874852935,,,5.685880470656952e-06,,,3.296537386810079e-05,103.11236456982687,99.99775517600378,-1.7452556549724108e-05,-0.001848128509035598,0.001848128509035598,SOC_UPPER_BOUND_NOT_REACHED,217839.9807848546,218117.6203263089,277.63954145432217,0.0,0.9443367419742531,100.0,,,,,,,,,,,,,,,,,,,,,,,,,,,,,1,FIRST_UPWARD_CROSSING,charge_timeseries/cycle-008.csv,,,217544.12456653512,225051.59594338102,SOC_UPPER_BOUND_NOT_REACHED,SOC_UPPER_BOUND_NOT_REACHED,False,False,3,charge-efficiency-v1
8,virtual,60-80,60.0,80.0,60.0,80.0,100.0,NEGATIVE_PARTICLE_LITHIUM_DELTA_OVER_FROZEN_Q_REF_V1,4.868639720756586,0,20.0,W10_80_PERCENT_DISCHARGE_WINDOW,14.55,3.0000000000000004,2.9885144176860416,4.85,100.0,4.868639720756586,0,,,,0.959702254838652,0.11554428873443315,0.1518754130817589,0.9737279441513175,,,,,-0.01411255981031566,0.01411255981031566,,,2.995831584891263e-05,,,0.00013729373305543073,101.46146257778915,99.99094818239593,-8.038155125411617e-05,-0.008375675981675186,0.008375675981675186,SOC_UPPER_BOUND_NOT_REACHED,218117.6203263089,221039.25647100655,2921.6361446976603,0.22118063495770043,0.7385216198809516,76.95320253312461,,,,,,,,,,,,,,,,,,,,,,,,,,,,,1,FIRST_UPWARD_CROSSING,charge_timeseries/cycle-008.csv,,,217544.12456653512,225051.59594338102,SOC_UPPER_BOUND_NOT_REACHED,SOC_UPPER_BOUND_NOT_REACHED,False,False,3,charge-efficiency-v1
8,virtual,80-100,80.0,100.0,80.0,,0.0,NEGATIVE_PARTICLE_LITHIUM_DELTA_OVER_FROZEN_Q_REF_V1,4.868639720756586,0,20.0,W10_80_PERCENT_DISCHARGE_WINDOW,14.55,3.0000000000000004,2.9885144176860416,4.85,100.0,4.868639720756586,0,,,,,,,,,,,,,,,,,,,,,,,,,,,,,,,,,,,,,,,,,,,,,,,,,,,,,,,,,,,,0,FIRST_UPWARD_CROSSING,charge_timeseries/cycle-008.csv,,,217544.12456653512,225051.59594338102,SOC_UPPER_BOUND_NOT_REACHED,SOC_UPPER_BOUND_NOT_REACHED,False,False,3,charge-efficiency-v1
9,virtual,20-40,20.0,40.0,20.0,40.0,100.0,NEGATIVE_PARTICLE_LITHIUM_DELTA_OVER_FROZEN_Q_REF_V1,4.868639720756586,0,20.0,W10_80_PERCENT_DISCHARGE_WINDOW,14.55,3.0000000000000004,2.9885144176860416,4.85,100.0,4.868639720756586,0,,,,1.0240608582853357,0.042867078665210195,0.07919820301253593,0.973727944151317,,,,,0.050319881217104935,0.0,,,1.001281603331839e-05,,,1.5116551086604216e-05,95.08496846385722,99.99872732984487,-1.2096450206389164e-05,-0.0011812237630723615,0.0011812237630723615,SOC_UPPER_BOUND_NOT_REACHED,248647.98243374037,248943.15852144026,295.17608769989255,0.10520479104242475,0.9188560672429109,89.72670518639124,,,,,,,,,,,,,,,,,,,,,,,,,,,,,1,FIRST_UPWARD_CROSSING,charge_timeseries/cycle-009.csv,,,248647.98243374037,256186.21188670027,SOC_UPPER_BOUND_NOT_REACHED,SOC_UPPER_BOUND_NOT_REACHED,False,False,3,charge-efficiency-v1
9,virtual,40-60,40.0,60.0,40.0,60.0,100.0,NEGATIVE_PARTICLE_LITHIUM_DELTA_OVER_FROZEN_Q_REF_V1,4.868639720756586,0,20.0,W10_80_PERCENT_DISCHARGE_WINDOW,14.55,3.0000000000000004,2.9885144176860416,4.85,100.0,4.868639720756586,0,,,,0.9282329315351304,0.07919820301253593,0.11552932735986167,0.9737279441513175,,,,,-0.04550612829658032,0.04550612829658032,,,1.7578465572151876e-06,,,3.0195042363245078e-05,104.90124957546448,99.99880249019232,-2.0837208527191287e-05,-0.0022448253901884616,0.0022448253901884616,SOC_UPPER_BOUND_NOT_REACHED,248943.15852144026,249208.0338734517,264.87535201145073,0.0,0.9282329315351304,100.00000000000001,,,,,,,,,,,,,,,,,,,,,,,,,,,,,1,FIRST_UPWARD_CROSSING,charge_timeseries/cycle-009.csv,,,248647.98243374037,256186.21188670027,SOC_UPPER_BOUND_NOT_REACHED,SOC_UPPER_BOUND_NOT_REACHED,False,False,3,charge-efficiency-v1
9,virtual,60-80,60.0,80.0,60.0,80.0,100.0,NEGATIVE_PARTICLE_LITHIUM_DELTA_OVER_FROZEN_Q_REF_V1,4.868639720756586,0,20.0,W10_80_PERCENT_DISCHARGE_WINDOW,14.55,3.0000000000000004,2.9885144176860416,4.85,100.0,4.868639720756586,0,,,,0.9805975942150504,0.11552932735986167,0.1518604517071874,0.973727944151317,,,,,0.0068078408356019625,0.0,,,1.5495314808889596e-05,,,0.00013247616437383168,99.29944249259225,99.99369677954584,-8.61622510512916e-05,-0.008786708386763159,0.008786708386763159,SOC_UPPER_BOUND_NOT_REACHED,249208.0338734517,252169.56486192037,2961.530988468645,0.2200418513345495,0.760555742880501,77.56043328755169,,,,,,,,,,,,,,,,,,,,,,,,,,,,,1,FIRST_UPWARD_CROSSING,charge_timeseries/cycle-009.csv,,,248647.98243374037,256186.21188670027,SOC_UPPER_BOUND_NOT_REACHED,SOC_UPPER_BOUND_NOT_REACHED,False,False,3,charge-efficiency-v1
9,virtual,80-100,80.0,100.0,80.0,,0.0,NEGATIVE_PARTICLE_LITHIUM_DELTA_OVER_FROZEN_Q_REF_V1,4.868639720756586,0,20.0,W10_80_PERCENT_DISCHARGE_WINDOW,14.55,3.0000000000000004,2.9885144176860416,4.85,100.0,4.868639720756586,0,,,,,,,,,,,,,,,,,,,,,,,,,,,,,,,,,,,,,,,,,,,,,,,,,,,,,,,,,,,,0,FIRST_UPWARD_CROSSING,charge_timeseries/cycle-009.csv,,,248647.98243374037,256186.21188670027,SOC_UPPER_BOUND_NOT_REACHED,SOC_UPPER_BOUND_NOT_REACHED,False,False,3,charge-efficiency-v1
10,virtual,20-40,20.0,40.0,20.0,40.0,100.0,NEGATIVE_PARTICLE_LITHIUM_DELTA_OVER_FROZEN_Q_REF_V1,4.868639720756586,0,20.0,W10_80_PERCENT_DISCHARGE_WINDOW,14.55,3.0000000000000004,2.9885144176860416,4.85,100.0,4.868639720756586,0,,,,1.0623285428341567,0.04285334082104735,0.07918446516837309,0.9737279441513174,,,,,0.08858846612864128,0.0,,,1.1578391952890002e-05,,,1.5395305000096005e-05,91.65977424964369,99.9988579282483,-1.4841142755184222e-05,-0.0013970388779717762,0.0013970388779717762,SOC_UPPER_BOUND_NOT_REACHED,279782.59877351567,280092.69055709575,310.09178358006983,0.10430509638414052,0.9580234464500162,90.18146532090084,,,,,,,,,,,,,,,,,,,,,,,,,,,,,1,FIRST_UPWARD_CROSSING,charge_timeseries/cycle-010.csv,,,279782.59877351567,287256.68846834975,SOC_UPPER_BOUND_NOT_REACHED,SOC_UPPER_BOUND_NOT_REACHED,False,False,3,charge-efficiency-v1
10,virtual,40-60,40.0,60.0,40.0,60.0,100.0,NEGATIVE_PARTICLE_LITHIUM_DELTA_OVER_FROZEN_Q_REF_V1,4.868639720756586,0,20.0,W10_80_PERCENT_DISCHARGE_WINDOW,14.55,3.0000000000000004,2.9885144176860416,4.85,100.0,4.868639720756586,0,,,,0.9683181926284515,0.07918446516837309,0.11551558951569882,0.973727944151317,,,,,-0.005518508506430042,0.005518508506430042,,,1.738751747812784e-05,,,3.155060376714737e-05,100.55867498556245,99.98876846635821,5.9818862319316324e-05,0.006177603888339741,0.006177603888339741,SOC_UPPER_BOUND_NOT_REACHED,280092.69055709575,280405.0197663451,312.3292092493596,0.0,0.9683181926284515,100.0,,,,,,,,,,,,,,,,,,,,,,,,,,,,,1,FIRST_UPWARD_CROSSING,charge_timeseries/cycle-010.csv,,,279782.59877351567,287256.68846834975,SOC_UPPER_BOUND_NOT_REACHED,SOC_UPPER_BOUND_NOT_REACHED,False,False,3,charge-efficiency-v1
10,virtual,60-80,60.0,80.0,60.0,80.0,100.0,NEGATIVE_PARTICLE_LITHIUM_DELTA_OVER_FROZEN_Q_REF_V1,4.868639720756586,0,20.0,W10_80_PERCENT_DISCHARGE_WINDOW,14.55,3.0000000000000004,2.9885144176860416,4.85,100.0,4.868639720756586,0,,,,0.9061242639150647,0.11551558951569882,0.15184671386302456,0.9737279441513175,,,,,-0.06770855555023898,0.06770855555023898,,,6.028390299167878e-05,,,0.00011656996543016503,107.46075156890286,99.98842594573804,-7.197855443563661e-05,-0.007943563295021034,0.007943563295021034,SOC_UPPER_BOUND_NOT_REACHED,280405.0197663451,283252.4895542193,2847.4697878741886,0.22386409435532087,0.6822601695597439,75.29432735990561,,,,,,,,,,,,,,,,,,,,,,,,,,,,,1,FIRST_UPWARD_CROSSING,charge_timeseries/cycle-010.csv,,,279782.59877351567,287256.68846834975,SOC_UPPER_BOUND_NOT_REACHED,SOC_UPPER_BOUND_NOT_REACHED,False,False,3,charge-efficiency-v1
10,virtual,80-100,80.0,100.0,80.0,,0.0,NEGATIVE_PARTICLE_LITHIUM_DELTA_OVER_FROZEN_Q_REF_V1,4.868639720756586,0,20.0,W10_80_PERCENT_DISCHARGE_WINDOW,14.55,3.0000000000000004,2.9885144176860416,4.85,100.0,4.868639720756586,0,,,,,,,,,,,,,,,,,,,,,,,,,,,,,,,,,,,,,,,,,,,,,,,,,,,,,,,,,,,,0,FIRST_UPWARD_CROSSING,charge_timeseries/cycle-010.csv,,,279782.59877351567,287256.68846834975,SOC_UPPER_BOUND_NOT_REACHED,SOC_UPPER_BOUND_NOT_REACHED,False,False,3,charge-efficiency-v1
11,virtual,20-40,20.0,40.0,20.0,40.0,100.0,NEGATIVE_PARTICLE_LITHIUM_DELTA_OVER_FROZEN_Q_REF_V1,4.868639720756586,0,20.0,W10_80_PERCENT_DISCHARGE_WINDOW,14.55,3.0000000000000004,2.9885144176860416,4.85,100.0,4.868639720756586,0,,,,1.0634992868258701,0.042837938826087864,0.07916906317341359,0.9737279441513169,,,,,0.08977989823332724,0.0,,,1.143367189872387e-05,,,1.4763689234141217e-05,91.5588713799249,100.00080447245054,-3.475291990695517e-05,-0.003267789676726447,0.003267789676726447,SOC_UPPER_BOUND_NOT_REACHED,310853.0755165048,311164.50417847536,311.42866197051694,0.1034633844201009,0.9600359024057692,90.27141948266852,,,,,,,,,,,,,,,,,,,,,,,,,,,,,1,FIRST_UPWARD_CROSSING,charge_timeseries/cycle-011.csv,,,310853.0755165048,318333.2186949806,SOC_UPPER_BOUND_NOT_REACHED,SOC_UPPER_BOUND_NOT_REACHED,False,False,3,charge-efficiency-v1
11,virtual,40-60,40.0,60.0,40.0,60.0,100.0,NEGATIVE_PARTICLE_LITHIUM_DELTA_OVER_FROZEN_Q_REF_V1,4.868639720756586,0,20.0,W10_80_PERCENT_DISCHARGE_WINDOW,14.55,3.0000000000000004,2.9885144176860416,4.85,100.0,4.868639720756586,0,,,,0.9680461296758485,0.07916906317341359,0.11550018752073933,0.9737279441513175,,,,,-0.0057302513917976,0.0057302513917976,,,1.711335738165858e-05,,,3.0185681489854413e-05,100.5869363350868,99.99499642477319,1.1378774571468853e-06,0.00011754372258354104,0.00011754372258354104,SOC_UPPER_BOUND_NOT_REACHED,311164.50417847536,311477.9851592325,313.4809807571579,0.0,0.9680461296758485,100.0,,,,,,,,,,,,,,,,,,,,,,,,,,,,,1,FIRST_UPWARD_CROSSING,charge_timeseries/cycle-011.csv,,,310853.0755165048,318333.2186949806,SOC_UPPER_BOUND_NOT_REACHED,SOC_UPPER_BOUND_NOT_REACHED,False,False,3,charge-efficiency-v1
11,virtual,60-80,60.0,80.0,60.0,80.0,100.0,NEGATIVE_PARTICLE_LITHIUM_DELTA_OVER_FROZEN_Q_REF_V1,4.868639720756586,0,20.0,W10_80_PERCENT_DISCHARGE_WINDOW,14.55,3.0000000000000004,2.9885144176860416,4.85,100.0,4.868639720756586,0,,,,0.9051340126907644,0.11550018752073933,0.15183131186806506,0.973727944151317,,,,,-0.06868523898379014,0.06868523898379014,,,5.8932431654976775e-05,,,0.00011125846710620911,107.5783177406667,99.98991226470807,-7.88833755237528e-05,-0.008715104550015734,0.008715104550015734,SOC_UPPER_BOUND_NOT_REACHED,311477.9851592325,314328.75019021565,2850.765030983147,0.223831861987178,0.6813021507035865,75.27085946955246,,,,,,,,,,,,,,,,,,,,,,,,,,,,,1,FIRST_UPWARD_CROSSING,charge_timeseries/cycle-011.csv,,,310853.0755165048,318333.2186949806,SOC_UPPER_BOUND_NOT_REACHED,SOC_UPPER_BOUND_NOT_REACHED,False,False,3,charge-efficiency-v1
11,virtual,80-100,80.0,100.0,80.0,,0.0,NEGATIVE_PARTICLE_LITHIUM_DELTA_OVER_FROZEN_Q_REF_V1,4.868639720756586,0,20.0,W10_80_PERCENT_DISCHARGE_WINDOW,14.55,3.0000000000000004,2.9885144176860416,4.85,100.0,4.868639720756586,0,,,,,,,,,,,,,,,,,,,,,,,,,,,,,,,,,,,,,,,,,,,,,,,,,,,,,,,,,,,,0,FIRST_UPWARD_CROSSING,charge_timeseries/cycle-011.csv,,,310853.0755165048,318333.2186949806,SOC_UPPER_BOUND_NOT_REACHED,SOC_UPPER_BOUND_NOT_REACHED,False,False,3,charge-efficiency-v1
12,virtual,20-40,20.0,40.0,20.0,40.0,100.0,NEGATIVE_PARTICLE_LITHIUM_DELTA_OVER_FROZEN_Q_REF_V1,4.868639720756586,0,20.0,W10_80_PERCENT_DISCHARGE_WINDOW,14.55,3.0000000000000004,2.9885144176860416,4.85,100.0,4.868639720756586,0,,,,1.0631326642369692,0.04282282163027084,0.07915394597759658,0.9737279441513174,,,,,0.08941441587519414,0.0,,,1.1118282420860201e-05,,,1.4182894500860271e-05,91.59044556778629,100.0009120018478,-3.49969664641403e-05,-0.0032918719969213155,0.0032918719969213155,SOC_UPPER_BOUND_NOT_REACHED,341929.6062884774,342241.76839427644,312.1621057990515,0.10266743886969774,0.9604652253672715,90.34293251224823,,,,,,,,,,,,,,,,,,,,,,,,,,,,,1,FIRST_UPWARD_CROSSING,charge_timeseries/cycle-012.csv,,,341929.6062884774,349416.7525849947,SOC_UPPER_BOUND_NOT_REACHED,SOC_UPPER_BOUND_NOT_REACHED,False,False,3,charge-efficiency-v1
12,virtual,40-60,40.0,60.0,40.0,60.0,100.0,NEGATIVE_PARTICLE_LITHIUM_DELTA_OVER_FROZEN_Q_REF_V1,4.868639720756586,0,20.0,W10_80_PERCENT_DISCHARGE_WINDOW,14.55,3.0000000000000004,2.9885144176860416,4.85,100.0,4.868639720756586,0,,,,0.9680986049168274,0.07915394597759658,0.1154850703249223,0.973727944151317,,,,,-0.005695319257520648,0.005695319257520648,,,1.657915480804211e-05,,,2.897329457212175e-05,100.58148407671482,99.99318457616859,2.0427573650949604e-05,0.002110071592625072,0.002110071592625072,SOC_UPPER_BOUND_NOT_REACHED,342241.76839427644,342555.97667364066,314.20827936421205,0.0,0.9680986049168274,100.0,,,,,,,,,,,,,,,,,,,,,,,,,,,,,1,FIRST_UPWARD_CROSSING,charge_timeseries/cycle-012.csv,,,341929.6062884774,349416.7525849947,SOC_UPPER_BOUND_NOT_REACHED,SOC_UPPER_BOUND_NOT_REACHED,False,False,3,charge-efficiency-v1
12,virtual,60-80,60.0,80.0,60.0,80.0,100.0,NEGATIVE_PARTICLE_LITHIUM_DELTA_OVER_FROZEN_Q_REF_V1,4.868639720756586,0,20.0,W10_80_PERCENT_DISCHARGE_WINDOW,14.55,3.0000000000000004,2.9885144176860416,4.85,100.0,4.868639720756586,0,,,,0.9053977938400233,0.1154850703249223,0.15181619467224805,0.9737279441513175,,,,,-0.06841945641179364,0.06841945641179364,,,5.7024119016286763e-05,,,0.00010672833894997957,107.54697556987504,99.99013625821632,-7.444635746689521e-05,-0.008222502636233428,0.008222502636233428,SOC_UPPER_BOUND_NOT_REACHED,342555.97667364066,345411.8817108026,2855.905037161969,0.22373791841876509,0.6816598754212582,75.288440071205,,,,,,,,,,,,,,,,,,,,,,,,,,,,,1,FIRST_UPWARD_CROSSING,charge_timeseries/cycle-012.csv,,,341929.6062884774,349416.7525849947,SOC_UPPER_BOUND_NOT_REACHED,SOC_UPPER_BOUND_NOT_REACHED,False,False,3,charge-efficiency-v1
12,virtual,80-100,80.0,100.0,80.0,,0.0,NEGATIVE_PARTICLE_LITHIUM_DELTA_OVER_FROZEN_Q_REF_V1,4.868639720756586,0,20.0,W10_80_PERCENT_DISCHARGE_WINDOW,14.55,3.0000000000000004,2.9885144176860416,4.85,100.0,4.868639720756586,0,,,,,,,,,,,,,,,,,,,,,,,,,,,,,,,,,,,,,,,,,,,,,,,,,,,,,,,,,,,,0,FIRST_UPWARD_CROSSING,charge_timeseries/cycle-012.csv,,,341929.6062884774,349416.7525849947,SOC_UPPER_BOUND_NOT_REACHED,SOC_UPPER_BOUND_NOT_REACHED,False,False,3,charge-efficiency-v1
13,virtual,20-40,20.0,40.0,20.0,40.0,100.0,NEGATIVE_PARTICLE_LITHIUM_DELTA_OVER_FROZEN_Q_REF_V1,4.868639720756586,0,20.0,W10_80_PERCENT_DISCHARGE_WINDOW,14.55,3.0000000000000004,2.9885144176860416,4.85,100.0,4.868639720756586,0,,,,1.064842985507479,0.042808117964442685,0.07913924231176843,0.9737279441513175,,,,,0.0911164902262842,0.0,,,1.1039640842010331e-05,,,1.3710473653625113e-05,91.44333553432404,100.0001360642031,-2.6198984618197585e-05,-0.0024603612903278662,0.0024603612903278662,SOC_UPPER_BOUND_NOT_REACHED,373013.1405833408,373326.7541136707,313.61353032990485,0.10191101828359578,0.9629319672238833,90.4294793062822,,,,,,,,,,,,,,,,,,,,,,,,,,,,,1,FIRST_UPWARD_CROSSING,charge_timeseries/cycle-013.csv,,,373013.1405833408,380506.4155602473,SOC_UPPER_BOUND_NOT_REACHED,SOC_UPPER_BOUND_NOT_REACHED,False,False,3,charge-efficiency-v1
13,virtual,40-60,40.0,60.0,40.0,60.0,100.0,NEGATIVE_PARTICLE_LITHIUM_DELTA_OVER_FROZEN_Q_REF_V1,4.868639720756586,0,20.0,W10_80_PERCENT_DISCHARGE_WINDOW,14.55,3.0000000000000004,2.9885144176860416,4.85,100.0,4.868639720756586,0,,,,0.9678027814650022,0.07913924231176843,0.11547036665909415,0.9737279441513167,,,,,-0.00599262348843177,0.00599262348843177,,,1.6468266189439583e-05,,,2.7936068766842154e-05,100.61222831756541,99.99302948871306,2.3056467161053362e-05,0.0023823518182239417,0.0023823518182239417,SOC_UPPER_BOUND_NOT_REACHED,373326.7541136707,373642.2487862238,315.49467255314437,0.0,0.9678027814650022,100.0,,,,,,,,,,,,,,,,,,,,,,,,,,,,,1,FIRST_UPWARD_CROSSING,charge_timeseries/cycle-013.csv,,,373013.1405833408,380506.4155602473,SOC_UPPER_BOUND_NOT_REACHED,SOC_UPPER_BOUND_NOT_REACHED,False,False,3,charge-efficiency-v1
13,virtual,60-80,60.0,80.0,60.0,80.0,100.0,NEGATIVE_PARTICLE_LITHIUM_DELTA_OVER_FROZEN_Q_REF_V1,4.868639720756586,0,20.0,W10_80_PERCENT_DISCHARGE_WINDOW,14.55,3.0000000000000004,2.9885144176860416,4.85,100.0,4.868639720756586,0,,,,0.9040369954326566,0.11547036665909415,0.15180149100641988,0.973727944151317,,,,,-0.06980057183587285,0.06980057183587285,,,5.616739662689602e-05,,,0.00010260306491475732,107.70886026465185,99.98787404522533,-4.9147344329258935e-05,-0.005436430652457741,0.005436430652457741,SOC_UPPER_BOUND_NOT_REACHED,373642.2487862238,376501.4628497635,2859.2140635396886,0.22370839519732227,0.6803286002353343,75.25450879471373,,,,,,,,,,,,,,,,,,,,,,,,,,,,,1,FIRST_UPWARD_CROSSING,charge_timeseries/cycle-013.csv,,,373013.1405833408,380506.4155602473,SOC_UPPER_BOUND_NOT_REACHED,SOC_UPPER_BOUND_NOT_REACHED,False,False,3,charge-efficiency-v1
13,virtual,80-100,80.0,100.0,80.0,,0.0,NEGATIVE_PARTICLE_LITHIUM_DELTA_OVER_FROZEN_Q_REF_V1,4.868639720756586,0,20.0,W10_80_PERCENT_DISCHARGE_WINDOW,14.55,3.0000000000000004,2.9885144176860416,4.85,100.0,4.868639720756586,0,,,,,,,,,,,,,,,,,,,,,,,,,,,,,,,,,,,,,,,,,,,,,,,,,,,,,,,,,,,,0,FIRST_UPWARD_CROSSING,charge_timeseries/cycle-013.csv,,,373013.1405833408,380506.4155602473,SOC_UPPER_BOUND_NOT_REACHED,SOC_UPPER_BOUND_NOT_REACHED,False,False,3,charge-efficiency-v1
14,virtual,20-40,20.0,40.0,20.0,40.0,100.0,NEGATIVE_PARTICLE_LITHIUM_DELTA_OVER_FROZEN_Q_REF_V1,4.868639720756586,0,20.0,W10_80_PERCENT_DISCHARGE_WINDOW,14.55,3.0000000000000004,2.9885144176860416,4.85,100.0,4.868639720756586,0,,,,1.06390391680441,0.04279378921304969,0.07912491356037542,0.973727944151317,,,,,0.09020229231445175,0.0,,,1.0678012681827019e-05,,,1.3242039445984788e-05,91.52404919008575,100.00247387578362,-5.023971348672163e-05,-0.0047222040160942265,0.0047222040160942265,SOC_UPPER_BOUND_NOT_REACHED,404102.80394934415,404416.8760429125,314.0720935683316,0.10118943978738454,0.9627144770170255,90.48885541362404,,,,,,,,,,,,,,,,,,,,,,,,,,,,,1,FIRST_UPWARD_CROSSING,charge_timeseries/cycle-014.csv,,,404102.80394934415,411603.2467928389,SOC_UPPER_BOUND_NOT_REACHED,SOC_UPPER_BOUND_NOT_REACHED,False,False,3,charge-efficiency-v1
14,virtual,40-60,40.0,60.0,40.0,60.0,100.0,NEGATIVE_PARTICLE_LITHIUM_DELTA_OVER_FROZEN_Q_REF_V1,4.868639720756586,0,20.0,W10_80_PERCENT_DISCHARGE_WINDOW,14.55,3.0000000000000004,2.9885144176860416,4.85,100.0,4.868639720756586,0,,,,0.9678993909940853,0.07912491356037542,0.11545603790770115,0.973727944151317,,,,,-0.005865592913812556,0.005865592913812556,,,1.5906115137890968e-05,,,2.6970434046463126e-05,100.60218584818465,99.99617318112549,-5.836792603464147e-06,-0.0006030371191234498,0.0006030371191234498,SOC_UPPER_BOUND_NOT_REACHED,404416.8760429125,404732.9015693677,316.0255264551915,0.0,0.9678993909940853,100.0,,,,,,,,,,,,,,,,,,,,,,,,,,,,,1,FIRST_UPWARD_CROSSING,charge_timeseries/cycle-014.csv,,,404102.80394934415,411603.2467928389,SOC_UPPER_BOUND_NOT_REACHED,SOC_UPPER_BOUND_NOT_REACHED,False,False,3,charge-efficiency-v1
14,virtual,60-80,60.0,80.0,60.0,80.0,100.0,NEGATIVE_PARTICLE_LITHIUM_DELTA_OVER_FROZEN_Q_REF_V1,4.868639720756586,0,20.0,W10_80_PERCENT_DISCHARGE_WINDOW,14.55,3.0000000000000004,2.9885144176860416,4.85,100.0,4.868639720756586,0,,,,0.9047225044197227,0.11545603790770115,0.15178716225502686,0.9737279441513167,,,,,-0.0691000011958364,0.0691000011958364,,,5.4296955184809405e-05,,,9.908061405715027e-05,107.62724917248003,99.98954801458123,-5.8816104999581675e-05,-0.006501010499048608,0.006501010499048608,SOC_UPPER_BOUND_NOT_REACHED,404732.9015693677,407597.8969914884,2864.9954221207595,0.22359384073215033,0.6811286636875724,75.28592030817664,,,,,,,,,,,,,,,,,,,,,,,,,,,,,1,FIRST_UPWARD_CROSSING,charge_timeseries/cycle-014.csv,,,404102.80394934415,411603.2467928389,SOC_UPPER_BOUND_NOT_REACHED,SOC_UPPER_BOUND_NOT_REACHED,False,False,3,charge-efficiency-v1
14,virtual,80-100,80.0,100.0,80.0,,0.0,NEGATIVE_PARTICLE_LITHIUM_DELTA_OVER_FROZEN_Q_REF_V1,4.868639720756586,0,20.0,W10_80_PERCENT_DISCHARGE_WINDOW,14.55,3.0000000000000004,2.9885144176860416,4.85,100.0,4.868639720756586,0,,,,,,,,,,,,,,,,,,,,,,,,,,,,,,,,,,,,,,,,,,,,,,,,,,,,,,,,,,,,0,FIRST_UPWARD_CROSSING,charge_timeseries/cycle-014.csv,,,404102.80394934415,411603.2467928389,SOC_UPPER_BOUND_NOT_REACHED,SOC_UPPER_BOUND_NOT_REACHED,False,False,3,charge-efficiency-v1
15,virtual,20-40,20.0,40.0,20.0,40.0,100.0,NEGATIVE_PARTICLE_LITHIUM_DELTA_OVER_FROZEN_Q_REF_V1,4.868639720756586,0,20.0,W10_80_PERCENT_DISCHARGE_WINDOW,14.55,3.0000000000000004,2.9885144176860416,4.85,100.0,4.868639720756586,0,,,,1.0654160166677697,0.04277983706407987,0.0791109614114056,0.973727944151317,,,,,0.09168275722936409,0.0,,,1.062883618200075e-05,,,1.286575563047565e-05,91.39415298042738,99.99950110689106,-1.8179304723808798e-05,-0.001706310440185327,0.001706310440185327,SOC_UPPER_BOUND_NOT_REACHED,435199.6355988558,435515.06572634116,315.43012748535944,0.10049880636890358,0.9649172102988662,90.56717706542211,,,,,,,,,,,,,,,,,,,,,,,,,,,,,1,FIRST_UPWARD_CROSSING,charge_timeseries/cycle-015.csv,,,435199.6355988558,442706.35793575563,SOC_UPPER_BOUND_NOT_REACHED,SOC_UPPER_BOUND_NOT_REACHED,False,False,3,charge-efficiency-v1
15,virtual,40-60,40.0,60.0,40.0,60.0,100.0,NEGATIVE_PARTICLE_LITHIUM_DELTA_OVER_FROZEN_Q_REF_V1,4.868639720756586,0,20.0,W10_80_PERCENT_DISCHARGE_WINDOW,14.55,3.0000000000000004,2.9885144176860416,4.85,100.0,4.868639720756586,0,,,,0.9676435784901839,0.0791109614114056,0.11544208575873133,0.973727944151317,,,,,-0.006129089950338562,0.006129089950338562,,,1.5800935874617228e-05,,,2.614246071947629e-05,100.62878169156319,99.99537802035795,2.7808926112982135e-06,0.0002873881120192257,0.0002873881120192257,SOC_UPPER_BOUND_NOT_REACHED,435515.06572634116,435832.2613477023,317.19562136114826,0.0,0.9676435784901839,100.0,,,,,,,,,,,,,,,,,,,,,,,,,,,,,1,FIRST_UPWARD_CROSSING,charge_timeseries/cycle-015.csv,,,435199.6355988558,442706.35793575563,SOC_UPPER_BOUND_NOT_REACHED,SOC_UPPER_BOUND_NOT_REACHED,False,False,3,charge-efficiency-v1
15,virtual,60-80,60.0,80.0,60.0,80.0,100.0,NEGATIVE_PARTICLE_LITHIUM_DELTA_OVER_FROZEN_Q_REF_V1,4.868639720756586,0,20.0,W10_80_PERCENT_DISCHARGE_WINDOW,14.55,3.0000000000000004,2.9885144176860416,4.85,100.0,4.868639720756586,0,,,,0.903545461005414,0.11544208575873133,0.15177321010605707,0.9737279441513175,,,,,-0.07030341123578297,0.07030341123578297,,,5.354072341603056e-05,,,9.578698517519191e-05,107.76745456369272,99.98661626945203,-2.8399618711705266e-05,-0.003143131135881507,0.003143131135881507,SOC_UPPER_BOUND_NOT_REACHED,435832.2613477023,438701.0509061385,2868.7895584361963,0.2235494320079654,0.6799960289974486,75.25864036113774,,,,,,,,,,,,,,,,,,,,,,,,,,,,,1,FIRST_UPWARD_CROSSING,charge_timeseries/cycle-015.csv,,,435199.6355988558,442706.35793575563,SOC_UPPER_BOUND_NOT_REACHED,SOC_UPPER_BOUND_NOT_REACHED,False,False,3,charge-efficiency-v1
15,virtual,80-100,80.0,100.0,80.0,,0.0,NEGATIVE_PARTICLE_LITHIUM_DELTA_OVER_FROZEN_Q_REF_V1,4.868639720756586,0,20.0,W10_80_PERCENT_DISCHARGE_WINDOW,14.55,3.0000000000000004,2.9885144176860416,4.85,100.0,4.868639720756586,0,,,,,,,,,,,,,,,,,,,,,,,,,,,,,,,,,,,,,,,,,,,,,,,,,,,,,,,,,,,,0,FIRST_UPWARD_CROSSING,charge_timeseries/cycle-015.csv,,,435199.6355988558,442706.35793575563,SOC_UPPER_BOUND_NOT_REACHED,SOC_UPPER_BOUND_NOT_REACHED,False,False,3,charge-efficiency-v1
16,virtual,20-40,20.0,40.0,20.0,40.0,100.0,NEGATIVE_PARTICLE_LITHIUM_DELTA_OVER_FROZEN_Q_REF_V1,4.868639720756586,0,20.0,W10_80_PERCENT_DISCHARGE_WINDOW,14.55,3.0000000000000004,2.9885144176860416,4.85,100.0,4.868639720756586,0,,,,0.9740030028301219,0.04276616437226169,0.07909728871958743,0.9737279441513175,,,,,0.00026634145088022776,0.0,,,6.373831354044256e-06,,,1.0890391957629059e-05,99.97175997630345,99.99910501015923,-8.546995387548328e-06,-0.0008775122214935337,0.0008775122214935337,SOC_UPPER_BOUND_NOT_REACHED,466302.7470903843,466589.9887474438,287.24165705945273,0.09983589178658331,0.8741671110435386,89.74994004161239,,,,,,,,,,,,,,,,,,,,,,,,,,,,,1,FIRST_UPWARD_CROSSING,charge_timeseries/cycle-016.csv,,,466302.7470903843,473878.7067950578,SOC_UPPER_BOUND_NOT_REACHED,SOC_UPPER_BOUND_NOT_REACHED,False,False,3,charge-efficiency-v1
16,virtual,40-60,40.0,60.0,40.0,60.0,100.0,NEGATIVE_PARTICLE_LITHIUM_DELTA_OVER_FROZEN_Q_REF_V1,4.868639720756586,0,20.0,W10_80_PERCENT_DISCHARGE_WINDOW,14.55,3.0000000000000004,2.9885144176860416,4.85,100.0,4.868639720756586,0,,,,0.9805635665132607,0.07909728871958743,0.11542841306691316,0.973727944151317,,,,,0.006785734087882537,0.0,,,7.706777781970459e-07,,,2.420348487229204e-05,99.3028884005705,99.99491228557079,2.491411141070099e-05,0.0025407951367489505,0.0025407951367489505,SOC_UPPER_BOUND_NOT_REACHED,466589.9887474438,466882.3601950437,292.37144759991594,0.0,0.9805635665132607,100.0,,,,,,,,,,,,,,,,,,,,,,,,,,,,,1,FIRST_UPWARD_CROSSING,charge_timeseries/cycle-016.csv,,,466302.7470903843,473878.7067950578,SOC_UPPER_BOUND_NOT_REACHED,SOC_UPPER_BOUND_NOT_REACHED,False,False,3,charge-efficiency-v1
16,virtual,60-80,60.0,80.0,60.0,80.0,100.0,NEGATIVE_PARTICLE_LITHIUM_DELTA_OVER_FROZEN_Q_REF_V1,4.868639720756586,0,20.0,W10_80_PERCENT_DISCHARGE_WINDOW,14.55,3.0000000000000004,2.9885144176860416,4.85,100.0,4.868639720756586,0,,,,0.9782818984363362,0.11542841306691316,0.1517595374142389,0.973727944151317,,,,,0.004488147215680005,0.0,,,1.3698029477920027e-05,,,9.891339208731656e-05,99.5344946796728,99.99327319973473,-4.680435222614854e-05,-0.004784342049153681,0.004784342049153681,SOC_UPPER_BOUND_NOT_REACHED,466882.3601950437,469860.250583545,2977.8903885013206,0.2203128475653178,0.7579690508710184,77.4796152399977,,,,,,,,,,,,,,,,,,,,,,,,,,,,,1,FIRST_UPWARD_CROSSING,charge_timeseries/cycle-016.csv,,,466302.7470903843,473878.7067950578,SOC_UPPER_BOUND_NOT_REACHED,SOC_UPPER_BOUND_NOT_REACHED,False,False,3,charge-efficiency-v1
16,virtual,80-100,80.0,100.0,80.0,,0.0,NEGATIVE_PARTICLE_LITHIUM_DELTA_OVER_FROZEN_Q_REF_V1,4.868639720756586,0,20.0,W10_80_PERCENT_DISCHARGE_WINDOW,14.55,3.0000000000000004,2.9885144176860416,4.85,100.0,4.868639720756586,0,,,,,,,,,,,,,,,,,,,,,,,,,,,,,,,,,,,,,,,,,,,,,,,,,,,,,,,,,,,,0,FIRST_UPWARD_CROSSING,charge_timeseries/cycle-016.csv,,,466302.7470903843,473878.7067950578,SOC_UPPER_BOUND_NOT_REACHED,SOC_UPPER_BOUND_NOT_REACHED,False,False,3,charge-efficiency-v1
17,virtual,20-40,20.0,40.0,20.0,40.0,100.0,NEGATIVE_PARTICLE_LITHIUM_DELTA_OVER_FROZEN_Q_REF_V1,4.868639720756586,0,20.0,W10_80_PERCENT_DISCHARGE_WINDOW,14.55,3.0000000000000004,2.9885144176860416,4.85,100.0,4.868639720756586,0,,,,1.0663853806157844,0.042754772249630035,0.07908589659695577,0.973727944151317,,,,,0.09267803191224995,0.0,,,1.034539502841247e-05,,,1.2181463956244948e-05,91.31107401238357,100.00193133253296,-4.312230676717377e-05,-0.004043782627840677,0.004043782627840677,SOC_UPPER_BOUND_NOT_REACHED,497475.0958252419,497792.4233375358,317.3275122939435,0.0991958210546822,0.9671895595611022,90.69793876980933,,,,,,,,,,,,,,,,,,,,,,,,,,,,,1,FIRST_UPWARD_CROSSING,charge_timeseries/cycle-017.csv,,,497475.0958252419,504995.21640818915,SOC_UPPER_BOUND_NOT_REACHED,SOC_UPPER_BOUND_NOT_REACHED,False,False,3,charge-efficiency-v1
17,virtual,40-60,40.0,60.0,40.0,60.0,100.0,NEGATIVE_PARTICLE_LITHIUM_DELTA_OVER_FROZEN_Q_REF_V1,4.868639720756586,0,20.0,W10_80_PERCENT_DISCHARGE_WINDOW,14.55,3.0000000000000004,2.9885144176860416,4.85,100.0,4.868639720756586,0,,,,0.9674370626178372,0.07908589659695577,0.1154170209442815,0.973727944151317,,,,,-0.006334890375041535,0.006334890375041535,,,1.5302142722027363e-05,,,2.46781605974071e-05,100.650262614134,99.9954509866055,4.02853824232885e-06,0.0004164134699809642,0.0004164134699809642,SOC_UPPER_BOUND_NOT_REACHED,497792.4233375358,498111.3693370625,318.9459995267098,0.0,0.9674370626178372,100.0,,,,,,,,,,,,,,,,,,,,,,,,,,,,,1,FIRST_UPWARD_CROSSING,charge_timeseries/cycle-017.csv,,,497475.0958252419,504995.21640818915,SOC_UPPER_BOUND_NOT_REACHED,SOC_UPPER_BOUND_NOT_REACHED,False,False,3,charge-efficiency-v1
17,virtual,60-80,60.0,80.0,60.0,80.0,100.0,NEGATIVE_PARTICLE_LITHIUM_DELTA_OVER_FROZEN_Q_REF_V1,4.868639720756586,0,20.0,W10_80_PERCENT_DISCHARGE_WINDOW,14.55,3.0000000000000004,2.9885144176860416,4.85,100.0,4.868639720756586,0,,,,0.9026605767106841,0.1154170209442815,0.1517481452916072,0.9737279441513167,,,,,-0.07114592122166616,0.07114592122166616,,,5.145200044259345e-05,,,9.017113427385245e-05,107.87309973141883,99.99129752832235,-6.306935368283195e-05,-0.00698705087051194,0.00698705087051194,SOC_UPPER_BOUND_NOT_REACHED,498111.3693370625,500989.44415685657,2878.074819794053,0.22340176641240228,0.6792588102982818,75.25074516641865,,,,,,,,,,,,,,,,,,,,,,,,,,,,,1,FIRST_UPWARD_CROSSING,charge_timeseries/cycle-017.csv,,,497475.0958252419,504995.21640818915,SOC_UPPER_BOUND_NOT_REACHED,SOC_UPPER_BOUND_NOT_REACHED,False,False,3,charge-efficiency-v1
17,virtual,80-100,80.0,100.0,80.0,,0.0,NEGATIVE_PARTICLE_LITHIUM_DELTA_OVER_FROZEN_Q_REF_V1,4.868639720756586,0,20.0,W10_80_PERCENT_DISCHARGE_WINDOW,14.55,3.0000000000000004,2.9885144176860416,4.85,100.0,4.868639720756586,0,,,,,,,,,,,,,,,,,,,,,,,,,,,,,,,,,,,,,,,,,,,,,,,,,,,,,,,,,,,,0,FIRST_UPWARD_CROSSING,charge_timeseries/cycle-017.csv,,,497475.0958252419,504995.21640818915,SOC_UPPER_BOUND_NOT_REACHED,SOC_UPPER_BOUND_NOT_REACHED,False,False,3,charge-efficiency-v1
18,virtual,20-40,20.0,40.0,20.0,40.0,100.0,NEGATIVE_PARTICLE_LITHIUM_DELTA_OVER_FROZEN_Q_REF_V1,4.868639720756586,0,20.0,W10_80_PERCENT_DISCHARGE_WINDOW,14.55,3.0000000000000004,2.9885144176860416,4.85,100.0,4.868639720756586,0,,,,1.0007866043450204,0.04274183656446572,0.07907296091179146,0.9737279441513174,,,,,0.027050849632506178,0.0,,,6.606284891488585e-06,,,1.0798854471867625e-05,97.29626075366866,99.99921955777955,-9.594578166627343e-06,-0.0009587036961697401,0.0009587036961697401,SOC_UPPER_BOUND_NOT_REACHED,528591.605645914,528888.4372282948,296.8315823807654,0.09858089540242665,0.9022057089425939,90.14965878096018,,,,,,,,,,,,,,,,,,,,,,,,,,,,,1,FIRST_UPWARD_CROSSING,charge_timeseries/cycle-018.csv,,,528591.605645914,536150.049577151,SOC_UPPER_BOUND_NOT_REACHED,SOC_UPPER_BOUND_NOT_REACHED,False,False,3,charge-efficiency-v1
18,virtual,40-60,40.0,60.0,40.0,60.0,100.0,NEGATIVE_PARTICLE_LITHIUM_DELTA_OVER_FROZEN_Q_REF_V1,4.868639720756586,0,20.0,W10_80_PERCENT_DISCHARGE_WINDOW,14.55,3.0000000000000004,2.9885144176860416,4.85,100.0,4.868639720756586,0,,,,0.9771696767665028,0.07907296091179146,0.11540408525911718,0.9737279441513167,,,,,0.0033872611099205474,0.0,,,4.660738430639633e-06,,,2.321105888624872e-05,99.64778556917823,99.9944255837486,2.6599707948604667e-05,0.0027221176200047737,0.0027221176200047737,SOC_UPPER_BOUND_NOT_REACHED,528888.4372282948,529189.4048492587,300.96762096391495,0.0,0.9771696767665028,100.0,,,,,,,,,,,,,,,,,,,,,,,,,,,,,1,FIRST_UPWARD_CROSSING,charge_timeseries/cycle-018.csv,,,528591.605645914,536150.049577151,SOC_UPPER_BOUND_NOT_REACHED,SOC_UPPER_BOUND_NOT_REACHED,False,False,3,charge-efficiency-v1
18,virtual,60-80,60.0,80.0,60.0,80.0,100.0,NEGATIVE_PARTICLE_LITHIUM_DELTA_OVER_FROZEN_Q_REF_V1,4.868639720756586,0,20.0,W10_80_PERCENT_DISCHARGE_WINDOW,14.55,3.0000000000000004,2.9885144176860416,4.85,100.0,4.868639720756586,0,,,,0.955881182859825,0.11540408525911718,0.15173520960644293,0.9737279441513178,,,,,-0.017916004718313835,0.017916004718313835,,,2.4238916811927802e-05,,,9.153268420683189e-05,101.86704808207422,99.99275606340385,-4.6528174197701944e-05,-0.0048675687974626715,0.0048675687974626715,SOC_UPPER_BOUND_NOT_REACHED,529189.4048492587,532134.8953620474,2945.4905127887046,0.22126934737645754,0.7346118354833675,76.8517937852423,,,,,,,,,,,,,,,,,,,,,,,,,,,,,1,FIRST_UPWARD_CROSSING,charge_timeseries/cycle-018.csv,,,528591.605645914,536150.049577151,SOC_UPPER_BOUND_NOT_REACHED,SOC_UPPER_BOUND_NOT_REACHED,False,False,3,charge-efficiency-v1
18,virtual,80-100,80.0,100.0,80.0,,0.0,NEGATIVE_PARTICLE_LITHIUM_DELTA_OVER_FROZEN_Q_REF_V1,4.868639720756586,0,20.0,W10_80_PERCENT_DISCHARGE_WINDOW,14.55,3.0000000000000004,2.9885144176860416,4.85,100.0,4.868639720756586,0,,,,,,,,,,,,,,,,,,,,,,,,,,,,,,,,,,,,,,,,,,,,,,,,,,,,,,,,,,,,0,FIRST_UPWARD_CROSSING,charge_timeseries/cycle-018.csv,,,528591.605645914,536150.049577151,SOC_UPPER_BOUND_NOT_REACHED,SOC_UPPER_BOUND_NOT_REACHED,False,False,3,charge-efficiency-v1
19,virtual,20-40,20.0,40.0,20.0,40.0,100.0,NEGATIVE_PARTICLE_LITHIUM_DELTA_OVER_FROZEN_Q_REF_V1,4.868639720756586,0,20.0,W10_80_PERCENT_DISCHARGE_WINDOW,14.55,3.0000000000000004,2.9885144176860416,4.85,100.0,4.868639720756586,0,,,,1.0695645960967919,0.0427303837391941,0.07906150808651984,0.9737279441513174,,,,,0.09585684592215375,0.0,,,1.0372676633045412e-05,,,1.1648319830658005e-05,91.03965741805447,100.00188805582692,-4.221497314293998e-05,-0.003946930675996279,0.003946930675996279,SOC_UPPER_BOUND_NOT_REACHED,559746.4389879173,560066.474068452,320.03508053475014,0.09798543764819702,0.9715791584485949,90.83875457304968,,,,,,,,,,,,,,,,,,,,,,,,,,,,,1,FIRST_UPWARD_CROSSING,charge_timeseries/cycle-019.csv,,,559746.4389879173,567279.4315736315,SOC_UPPER_BOUND_NOT_REACHED,SOC_UPPER_BOUND_NOT_REACHED,False,False,3,charge-efficiency-v1
19,virtual,40-60,40.0,60.0,40.0,60.0,100.0,NEGATIVE_PARTICLE_LITHIUM_DELTA_OVER_FROZEN_Q_REF_V1,4.868639720756586,0,20.0,W10_80_PERCENT_DISCHARGE_WINDOW,14.55,3.0000000000000004,2.9885144176860416,4.85,100.0,4.868639720756586,0,,,,0.9668751448348311,0.07906150808651984,0.11539263243384555,0.9737279441513167,,,,,-0.006905120114023375,0.006905120114023375,,,1.5229936511788542e-05,,,2.3485652302226295e-05,100.70875741848305,99.99458867074851,1.3605208723621587e-05,0.0014071319131846885,0.0014071319131846885,SOC_UPPER_BOUND_NOT_REACHED,560066.474068452,560387.7131946159,321.2391261639036,0.0,0.9668751448348311,100.0,,,,,,,,,,,,,,,,,,,,,,,,,,,,,1,FIRST_UPWARD_CROSSING,charge_timeseries/cycle-019.csv,,,559746.4389879173,567279.4315736315,SOC_UPPER_BOUND_NOT_REACHED,SOC_UPPER_BOUND_NOT_REACHED,False,False,3,charge-efficiency-v1
19,virtual,60-80,60.0,80.0,60.0,80.0,100.0,NEGATIVE_PARTICLE_LITHIUM_DELTA_OVER_FROZEN_Q_REF_V1,4.868639720756586,0,20.0,W10_80_PERCENT_DISCHARGE_WINDOW,14.55,3.0000000000000004,2.9885144176860416,4.85,100.0,4.868639720756586,0,,,,0.9000847353166815,0.11539263243384555,0.1517237567811713,0.9737279441513178,,,,,-0.07372080230321743,0.07372080230321743,,,5.046451374130564e-05,,,8.537102637202684e-05,108.18180843926055,99.9913793151315,-5.824207153226624e-05,-0.006470732059662652,0.006470732059662652,SOC_UPPER_BOUND_NOT_REACHED,560387.7131946159,563273.8264774573,2886.113282841436,0.22330660519939036,0.6767781301172912,75.1904908018662,,,,,,,,,,,,,,,,,,,,,,,,,,,,,1,FIRST_UPWARD_CROSSING,charge_timeseries/cycle-019.csv,,,559746.4389879173,567279.4315736315,SOC_UPPER_BOUND_NOT_REACHED,SOC_UPPER_BOUND_NOT_REACHED,False,False,3,charge-efficiency-v1
19,virtual,80-100,80.0,100.0,80.0,,0.0,NEGATIVE_PARTICLE_LITHIUM_DELTA_OVER_FROZEN_Q_REF_V1,4.868639720756586,0,20.0,W10_80_PERCENT_DISCHARGE_WINDOW,14.55,3.0000000000000004,2.9885144176860416,4.85,100.0,4.868639720756586,0,,,,,,,,,,,,,,,,,,,,,,,,,,,,,,,,,,,,,,,,,,,,,,,,,,,,,,,,,,,,0,FIRST_UPWARD_CROSSING,charge_timeseries/cycle-019.csv,,,559746.4389879173,567279.4315736315,SOC_UPPER_BOUND_NOT_REACHED,SOC_UPPER_BOUND_NOT_REACHED,False,False,3,charge-efficiency-v1
20,virtual,20-40,20.0,40.0,20.0,40.0,100.0,NEGATIVE_PARTICLE_LITHIUM_DELTA_OVER_FROZEN_Q_REF_V1,4.868639720756586,0,20.0,W10_80_PERCENT_DISCHARGE_WINDOW,14.55,3.0000000000000004,2.9885144176860416,4.85,100.0,4.868639720756586,0,,,,1.0681875838257566,0.042717837049684744,0.07904896139701048,0.9737279441513174,,,,,0.09447468745144486,0.0,,,1.0014397361680482e-05,,,1.1362468146317722e-05,91.1570176339133,100.00140872045634,-3.642464251352173e-05,-0.003409948127562522,0.003409948127562522,SOC_UPPER_BOUND_NOT_REACHED,590875.8212894724,591196.0095942821,320.1883048097933,0.09740990767968147,0.9707776761460751,90.88082382208525,,,,,,,,,,,,,,,,,,,,,,,,,,,,,1,FIRST_UPWARD_CROSSING,charge_timeseries/cycle-020.csv,,,590875.8212894724,598415.8350622565,SOC_UPPER_BOUND_NOT_REACHED,SOC_UPPER_BOUND_NOT_REACHED,False,False,3,charge-efficiency-v1
20,virtual,40-60,40.0,60.0,40.0,60.0,100.0,NEGATIVE_PARTICLE_LITHIUM_DELTA_OVER_FROZEN_Q_REF_V1,4.868639720756586,0,20.0,W10_80_PERCENT_DISCHARGE_WINDOW,14.55,3.0000000000000004,2.9885144176860416,4.85,100.0,4.868639720756586,0,,,,0.967105899899994,0.07904896139701048,0.1153800857443362,0.9737279441513167,,,,,-0.006696833207908426,0.006696833207908426,,,1.4735629596189948e-05,,,2.2914816724669412e-05,100.68472793434591,99.99226672522694,3.713851026487802e-05,0.003840169961605903,0.003840169961605903,SOC_UPPER_BOUND_NOT_REACHED,591196.0095942821,591517.5883846207,321.57879033858956,0.0,0.967105899899994,100.0,,,,,,,,,,,,,,,,,,,,,,,,,,,,,1,FIRST_UPWARD_CROSSING,charge_timeseries/cycle-020.csv,,,590875.8212894724,598415.8350622565,SOC_UPPER_BOUND_NOT_REACHED,SOC_UPPER_BOUND_NOT_REACHED,False,False,3,charge-efficiency-v1
20,virtual,60-80,60.0,80.0,60.0,80.0,100.0,NEGATIVE_PARTICLE_LITHIUM_DELTA_OVER_FROZEN_Q_REF_V1,4.868639720756586,0,20.0,W10_80_PERCENT_DISCHARGE_WINDOW,14.55,3.0000000000000004,2.9885144176860416,4.85,100.0,4.868639720756586,0,,,,0.9011542650541999,0.1153800857443362,0.15171121009166194,0.9737279441513175,,,,,-0.07264884378636628,0.07264884378636628,,,4.8947921890791276e-05,,,8.337416334147987e-05,108.05341348439966,99.99165906524959,-5.715739598355363e-05,-0.006342687173556893,0.006342687173556893,SOC_UPPER_BOUND_NOT_REACHED,591517.5883846207,594410.0697335985,2892.4813489777343,0.22317781546884502,0.6779764495853549,75.234227465436,,,,,,,,,,,,,,,,,,,,,,,,,,,,,1,FIRST_UPWARD_CROSSING,charge_timeseries/cycle-020.csv,,,590875.8212894724,598415.8350622565,SOC_UPPER_BOUND_NOT_REACHED,SOC_UPPER_BOUND_NOT_REACHED,False,False,3,charge-efficiency-v1
20,virtual,80-100,80.0,100.0,80.0,,0.0,NEGATIVE_PARTICLE_LITHIUM_DELTA_OVER_FROZEN_Q_REF_V1,4.868639720756586,0,20.0,W10_80_PERCENT_DISCHARGE_WINDOW,14.55,3.0000000000000004,2.9885144176860416,4.85,100.0,4.868639720756586,0,,,,,,,,,,,,,,,,,,,,,,,,,,,,,,,,,,,,,,,,,,,,,,,,,,,,,,,,,,,,0,FIRST_UPWARD_CROSSING,charge_timeseries/cycle-020.csv,,,590875.8212894724,598415.8350622565,SOC_UPPER_BOUND_NOT_REACHED,SOC_UPPER_BOUND_NOT_REACHED,False,False,3,charge-efficiency-v1
21,virtual,20-40,20.0,40.0,20.0,40.0,100.0,NEGATIVE_PARTICLE_LITHIUM_DELTA_OVER_FROZEN_Q_REF_V1,4.868639720756586,0,20.0,W10_80_PERCENT_DISCHARGE_WINDOW,14.55,3.0000000000000004,2.9885144176860416,4.85,100.0,4.868639720756586,0,,,,1.0689108946356125,0.04270546784547942,0.07903659219280516,0.9737279441513175,,,,,0.09520666331495428,0.0,,,9.939150574083625e-06,,,1.1132500785281801e-05,91.09533348738648,100.00221841041927,-4.4784482018611627e-05,-0.004189730149011015,0.004189730149011015,SOC_UPPER_BOUND_NOT_REACHED,622012.2252088608,622333.3983340568,321.1731251959795,0.09685220355943513,0.9720586910761773,90.93916957479868,,,,,,,,,,,,,,,,,,,,,,,,,,,,,1,FIRST_UPWARD_CROSSING,charge_timeseries/cycle-021.csv,,,622012.2252088608,629558.7300926347,SOC_UPPER_BOUND_NOT_REACHED,SOC_UPPER_BOUND_NOT_REACHED,False,False,3,charge-efficiency-v1
21,virtual,40-60,40.0,60.0,40.0,60.0,100.0,NEGATIVE_PARTICLE_LITHIUM_DELTA_OVER_FROZEN_Q_REF_V1,4.868639720756586,0,20.0,W10_80_PERCENT_DISCHARGE_WINDOW,14.55,3.0000000000000004,2.9885144176860416,4.85,100.0,4.868639720756586,0,,,,0.9669485228531151,0.07903659219280516,0.11536771654013088,0.9737279441513167,,,,,-0.006839424077557749,0.006839424077557749,,,1.4594542564431903e-05,,,2.2414368008864816e-05,100.70111501677442,99.99379462526308,2.2993868782794635e-05,0.0023779827197985734,0.0023779827197985734,SOC_UPPER_BOUND_NOT_REACHED,622333.3983340568,622655.8615020242,322.4631679673699,0.0,0.9669485228531151,100.0,,,,,,,,,,,,,,,,,,,,,,,,,,,,,1,FIRST_UPWARD_CROSSING,charge_timeseries/cycle-021.csv,,,622012.2252088608,629558.7300926347,SOC_UPPER_BOUND_NOT_REACHED,SOC_UPPER_BOUND_NOT_REACHED,False,False,3,charge-efficiency-v1
21,virtual,60-80,60.0,80.0,60.0,80.0,100.0,NEGATIVE_PARTICLE_LITHIUM_DELTA_OVER_FROZEN_Q_REF_V1,4.868639720756586,0,20.0,W10_80_PERCENT_DISCHARGE_WINDOW,14.55,3.0000000000000004,2.9885144176860416,4.85,100.0,4.868639720756586,0,,,,0.9005542684331714,0.11536771654013088,0.15169884088745664,0.9737279441513178,,,,,-0.0732559613746168,0.0732559613746168,,,4.826860588300064e-05,,,8.143401811435899e-05,108.12540435186183,99.99086277647503,-4.741696752696978e-05,-0.005265309286631681,0.005265309286631681,SOC_UPPER_BOUND_NOT_REACHED,622655.8615020242,625553.1703234336,2897.3088214093927,0.22310030202890227,0.6774539664042691,75.22633450873947,,,,,,,,,,,,,,,,,,,,,,,,,,,,,1,FIRST_UPWARD_CROSSING,charge_timeseries/cycle-021.csv,,,622012.2252088608,629558.7300926347,SOC_UPPER_BOUND_NOT_REACHED,SOC_UPPER_BOUND_NOT_REACHED,False,False,3,charge-efficiency-v1
21,virtual,80-100,80.0,100.0,80.0,,0.0,NEGATIVE_PARTICLE_LITHIUM_DELTA_OVER_FROZEN_Q_REF_V1,4.868639720756586,0,20.0,W10_80_PERCENT_DISCHARGE_WINDOW,14.55,3.0000000000000004,2.9885144176860416,4.85,100.0,4.868639720756586,0,,,,,,,,,,,,,,,,,,,,,,,,,,,,,,,,,,,,,,,,,,,,,,,,,,,,,,,,,,,,0,FIRST_UPWARD_CROSSING,charge_timeseries/cycle-021.csv,,,622012.2252088608,629558.7300926347,SOC_UPPER_BOUND_NOT_REACHED,SOC_UPPER_BOUND_NOT_REACHED,False,False,3,charge-efficiency-v1
22,virtual,20-40,20.0,40.0,20.0,40.0,100.0,NEGATIVE_PARTICLE_LITHIUM_DELTA_OVER_FROZEN_Q_REF_V1,4.868639720756586,0,20.0,W10_80_PERCENT_DISCHARGE_WINDOW,14.55,3.0000000000000004,2.9885144176860416,4.85,100.0,4.868639720756586,0,,,,1.0709951248781029,0.04269328886150641,0.07902441320883215,0.9737279441513174,,,,,0.09726678904484311,0.0,,,1.0028222200491113e-05,,,1.0940855574303326e-05,90.9180556972324,99.99996342822358,-2.057739583238849e-05,-0.0019213342203336864,0.0019213342203336864,SOC_UPPER_BOUND_NOT_REACHED,653155.1200809518,653477.8140455722,322.69396462040805,0.09631052771857708,0.9746845971595257,91.0073794472651,,,,,,,,,,,,,,,,,,,,,,,,,,,,,1,FIRST_UPWARD_CROSSING,charge_timeseries/cycle-022.csv,,,653155.1200809518,660707.9989919683,SOC_UPPER_BOUND_NOT_REACHED,SOC_UPPER_BOUND_NOT_REACHED,False,False,3,charge-efficiency-v1
22,virtual,40-60,40.0,60.0,40.0,60.0,100.0,NEGATIVE_PARTICLE_LITHIUM_DELTA_OVER_FROZEN_Q_REF_V1,4.868639720756586,0,20.0,W10_80_PERCENT_DISCHARGE_WINDOW,14.55,3.0000000000000004,2.9885144176860416,4.85,100.0,4.868639720756586,0,,,,0.9666124555798267,0.07902441320883215,0.11535553755615788,0.973727944151317,,,,,-0.007207670594064644,0.007207670594064644,,,1.4668782000756917e-05,,,2.1968521479970998e-05,100.7361263069202,99.9904633938822,5.554471909363645e-05,0.0057463276800336395,0.0057463276800336395,SOC_UPPER_BOUND_NOT_REACHED,653477.8140455722,653801.5261471155,323.71210154331703,0.0,0.9666124555798267,100.0,,,,,,,,,,,,,,,,,,,,,,,,,,,,,1,FIRST_UPWARD_CROSSING,charge_timeseries/cycle-022.csv,,,653155.1200809518,660707.9989919683,SOC_UPPER_BOUND_NOT_REACHED,SOC_UPPER_BOUND_NOT_REACHED,False,False,3,charge-efficiency-v1
22,virtual,60-80,60.0,80.0,60.0,80.0,100.0,NEGATIVE_PARTICLE_LITHIUM_DELTA_OVER_FROZEN_Q_REF_V1,4.868639720756586,0,20.0,W10_80_PERCENT_DISCHARGE_WINDOW,14.55,3.0000000000000004,2.9885144176860416,4.85,100.0,4.868639720756586,0,,,,0.8989048537009183,0.11535553755615788,0.15168666190348362,0.9737279441513175,,,,,-0.07491443815383572,0.07491443815383572,,,4.8098885341249856e-05,,,7.957329938736851e-05,108.32380536631234,99.98983788962086,-3.632448129209376e-05,-0.004040970648065892,0.004040970648065892,SOC_UPPER_BOUND_NOT_REACHED,653801.5261471155,656702.8367976041,2901.3106504885195,0.2230531439919245,0.6758517097089939,75.18612308370756,,,,,,,,,,,,,,,,,,,,,,,,,,,,,1,FIRST_UPWARD_CROSSING,charge_timeseries/cycle-022.csv,,,653155.1200809518,660707.9989919683,SOC_UPPER_BOUND_NOT_REACHED,SOC_UPPER_BOUND_NOT_REACHED,False,False,3,charge-efficiency-v1
22,virtual,80-100,80.0,100.0,80.0,,0.0,NEGATIVE_PARTICLE_LITHIUM_DELTA_OVER_FROZEN_Q_REF_V1,4.868639720756586,0,20.0,W10_80_PERCENT_DISCHARGE_WINDOW,14.55,3.0000000000000004,2.9885144176860416,4.85,100.0,4.868639720756586,0,,,,,,,,,,,,,,,,,,,,,,,,,,,,,,,,,,,,,,,,,,,,,,,,,,,,,,,,,,,,0,FIRST_UPWARD_CROSSING,charge_timeseries/cycle-022.csv,,,653155.1200809518,660707.9989919683,SOC_UPPER_BOUND_NOT_REACHED,SOC_UPPER_BOUND_NOT_REACHED,False,False,3,charge-efficiency-v1
23,virtual,20-40,20.0,40.0,20.0,40.0,100.0,NEGATIVE_PARTICLE_LITHIUM_DELTA_OVER_FROZEN_Q_REF_V1,4.868639720756586,0,20.0,W10_80_PERCENT_DISCHARGE_WINDOW,14.55,3.0000000000000004,2.9885144176860416,4.85,100.0,4.868639720756586,0,,,,1.0707849808511898,0.04268129259522591,0.07901241694255165,0.9737279441513174,,,,,0.0970746885747033,0.0,,,9.862054973837787e-06,,,1.0725953722659498e-05,90.93589857576077,100.00164849854514,-3.8239883527468876e-05,-0.003571200961099695,0.003571200961099695,SOC_UPPER_BOUND_NOT_REACHED,684304.3891585812,684627.6763026485,323.2871440673983,0.09578412851060641,0.9750008523405833,91.05477474717047,,,,,,,,,,,,,,,,,,,,,,,,,,,,,1,FIRST_UPWARD_CROSSING,charge_timeseries/cycle-023.csv,,,684304.3891585812,691863.7761100252,SOC_UPPER_BOUND_NOT_REACHED,SOC_UPPER_BOUND_NOT_REACHED,False,False,3,charge-efficiency-v1
23,virtual,40-60,40.0,60.0,40.0,60.0,100.0,NEGATIVE_PARTICLE_LITHIUM_DELTA_OVER_FROZEN_Q_REF_V1,4.868639720756586,0,20.0,W10_80_PERCENT_DISCHARGE_WINDOW,14.55,3.0000000000000004,2.9885144176860416,4.85,100.0,4.868639720756586,0,,,,0.9665821021676287,0.07901241694255165,0.11534354128987738,0.973727944151317,,,,,-0.007193326343264028,0.007193326343264028,,,1.440430685271726e-05,,,2.1519581429513268e-05,100.7392897062405,99.99508739511425,1.1560471293581287e-05,0.0011960154515230639,0.0011960154515230639,SOC_UPPER_BOUND_NOT_REACHED,684627.6763026485,684951.9846201445,324.30831749592636,0.0,0.9665821021676287,100.0,,,,,,,,,,,,,,,,,,,,,,,,,,,,,1,FIRST_UPWARD_CROSSING,charge_timeseries/cycle-023.csv,,,684304.3891585812,691863.7761100252,SOC_UPPER_BOUND_NOT_REACHED,SOC_UPPER_BOUND_NOT_REACHED,False,False,3,charge-efficiency-v1
23,virtual,60-80,60.0,80.0,60.0,80.0,100.0,NEGATIVE_PARTICLE_LITHIUM_DELTA_OVER_FROZEN_Q_REF_V1,4.868639720756586,0,20.0,W10_80_PERCENT_DISCHARGE_WINDOW,14.55,3.0000000000000004,2.9885144176860416,4.85,100.0,4.868639720756586,0,,,,0.8990291701461186,0.11534354128987738,0.15167466563720314,0.9737279441513178,,,,,-0.07479010033663855,0.07479010033663855,,,4.717422851047018e-05,,,7.792365818357766e-05,108.30882650816085,99.98984167205336,-3.377155525463582e-05,-0.0037564471071775073,0.0037564471071775073,SOC_UPPER_BOUND_NOT_REACHED,684951.9846201445,687858.7680784878,2906.7834583433155,0.2229511454966764,0.6760780246494422,75.20089971491801,,,,,,,,,,,,,,,,,,,,,,,,,,,,,1,FIRST_UPWARD_CROSSING,charge_timeseries/cycle-023.csv,,,684304.3891585812,691863.7761100252,SOC_UPPER_BOUND_NOT_REACHED,SOC_UPPER_BOUND_NOT_REACHED,False,False,3,charge-efficiency-v1
23,virtual,80-100,80.0,100.0,80.0,,0.0,NEGATIVE_PARTICLE_LITHIUM_DELTA_OVER_FROZEN_Q_REF_V1,4.868639720756586,0,20.0,W10_80_PERCENT_DISCHARGE_WINDOW,14.55,3.0000000000000004,2.9885144176860416,4.85,100.0,4.868639720756586,0,,,,,,,,,,,,,,,,,,,,,,,,,,,,,,,,,,,,,,,,,,,,,,,,,,,,,,,,,,,,0,FIRST_UPWARD_CROSSING,charge_timeseries/cycle-023.csv,,,684304.3891585812,691863.7761100252,SOC_UPPER_BOUND_NOT_REACHED,SOC_UPPER_BOUND_NOT_REACHED,False,False,3,charge-efficiency-v1
24,virtual,20-40,20.0,40.0,20.0,40.0,100.0,NEGATIVE_PARTICLE_LITHIUM_DELTA_OVER_FROZEN_Q_REF_V1,4.868639720756586,0,20.0,W10_80_PERCENT_DISCHARGE_WINDOW,14.55,3.0000000000000004,2.9885144176860416,4.85,100.0,4.868639720756586,0,,,,1.0700774990379665,0.04266948745620805,0.07900061180353378,0.973727944151317,,,,,0.09634656472995612,0.0,,,9.633617166462678e-06,,,1.0515736932989461e-05,90.99602085145509,99.99972056634253,-1.7159197406080295e-05,-0.0016035471656498672,0.0016035471656498672,SOC_UPPER_BOUND_NOT_REACHED,715460.1658276545,715783.8334272449,323.66759959033334,0.09527151110157299,0.9748059879363934,91.09676531024854,,,,,,,,,,,,,,,,,,,,,,,,,,,,,1,FIRST_UPWARD_CROSSING,charge_timeseries/cycle-024.csv,,,715460.1658276545,723026.1188620002,SOC_UPPER_BOUND_NOT_REACHED,SOC_UPPER_BOUND_NOT_REACHED,False,False,3,charge-efficiency-v1
24,virtual,40-60,40.0,60.0,40.0,60.0,100.0,NEGATIVE_PARTICLE_LITHIUM_DELTA_OVER_FROZEN_Q_REF_V1,4.868639720756586,0,20.0,W10_80_PERCENT_DISCHARGE_WINDOW,14.55,3.0000000000000004,2.9885144176860416,4.85,100.0,4.868639720756586,0,,,,0.9667317525410981,0.07900061180353378,0.11533173615085951,0.973727944151317,,,,,-0.007093720757285038,0.007093720757285038,,,1.4073828577629548e-05,,,2.1093230918964312e-05,100.72369523312223,99.98991145715347,6.236208756960071e-05,0.006450816103399847,0.006450816103399847,SOC_UPPER_BOUND_NOT_REACHED,715783.8334272449,716108.614640332,324.781213087118,0.0,0.9667317525410981,100.0,,,,,,,,,,,,,,,,,,,,,,,,,,,,,1,FIRST_UPWARD_CROSSING,charge_timeseries/cycle-024.csv,,,715460.1658276545,723026.1188620002,SOC_UPPER_BOUND_NOT_REACHED,SOC_UPPER_BOUND_NOT_REACHED,False,False,3,charge-efficiency-v1
24,virtual,60-80,60.0,80.0,60.0,80.0,100.0,NEGATIVE_PARTICLE_LITHIUM_DELTA_OVER_FROZEN_Q_REF_V1,4.868639720756586,0,20.0,W10_80_PERCENT_DISCHARGE_WINDOW,14.55,3.0000000000000004,2.9885144176860416,4.85,100.0,4.868639720756586,0,,,,0.8995731189953476,0.11533173615085951,0.15166286049818523,0.9737279441513167,,,,,-0.07423492627880086,0.07423492627880086,,,4.6112315438245465e-05,,,7.639532957869413e-05,108.24333493188257,99.99109565179968,-4.240652218512331e-05,-0.004714071740214218,0.004714071740214218,SOC_UPPER_BOUND_NOT_REACHED,716108.614640332,719021.2124192386,2912.597778906626,0.222837323003492,0.6767357959918556,75.22854804150228,,,,,,,,,,,,,,,,,,,,,,,,,,,,,1,FIRST_UPWARD_CROSSING,charge_timeseries/cycle-024.csv,,,715460.1658276545,723026.1188620002,SOC_UPPER_BOUND_NOT_REACHED,SOC_UPPER_BOUND_NOT_REACHED,False,False,3,charge-efficiency-v1
24,virtual,80-100,80.0,100.0,80.0,,0.0,NEGATIVE_PARTICLE_LITHIUM_DELTA_OVER_FROZEN_Q_REF_V1,4.868639720756586,0,20.0,W10_80_PERCENT_DISCHARGE_WINDOW,14.55,3.0000000000000004,2.9885144176860416,4.85,100.0,4.868639720756586,0,,,,,,,,,,,,,,,,,,,,,,,,,,,,,,,,,,,,,,,,,,,,,,,,,,,,,,,,,,,,0,FIRST_UPWARD_CROSSING,charge_timeseries/cycle-024.csv,,,715460.1658276545,723026.1188620002,SOC_UPPER_BOUND_NOT_REACHED,SOC_UPPER_BOUND_NOT_REACHED,False,False,3,charge-efficiency-v1
25,virtual,20-40,20.0,40.0,20.0,40.0,100.0,NEGATIVE_PARTICLE_LITHIUM_DELTA_OVER_FROZEN_Q_REF_V1,4.868639720756586,0,20.0,W10_80_PERCENT_DISCHARGE_WINDOW,14.55,3.0000000000000004,2.9885144176860416,4.85,100.0,4.868639720756586,0,,,,1.0709824379388908,0.04265789682148163,0.07898902116880736,0.973727944151317,,,,,0.0972697744573949,0.0,,,9.59121775686916e-06,,,1.0343717976566552e-05,90.91913271941786,100.00142678995283,-3.5215605554528295e-05,-0.003288159012420488,0.003288159012420488,SOC_UPPER_BOUND_NOT_REACHED,746622.5087999415,746947.1869457992,324.67814585768684,0.09477238145232417,0.9762100564865667,91.15089304034584,,,,,,,,,,,,,,,,,,,,,,,,,,,,,1,FIRST_UPWARD_CROSSING,charge_timeseries/cycle-025.csv,,,746622.5087999415,754194.925167571,SOC_UPPER_BOUND_NOT_REACHED,SOC_UPPER_BOUND_NOT_REACHED,False,False,3,charge-efficiency-v1
25,virtual,40-60,40.0,60.0,40.0,60.0,100.0,NEGATIVE_PARTICLE_LITHIUM_DELTA_OVER_FROZEN_Q_REF_V1,4.868639720756586,0,20.0,W10_80_PERCENT_DISCHARGE_WINDOW,14.55,3.0000000000000004,2.9885144176860416,4.85,100.0,4.868639720756586,0,,,,0.9665376886923575,0.07898902116880736,0.11532014551613311,0.9737279441513175,,,,,-0.007269319000001148,0.007269319000001148,,,1.4000699395008611e-05,,,2.0711419489321398e-05,100.74391878796655,99.99181992156475,4.435142215675203e-05,0.004588690402415213,0.004588690402415213,SOC_UPPER_BOUND_NOT_REACHED,746947.1869457992,747272.8809577088,325.69401190960735,0.0,0.9665376886923575,100.0,,,,,,,,,,,,,,,,,,,,,,,,,,,,,1,FIRST_UPWARD_CROSSING,charge_timeseries/cycle-025.csv,,,746622.5087999415,754194.925167571,SOC_UPPER_BOUND_NOT_REACHED,SOC_UPPER_BOUND_NOT_REACHED,False,False,3,charge-efficiency-v1
25,virtual,60-80,60.0,80.0,60.0,80.0,100.0,NEGATIVE_PARTICLE_LITHIUM_DELTA_OVER_FROZEN_Q_REF_V1,4.868639720756586,0,20.0,W10_80_PERCENT_DISCHARGE_WINDOW,14.55,3.0000000000000004,2.9885144176860416,4.85,100.0,4.868639720756586,0,,,,0.8988224912686911,0.11532014551613311,0.15165126986345884,0.973727944151317,,,,,-0.07499317947174512,0.07499317947174512,,,4.565342900700927e-05,,,7.489784550911843e-05,108.33373147760207,99.99023983156059,-3.282468539689276e-05,-0.0036519652896714458,0.0036519652896714458,SOC_UPPER_BOUND_NOT_REACHED,747272.8809577088,750190.3797825287,2917.498824819942,0.2227608128003047,0.6760616784683864,75.2163730921022,,,,,,,,,,,,,,,,,,,,,,,,,,,,,1,FIRST_UPWARD_CROSSING,charge_timeseries/cycle-025.csv,,,746622.5087999415,754194.925167571,SOC_UPPER_BOUND_NOT_REACHED,SOC_UPPER_BOUND_NOT_REACHED,False,False,3,charge-efficiency-v1
25,virtual,80-100,80.0,100.0,80.0,,0.0,NEGATIVE_PARTICLE_LITHIUM_DELTA_OVER_FROZEN_Q_REF_V1,4.868639720756586,0,20.0,W10_80_PERCENT_DISCHARGE_WINDOW,14.55,3.0000000000000004,2.9885144176860416,4.85,100.0,4.868639720756586,0,,,,,,,,,,,,,,,,,,,,,,,,,,,,,,,,,,,,,,,,,,,,,,,,,,,,,,,,,,,,0,FIRST_UPWARD_CROSSING,charge_timeseries/cycle-025.csv,,,746622.5087999415,754194.925167571,SOC_UPPER_BOUND_NOT_REACHED,SOC_UPPER_BOUND_NOT_REACHED,False,False,3,charge-efficiency-v1
26,virtual,20-40,20.0,40.0,20.0,40.0,100.0,NEGATIVE_PARTICLE_LITHIUM_DELTA_OVER_FROZEN_Q_REF_V1,4.859437160366554,25,20.0,W10_80_PERCENT_DISCHARGE_WINDOW,14.55,3.0000000000000004,2.994173917644091,4.85,99.81098292504991,4.859437160366554,25,,,,1.069495720151675,0.04264646934206134,0.07890892166084928,0.971887432073311,,,,,0.09763229650450397,0.0,,,9.483000611524087e-06,,,1.0148232650549621e-05,90.87342882825924,100.00224483611177,-4.363965940168413e-05,-0.004080395889335133,0.004080395889335133,SOC_UPPER_BOUND_NOT_REACHED,777791.3149683548,778116.2957395416,324.98077118689656,0.09428549349686005,0.9752102266548149,91.18411680193647,,,,,,,,,,,,,,,,,,,,,,,,,,,,,1,FIRST_UPWARD_CROSSING,charge_timeseries/cycle-026.csv,,,777791.3149683548,785370.0940728922,SOC_UPPER_BOUND_NOT_REACHED,SOC_UPPER_BOUND_NOT_REACHED,False,False,3,charge-efficiency-v1
26,virtual,40-60,40.0,60.0,40.0,60.0,100.0,NEGATIVE_PARTICLE_LITHIUM_DELTA_OVER_FROZEN_Q_REF_V1,4.859437160366554,25,20.0,W10_80_PERCENT_DISCHARGE_WINDOW,14.55,3.0000000000000004,2.994173917644091,4.85,99.81098292504991,4.859437160366554,25,,,,0.9647641420445244,0.07890892166084928,0.11517137397963721,0.9718874320733105,,,,,-0.0072412629625678016,0.0072412629625678016,,,1.3806331378046419e-05,,,2.0261540846697873e-05,100.73834523054417,99.98777183680026,8.390506155697697e-05,0.008696950674303223,0.008696950674303223,SOC_UPPER_BOUND_NOT_REACHED,778116.2957395416,778441.4823267818,325.1865872401908,0.0,0.9647641420445244,100.0,,,,,,,,,,,,,,,,,,,,,,,,,,,,,1,FIRST_UPWARD_CROSSING,charge_timeseries/cycle-026.csv,,,777791.3149683548,785370.0940728922,SOC_UPPER_BOUND_NOT_REACHED,SOC_UPPER_BOUND_NOT_REACHED,False,False,3,charge-efficiency-v1
26,virtual,60-80,60.0,80.0,60.0,80.0,100.0,NEGATIVE_PARTICLE_LITHIUM_DELTA_OVER_FROZEN_Q_REF_V1,4.859437160366554,25,20.0,W10_80_PERCENT_DISCHARGE_WINDOW,14.55,3.0000000000000004,2.994173917644091,4.85,99.81098292504991,4.859437160366554,25,,,,0.8964882513037367,0.11517137397963721,0.15143382629842514,0.9718874320733105,,,,,-0.07546769986112059,0.07546769986112059,,,4.500340690388564e-05,,,7.33644758095682e-05,108.41050405958171,99.99235694484037,-4.9848791166651196e-05,-0.005560451137441852,0.005560451137441852,SOC_UPPER_BOUND_NOT_REACHED,778441.4823267818,781349.3554307295,2907.873103947604,0.21709704259784152,0.6793912087058952,75.78361542584372,,,,,,,,,,,,,,,,,,,,,,,,,,,,,1,FIRST_UPWARD_CROSSING,charge_timeseries/cycle-026.csv,,,777791.3149683548,785370.0940728922,SOC_UPPER_BOUND_NOT_REACHED,SOC_UPPER_BOUND_NOT_REACHED,False,False,3,charge-efficiency-v1
26,virtual,80-100,80.0,100.0,80.0,,0.0,NEGATIVE_PARTICLE_LITHIUM_DELTA_OVER_FROZEN_Q_REF_V1,4.859437160366554,25,20.0,W10_80_PERCENT_DISCHARGE_WINDOW,14.55,3.0000000000000004,2.994173917644091,4.85,99.81098292504991,4.859437160366554,25,,,,,,,,,,,,,,,,,,,,,,,,,,,,,,,,,,,,,,,,,,,,,,,,,,,,,,,,,,,,0,FIRST_UPWARD_CROSSING,charge_timeseries/cycle-026.csv,,,777791.3149683548,785370.0940728922,SOC_UPPER_BOUND_NOT_REACHED,SOC_UPPER_BOUND_NOT_REACHED,False,False,3,charge-efficiency-v1
27,virtual,20-40,20.0,40.0,20.0,40.0,100.0,NEGATIVE_PARTICLE_LITHIUM_DELTA_OVER_FROZEN_Q_REF_V1,4.859437160366554,25,20.0,W10_80_PERCENT_DISCHARGE_WINDOW,14.55,3.0000000000000004,2.994173917644091,4.85,99.81098292504991,4.859437160366554,25,,,,1.0688164738070856,0.04290987579879859,0.07917232811758652,0.9718874320733106,,,,,0.09694279793586336,0.0,,,9.3058146718541e-06,,,9.963124005429175e-06,90.93118003799874,100.00128704996841,-3.302514076586327e-05,-0.003089879467166979,0.003089879467166979,SOC_UPPER_BOUND_NOT_REACHED,808934.6914164427,809260.6185170738,325.92710063102345,0.09339283717755321,0.9754236366295322,91.26203240067105,,,,,,,,,,,,,,,,,,,,,,,,,,,,,1,FIRST_UPWARD_CROSSING,charge_timeseries/cycle-027.csv,,,808934.6914164427,816525.1011709777,SOC_UPPER_BOUND_NOT_REACHED,SOC_UPPER_BOUND_NOT_REACHED,False,False,3,charge-efficiency-v1
27,virtual,40-60,40.0,60.0,40.0,60.0,100.0,NEGATIVE_PARTICLE_LITHIUM_DELTA_OVER_FROZEN_Q_REF_V1,4.859437160366554,25,20.0,W10_80_PERCENT_DISCHARGE_WINDOW,14.55,3.0000000000000004,2.994173917644091,4.85,99.81098292504991,4.859437160366554,25,,,,0.9646067713442247,0.07917232811758652,0.11543478043637447,0.9718874320733109,,,,,-0.007374102254562961,0.007374102254562961,,,1.3616574066032273e-05,,,1.9925258624264863e-05,100.75478018041903,99.99031299299854,5.9899692786413716e-05,0.006209752467623744,0.006209752467623744,SOC_UPPER_BOUND_NOT_REACHED,809260.6185170738,809589.032024517,328.4135074431766,0.0,0.9646067713442247,100.0,,,,,,,,,,,,,,,,,,,,,,,,,,,,,1,FIRST_UPWARD_CROSSING,charge_timeseries/cycle-027.csv,,,808934.6914164427,816525.1011709777,SOC_UPPER_BOUND_NOT_REACHED,SOC_UPPER_BOUND_NOT_REACHED,False,False,3,charge-efficiency-v1
27,virtual,60-80,60.0,80.0,60.0,80.0,100.0,NEGATIVE_PARTICLE_LITHIUM_DELTA_OVER_FROZEN_Q_REF_V1,4.859437160366554,25,20.0,W10_80_PERCENT_DISCHARGE_WINDOW,14.55,3.0000000000000004,2.994173917644091,4.85,99.81098292504991,4.859437160366554,25,,,,0.8972990704300359,0.11543478043637447,0.15169723275516242,0.9718874320733111,,,,,-0.07466368498847349,0.07466368498847349,,,4.411337376639211e-05,,,7.20425722137985e-05,108.31254194964542,99.99160554739433,-4.083260078191486e-05,-0.004550612179097165,0.004550612179097165,SOC_UPPER_BOUND_NOT_REACHED,809589.032024517,812526.5761889168,2937.5441643998593,0.2244172191427597,0.6728818512872762,74.98969668661236,,,,,,,,,,,,,,,,,,,,,,,,,,,,,1,FIRST_UPWARD_CROSSING,charge_timeseries/cycle-027.csv,,,808934.6914164427,816525.1011709777,SOC_UPPER_BOUND_NOT_REACHED,SOC_UPPER_BOUND_NOT_REACHED,False,False,3,charge-efficiency-v1
27,virtual,80-100,80.0,100.0,80.0,,0.0,NEGATIVE_PARTICLE_LITHIUM_DELTA_OVER_FROZEN_Q_REF_V1,4.859437160366554,25,20.0,W10_80_PERCENT_DISCHARGE_WINDOW,14.55,3.0000000000000004,2.994173917644091,4.85,99.81098292504991,4.859437160366554,25,,,,,,,,,,,,,,,,,,,,,,,,,,,,,,,,,,,,,,,,,,,,,,,,,,,,,,,,,,,,0,FIRST_UPWARD_CROSSING,charge_timeseries/cycle-027.csv,,,808934.6914164427,816525.1011709777,SOC_UPPER_BOUND_NOT_REACHED,SOC_UPPER_BOUND_NOT_REACHED,False,False,3,charge-efficiency-v1
28,virtual,20-40,20.0,40.0,20.0,40.0,100.0,NEGATIVE_PARTICLE_LITHIUM_DELTA_OVER_FROZEN_Q_REF_V1,4.859437160366554,25,20.0,W10_80_PERCENT_DISCHARGE_WINDOW,14.55,3.0000000000000004,2.994173917644091,4.85,99.81098292504991,4.859437160366554,25,,,,1.0699481262210828,0.04289879983286866,0.07916125215165659,0.9718874320733106,,,,,0.0980768668298013,0.0,,,9.303749987814042e-06,,,9.823751990087337e-06,90.83500482456941,100.00151153888986,-3.53001840069922e-05,-0.0032992425653071466,0.0032992425653071466,SOC_UPPER_BOUND_NOT_REACHED,840089.6986395424,840416.7108661364,327.01222659386275,0.0929307503166314,0.9770173759044514,91.31446207164727,,,,,,,,,,,,,,,,,,,,,,,,,,,,,1,FIRST_UPWARD_CROSSING,charge_timeseries/cycle-028.csv,,,840089.6986395424,847686.2432231671,SOC_UPPER_BOUND_NOT_REACHED,SOC_UPPER_BOUND_NOT_REACHED,False,False,3,charge-efficiency-v1
28,virtual,40-60,40.0,60.0,40.0,60.0,100.0,NEGATIVE_PARTICLE_LITHIUM_DELTA_OVER_FROZEN_Q_REF_V1,4.859437160366554,25,20.0,W10_80_PERCENT_DISCHARGE_WINDOW,14.55,3.0000000000000004,2.994173917644091,4.85,99.81098292504991,4.859437160366554,25,,,,0.964334477239944,0.07916125215165659,0.11542370447044455,0.9718874320733111,,,,,-0.007585273446759119,0.007585273446759119,,,1.3594411970263478e-05,,,1.9608291204623735e-05,100.78322978298822,99.9966486095691,-8.840897828266137e-07,-9.16787487840317e-05,9.16787487840317e-05,SOC_UPPER_BOUND_NOT_REACHED,840416.7108661364,840746.0532534448,329.34238730851376,0.0,0.964334477239944,100.0,,,,,,,,,,,,,,,,,,,,,,,,,,,,,1,FIRST_UPWARD_CROSSING,charge_timeseries/cycle-028.csv,,,840089.6986395424,847686.2432231671,SOC_UPPER_BOUND_NOT_REACHED,SOC_UPPER_BOUND_NOT_REACHED,False,False,3,charge-efficiency-v1
28,virtual,60-80,60.0,80.0,60.0,80.0,100.0,NEGATIVE_PARTICLE_LITHIUM_DELTA_OVER_FROZEN_Q_REF_V1,4.859437160366554,25,20.0,W10_80_PERCENT_DISCHARGE_WINDOW,14.55,3.0000000000000004,2.994173917644091,4.85,99.81098292504991,4.859437160366554,25,,,,0.8963657870122245,0.11542370447044455,0.15168615678923245,0.9718874320733097,,,,,-0.07558863903711552,0.07558863903711552,,,4.380825659134604e-05,,,7.077927548572102e-05,108.4253154410115,99.99252604494717,-4.759355604677662e-05,-0.005309613188764817,0.005309613188764817,SOC_UPPER_BOUND_NOT_REACHED,840746.0532534448,843688.2567348154,2942.2034813706523,0.22434546265784674,0.6720203243543778,74.97166157962842,,,,,,,,,,,,,,,,,,,,,,,,,,,,,1,FIRST_UPWARD_CROSSING,charge_timeseries/cycle-028.csv,,,840089.6986395424,847686.2432231671,SOC_UPPER_BOUND_NOT_REACHED,SOC_UPPER_BOUND_NOT_REACHED,False,False,3,charge-efficiency-v1
28,virtual,80-100,80.0,100.0,80.0,,0.0,NEGATIVE_PARTICLE_LITHIUM_DELTA_OVER_FROZEN_Q_REF_V1,4.859437160366554,25,20.0,W10_80_PERCENT_DISCHARGE_WINDOW,14.55,3.0000000000000004,2.994173917644091,4.85,99.81098292504991,4.859437160366554,25,,,,,,,,,,,,,,,,,,,,,,,,,,,,,,,,,,,,,,,,,,,,,,,,,,,,,,,,,,,,0,FIRST_UPWARD_CROSSING,charge_timeseries/cycle-028.csv,,,840089.6986395424,847686.2432231671,SOC_UPPER_BOUND_NOT_REACHED,SOC_UPPER_BOUND_NOT_REACHED,False,False,3,charge-efficiency-v1
29,virtual,20-40,20.0,40.0,20.0,40.0,100.0,NEGATIVE_PARTICLE_LITHIUM_DELTA_OVER_FROZEN_Q_REF_V1,4.859437160366554,25,20.0,W10_80_PERCENT_DISCHARGE_WINDOW,14.55,3.0000000000000004,2.994173917644091,4.85,99.81098292504991,4.859437160366554,25,,,,1.0696611549523656,0.04288784012624581,0.07915029244503374,0.9718874320733106,,,,,0.09781085396798163,0.0,,,9.169532487268098e-06,,,9.671980645595268e-06,90.85937425825199,100.00347129450805,-5.5972602059473076e-05,-0.005232741396687034,0.005232741396687034,SOC_UPPER_BOUND_NOT_REACHED,871250.8409289473,871578.3776015007,327.53667255337416,0.0924790020083501,0.9771821529440154,91.35436473689012,,,,,,,,,,,,,,,,,,,,,,,,,,,,,1,FIRST_UPWARD_CROSSING,charge_timeseries/cycle-029.csv,,,871250.8409289473,878853.635220137,SOC_UPPER_BOUND_NOT_REACHED,SOC_UPPER_BOUND_NOT_REACHED,False,False,3,charge-efficiency-v1
29,virtual,40-60,40.0,60.0,40.0,60.0,100.0,NEGATIVE_PARTICLE_LITHIUM_DELTA_OVER_FROZEN_Q_REF_V1,4.859437160366554,25,20.0,W10_80_PERCENT_DISCHARGE_WINDOW,14.55,3.0000000000000004,2.994173917644091,4.85,99.81098292504991,4.859437160366554,25,,,,0.964370921549191,0.07915029244503374,0.11541274476382168,0.9718874320733109,,,,,-0.007559884349306212,0.007559884349306212,,,1.3380773266723125e-05,,,1.9292700555565562e-05,100.77942110822308,99.99550237110874,1.0700351364079097e-05,0.0011095680225291084,0.0011095680225291084,SOC_UPPER_BOUND_NOT_REACHED,871578.3776015007,871908.269032449,329.89143094826034,0.0,0.964370921549191,100.0,,,,,,,,,,,,,,,,,,,,,,,,,,,,,1,FIRST_UPWARD_CROSSING,charge_timeseries/cycle-029.csv,,,871250.8409289473,878853.635220137,SOC_UPPER_BOUND_NOT_REACHED,SOC_UPPER_BOUND_NOT_REACHED,False,False,3,charge-efficiency-v1
29,virtual,60-80,60.0,80.0,60.0,80.0,100.0,NEGATIVE_PARTICLE_LITHIUM_DELTA_OVER_FROZEN_Q_REF_V1,4.859437160366554,25,20.0,W10_80_PERCENT_DISCHARGE_WINDOW,14.55,3.0000000000000004,2.994173917644091,4.85,99.81098292504991,4.859437160366554,25,,,,0.8965513567695487,0.11541274476382168,0.1516751970826096,0.9718874320733101,,,,,-0.07540098301380532,0.07540098301380532,,,4.3082134866008395e-05,,,6.962782914012727e-05,108.40287338086377,99.9927602909132,-4.780225396228133e-05,-0.0053317920497630246,0.0053317920497630246,SOC_UPPER_BOUND_NOT_REACHED,871908.269032449,874855.9727875043,2947.7037550553214,0.2242435764621664,0.6723077803073823,74.98820622276895,,,,,,,,,,,,,,,,,,,,,,,,,,,,,1,FIRST_UPWARD_CROSSING,charge_timeseries/cycle-029.csv,,,871250.8409289473,878853.635220137,SOC_UPPER_BOUND_NOT_REACHED,SOC_UPPER_BOUND_NOT_REACHED,False,False,3,charge-efficiency-v1
29,virtual,80-100,80.0,100.0,80.0,,0.0,NEGATIVE_PARTICLE_LITHIUM_DELTA_OVER_FROZEN_Q_REF_V1,4.859437160366554,25,20.0,W10_80_PERCENT_DISCHARGE_WINDOW,14.55,3.0000000000000004,2.994173917644091,4.85,99.81098292504991,4.859437160366554,25,,,,,,,,,,,,,,,,,,,,,,,,,,,,,,,,,,,,,,,,,,,,,,,,,,,,,,,,,,,,0,FIRST_UPWARD_CROSSING,charge_timeseries/cycle-029.csv,,,871250.8409289473,878853.635220137,SOC_UPPER_BOUND_NOT_REACHED,SOC_UPPER_BOUND_NOT_REACHED,False,False,3,charge-efficiency-v1
30,virtual,20-40,20.0,40.0,20.0,40.0,100.0,NEGATIVE_PARTICLE_LITHIUM_DELTA_OVER_FROZEN_Q_REF_V1,4.859437160366554,25,20.0,W10_80_PERCENT_DISCHARGE_WINDOW,14.55,3.0000000000000004,2.994173917644091,4.85,99.81098292504991,4.859437160366554,25,,,,1.0708780545899859,0.04287706862352539,0.07913952094231333,0.9718874320733109,,,,,0.09899855021369132,0.0,,,9.195629461141233e-06,,,9.548269555396949e-06,90.75612558382511,100.00074029876534,-2.6671596033089884e-05,-0.0024906286872506517,0.0024906286872506517,SOC_UPPER_BOUND_NOT_REACHED,902418.232943373,902746.8900714578,328.65712808483937,0.09203693443444998,0.9788411201555359,91.40547011492465,,,,,,,,,,,,,,,,,,,,,,,,,,,,,1,FIRST_UPWARD_CROSSING,charge_timeseries/cycle-030.csv,,,902418.232943373,910027.1849978707,SOC_UPPER_BOUND_NOT_REACHED,SOC_UPPER_BOUND_NOT_REACHED,False,False,3,charge-efficiency-v1
30,virtual,40-60,40.0,60.0,40.0,60.0,100.0,NEGATIVE_PARTICLE_LITHIUM_DELTA_OVER_FROZEN_Q_REF_V1,4.859437160366554,25,20.0,W10_80_PERCENT_DISCHARGE_WINDOW,14.55,3.0000000000000004,2.994173917644091,4.85,99.81098292504991,4.859437160366554,25,,,,0.9641375760040011,0.07913952094231333,0.11540197326110127,0.9718874320733109,,,,,-0.007783785443897823,0.007783785443897823,,,1.3375924779748805e-05,,,1.9010808035534177e-05,100.80381226312433,99.99648085756301,1.5426417726560615e-06,0.00016000224563902482,0.00016000224563902482,SOC_UPPER_BOUND_NOT_REACHED,902746.8900714578,903077.711852733,330.8217812751241,0.0,0.9641375760040011,100.0,,,,,,,,,,,,,,,,,,,,,,,,,,,,,1,FIRST_UPWARD_CROSSING,charge_timeseries/cycle-030.csv,,,902418.232943373,910027.1849978707,SOC_UPPER_BOUND_NOT_REACHED,SOC_UPPER_BOUND_NOT_REACHED,False,False,3,charge-efficiency-v1
30,virtual,60-80,60.0,80.0,60.0,80.0,100.0,NEGATIVE_PARTICLE_LITHIUM_DELTA_OVER_FROZEN_Q_REF_V1,4.859437160366554,25,20.0,W10_80_PERCENT_DISCHARGE_WINDOW,14.55,3.0000000000000004,2.994173917644091,4.85,99.81098292504991,4.859437160366554,25,,,,0.895587223975162,0.11540197326110127,0.15166442557988918,0.9718874320733101,,,,,-0.07636527710708906,0.07636527710708906,,,4.283477038483606e-05,,,6.848920320754598e-05,108.5195730863021,99.99273448669219,-4.6254964651382124e-05,-0.005164763789960557,0.005164763789960557,SOC_UPPER_BOUND_NOT_REACHED,903077.711852733,906030.0866031424,2952.3747504094777,0.22417176427151161,0.6714154597036504,74.96929854844281,,,,,,,,,,,,,,,,,,,,,,,,,,,,,1,FIRST_UPWARD_CROSSING,charge_timeseries/cycle-030.csv,,,902418.232943373,910027.1849978707,SOC_UPPER_BOUND_NOT_REACHED,SOC_UPPER_BOUND_NOT_REACHED,False,False,3,charge-efficiency-v1
30,virtual,80-100,80.0,100.0,80.0,,0.0,NEGATIVE_PARTICLE_LITHIUM_DELTA_OVER_FROZEN_Q_REF_V1,4.859437160366554,25,20.0,W10_80_PERCENT_DISCHARGE_WINDOW,14.55,3.0000000000000004,2.994173917644091,4.85,99.81098292504991,4.859437160366554,25,,,,,,,,,,,,,,,,,,,,,,,,,,,,,,,,,,,,,,,,,,,,,,,,,,,,,,,,,,,,0,FIRST_UPWARD_CROSSING,charge_timeseries/cycle-030.csv,,,902418.232943373,910027.1849978707,SOC_UPPER_BOUND_NOT_REACHED,SOC_UPPER_BOUND_NOT_REACHED,False,False,3,charge-efficiency-v1
31,virtual,20-40,20.0,40.0,20.0,40.0,100.0,NEGATIVE_PARTICLE_LITHIUM_DELTA_OVER_FROZEN_Q_REF_V1,4.859437160366554,25,20.0,W10_80_PERCENT_DISCHARGE_WINDOW,14.55,3.0000000000000004,2.994173917644091,4.85,99.81098292504991,4.859437160366554,25,,,,1.0707686593666104,0.042866411535769304,0.07912886385455724,0.9718874320733106,,,,,0.09889545959105851,0.0,,,9.072225983080065e-06,,,9.41241857523728e-06,90.76539769554043,100.00132916644826,-3.271694231710143e-05,-0.0030554631974804357,0.0030554631974804357,SOC_UPPER_BOUND_NOT_REACHED,933591.7828316856,933921.0074586353,329.2246269496041,0.09160412588093578,0.9791645334856747,91.4450124142481,,,,,,,,,,,,,,,,,,,,,,,,,,,,,1,FIRST_UPWARD_CROSSING,charge_timeseries/cycle-031.csv,,,933591.7828316856,941206.9783057338,SOC_UPPER_BOUND_NOT_REACHED,SOC_UPPER_BOUND_NOT_REACHED,False,False,3,charge-efficiency-v1
31,virtual,40-60,40.0,60.0,40.0,60.0,100.0,NEGATIVE_PARTICLE_LITHIUM_DELTA_OVER_FROZEN_Q_REF_V1,4.859437160366554,25,20.0,W10_80_PERCENT_DISCHARGE_WINDOW,14.55,3.0000000000000004,2.994173917644091,4.85,99.81098292504991,4.859437160366554,25,,,,0.9641627111964935,0.07912886385455724,0.1153913161733452,0.9718874320733111,,,,,-0.007786778108394649,0.007786778108394649,,,1.3199316762454137e-05,,,1.8726377839520247e-05,100.80118436308653,99.99356361422647,3.0131536975175344e-05,0.003125150622946527,0.003125150622946527,SOC_UPPER_BOUND_NOT_REACHED,933921.0074586353,934252.4297661935,331.42230755832776,0.0,0.9641627111964935,100.0,,,,,,,,,,,,,,,,,,,,,,,,,,,,,1,FIRST_UPWARD_CROSSING,charge_timeseries/cycle-031.csv,,,933591.7828316856,941206.9783057338,SOC_UPPER_BOUND_NOT_REACHED,SOC_UPPER_BOUND_NOT_REACHED,False,False,3,charge-efficiency-v1
31,virtual,60-80,60.0,80.0,60.0,80.0,100.0,NEGATIVE_PARTICLE_LITHIUM_DELTA_OVER_FROZEN_Q_REF_V1,4.859437160366554,25,20.0,W10_80_PERCENT_DISCHARGE_WINDOW,14.55,3.0000000000000004,2.994173917644091,4.85,99.81098292504991,4.859437160366554,25,,,,0.8956543722595876,0.1153913161733452,0.1516537684921331,0.9718874320733101,,,,,-0.07630588709693557,0.07630588709693557,,,4.221034089953082e-05,,,6.744245401503479e-05,108.51143724352052,99.99186881843391,-3.68255117015881e-05,-0.004111576166226201,0.004111576166226201,SOC_UPPER_BOUND_NOT_REACHED,934252.4297661935,937210.2759274659,2957.8461612723468,0.2240746251304332,0.6715797471291544,74.98202073584143,,,,,,,,,,,,,,,,,,,,,,,,,,,,,1,FIRST_UPWARD_CROSSING,charge_timeseries/cycle-031.csv,,,933591.7828316856,941206.9783057338,SOC_UPPER_BOUND_NOT_REACHED,SOC_UPPER_BOUND_NOT_REACHED,False,False,3,charge-efficiency-v1
31,virtual,80-100,80.0,100.0,80.0,,0.0,NEGATIVE_PARTICLE_LITHIUM_DELTA_OVER_FROZEN_Q_REF_V1,4.859437160366554,25,20.0,W10_80_PERCENT_DISCHARGE_WINDOW,14.55,3.0000000000000004,2.994173917644091,4.85,99.81098292504991,4.859437160366554,25,,,,,,,,,,,,,,,,,,,,,,,,,,,,,,,,,,,,,,,,,,,,,,,,,,,,,,,,,,,,0,FIRST_UPWARD_CROSSING,charge_timeseries/cycle-031.csv,,,933591.7828316856,941206.9783057338,SOC_UPPER_BOUND_NOT_REACHED,SOC_UPPER_BOUND_NOT_REACHED,False,False,3,charge-efficiency-v1
32,virtual,20-40,20.0,40.0,20.0,40.0,100.0,NEGATIVE_PARTICLE_LITHIUM_DELTA_OVER_FROZEN_Q_REF_V1,4.859437160366554,25,20.0,W10_80_PERCENT_DISCHARGE_WINDOW,14.55,3.0000000000000004,2.994173917644091,4.85,99.81098292504991,4.859437160366554,25,,,,1.0697401017557482,0.04285591184546608,0.07911836416425402,0.9718874320733109,,,,,0.09785496558617014,0.0,,,8.910257448488737e-06,,,9.271738231508841e-06,90.85266883780152,100.0002146225732,-2.0477899413062772e-05,-0.001914287346940879,0.001914287346940879,SOC_UPPER_BOUND_NOT_REACHED,964771.5761611386,965101.0398184605,329.4636573218954,0.09118009082291831,0.9785600109328298,91.47642584649618,,,,,,,,,,,,,,,,,,,,,,,,,,,,,1,FIRST_UPWARD_CROSSING,charge_timeseries/cycle-032.csv,,,964771.5761611386,972392.7150574861,SOC_UPPER_BOUND_NOT_REACHED,SOC_UPPER_BOUND_NOT_REACHED,False,False,3,charge-efficiency-v1
32,virtual,40-60,40.0,60.0,40.0,60.0,100.0,NEGATIVE_PARTICLE_LITHIUM_DELTA_OVER_FROZEN_Q_REF_V1,4.859437160366554,25,20.0,W10_80_PERCENT_DISCHARGE_WINDOW,14.55,3.0000000000000004,2.994173917644091,4.85,99.81098292504991,4.859437160366554,25,,,,0.9643524789643645,0.07911836416425402,0.11538081648304196,0.9718874320733109,,,,,-0.007627401776768752,0.007627401776768752,,,1.2900935411371342e-05,,,1.8448617470561562e-05,100.78134844606178,99.99041339449641,6.109911494045495e-05,0.00633576584010759,0.00633576584010759,SOC_UPPER_BOUND_NOT_REACHED,965101.0398184605,965432.7345969657,331.6947785051699,0.0,0.9643524789643645,100.0,,,,,,,,,,,,,,,,,,,,,,,,,,,,,1,FIRST_UPWARD_CROSSING,charge_timeseries/cycle-032.csv,,,964771.5761611386,972392.7150574861,SOC_UPPER_BOUND_NOT_REACHED,SOC_UPPER_BOUND_NOT_REACHED,False,False,3,charge-efficiency-v1
32,virtual,60-80,60.0,80.0,60.0,80.0,100.0,NEGATIVE_PARTICLE_LITHIUM_DELTA_OVER_FROZEN_Q_REF_V1,4.859437160366554,25,20.0,W10_80_PERCENT_DISCHARGE_WINDOW,14.55,3.0000000000000004,2.994173917644091,4.85,99.81098292504991,4.859437160366554,25,,,,0.8964474802413499,0.11538081648304196,0.1516432688018299,0.9718874320733109,,,,,-0.07550280783020301,0.07550280783020301,,,4.1327247813160474e-05,,,6.64817567149964e-05,108.41543464561363,99.99298832339569,-4.4953006286041486e-05,-0.00501457221720773,0.00501457221720773,SOC_UPPER_BOUND_NOT_REACHED,965432.7345969657,968396.2282874006,2963.4936904348447,0.22396044408649574,0.6724870361548542,75.01689178420145,,,,,,,,,,,,,,,,,,,,,,,,,,,,,1,FIRST_UPWARD_CROSSING,charge_timeseries/cycle-032.csv,,,964771.5761611386,972392.7150574861,SOC_UPPER_BOUND_NOT_REACHED,SOC_UPPER_BOUND_NOT_REACHED,False,False,3,charge-efficiency-v1
32,virtual,80-100,80.0,100.0,80.0,,0.0,NEGATIVE_PARTICLE_LITHIUM_DELTA_OVER_FROZEN_Q_REF_V1,4.859437160366554,25,20.0,W10_80_PERCENT_DISCHARGE_WINDOW,14.55,3.0000000000000004,2.994173917644091,4.85,99.81098292504991,4.859437160366554,25,,,,,,,,,,,,,,,,,,,,,,,,,,,,,,,,,,,,,,,,,,,,,,,,,,,,,,,,,,,,0,FIRST_UPWARD_CROSSING,charge_timeseries/cycle-032.csv,,,964771.5761611386,972392.7150574861,SOC_UPPER_BOUND_NOT_REACHED,SOC_UPPER_BOUND_NOT_REACHED,False,False,3,charge-efficiency-v1
33,virtual,20-40,20.0,40.0,20.0,40.0,100.0,NEGATIVE_PARTICLE_LITHIUM_DELTA_OVER_FROZEN_Q_REF_V1,4.859437160366554,25,20.0,W10_80_PERCENT_DISCHARGE_WINDOW,14.55,3.0000000000000004,2.994173917644091,4.85,99.81098292504991,4.859437160366554,25,,,,1.0724806741160016,0.04284561355174733,0.07910806587053527,0.9718874320733109,,,,,0.10060469036161379,0.0,,,9.055792614109763e-06,,,9.186637205449433e-06,90.62050771911528,100.00106746155892,-2.9690748742483564e-05,-0.002768418066549902,0.002768418066549902,SOC_UPPER_BOUND_NOT_REACHED,995957.3126192567,996288.4634683838,331.1508491271152,0.09076430745392981,0.9817163666620717,91.53697501087908,,,,,,,,,,,,,,,,,,,,,,,,,,,,,1,FIRST_UPWARD_CROSSING,charge_timeseries/cycle-033.csv,,,995957.3126192567,1003584.9964586339,SOC_UPPER_BOUND_NOT_REACHED,SOC_UPPER_BOUND_NOT_REACHED,False,False,3,charge-efficiency-v1
33,virtual,40-60,40.0,60.0,40.0,60.0,100.0,NEGATIVE_PARTICLE_LITHIUM_DELTA_OVER_FROZEN_Q_REF_V1,4.859437160366554,25,20.0,W10_80_PERCENT_DISCHARGE_WINDOW,14.55,3.0000000000000004,2.994173917644091,4.85,99.81098292504991,4.859437160366554,25,,,,0.9638039967334479,0.07910806587053527,0.11537051818932322,0.9718874320733109,,,,,-0.00812157896301921,0.00812157896301921,,,1.3120942068249944e-05,,,1.8218540328095167e-05,100.83870116406028,99.99604238794552,6.80414075981961e-06,0.0007059672695776734,0.0007059672695776734,SOC_UPPER_BOUND_NOT_REACHED,996288.4634683838,996621.5596558908,333.09618750695927,0.0,0.9638039967334479,100.0,,,,,,,,,,,,,,,,,,,,,,,,,,,,,1,FIRST_UPWARD_CROSSING,charge_timeseries/cycle-033.csv,,,995957.3126192567,1003584.9964586339,SOC_UPPER_BOUND_NOT_REACHED,SOC_UPPER_BOUND_NOT_REACHED,False,False,3,charge-efficiency-v1
33,virtual,60-80,60.0,80.0,60.0,80.0,100.0,NEGATIVE_PARTICLE_LITHIUM_DELTA_OVER_FROZEN_Q_REF_V1,4.859437160366554,25,20.0,W10_80_PERCENT_DISCHARGE_WINDOW,14.55,3.0000000000000004,2.994173917644091,4.85,99.81098292504991,4.859437160366554,25,,,,0.8942450156557267,0.11537051818932322,0.15163297050811117,0.9718874320733111,,,,,-0.07770510740230895,0.07770510740230895,,,4.160171946228277e-05,,,6.543885084573861e-05,108.6824544792851,99.99298950694418,-4.43495855835252e-05,-0.004959444537804306,0.004959444537804306,SOC_UPPER_BOUND_NOT_REACHED,996621.5596558908,999589.1910676011,2967.6314117103943,0.22392044726872493,0.6703245683870017,74.95983278089284,,,,,,,,,,,,,,,,,,,,,,,,,,,,,1,FIRST_UPWARD_CROSSING,charge_timeseries/cycle-033.csv,,,995957.3126192567,1003584.9964586339,SOC_UPPER_BOUND_NOT_REACHED,SOC_UPPER_BOUND_NOT_REACHED,False,False,3,charge-efficiency-v1
33,virtual,80-100,80.0,100.0,80.0,,0.0,NEGATIVE_PARTICLE_LITHIUM_DELTA_OVER_FROZEN_Q_REF_V1,4.859437160366554,25,20.0,W10_80_PERCENT_DISCHARGE_WINDOW,14.55,3.0000000000000004,2.994173917644091,4.85,99.81098292504991,4.859437160366554,25,,,,,,,,,,,,,,,,,,,,,,,,,,,,,,,,,,,,,,,,,,,,,,,,,,,,,,,,,,,,0,FIRST_UPWARD_CROSSING,charge_timeseries/cycle-033.csv,,,995957.3126192567,1003584.9964586339,SOC_UPPER_BOUND_NOT_REACHED,SOC_UPPER_BOUND_NOT_REACHED,False,False,3,charge-efficiency-v1
34,virtual,20-40,20.0,40.0,20.0,40.0,100.0,NEGATIVE_PARTICLE_LITHIUM_DELTA_OVER_FROZEN_Q_REF_V1,4.859437160366554,25,20.0,W10_80_PERCENT_DISCHARGE_WINDOW,14.55,3.0000000000000004,2.994173917644091,4.85,99.81098292504991,4.859437160366554,25,,,,1.0735115731113325,0.04283541698262334,0.07909786930141127,0.9718874320733106,,,,,0.10163370759621201,0.0,,,9.052773404239801e-06,,,9.083868857284738e-06,90.53348435327185,100.00089114625587,-2.7703200451645316e-05,-0.0025806149785003066,0.0025806149785003066,SOC_UPPER_BOUND_NOT_REACHED,1027149.594176529,1027481.7642386648,332.1700621358451,0.09035660003552726,0.9831549730758052,91.58308095611406,,,,,,,,,,,,,,,,,,,,,,,,,,,,,1,FIRST_UPWARD_CROSSING,charge_timeseries/cycle-034.csv,,,1027149.594176529,1034783.735275329,SOC_UPPER_BOUND_NOT_REACHED,SOC_UPPER_BOUND_NOT_REACHED,False,False,3,charge-efficiency-v1
34,virtual,40-60,40.0,60.0,40.0,60.0,100.0,NEGATIVE_PARTICLE_LITHIUM_DELTA_OVER_FROZEN_Q_REF_V1,4.859437160366554,25,20.0,W10_80_PERCENT_DISCHARGE_WINDOW,14.55,3.0000000000000004,2.994173917644091,4.85,99.81098292504991,4.859437160366554,25,,,,0.9636378117733904,0.07909786930141127,0.11536032162019921,0.9718874320733109,,,,,-0.008322265455244629,0.008322265455244629,,,1.3111242799792103e-05,,,1.7983551106645623e-05,100.85609138611308,99.99246136313492,4.1550361417730386e-05,0.004311823478705648,0.004311823478705648,SOC_UPPER_BOUND_NOT_REACHED,1027481.7642386648,1027815.7714845096,334.00724584476393,0.0,0.9636378117733904,100.0,,,,,,,,,,,,,,,,,,,,,,,,,,,,,1,FIRST_UPWARD_CROSSING,charge_timeseries/cycle-034.csv,,,1027149.594176529,1034783.735275329,SOC_UPPER_BOUND_NOT_REACHED,SOC_UPPER_BOUND_NOT_REACHED,False,False,3,charge-efficiency-v1
34,virtual,60-80,60.0,80.0,60.0,80.0,100.0,NEGATIVE_PARTICLE_LITHIUM_DELTA_OVER_FROZEN_Q_REF_V1,4.859437160366554,25,20.0,W10_80_PERCENT_DISCHARGE_WINDOW,14.55,3.0000000000000004,2.994173917644091,4.85,99.81098292504991,4.859437160366554,25,,,,0.8934289646580954,0.11536032162019921,0.15162277393898715,0.9718874320733109,,,,,-0.07854063736521771,0.07854063736521771,,,4.137087157404188e-05,,,6.449635100327228e-05,108.7817241794081,99.9908028558226,-2.369727257500731e-05,-0.0026523958269112054,0.0026523958269112054,SOC_UPPER_BOUND_NOT_REACHED,1027815.7714845096,1030788.3867687254,2972.6152842158162,0.22384706378119423,0.6695819008769012,74.94517497909217,,,,,,,,,,,,,,,,,,,,,,,,,,,,,1,FIRST_UPWARD_CROSSING,charge_timeseries/cycle-034.csv,,,1027149.594176529,1034783.735275329,SOC_UPPER_BOUND_NOT_REACHED,SOC_UPPER_BOUND_NOT_REACHED,False,False,3,charge-efficiency-v1
34,virtual,80-100,80.0,100.0,80.0,,0.0,NEGATIVE_PARTICLE_LITHIUM_DELTA_OVER_FROZEN_Q_REF_V1,4.859437160366554,25,20.0,W10_80_PERCENT_DISCHARGE_WINDOW,14.55,3.0000000000000004,2.994173917644091,4.85,99.81098292504991,4.859437160366554,25,,,,,,,,,,,,,,,,,,,,,,,,,,,,,,,,,,,,,,,,,,,,,,,,,,,,,,,,,,,,0,FIRST_UPWARD_CROSSING,charge_timeseries/cycle-034.csv,,,1027149.594176529,1034783.735275329,SOC_UPPER_BOUND_NOT_REACHED,SOC_UPPER_BOUND_NOT_REACHED,False,False,3,charge-efficiency-v1
35,virtual,20-40,20.0,40.0,20.0,40.0,100.0,NEGATIVE_PARTICLE_LITHIUM_DELTA_OVER_FROZEN_Q_REF_V1,4.859437160366554,25,20.0,W10_80_PERCENT_DISCHARGE_WINDOW,14.55,3.0000000000000004,2.994173917644091,4.85,99.81098292504991,4.859437160366554,25,,,,1.0737623188444052,0.042825345807621776,0.07908779812640972,0.9718874320733109,,,,,0.10189692881491419,0.0,,,8.986710123984679e-06,,,8.975118309773045e-06,90.51234291023239,100.00205278611783,-4.000387225366886e-05,-0.0037255798188859397,0.0037255798188859397,SOC_UPPER_BOUND_NOT_REACHED,1058348.3331377157,1058681.200420525,332.86728280928367,0.08995649884149254,0.9838058200029127,91.62230809716766,,,,,,,,,,,,,,,,,,,,,,,,,,,,,1,FIRST_UPWARD_CROSSING,charge_timeseries/cycle-035.csv,,,1058348.3331377157,1065988.7249366846,SOC_UPPER_BOUND_NOT_REACHED,SOC_UPPER_BOUND_NOT_REACHED,False,False,3,charge-efficiency-v1
35,virtual,40-60,40.0,60.0,40.0,60.0,100.0,NEGATIVE_PARTICLE_LITHIUM_DELTA_OVER_FROZEN_Q_REF_V1,4.859437160366554,25,20.0,W10_80_PERCENT_DISCHARGE_WINDOW,14.55,3.0000000000000004,2.994173917644091,4.85,99.81098292504991,4.859437160366554,25,,,,0.9635520576529163,0.07908779812640972,0.11535025044519764,0.9718874320733105,,,,,-0.008386976900039742,0.008386976900039742,,,1.3003036010606102e-05,,,1.7749848534281965e-05,100.8650673675793,99.99464455716371,2.0849595100624896e-05,0.0021638265348539357,0.0021638265348539357,SOC_UPPER_BOUND_NOT_REACHED,1058681.200420525,1059015.8679052435,334.66748471863707,0.0,0.9635520576529163,100.0,,,,,,,,,,,,,,,,,,,,,,,,,,,,,1,FIRST_UPWARD_CROSSING,charge_timeseries/cycle-035.csv,,,1058348.3331377157,1065988.7249366846,SOC_UPPER_BOUND_NOT_REACHED,SOC_UPPER_BOUND_NOT_REACHED,False,False,3,charge-efficiency-v1
35,virtual,60-80,60.0,80.0,60.0,80.0,100.0,NEGATIVE_PARTICLE_LITHIUM_DELTA_OVER_FROZEN_Q_REF_V1,4.859437160366554,25,20.0,W10_80_PERCENT_DISCHARGE_WINDOW,14.55,3.0000000000000004,2.994173917644091,4.85,99.81098292504991,4.859437160366554,25,,,,0.8931938908493657,0.11535025044519764,0.1516127027639856,0.9718874320733115,,,,,-0.07877190309564494,0.07877190309564494,,,4.0931709955987355e-05,,,6.361816849353649e-05,108.81035372388337,99.9912267792579,-2.6188006750360593e-05,-0.002931950948013942,0.002931950948013942,SOC_UPPER_BOUND_NOT_REACHED,1059015.8679052435,1061993.6772655316,2977.8093602880836,0.22376108972387068,0.6694328011254951,74.94820642905547,,,,,,,,,,,,,,,,,,,,,,,,,,,,,1,FIRST_UPWARD_CROSSING,charge_timeseries/cycle-035.csv,,,1058348.3331377157,1065988.7249366846,SOC_UPPER_BOUND_NOT_REACHED,SOC_UPPER_BOUND_NOT_REACHED,False,False,3,charge-efficiency-v1
35,virtual,80-100,80.0,100.0,80.0,,0.0,NEGATIVE_PARTICLE_LITHIUM_DELTA_OVER_FROZEN_Q_REF_V1,4.859437160366554,25,20.0,W10_80_PERCENT_DISCHARGE_WINDOW,14.55,3.0000000000000004,2.994173917644091,4.85,99.81098292504991,4.859437160366554,25,,,,,,,,,,,,,,,,,,,,,,,,,,,,,,,,,,,,,,,,,,,,,,,,,,,,,,,,,,,,0,FIRST_UPWARD_CROSSING,charge_timeseries/cycle-035.csv,,,1058348.3331377157,1065988.7249366846,SOC_UPPER_BOUND_NOT_REACHED,SOC_UPPER_BOUND_NOT_REACHED,False,False,3,charge-efficiency-v1
36,virtual,20-40,20.0,40.0,20.0,40.0,100.0,NEGATIVE_PARTICLE_LITHIUM_DELTA_OVER_FROZEN_Q_REF_V1,4.859437160366554,25,20.0,W10_80_PERCENT_DISCHARGE_WINDOW,14.55,3.0000000000000004,2.994173917644091,4.85,99.81098292504991,4.859437160366554,25,,,,1.0729606392765692,0.042815436326119206,0.07907788864490715,0.971887432073311,,,,,0.10107985270352493,0.0,,,8.83613829751051e-06,,,8.857547683462086e-06,90.57997064352654,100.00061936104862,-2.433918624777931e-05,-0.0022684137103286205,0.0022684137103286205,SOC_UPPER_BOUND_NOT_REACHED,1089553.3228613487,1089886.4704947253,333.1476333764996,0.08956370285156971,0.9833969364249994,91.65265718302985,,,,,,,,,,,,,,,,,,,,,,,,,,,,,1,FIRST_UPWARD_CROSSING,charge_timeseries/cycle-036.csv,,,1089553.3228613487,1097199.9018470573,SOC_UPPER_BOUND_NOT_REACHED,SOC_UPPER_BOUND_NOT_REACHED,False,False,3,charge-efficiency-v1
36,virtual,40-60,40.0,60.0,40.0,60.0,100.0,NEGATIVE_PARTICLE_LITHIUM_DELTA_OVER_FROZEN_Q_REF_V1,4.859437160366554,25,20.0,W10_80_PERCENT_DISCHARGE_WINDOW,14.55,3.0000000000000004,2.994173917644091,4.85,99.81098292504991,4.859437160366554,25,,,,0.9636934639522984,0.07907788864490715,0.1153403409636951,0.9718874320733109,,,,,-0.008264043774262111,0.008264043774262111,,,1.2758698920625235e-05,,,1.7516444169925205e-05,100.85026706390717,99.99272842912494,3.980051015917141e-05,0.004129996897140052,0.004129996897140052,SOC_UPPER_BOUND_NOT_REACHED,1089886.4704947253,1090221.4742356895,335.0037409641575,0.0,0.9636934639522984,100.0,,,,,,,,,,,,,,,,,,,,,,,,,,,,,1,FIRST_UPWARD_CROSSING,charge_timeseries/cycle-036.csv,,,1089553.3228613487,1097199.9018470573,SOC_UPPER_BOUND_NOT_REACHED,SOC_UPPER_BOUND_NOT_REACHED,False,False,3,charge-efficiency-v1
36,virtual,60-80,60.0,80.0,60.0,80.0,100.0,NEGATIVE_PARTICLE_LITHIUM_DELTA_OVER_FROZEN_Q_REF_V1,4.859437160366554,25,20.0,W10_80_PERCENT_DISCHARGE_WINDOW,14.55,3.0000000000000004,2.994173917644091,4.85,99.81098292504991,4.859437160366554,25,,,,0.8938140438638835,0.1153403409636951,0.151602793282483,0.9718874320733097,,,,,-0.07814690204519076,0.07814690204519076,,,4.020151301969022e-05,,,6.281121847232993e-05,108.73485807762893,99.99177526508234,-2.9498895727342322e-05,-0.0033003392517554388,0.0033003392517554388,SOC_UPPER_BOUND_NOT_REACHED,1090221.4742356895,1093204.9683698951,2983.4941342057755,0.22365618258500097,0.6701578612788825,74.97732508004081,,,,,,,,,,,,,,,,,,,,,,,,,,,,,1,FIRST_UPWARD_CROSSING,charge_timeseries/cycle-036.csv,,,1089553.3228613487,1097199.9018470573,SOC_UPPER_BOUND_NOT_REACHED,SOC_UPPER_BOUND_NOT_REACHED,False,False,3,charge-efficiency-v1
36,virtual,80-100,80.0,100.0,80.0,,0.0,NEGATIVE_PARTICLE_LITHIUM_DELTA_OVER_FROZEN_Q_REF_V1,4.859437160366554,25,20.0,W10_80_PERCENT_DISCHARGE_WINDOW,14.55,3.0000000000000004,2.994173917644091,4.85,99.81098292504991,4.859437160366554,25,,,,,,,,,,,,,,,,,,,,,,,,,,,,,,,,,,,,,,,,,,,,,,,,,,,,,,,,,,,,0,FIRST_UPWARD_CROSSING,charge_timeseries/cycle-036.csv,,,1089553.3228613487,1097199.9018470573,SOC_UPPER_BOUND_NOT_REACHED,SOC_UPPER_BOUND_NOT_REACHED,False,False,3,charge-efficiency-v1
37,virtual,20-40,20.0,40.0,20.0,40.0,100.0,NEGATIVE_PARTICLE_LITHIUM_DELTA_OVER_FROZEN_Q_REF_V1,4.859437160366554,25,20.0,W10_80_PERCENT_DISCHARGE_WINDOW,14.55,3.0000000000000004,2.994173917644091,4.85,99.81098292504991,4.859437160366554,25,,,,0.9894802014875861,0.04280569764365832,0.07906814996244625,0.9718874320733106,,,,,0.017587017791899254,0.0,,,5.211401964491831e-06,,,7.769461951766254e-06,98.2220190572963,99.99941872284381,-7.229241540174236e-06,-0.0007306100242638289,0.0007306100242638289,SOC_UPPER_BOUND_NOT_REACHED,1120764.4998852464,1121070.2552200444,305.75533479811986,0.08917781314385259,0.9003023883437334,90.98740803405843,,,,,,,,,,,,,,,,,,,,,,,,,,,,,1,FIRST_UPWARD_CROSSING,charge_timeseries/cycle-037.csv,,,1120764.4998852464,1128415.401609721,SOC_UPPER_BOUND_NOT_REACHED,SOC_UPPER_BOUND_NOT_REACHED,False,False,3,charge-efficiency-v1
37,virtual,40-60,40.0,60.0,40.0,60.0,100.0,NEGATIVE_PARTICLE_LITHIUM_DELTA_OVER_FROZEN_Q_REF_V1,4.859437160366554,25,20.0,W10_80_PERCENT_DISCHARGE_WINDOW,14.55,3.0000000000000004,2.994173917644091,4.85,99.81098292504991,4.859437160366554,25,,,,0.9764991916236068,0.07906814996244625,0.11533060228123419,0.9718874320733109,,,,,0.004589933839771118,0.0,,,2.5135047089924756e-06,,,1.6561145243378095e-05,99.52772520552443,99.99776490234585,2.751060572347974e-06,0.0002817268663350184,0.0002817268663350184,SOC_UPPER_BOUND_NOT_REACHED,1121070.2552200444,1121380.957309345,310.7020893004893,0.0,0.9764991916236068,100.0,,,,,,,,,,,,,,,,,,,,,,,,,,,,,1,FIRST_UPWARD_CROSSING,charge_timeseries/cycle-037.csv,,,1120764.4998852464,1128415.401609721,SOC_UPPER_BOUND_NOT_REACHED,SOC_UPPER_BOUND_NOT_REACHED,False,False,3,charge-efficiency-v1
37,virtual,60-80,60.0,80.0,60.0,80.0,100.0,NEGATIVE_PARTICLE_LITHIUM_DELTA_OVER_FROZEN_Q_REF_V1,4.859437160366554,25,20.0,W10_80_PERCENT_DISCHARGE_WINDOW,14.55,3.0000000000000004,2.994173917644091,4.85,99.81098292504991,4.859437160366554,25,,,,0.961524969146426,0.11533060228123419,0.15159305460002215,0.9718874320733111,,,,,-0.010413926672816478,0.010413926672816478,,,1.5007823047375954e-05,,,6.487619764931202e-05,101.07771126693507,99.99464769531912,-2.842027476523956e-05,-0.0029557500509288983,0.0029557500509288983,SOC_UPPER_BOUND_NOT_REACHED,1121380.957309345,1124410.3769276333,3029.4196182881906,0.22189155735521965,0.7396334117912063,76.92295421592647,,,,,,,,,,,,,,,,,,,,,,,,,,,,,1,FIRST_UPWARD_CROSSING,charge_timeseries/cycle-037.csv,,,1120764.4998852464,1128415.401609721,SOC_UPPER_BOUND_NOT_REACHED,SOC_UPPER_BOUND_NOT_REACHED,False,False,3,charge-efficiency-v1
37,virtual,80-100,80.0,100.0,80.0,,0.0,NEGATIVE_PARTICLE_LITHIUM_DELTA_OVER_FROZEN_Q_REF_V1,4.859437160366554,25,20.0,W10_80_PERCENT_DISCHARGE_WINDOW,14.55,3.0000000000000004,2.994173917644091,4.85,99.81098292504991,4.859437160366554,25,,,,,,,,,,,,,,,,,,,,,,,,,,,,,,,,,,,,,,,,,,,,,,,,,,,,,,,,,,,,0,FIRST_UPWARD_CROSSING,charge_timeseries/cycle-037.csv,,,1120764.4998852464,1128415.401609721,SOC_UPPER_BOUND_NOT_REACHED,SOC_UPPER_BOUND_NOT_REACHED,False,False,3,charge-efficiency-v1
38,virtual,20-40,20.0,40.0,20.0,40.0,100.0,NEGATIVE_PARTICLE_LITHIUM_DELTA_OVER_FROZEN_Q_REF_V1,4.859437160366554,25,20.0,W10_80_PERCENT_DISCHARGE_WINDOW,14.55,3.0000000000000004,2.994173917644091,4.85,99.81098292504991,4.859437160366554,25,,,,1.0738004314169531,0.0427972875637599,0.07905973988254783,0.9718874320733105,,,,,0.10192333638688358,0.0,,,8.73028335793627e-06,,,8.665909198145305e-06,90.50913034099257,100.00096265962823,-2.7733235797189337e-05,-0.002582717885537952,0.002582717885537952,SOC_UPPER_BOUND_NOT_REACHED,1151979.9997824307,1152314.650371321,334.6505888903279,0.08879815189293253,0.9850022795240206,91.73047902618579,,,,,,,,,,,,,,,,,,,,,,,,,,,,,1,FIRST_UPWARD_CROSSING,charge_timeseries/cycle-038.csv,,,1151979.9997824307,1159639.5213891908,SOC_UPPER_BOUND_NOT_REACHED,SOC_UPPER_BOUND_NOT_REACHED,False,False,3,charge-efficiency-v1
38,virtual,40-60,40.0,60.0,40.0,60.0,100.0,NEGATIVE_PARTICLE_LITHIUM_DELTA_OVER_FROZEN_Q_REF_V1,4.859437160366554,25,20.0,W10_80_PERCENT_DISCHARGE_WINDOW,14.55,3.0000000000000004,2.994173917644091,4.85,99.81098292504991,4.859437160366554,25,,,,0.9635013762350796,0.07905973988254783,0.11532219220133577,0.9718874320733109,,,,,-0.008450232018362647,0.008450232018362647,,,1.260759785073201e-05,,,1.7097165971615563e-05,100.87037300050366,99.9933392746794,3.447141630896766e-05,0.00357772361920915,0.00357772361920915,SOC_UPPER_BOUND_NOT_REACHED,1152314.650371321,1152651.0702615015,336.4198901803566,0.0,0.9635013762350796,100.0,,,,,,,,,,,,,,,,,,,,,,,,,,,,,1,FIRST_UPWARD_CROSSING,charge_timeseries/cycle-038.csv,,,1151979.9997824307,1159639.5213891908,SOC_UPPER_BOUND_NOT_REACHED,SOC_UPPER_BOUND_NOT_REACHED,False,False,3,charge-efficiency-v1
38,virtual,60-80,60.0,80.0,60.0,80.0,100.0,NEGATIVE_PARTICLE_LITHIUM_DELTA_OVER_FROZEN_Q_REF_V1,4.859437160366554,25,20.0,W10_80_PERCENT_DISCHARGE_WINDOW,14.55,3.0000000000000004,2.994173917644091,4.85,99.81098292504991,4.859437160366554,25,,,,0.893099035776348,0.11532219220133577,0.1515846445201237,0.9718874320733109,,,,,-0.07885604653269576,0.07885604653269576,,,3.9498522870307605e-05,,,6.120999147635545e-05,108.82191035269388,99.99242522575629,-3.305827861388444e-05,-0.003701524387510701,0.003701524387510701,SOC_UPPER_BOUND_NOT_REACHED,1152651.0702615015,1155644.621794329,2993.551532827706,0.2235025917606342,0.6695964440157137,74.97448963581634,,,,,,,,,,,,,,,,,,,,,,,,,,,,,1,FIRST_UPWARD_CROSSING,charge_timeseries/cycle-038.csv,,,1151979.9997824307,1159639.5213891908,SOC_UPPER_BOUND_NOT_REACHED,SOC_UPPER_BOUND_NOT_REACHED,False,False,3,charge-efficiency-v1
38,virtual,80-100,80.0,100.0,80.0,,0.0,NEGATIVE_PARTICLE_LITHIUM_DELTA_OVER_FROZEN_Q_REF_V1,4.859437160366554,25,20.0,W10_80_PERCENT_DISCHARGE_WINDOW,14.55,3.0000000000000004,2.994173917644091,4.85,99.81098292504991,4.859437160366554,25,,,,,,,,,,,,,,,,,,,,,,,,,,,,,,,,,,,,,,,,,,,,,,,,,,,,,,,,,,,,0,FIRST_UPWARD_CROSSING,charge_timeseries/cycle-038.csv,,,1151979.9997824307,1159639.5213891908,SOC_UPPER_BOUND_NOT_REACHED,SOC_UPPER_BOUND_NOT_REACHED,False,False,3,charge-efficiency-v1
39,virtual,20-40,20.0,40.0,20.0,40.0,100.0,NEGATIVE_PARTICLE_LITHIUM_DELTA_OVER_FROZEN_Q_REF_V1,4.859437160366554,25,20.0,W10_80_PERCENT_DISCHARGE_WINDOW,14.55,3.0000000000000004,2.994173917644091,4.85,99.81098292504991,4.859437160366554,25,,,,0.957180541833323,0.042788058337862006,0.07905051065664995,0.9718874320733109,,,,,-0.01471357398679396,0.01471357398679396,,,4.845097973538853e-06,,,7.191878343838776e-06,101.53648027694119,99.99930172558739,-5.353229511229074e-06,-0.0005592706158626916,0.0005592706158626916,PREEXISTING_PLATED_LITHIUM_RELEASED,1183204.1196754859,1183500.7325262812,296.6128507952047,0.08842532818472358,0.8687552136485994,90.76189659942737,,,,,,,,,,,,,,,,,,,,,,,,,,,,,1,FIRST_UPWARD_CROSSING,charge_timeseries/cycle-039.csv,,,1183204.1196754859,1191160.9075262537,PREEXISTING_PLATED_LITHIUM_RELEASED,PREEXISTING_PLATED_LITHIUM_RELEASED,True,True,3,charge-efficiency-v1
39,virtual,40-60,40.0,60.0,40.0,60.0,100.0,NEGATIVE_PARTICLE_LITHIUM_DELTA_OVER_FROZEN_Q_REF_V1,4.859437160366554,25,20.0,W10_80_PERCENT_DISCHARGE_WINDOW,14.55,3.0000000000000004,2.994173917644091,4.85,99.81098292504991,4.859437160366554,25,,,,0.9334117267319204,0.07905051065664995,0.11531296297543787,0.9718874320733105,,,,,-0.038474363386618755,0.038474363386618755,,,-5.4312000875534824e-06,,,1.4878144871728616e-05,104.12205077775293,100.00014376879278,-1.0788899555524978e-05,-0.0011558564400405904,0.0011558564400405904,PREEXISTING_PLATED_LITHIUM_RELEASED,1183500.7325262812,1183775.5152745678,274.7827482866142,0.0,0.9334117267319204,99.99999999999999,,,,,,,,,,,,,,,,,,,,,,,,,,,,,1,FIRST_UPWARD_CROSSING,charge_timeseries/cycle-039.csv,,,1183204.1196754859,1191160.9075262537,PREEXISTING_PLATED_LITHIUM_RELEASED,PREEXISTING_PLATED_LITHIUM_RELEASED,True,True,3,charge-efficiency-v1
39,virtual,60-80,60.0,80.0,60.0,80.0,100.0,NEGATIVE_PARTICLE_LITHIUM_DELTA_OVER_FROZEN_Q_REF_V1,4.859437160366554,25,20.0,W10_80_PERCENT_DISCHARGE_WINDOW,14.55,3.0000000000000004,2.994173917644091,4.85,99.81098292504991,4.859437160366554,25,,,,0.9928697928653174,0.11531296297543787,0.1515754152942258,0.9718874320733105,,,,,0.020998806002007278,0.0,,,-4.851427538214801e-05,,,6.697157215201921e-05,97.88669562285162,100.00165633098302,-3.4902506770295716e-05,-0.003515315605440142,0.003515315605440142,PREEXISTING_PLATED_LITHIUM_RELEASED,1183775.5152745678,1186908.3679972878,3132.8527227201225,0.17750203950687207,0.8153677533584454,82.12232452005415,,,,,,,,,,,,,,,,,,,,,,,,,,,,,1,FIRST_UPWARD_CROSSING,charge_timeseries/cycle-039.csv,,,1183204.1196754859,1191160.9075262537,PREEXISTING_PLATED_LITHIUM_RELEASED,PREEXISTING_PLATED_LITHIUM_RELEASED,True,True,3,charge-efficiency-v1
39,virtual,80-100,80.0,100.0,80.0,100.0,100.0,NEGATIVE_PARTICLE_LITHIUM_DELTA_OVER_FROZEN_Q_REF_V1,4.859437160366554,25,20.0,W10_80_PERCENT_DISCHARGE_WINDOW,14.55,3.0000000000000004,2.994173917644091,4.85,99.81098292504991,4.859437160366554,25,,,,0.9940658427960434,0.1515754152942258,0.18783786761301374,0.9718874320733109,,,,,0.022186247259700753,0.0,,,-2.3188789624893624e-05,,,4.666437151579217e-05,97.7689193443816,100.00078833178155,-3.1312118859094795e-05,-0.0031499039108940827,0.0031499039108940827,PREEXISTING_PLATED_LITHIUM_RELEASED,1186908.3679972878,1190714.7785796497,3806.4105823620384,0.8220454534678788,0.17202038932816452,17.30472790859777,,,,,,,,,,,,,,,,,,,,,,,,,,,,,1,FIRST_UPWARD_CROSSING,charge_timeseries/cycle-039.csv,,,1183204.1196754859,1191160.9075262537,PREEXISTING_PLATED_LITHIUM_RELEASED,PREEXISTING_PLATED_LITHIUM_RELEASED,True,True,3,charge-efficiency-v1
40,virtual,20-40,20.0,40.0,20.0,40.0,100.0,NEGATIVE_PARTICLE_LITHIUM_DELTA_OVER_FROZEN_Q_REF_V1,4.859437160366554,25,20.0,W10_80_PERCENT_DISCHARGE_WINDOW,14.55,3.0000000000000004,2.994173917644091,4.85,99.81098292504991,4.859437160366554,25,,,,1.0753040786231451,0.04312129162731024,0.07938374394609818,0.9718874320733109,,,,,0.10343314551371535,0.0,,,7.467573431557163e-06,,,8.447250026209774e-06,90.3825672564869,100.0015343533247,-3.241378733886968e-05,-0.0030143833714806854,0.0030143833714806854,SOC_UPPER_BOUND_NOT_REACHED,1214725.5049200847,1215060.4421623661,334.9372422814172,0.08819359806509315,0.987110480558052,91.79826434044412,,,,,,,,,,,,,,,,,,,,,,,,,,,,,1,FIRST_UPWARD_CROSSING,charge_timeseries/cycle-040.csv,,,1214725.5049200847,1222398.4050647856,SOC_UPPER_BOUND_NOT_REACHED,SOC_UPPER_BOUND_NOT_REACHED,False,False,3,charge-efficiency-v1
40,virtual,40-60,40.0,60.0,40.0,60.0,100.0,NEGATIVE_PARTICLE_LITHIUM_DELTA_OVER_FROZEN_Q_REF_V1,4.859437160366554,25,20.0,W10_80_PERCENT_DISCHARGE_WINDOW,14.55,3.0000000000000004,2.994173917644091,4.85,99.81098292504991,4.859437160366554,25,,,,0.9644987422967066,0.07938374394609818,0.11564619626488612,0.9718874320733109,,,,,-0.00746195164480104,0.00746195164480104,,,1.1380765668748093e-05,,,1.668394406418791e-05,100.76606525779493,99.99240415098704,4.5197158463849973e-05,0.0046860774910109804,0.0046860774910109804,SOC_UPPER_BOUND_NOT_REACHED,1215060.4421623661,1215397.7641786474,337.32201628120447,0.0,0.9644987422967066,99.99999999999999,,,,,,,,,,,,,,,,,,,,,,,,,,,,,1,FIRST_UPWARD_CROSSING,charge_timeseries/cycle-040.csv,,,1214725.5049200847,1222398.4050647856,SOC_UPPER_BOUND_NOT_REACHED,SOC_UPPER_BOUND_NOT_REACHED,False,False,3,charge-efficiency-v1
40,virtual,60-80,60.0,80.0,60.0,80.0,100.0,NEGATIVE_PARTICLE_LITHIUM_DELTA_OVER_FROZEN_Q_REF_V1,4.859437160366554,25,20.0,W10_80_PERCENT_DISCHARGE_WINDOW,14.55,3.0000000000000004,2.994173917644091,4.85,99.81098292504991,4.859437160366554,25,,,,0.900129371973351,0.11564619626488612,0.15190864858367403,0.9718874320733101,,,,,-0.07182046004642814,0.07182046004642814,,,3.624191308543821e-05,,,6.001344820614693e-05,107.97197184474095,99.9930676691138,-3.3855414822592245e-05,-0.003761172102224719,0.003761172102224719,SOC_UPPER_BOUND_NOT_REACHED,1215397.7641786474,1218427.5720887857,3029.807910138368,0.2322784730990643,0.6678508988742866,74.19499015015575,,,,,,,,,,,,,,,,,,,,,,,,,,,,,1,FIRST_UPWARD_CROSSING,charge_timeseries/cycle-040.csv,,,1214725.5049200847,1222398.4050647856,SOC_UPPER_BOUND_NOT_REACHED,SOC_UPPER_BOUND_NOT_REACHED,False,False,3,charge-efficiency-v1
40,virtual,80-100,80.0,100.0,80.0,,0.0,NEGATIVE_PARTICLE_LITHIUM_DELTA_OVER_FROZEN_Q_REF_V1,4.859437160366554,25,20.0,W10_80_PERCENT_DISCHARGE_WINDOW,14.55,3.0000000000000004,2.994173917644091,4.85,99.81098292504991,4.859437160366554,25,,,,,,,,,,,,,,,,,,,,,,,,,,,,,,,,,,,,,,,,,,,,,,,,,,,,,,,,,,,,0,FIRST_UPWARD_CROSSING,charge_timeseries/cycle-040.csv,,,1214725.5049200847,1222398.4050647856,SOC_UPPER_BOUND_NOT_REACHED,SOC_UPPER_BOUND_NOT_REACHED,False,False,3,charge-efficiency-v1
41,virtual,20-40,20.0,40.0,20.0,40.0,100.0,NEGATIVE_PARTICLE_LITHIUM_DELTA_OVER_FROZEN_Q_REF_V1,4.859437160366554,25,20.0,W10_80_PERCENT_DISCHARGE_WINDOW,14.55,3.0000000000000004,2.994173917644091,4.85,99.81098292504991,4.859437160366554,25,,,,1.074744599467555,0.04277906576117063,0.07904151807995856,0.9718874320733105,,,,,0.10286947905805054,0.0,,,8.598730072861827e-06,,,8.401305481492427e-06,90.42961765565498,100.00114554321205,-2.931169936037925e-05,-0.002727317669230505,0.002727317669230505,SOC_UPPER_BOUND_NOT_REACHED,1245963.0036341434,1246299.7709121075,336.76727796418396,0.08769693149870933,0.9870476679688457,91.84020728811703,,,,,,,,,,,,,,,,,,,,,,,,,,,,,1,FIRST_UPWARD_CROSSING,charge_timeseries/cycle-041.csv,,,1245963.0036341434,1253641.4406109788,SOC_UPPER_BOUND_NOT_REACHED,SOC_UPPER_BOUND_NOT_REACHED,False,False,3,charge-efficiency-v1
41,virtual,40-60,40.0,60.0,40.0,60.0,100.0,NEGATIVE_PARTICLE_LITHIUM_DELTA_OVER_FROZEN_Q_REF_V1,4.859437160366554,25,20.0,W10_80_PERCENT_DISCHARGE_WINDOW,14.55,3.0000000000000004,2.994173917644091,4.85,99.81098292504991,4.859437160366554,25,,,,0.9632877319182962,0.07904151807995856,0.1153039703987465,0.9718874320733109,,,,,-0.00867326733851452,0.00867326733851452,,,1.2363508970753175e-05,,,1.6523210769343877e-05,100.89274469818993,99.99236290663089,4.468046375971646e-05,0.004638329990016539,0.004638329990016539,SOC_UPPER_BOUND_NOT_REACHED,1246299.7709121075,1246638.1463346095,338.37542250183895,0.0,0.9632877319182962,100.0,,,,,,,,,,,,,,,,,,,,,,,,,,,,,1,FIRST_UPWARD_CROSSING,charge_timeseries/cycle-041.csv,,,1245963.0036341434,1253641.4406109788,SOC_UPPER_BOUND_NOT_REACHED,SOC_UPPER_BOUND_NOT_REACHED,False,False,3,charge-efficiency-v1
41,virtual,60-80,60.0,80.0,60.0,80.0,100.0,NEGATIVE_PARTICLE_LITHIUM_DELTA_OVER_FROZEN_Q_REF_V1,4.859437160366554,25,20.0,W10_80_PERCENT_DISCHARGE_WINDOW,14.55,3.0000000000000004,2.994173917644091,4.85,99.81098292504991,4.859437160366554,25,,,,0.892291435398096,0.1153039703987465,0.15156642271753445,0.9718874320733111,,,,,-0.0796536269776532,0.0796536269776532,,,3.8448492716050206e-05,,,5.901486055520655e-05,108.92040352709463,99.99354131395283,-3.983305083310462e-05,-0.004464130132027223,0.004464130132027223,SOC_UPPER_BOUND_NOT_REACHED,1246638.1463346095,1249644.9371959013,3006.7908612919973,0.22334757940985037,0.6689438559882456,74.96921179006902,,,,,,,,,,,,,,,,,,,,,,,,,,,,,1,FIRST_UPWARD_CROSSING,charge_timeseries/cycle-041.csv,,,1245963.0036341434,1253641.4406109788,SOC_UPPER_BOUND_NOT_REACHED,SOC_UPPER_BOUND_NOT_REACHED,False,False,3,charge-efficiency-v1
41,virtual,80-100,80.0,100.0,80.0,,0.0,NEGATIVE_PARTICLE_LITHIUM_DELTA_OVER_FROZEN_Q_REF_V1,4.859437160366554,25,20.0,W10_80_PERCENT_DISCHARGE_WINDOW,14.55,3.0000000000000004,2.994173917644091,4.85,99.81098292504991,4.859437160366554,25,,,,,,,,,,,,,,,,,,,,,,,,,,,,,,,,,,,,,,,,,,,,,,,,,,,,,,,,,,,,0,FIRST_UPWARD_CROSSING,charge_timeseries/cycle-041.csv,,,1245963.0036341434,1253641.4406109788,SOC_UPPER_BOUND_NOT_REACHED,SOC_UPPER_BOUND_NOT_REACHED,False,False,3,charge-efficiency-v1
42,virtual,20-40,20.0,40.0,20.0,40.0,100.0,NEGATIVE_PARTICLE_LITHIUM_DELTA_OVER_FROZEN_Q_REF_V1,4.859437160366554,25,20.0,W10_80_PERCENT_DISCHARGE_WINDOW,14.55,3.0000000000000004,2.994173917644091,4.85,99.81098292504991,4.859437160366554,25,,,,0.993032077555938,0.0427700162184791,0.07903246853726704,0.971887432073311,,,,,0.021140955602263842,0.0,,,5.06589178197233e-06,,,7.394878445764891e-06,97.87069864503587,99.99962842284286,-8.770889864506692e-06,-0.0008832433576661196,0.0008832433576661196,SOC_UPPER_BOUND_NOT_REACHED,1277206.039187535,1277515.5249055263,309.4857179912905,0.08734179407657239,0.9056902834793656,91.204534470675,,,,,,,,,,,,,,,,,,,,,,,,,,,,,1,FIRST_UPWARD_CROSSING,charge_timeseries/cycle-042.csv,,,1277206.039187535,1284884.716424103,SOC_UPPER_BOUND_NOT_REACHED,SOC_UPPER_BOUND_NOT_REACHED,False,False,3,charge-efficiency-v1
42,virtual,40-60,40.0,60.0,40.0,60.0,100.0,NEGATIVE_PARTICLE_LITHIUM_DELTA_OVER_FROZEN_Q_REF_V1,4.859437160366554,25,20.0,W10_80_PERCENT_DISCHARGE_WINDOW,14.55,3.0000000000000004,2.994173917644091,4.85,99.81098292504991,4.859437160366554,25,,,,0.9760365670795196,0.07903246853726704,0.11529492085605496,0.9718874320733101,,,,,0.004112249356185468,0.0,,,2.783483237280178e-06,,,1.5651066327230373e-05,99.5748996353052,99.99622087416925,1.8451100459504488e-05,0.0018904107778168152,0.0018904107778168152,SOC_UPPER_BOUND_NOT_REACHED,1277515.5249055263,1277830.0215871455,314.49668161920187,0.0,0.9760365670795196,100.0,,,,,,,,,,,,,,,,,,,,,,,,,,,,,1,FIRST_UPWARD_CROSSING,charge_timeseries/cycle-042.csv,,,1277206.039187535,1284884.716424103,SOC_UPPER_BOUND_NOT_REACHED,SOC_UPPER_BOUND_NOT_REACHED,False,False,3,charge-efficiency-v1
42,virtual,60-80,60.0,80.0,60.0,80.0,100.0,NEGATIVE_PARTICLE_LITHIUM_DELTA_OVER_FROZEN_Q_REF_V1,4.859437160366554,25,20.0,W10_80_PERCENT_DISCHARGE_WINDOW,14.55,3.0000000000000004,2.994173917644091,4.85,99.81098292504991,4.859437160366554,25,,,,0.9584570027464364,0.11529492085605496,0.15155737317484289,0.9718874320733105,,,,,-0.013466623941195171,0.013466623941195171,,,1.5229357034311254e-05,,,6.0907332052429625e-05,101.4012552768032,99.99622365800268,-3.994207476576417e-05,-0.004167330892393824,0.004167330892393824,SOC_UPPER_BOUND_NOT_REACHED,1277830.0215871455,1280878.5213812287,3048.4997940831477,0.22173686077019447,0.7367201419762419,76.86522607328105,,,,,,,,,,,,,,,,,,,,,,,,,,,,,1,FIRST_UPWARD_CROSSING,charge_timeseries/cycle-042.csv,,,1277206.039187535,1284884.716424103,SOC_UPPER_BOUND_NOT_REACHED,SOC_UPPER_BOUND_NOT_REACHED,False,False,3,charge-efficiency-v1
42,virtual,80-100,80.0,100.0,80.0,,0.0,NEGATIVE_PARTICLE_LITHIUM_DELTA_OVER_FROZEN_Q_REF_V1,4.859437160366554,25,20.0,W10_80_PERCENT_DISCHARGE_WINDOW,14.55,3.0000000000000004,2.994173917644091,4.85,99.81098292504991,4.859437160366554,25,,,,,,,,,,,,,,,,,,,,,,,,,,,,,,,,,,,,,,,,,,,,,,,,,,,,,,,,,,,,0,FIRST_UPWARD_CROSSING,charge_timeseries/cycle-042.csv,,,1277206.039187535,1284884.716424103,SOC_UPPER_BOUND_NOT_REACHED,SOC_UPPER_BOUND_NOT_REACHED,False,False,3,charge-efficiency-v1
43,virtual,20-40,20.0,40.0,20.0,40.0,100.0,NEGATIVE_PARTICLE_LITHIUM_DELTA_OVER_FROZEN_Q_REF_V1,4.859437160366554,25,20.0,W10_80_PERCENT_DISCHARGE_WINDOW,14.55,3.0000000000000004,2.994173917644091,4.85,99.81098292504991,4.859437160366554,25,,,,1.076369820020712,0.04276207259408861,0.07902452491287655,0.9718874320733109,,,,,0.10449063248014237,0.0,,,8.592299292457979e-06,,,8.253894108564697e-06,90.29307715582452,100.00076595725632,-2.5090726142540376e-05,-0.0023310506924151377,0.0023310506924151377,SOC_UPPER_BOUND_NOT_REACHED,1308449.3150643602,1308787.8868861787,338.5718218185652,0.08699182077420002,0.9893779992465119,91.91803605451088,,,,,,,,,,,,,,,,,,,,,,,,,,,,,1,FIRST_UPWARD_CROSSING,charge_timeseries/cycle-043.csv,,,1308449.3150643602,1316141.113962626,SOC_UPPER_BOUND_NOT_REACHED,SOC_UPPER_BOUND_NOT_REACHED,False,False,3,charge-efficiency-v1
43,virtual,40-60,40.0,60.0,40.0,60.0,100.0,NEGATIVE_PARTICLE_LITHIUM_DELTA_OVER_FROZEN_Q_REF_V1,4.859437160366554,25,20.0,W10_80_PERCENT_DISCHARGE_WINDOW,14.55,3.0000000000000004,2.994173917644091,4.85,99.81098292504991,4.859437160366554,25,,,,0.9629344252086756,0.07902452491287655,0.11528697723166449,0.9718874320733109,,,,,-0.008998530547598874,0.008998530547598874,,,1.2338619261736267e-05,,,1.6184957603946476e-05,100.92976288210852,99.99527240051121,1.7000106097952994e-05,0.0017654479529350022,0.0017654479529350022,SOC_UPPER_BOUND_NOT_REACHED,1308787.8868861787,1309127.8507943095,339.9639081307068,0.0,0.9629344252086756,100.0,,,,,,,,,,,,,,,,,,,,,,,,,,,,,1,FIRST_UPWARD_CROSSING,charge_timeseries/cycle-043.csv,,,1308449.3150643602,1316141.113962626,SOC_UPPER_BOUND_NOT_REACHED,SOC_UPPER_BOUND_NOT_REACHED,False,False,3,charge-efficiency-v1
43,virtual,60-80,60.0,80.0,60.0,80.0,100.0,NEGATIVE_PARTICLE_LITHIUM_DELTA_OVER_FROZEN_Q_REF_V1,4.859437160366554,25,20.0,W10_80_PERCENT_DISCHARGE_WINDOW,14.55,3.0000000000000004,2.994173917644091,4.85,99.81098292504991,4.859437160366554,25,,,,0.8910242492697079,0.11528697723166449,0.15154942955045242,0.9718874320733105,,,,,-0.0809743037890564,0.0809743037890564,,,3.807261255132834e-05,,,5.7672091792783375e-05,109.07530663389677,99.98752884834,1.537628110970246e-05,0.0017256860430347445,0.0017256860430347445,SOC_UPPER_BOUND_NOT_REACHED,1309127.8507943095,1312144.26990436,3016.419110050548,0.22321898069224777,0.6678052685774601,74.94804648973356,,,,,,,,,,,,,,,,,,,,,,,,,,,,,1,FIRST_UPWARD_CROSSING,charge_timeseries/cycle-043.csv,,,1308449.3150643602,1316141.113962626,SOC_UPPER_BOUND_NOT_REACHED,SOC_UPPER_BOUND_NOT_REACHED,False,False,3,charge-efficiency-v1
43,virtual,80-100,80.0,100.0,80.0,,0.0,NEGATIVE_PARTICLE_LITHIUM_DELTA_OVER_FROZEN_Q_REF_V1,4.859437160366554,25,20.0,W10_80_PERCENT_DISCHARGE_WINDOW,14.55,3.0000000000000004,2.994173917644091,4.85,99.81098292504991,4.859437160366554,25,,,,,,,,,,,,,,,,,,,,,,,,,,,,,,,,,,,,,,,,,,,,,,,,,,,,,,,,,,,,0,FIRST_UPWARD_CROSSING,charge_timeseries/cycle-043.csv,,,1308449.3150643602,1316141.113962626,SOC_UPPER_BOUND_NOT_REACHED,SOC_UPPER_BOUND_NOT_REACHED,False,False,3,charge-efficiency-v1
44,virtual,20-40,20.0,40.0,20.0,40.0,100.0,NEGATIVE_PARTICLE_LITHIUM_DELTA_OVER_FROZEN_Q_REF_V1,4.859437160366554,25,20.0,W10_80_PERCENT_DISCHARGE_WINDOW,14.55,3.0000000000000004,2.994173917644091,4.85,99.81098292504991,4.859437160366554,25,,,,1.0764833546840427,0.042753505175178425,0.07901595749396637,0.9718874320733109,,,,,0.10460913990486835,0.0,,,8.545258596665342e-06,,,8.176457149327437e-06,90.2835541157595,100.00122782150592,-2.9939009882573586e-05,-0.0027811865136884487,0.0027811865136884487,SOC_UPPER_BOUND_NOT_REACHED,1339705.7127418986,1340044.9190602682,339.20631836967897,0.08664744118109223,0.9898359135029504,91.9508796114619,,,,,,,,,,,,,,,,,,,,,,,,,,,,,1,FIRST_UPWARD_CROSSING,charge_timeseries/cycle-044.csv,,,1339705.7127418986,1347404.054159301,SOC_UPPER_BOUND_NOT_REACHED,SOC_UPPER_BOUND_NOT_REACHED,False,False,3,charge-efficiency-v1
44,virtual,40-60,40.0,60.0,40.0,60.0,100.0,NEGATIVE_PARTICLE_LITHIUM_DELTA_OVER_FROZEN_Q_REF_V1,4.859437160366554,25,20.0,W10_80_PERCENT_DISCHARGE_WINDOW,14.55,3.0000000000000004,2.994173917644091,4.85,99.81098292504991,4.859437160366554,25,,,,0.9628870316294933,0.07901595749396637,0.11527840981275429,0.9718874320733105,,,,,-0.009038825031261175,0.009038825031261175,,,1.2245453225603019e-05,,,1.6019064505368857e-05,100.9347306743332,99.99600943971808,1.0160069712994435e-05,0.0010551673643169287,0.0010551673643169287,SOC_UPPER_BOUND_NOT_REACHED,1340044.9190602682,1340385.4692251359,340.5501648675333,0.0,0.9628870316294933,100.0,,,,,,,,,,,,,,,,,,,,,,,,,,,,,1,FIRST_UPWARD_CROSSING,charge_timeseries/cycle-044.csv,,,1339705.7127418986,1347404.054159301,SOC_UPPER_BOUND_NOT_REACHED,SOC_UPPER_BOUND_NOT_REACHED,False,False,3,charge-efficiency-v1
44,virtual,60-80,60.0,80.0,60.0,80.0,100.0,NEGATIVE_PARTICLE_LITHIUM_DELTA_OVER_FROZEN_Q_REF_V1,4.859437160366554,25,20.0,W10_80_PERCENT_DISCHARGE_WINDOW,14.55,3.0000000000000004,2.994173917644091,4.85,99.81098292504991,4.859437160366554,25,,,,0.8908674600681956,0.11527840981275429,0.15154086213154225,0.9718874320733111,,,,,-0.08108747908200592,0.08108747908200592,,,3.7716466455762175e-05,,,5.7056158320127615e-05,109.09450346282861,99.99242232094937,-2.726554788534674e-05,-0.003060561655631644,0.003060561655631644,SOC_UPPER_BOUND_NOT_REACHED,1340385.4692251359,1343407.0096000303,3021.5403748945323,0.22315114097539637,0.6677163190927993,74.95125246147006,,,,,,,,,,,,,,,,,,,,,,,,,,,,,1,FIRST_UPWARD_CROSSING,charge_timeseries/cycle-044.csv,,,1339705.7127418986,1347404.054159301,SOC_UPPER_BOUND_NOT_REACHED,SOC_UPPER_BOUND_NOT_REACHED,False,False,3,charge-efficiency-v1
44,virtual,80-100,80.0,100.0,80.0,,0.0,NEGATIVE_PARTICLE_LITHIUM_DELTA_OVER_FROZEN_Q_REF_V1,4.859437160366554,25,20.0,W10_80_PERCENT_DISCHARGE_WINDOW,14.55,3.0000000000000004,2.994173917644091,4.85,99.81098292504991,4.859437160366554,25,,,,,,,,,,,,,,,,,,,,,,,,,,,,,,,,,,,,,,,,,,,,,,,,,,,,,,,,,,,,0,FIRST_UPWARD_CROSSING,charge_timeseries/cycle-044.csv,,,1339705.7127418986,1347404.054159301,SOC_UPPER_BOUND_NOT_REACHED,SOC_UPPER_BOUND_NOT_REACHED,False,False,3,charge-efficiency-v1
45,virtual,20-40,20.0,40.0,20.0,40.0,100.0,NEGATIVE_PARTICLE_LITHIUM_DELTA_OVER_FROZEN_Q_REF_V1,4.859437160366554,25,20.0,W10_80_PERCENT_DISCHARGE_WINDOW,14.55,3.0000000000000004,2.994173917644091,4.85,99.81098292504991,4.859437160366554,25,,,,1.0765765368818783,0.04274480031102121,0.07900725262980915,0.9718874320733109,,,,,0.10470990915972758,0.0,,,8.493365917810851e-06,,,8.101394826466601e-06,90.27573969689311,100.0019324544468,-3.739911190470124e-05,-0.0034738925309501394,0.0034738925309501394,SOC_UPPER_BOUND_NOT_REACHED,1370968.6529906958,1371308.4758360207,339.8228453249148,0.08630810349020183,0.9902684333916765,91.98309636766015,,,,,,,,,,,,,,,,,,,,,,,,,,,,,1,FIRST_UPWARD_CROSSING,charge_timeseries/cycle-045.csv,,,1370968.6529906958,1378673.8036704422,SOC_UPPER_BOUND_NOT_REACHED,SOC_UPPER_BOUND_NOT_REACHED,False,False,3,charge-efficiency-v1
45,virtual,40-60,40.0,60.0,40.0,60.0,100.0,NEGATIVE_PARTICLE_LITHIUM_DELTA_OVER_FROZEN_Q_REF_V1,4.859437160366554,25,20.0,W10_80_PERCENT_DISCHARGE_WINDOW,14.55,3.0000000000000004,2.994173917644091,4.85,99.81098292504991,4.859437160366554,25,,,,0.9628904499402366,0.07900725262980915,0.11526970494859709,0.9718874320733109,,,,,-0.00907759171621042,0.00907759171621042,,,1.2153845940937082e-05,,,1.5858536742650864e-05,100.9343723508352,99.99162837442813,5.259720045269756e-05,0.005462428301782626,0.005462428301782626,SOC_UPPER_BOUND_NOT_REACHED,1371308.4758360207,1371649.6260106247,341.15017460399,0.0,0.9628904499402366,100.0,,,,,,,,,,,,,,,,,,,,,,,,,,,,,1,FIRST_UPWARD_CROSSING,charge_timeseries/cycle-045.csv,,,1370968.6529906958,1378673.8036704422,SOC_UPPER_BOUND_NOT_REACHED,SOC_UPPER_BOUND_NOT_REACHED,False,False,3,charge-efficiency-v1
45,virtual,60-80,60.0,80.0,60.0,80.0,100.0,NEGATIVE_PARTICLE_LITHIUM_DELTA_OVER_FROZEN_Q_REF_V1,4.859437160366554,25,20.0,W10_80_PERCENT_DISCHARGE_WINDOW,14.55,3.0000000000000004,2.994173917644091,4.85,99.81098292504991,4.859437160366554,25,,,,0.8907648916207415,0.11526970494859709,0.151532157267385,0.9718874320733101,,,,,-0.08118537779198373,0.08118537779198373,,,3.736704524572986e-05,,,5.64600066863194e-05,109.1070653115848,99.99294568746409,-3.0989712516915624e-05,-0.0034790002175018398,0.0034790002175018398,SOC_UPPER_BOUND_NOT_REACHED,1371649.6260106247,1374676.4283038797,3026.8022932549757,0.22307704138723994,0.6676878502335015,74.9566868333402,,,,,,,,,,,,,,,,,,,,,,,,,,,,,1,FIRST_UPWARD_CROSSING,charge_timeseries/cycle-045.csv,,,1370968.6529906958,1378673.8036704422,SOC_UPPER_BOUND_NOT_REACHED,SOC_UPPER_BOUND_NOT_REACHED,False,False,3,charge-efficiency-v1
45,virtual,80-100,80.0,100.0,80.0,,0.0,NEGATIVE_PARTICLE_LITHIUM_DELTA_OVER_FROZEN_Q_REF_V1,4.859437160366554,25,20.0,W10_80_PERCENT_DISCHARGE_WINDOW,14.55,3.0000000000000004,2.994173917644091,4.85,99.81098292504991,4.859437160366554,25,,,,,,,,,,,,,,,,,,,,,,,,,,,,,,,,,,,,,,,,,,,,,,,,,,,,,,,,,,,,0,FIRST_UPWARD_CROSSING,charge_timeseries/cycle-045.csv,,,1370968.6529906958,1378673.8036704422,SOC_UPPER_BOUND_NOT_REACHED,SOC_UPPER_BOUND_NOT_REACHED,False,False,3,charge-efficiency-v1
46,virtual,20-40,20.0,40.0,20.0,40.0,100.0,NEGATIVE_PARTICLE_LITHIUM_DELTA_OVER_FROZEN_Q_REF_V1,4.859437160366554,25,20.0,W10_80_PERCENT_DISCHARGE_WINDOW,14.55,3.0000000000000004,2.994173917644091,4.85,99.81098292504991,4.859437160366554,25,,,,1.0778863360088482,0.04273624088486049,0.07899869320364844,0.971887432073311,,,,,0.10600399842535756,0.0,,,8.529899046684497e-06,,,8.042815870662468e-06,90.16604066732812,100.00047263701654,-2.1667204737507717e-05,-0.0020101567311573984,0.0020101567311573984,SOC_UPPER_BOUND_NOT_REACHED,1402238.4024519334,1402579.326866052,340.92441411881316,0.08597366137679663,0.9919126746320516,92.02386573568263,,,,,,,,,,,,,,,,,,,,,,,,,,,,,1,FIRST_UPWARD_CROSSING,charge_timeseries/cycle-046.csv,,,1402238.4024519334,1409950.6116310763,SOC_UPPER_BOUND_NOT_REACHED,SOC_UPPER_BOUND_NOT_REACHED,False,False,3,charge-efficiency-v1
46,virtual,40-60,40.0,60.0,40.0,60.0,100.0,NEGATIVE_PARTICLE_LITHIUM_DELTA_OVER_FROZEN_Q_REF_V1,4.859437160366554,25,20.0,W10_80_PERCENT_DISCHARGE_WINDOW,14.55,3.0000000000000004,2.994173917644091,4.85,99.81098292504991,4.859437160366554,25,,,,0.9626338135882212,0.07899869320364844,0.11526114552243637,0.9718874320733105,,,,,-0.009329528891275557,0.009329528891275557,,,1.220680268706597e-05,,,1.5713792593990972e-05,100.96128126339096,99.992114300878,4.798981090514687e-05,0.004985261293312009,0.004985261293312009,SOC_UPPER_BOUND_NOT_REACHED,1402579.326866052,1402921.4179481445,342.09108209233716,0.0,0.9626338135882212,100.0,,,,,,,,,,,,,,,,,,,,,,,,,,,,,1,FIRST_UPWARD_CROSSING,charge_timeseries/cycle-046.csv,,,1402238.4024519334,1409950.6116310763,SOC_UPPER_BOUND_NOT_REACHED,SOC_UPPER_BOUND_NOT_REACHED,False,False,3,charge-efficiency-v1
46,virtual,60-80,60.0,80.0,60.0,80.0,100.0,NEGATIVE_PARTICLE_LITHIUM_DELTA_OVER_FROZEN_Q_REF_V1,4.859437160366554,25,20.0,W10_80_PERCENT_DISCHARGE_WINDOW,14.55,3.0000000000000004,2.994173917644091,4.85,99.81098292504991,4.859437160366554,25,,,,0.8897381502245045,0.11526114552243637,0.15152359784122432,0.9718874320733111,,,,,-0.08222557295552,0.08222557295552,,,3.733208085134748e-05,,,5.585347152006065e-05,109.23297285027938,99.99142544278963,-1.6894445657889e-05,-0.0018988109764233538,0.0018988109764233538,SOC_UPPER_BOUND_NOT_REACHED,1402921.4179481445,1405953.007932752,3031.5899846075063,0.22302447686003474,0.6667136733644697,74.93369517719795,,,,,,,,,,,,,,,,,,,,,,,,,,,,,1,FIRST_UPWARD_CROSSING,charge_timeseries/cycle-046.csv,,,1402238.4024519334,1409950.6116310763,SOC_UPPER_BOUND_NOT_REACHED,SOC_UPPER_BOUND_NOT_REACHED,False,False,3,charge-efficiency-v1
46,virtual,80-100,80.0,100.0,80.0,,0.0,NEGATIVE_PARTICLE_LITHIUM_DELTA_OVER_FROZEN_Q_REF_V1,4.859437160366554,25,20.0,W10_80_PERCENT_DISCHARGE_WINDOW,14.55,3.0000000000000004,2.994173917644091,4.85,99.81098292504991,4.859437160366554,25,,,,,,,,,,,,,,,,,,,,,,,,,,,,,,,,,,,,,,,,,,,,,,,,,,,,,,,,,,,,0,FIRST_UPWARD_CROSSING,charge_timeseries/cycle-046.csv,,,1402238.4024519334,1409950.6116310763,SOC_UPPER_BOUND_NOT_REACHED,SOC_UPPER_BOUND_NOT_REACHED,False,False,3,charge-efficiency-v1
47,virtual,20-40,20.0,40.0,20.0,40.0,100.0,NEGATIVE_PARTICLE_LITHIUM_DELTA_OVER_FROZEN_Q_REF_V1,4.859437160366554,25,20.0,W10_80_PERCENT_DISCHARGE_WINDOW,14.55,3.0000000000000004,2.994173917644091,4.85,99.81098292504991,4.859437160366554,25,,,,1.0775538666950162,0.04272777189590676,0.0789902242146947,0.9718874320733109,,,,,0.10567489977433234,0.0,,,8.451966787758822e-06,,,7.967372217351776e-06,90.19386056812208,100.00078558974069,-2.4884491632182204e-05,-0.0023093501310060584,0.0023093501310060584,SOC_UPPER_BOUND_NOT_REACHED,1433515.2104165405,1433856.569200198,341.3587836573902,0.08564391286585173,0.9919099538291645,92.0520063531922,,,,,,,,,,,,,,,,,,,,,,,,,,,,,1,FIRST_UPWARD_CROSSING,charge_timeseries/cycle-047.csv,,,1433515.2104165405,1441233.9831526696,SOC_UPPER_BOUND_NOT_REACHED,SOC_UPPER_BOUND_NOT_REACHED,False,False,3,charge-efficiency-v1
47,virtual,40-60,40.0,60.0,40.0,60.0,100.0,NEGATIVE_PARTICLE_LITHIUM_DELTA_OVER_FROZEN_Q_REF_V1,4.859437160366554,25,20.0,W10_80_PERCENT_DISCHARGE_WINDOW,14.55,3.0000000000000004,2.994173917644091,4.85,99.81098292504991,4.859437160366554,25,,,,0.9626363156432421,0.0789902242146947,0.11525267653348263,0.9718874320733105,,,,,-0.009287208401001334,0.009287208401001334,,,1.2067816066252922e-05,,,1.5559226409778137e-05,100.9610188479007,99.99625071583668,8.464928456963783e-06,0.0008793485472556105,0.0008793485472556105,SOC_UPPER_BOUND_NOT_REACHED,1433856.569200198,1434199.0819804163,342.51278021849316,0.0,0.9626363156432421,100.0,,,,,,,,,,,,,,,,,,,,,,,,,,,,,1,FIRST_UPWARD_CROSSING,charge_timeseries/cycle-047.csv,,,1433515.2104165405,1441233.9831526696,SOC_UPPER_BOUND_NOT_REACHED,SOC_UPPER_BOUND_NOT_REACHED,False,False,3,charge-efficiency-v1
47,virtual,60-80,60.0,80.0,60.0,80.0,100.0,NEGATIVE_PARTICLE_LITHIUM_DELTA_OVER_FROZEN_Q_REF_V1,4.859437160366554,25,20.0,W10_80_PERCENT_DISCHARGE_WINDOW,14.55,3.0000000000000004,2.994173917644091,4.85,99.81098292504991,4.859437160366554,25,,,,0.8899545945041099,0.11525267653348263,0.15151512885227056,0.9718874320733105,,,,,-0.08198713291051127,0.08198713291051127,,,3.689229775806057e-05,,,5.530946097753037e-05,109.20640649255307,99.99389908860003,-3.7906417424959926e-05,-0.004259365327068366,0.004259365327068366,SOC_UPPER_BOUND_NOT_REACHED,1434199.0819804163,1437235.9352064957,3036.853226079301,0.22294695849104276,0.6670076360130671,74.94850188224821,,,,,,,,,,,,,,,,,,,,,,,,,,,,,1,FIRST_UPWARD_CROSSING,charge_timeseries/cycle-047.csv,,,1433515.2104165405,1441233.9831526696,SOC_UPPER_BOUND_NOT_REACHED,SOC_UPPER_BOUND_NOT_REACHED,False,False,3,charge-efficiency-v1
47,virtual,80-100,80.0,100.0,80.0,,0.0,NEGATIVE_PARTICLE_LITHIUM_DELTA_OVER_FROZEN_Q_REF_V1,4.859437160366554,25,20.0,W10_80_PERCENT_DISCHARGE_WINDOW,14.55,3.0000000000000004,2.994173917644091,4.85,99.81098292504991,4.859437160366554,25,,,,,,,,,,,,,,,,,,,,,,,,,,,,,,,,,,,,,,,,,,,,,,,,,,,,,,,,,,,,0,FIRST_UPWARD_CROSSING,charge_timeseries/cycle-047.csv,,,1433515.2104165405,1441233.9831526696,SOC_UPPER_BOUND_NOT_REACHED,SOC_UPPER_BOUND_NOT_REACHED,False,False,3,charge-efficiency-v1
48,virtual,20-40,20.0,40.0,20.0,40.0,100.0,NEGATIVE_PARTICLE_LITHIUM_DELTA_OVER_FROZEN_Q_REF_V1,4.859437160366554,25,20.0,W10_80_PERCENT_DISCHARGE_WINDOW,14.55,3.0000000000000004,2.994173917644091,4.85,99.81098292504991,4.859437160366554,25,,,,1.0355379143707748,0.04271941024041627,0.07898186255920421,0.9718874320733109,,,,,0.06364328882359557,0.0,,,7.19433992289395e-06,,,7.368136257096536e-06,93.85338948828928,99.99930533940201,-7.369002311685691e-06,-0.0007116110583129472,0.0007116110583129472,SOC_UPPER_BOUND_NOT_REACHED,1464798.5820278968,1465124.5589406707,325.97691277400736,0.0853188655430469,0.9502190488277279,91.76091339978707,,,,,,,,,,,,,,,,,,,,,,,,,,,,,1,FIRST_UPWARD_CROSSING,charge_timeseries/cycle-048.csv,,,1464798.5820278968,1472502.1872305435,SOC_UPPER_BOUND_NOT_REACHED,SOC_UPPER_BOUND_NOT_REACHED,False,False,3,charge-efficiency-v1
48,virtual,40-60,40.0,60.0,40.0,60.0,100.0,NEGATIVE_PARTICLE_LITHIUM_DELTA_OVER_FROZEN_Q_REF_V1,4.859437160366554,25,20.0,W10_80_PERCENT_DISCHARGE_WINDOW,14.55,3.0000000000000004,2.994173917644091,4.85,99.81098292504991,4.859437160366554,25,,,,0.8964697095231682,0.07898186255920421,0.11524431487799215,0.9718874320733109,,,,,-0.07542876940622847,0.07542876940622847,,,1.5293567113151135e-07,,,1.3271778758060238e-05,108.41274632583597,99.99876773794269,-2.3778583434497236e-06,-0.00026524692560047627,0.00026524692560047627,SOC_UPPER_BOUND_NOT_REACHED,1465124.5589406707,1465394.0881209692,269.5291802985196,0.0,0.8964697095231682,100.0,,,,,,,,,,,,,,,,,,,,,,,,,,,,,1,FIRST_UPWARD_CROSSING,charge_timeseries/cycle-048.csv,,,1464798.5820278968,1472502.1872305435,SOC_UPPER_BOUND_NOT_REACHED,SOC_UPPER_BOUND_NOT_REACHED,False,False,3,charge-efficiency-v1
48,virtual,60-80,60.0,80.0,60.0,80.0,100.0,NEGATIVE_PARTICLE_LITHIUM_DELTA_OVER_FROZEN_Q_REF_V1,4.859437160366554,25,20.0,W10_80_PERCENT_DISCHARGE_WINDOW,14.55,3.0000000000000004,2.994173917644091,4.85,99.81098292504991,4.859437160366554,25,,,,0.9891637941944673,0.11524431487799215,0.15150676719678008,0.9718874320733105,,,,,0.01724723894252637,0.0,,,-2.547128079782336e-06,,,5.9275084936659395e-05,98.25343767912311,99.99705577794079,-2.7604778226386628e-05,-0.0027907186239935905,0.0027907186239935905,SOC_UPPER_BOUND_NOT_REACHED,1465394.0881209692,1468472.307846381,3078.2197254116945,0.21650276299421706,0.7726610312002502,78.11254675263082,,,,,,,,,,,,,,,,,,,,,,,,,,,,,1,FIRST_UPWARD_CROSSING,charge_timeseries/cycle-048.csv,,,1464798.5820278968,1472502.1872305435,SOC_UPPER_BOUND_NOT_REACHED,SOC_UPPER_BOUND_NOT_REACHED,False,False,3,charge-efficiency-v1
48,virtual,80-100,80.0,100.0,80.0,,0.0,NEGATIVE_PARTICLE_LITHIUM_DELTA_OVER_FROZEN_Q_REF_V1,4.859437160366554,25,20.0,W10_80_PERCENT_DISCHARGE_WINDOW,14.55,3.0000000000000004,2.994173917644091,4.85,99.81098292504991,4.859437160366554,25,,,,,,,,,,,,,,,,,,,,,,,,,,,,,,,,,,,,,,,,,,,,,,,,,,,,,,,,,,,,0,FIRST_UPWARD_CROSSING,charge_timeseries/cycle-048.csv,,,1464798.5820278968,1472502.1872305435,SOC_UPPER_BOUND_NOT_REACHED,SOC_UPPER_BOUND_NOT_REACHED,False,False,3,charge-efficiency-v1
49,virtual,20-40,20.0,40.0,20.0,40.0,100.0,NEGATIVE_PARTICLE_LITHIUM_DELTA_OVER_FROZEN_Q_REF_V1,4.859437160366554,25,20.0,W10_80_PERCENT_DISCHARGE_WINDOW,14.55,3.0000000000000004,2.994173917644091,4.85,99.81098292504991,4.859437160366554,25,,,,1.0782117606137924,0.04271145993580514,0.07897391225459308,0.9718874320733106,,,,,0.10634261379676166,0.0,,,8.388960984037803e-06,,,7.83789398909468e-06,90.13882685902492,100.0016958872967,-3.451211125304887e-05,-0.003200865777368464,0.003200865777368464,SOC_UPPER_BOUND_NOT_REACHED,1496066.786161133,1496409.5409252949,342.75476416187826,0.0849971654467045,0.9932145951670879,92.11683933049308,,,,,,,,,,,,,,,,,,,,,,,,,,,,,1,FIRST_UPWARD_CROSSING,charge_timeseries/cycle-049.csv,,,1496066.786161133,1503799.1565835879,SOC_UPPER_BOUND_NOT_REACHED,SOC_UPPER_BOUND_NOT_REACHED,False,False,3,charge-efficiency-v1
49,virtual,40-60,40.0,60.0,40.0,60.0,100.0,NEGATIVE_PARTICLE_LITHIUM_DELTA_OVER_FROZEN_Q_REF_V1,4.859437160366554,25,20.0,W10_80_PERCENT_DISCHARGE_WINDOW,14.55,3.0000000000000004,2.994173917644091,4.85,99.81098292504991,4.859437160366554,25,,,,0.962520439200381,0.07897391225459308,0.11523636457338103,0.9718874320733111,,,,,-0.009445168343944793,0.009445168343944793,,,1.1955311279030455e-05,,,1.5274850307486765e-05,100.9731733988643,99.99187804561535,5.094530942817421e-05,0.005292906763673226,0.005292906763673226,SOC_UPPER_BOUND_NOT_REACHED,1496409.5409252949,1496753.3448467068,343.803921411857,0.0,0.962520439200381,100.0,,,,,,,,,,,,,,,,,,,,,,,,,,,,,1,FIRST_UPWARD_CROSSING,charge_timeseries/cycle-049.csv,,,1496066.786161133,1503799.1565835879,SOC_UPPER_BOUND_NOT_REACHED,SOC_UPPER_BOUND_NOT_REACHED,False,False,3,charge-efficiency-v1
49,virtual,60-80,60.0,80.0,60.0,80.0,100.0,NEGATIVE_PARTICLE_LITHIUM_DELTA_OVER_FROZEN_Q_REF_V1,4.859437160366554,25,20.0,W10_80_PERCENT_DISCHARGE_WINDOW,14.55,3.0000000000000004,2.994173917644091,4.85,99.81098292504991,4.859437160366554,25,,,,0.8893958962787869,0.11523636457338103,0.15149881689216896,0.9718874320733105,,,,,-0.08254966691487328,0.08254966691487328,,,3.637246041282398e-05,,,5.4226076965431524e-05,109.27500746739067,99.99346397699911,-3.246741702855882e-05,-0.003650502230154399,0.003650502230154399,SOC_UPPER_BOUND_NOT_REACHED,1496753.3448467068,1499799.821634729,3046.4767880222134,0.22278792280289136,0.6666079734758955,74.95064641797525,,,,,,,,,,,,,,,,,,,,,,,,,,,,,1,FIRST_UPWARD_CROSSING,charge_timeseries/cycle-049.csv,,,1496066.786161133,1503799.1565835879,SOC_UPPER_BOUND_NOT_REACHED,SOC_UPPER_BOUND_NOT_REACHED,False,False,3,charge-efficiency-v1
49,virtual,80-100,80.0,100.0,80.0,,0.0,NEGATIVE_PARTICLE_LITHIUM_DELTA_OVER_FROZEN_Q_REF_V1,4.859437160366554,25,20.0,W10_80_PERCENT_DISCHARGE_WINDOW,14.55,3.0000000000000004,2.994173917644091,4.85,99.81098292504991,4.859437160366554,25,,,,,,,,,,,,,,,,,,,,,,,,,,,,,,,,,,,,,,,,,,,,,,,,,,,,,,,,,,,,0,FIRST_UPWARD_CROSSING,charge_timeseries/cycle-049.csv,,,1496066.786161133,1503799.1565835879,SOC_UPPER_BOUND_NOT_REACHED,SOC_UPPER_BOUND_NOT_REACHED,False,False,3,charge-efficiency-v1
50,virtual,20-40,20.0,40.0,20.0,40.0,100.0,NEGATIVE_PARTICLE_LITHIUM_DELTA_OVER_FROZEN_Q_REF_V1,4.859437160366554,25,20.0,W10_80_PERCENT_DISCHARGE_WINDOW,14.55,3.0000000000000004,2.994173917644091,4.85,99.81098292504991,4.859437160366554,25,,,,1.0790236193054221,0.042704857947414326,0.07896731026620227,0.9718874320733109,,,,,0.10715415904046663,0.0,,,8.398209894166023e-06,,,7.782005017283045e-06,90.07100629538806,100.00166556209092,-3.415202326673139e-05,-0.0031650857919788057,0.0031650857919788057,SOC_UPPER_BOUND_NOT_REACHED,1527363.755776412,1527707.412108602,343.6563321899865,0.08468081896301435,0.9943428003424079,92.1520884762908,,,,,,,,,,,,,,,,,,,,,,,,,,,,,1,FIRST_UPWARD_CROSSING,charge_timeseries/cycle-050.csv,,,1527363.755776412,1535103.361014213,SOC_UPPER_BOUND_NOT_REACHED,SOC_UPPER_BOUND_NOT_REACHED,False,False,3,charge-efficiency-v1
50,virtual,40-60,40.0,60.0,40.0,60.0,100.0,NEGATIVE_PARTICLE_LITHIUM_DELTA_OVER_FROZEN_Q_REF_V1,4.859437160366554,25,20.0,W10_80_PERCENT_DISCHARGE_WINDOW,14.55,3.0000000000000004,2.994173917644091,4.85,99.81098292504991,4.859437160366554,25,,,,0.9623521178742362,0.07896731026620227,0.11522976258499021,0.9718874320733109,,,,,-0.009612767976122205,0.009612767976122205,,,1.1958229146528422e-05,,,1.5143843432346982e-05,100.99083423021268,99.99195161774894,5.035170446865411e-05,0.005232149806027055,0.005232149806027055,SOC_UPPER_BOUND_NOT_REACHED,1527707.412108602,1528052.0203805158,344.60827191376444,0.0,0.9623521178742362,100.0,,,,,,,,,,,,,,,,,,,,,,,,,,,,,1,FIRST_UPWARD_CROSSING,charge_timeseries/cycle-050.csv,,,1527363.755776412,1535103.361014213,SOC_UPPER_BOUND_NOT_REACHED,SOC_UPPER_BOUND_NOT_REACHED,False,False,3,charge-efficiency-v1
50,virtual,60-80,60.0,80.0,60.0,80.0,100.0,NEGATIVE_PARTICLE_LITHIUM_DELTA_OVER_FROZEN_Q_REF_V1,4.859437160366554,25,20.0,W10_80_PERCENT_DISCHARGE_WINDOW,14.55,3.0000000000000004,2.994173917644091,4.85,99.81098292504991,4.859437160366554,25,,,,0.8888140194097739,0.11522976258499021,0.15149221490377815,0.9718874320733109,,,,,-0.08320645968633252,0.08320645968633252,,,3.624262885890822e-05,,,5.370175795151033e-05,109.34654616707134,99.98503094911982,4.31026359851705e-05,0.004849455009023514,0.004849455009023514,SOC_UPPER_BOUND_NOT_REACHED,1528052.0203805158,1531103.6497409581,3051.629360442249,0.22277411005671996,0.6660399093530539,74.93580150719771,,,,,,,,,,,,,,,,,,,,,,,,,,,,,1,FIRST_UPWARD_CROSSING,charge_timeseries/cycle-050.csv,,,1527363.755776412,1535103.361014213,SOC_UPPER_BOUND_NOT_REACHED,SOC_UPPER_BOUND_NOT_REACHED,False,False,3,charge-efficiency-v1
50,virtual,80-100,80.0,100.0,80.0,,0.0,NEGATIVE_PARTICLE_LITHIUM_DELTA_OVER_FROZEN_Q_REF_V1,4.859437160366554,25,20.0,W10_80_PERCENT_DISCHARGE_WINDOW,14.55,3.0000000000000004,2.994173917644091,4.85,99.81098292504991,4.859437160366554,25,,,,,,,,,,,,,,,,,,,,,,,,,,,,,,,,,,,,,,,,,,,,,,,,,,,,,,,,,,,,0,FIRST_UPWARD_CROSSING,charge_timeseries/cycle-050.csv,,,1527363.755776412,1535103.361014213,SOC_UPPER_BOUND_NOT_REACHED,SOC_UPPER_BOUND_NOT_REACHED,False,False,3,charge-efficiency-v1
51,virtual,20-40,20.0,40.0,20.0,40.0,100.0,NEGATIVE_PARTICLE_LITHIUM_DELTA_OVER_FROZEN_Q_REF_V1,4.859437160366554,25,20.0,W10_80_PERCENT_DISCHARGE_WINDOW,14.55,3.0000000000000004,2.994173917644091,4.85,99.81098292504991,4.859437160366554,25,,,,1.0799673811218997,0.04269681026089483,0.07895926257968276,0.9718874320733106,,,,,0.1080872367371579,0.0,,,8.425131844754137e-06,,,7.72956057130264e-06,89.99229505095676,100.00067480635956,-2.3442380985061462e-05,-0.0021706563915577593,0.0021706563915577593,SOC_UPPER_BOUND_NOT_REACHED,1558667.9603403327,1559012.5788217213,344.6184813885553,0.08436858693874986,0.9955987941831498,92.18785785445617,,,,,,,,,,,,,,,,,,,,,,,,,,,,,1,FIRST_UPWARD_CROSSING,charge_timeseries/cycle-051.csv,,,1558667.9603403327,1566414.5940261378,SOC_UPPER_BOUND_NOT_REACHED,SOC_UPPER_BOUND_NOT_REACHED,False,False,3,charge-efficiency-v1
51,virtual,40-60,40.0,60.0,40.0,60.0,100.0,NEGATIVE_PARTICLE_LITHIUM_DELTA_OVER_FROZEN_Q_REF_V1,4.859437160366554,25,20.0,W10_80_PERCENT_DISCHARGE_WINDOW,14.55,3.0000000000000004,2.994173917644091,4.85,99.81098292504991,4.859437160366554,25,,,,0.9621425579038725,0.07895926257968276,0.1152217148984707,0.9718874320733109,,,,,-0.009801975968834503,0.009801975968834503,,,1.1975325012644408e-05,,,1.501810260338271e-05,101.01283059245073,99.99406514149833,3.0108371780079857e-05,0.003129304647501933,0.003129304647501933,SOC_UPPER_BOUND_NOT_REACHED,1559012.5788217213,1559357.9960446751,345.4172229539322,0.0,0.9621425579038725,100.00000000000001,,,,,,,,,,,,,,,,,,,,,,,,,,,,,1,FIRST_UPWARD_CROSSING,charge_timeseries/cycle-051.csv,,,1558667.9603403327,1566414.5940261378,SOC_UPPER_BOUND_NOT_REACHED,SOC_UPPER_BOUND_NOT_REACHED,False,False,3,charge-efficiency-v1
51,virtual,60-80,60.0,80.0,60.0,80.0,100.0,NEGATIVE_PARTICLE_LITHIUM_DELTA_OVER_FROZEN_Q_REF_V1,4.859437160366554,25,20.0,W10_80_PERCENT_DISCHARGE_WINDOW,14.55,3.0000000000000004,2.994173917644091,4.85,99.81098292504991,4.859437160366554,25,,,,0.8879818626381768,0.1152217148984707,0.15148416721725866,0.9718874320733111,,,,,-0.08395918820157519,0.08395918820157519,,,3.6146337793652346e-05,,,5.3190765700490694e-05,109.44901838263367,99.99396172729456,-3.571833705329208e-05,-0.004022417411451806,0.004022417411451806,SOC_UPPER_BOUND_NOT_REACHED,1559357.9960446751,1562414.3705426666,3056.374497991456,0.22272160124325752,0.6652602613949192,74.91822630458283,,,,,,,,,,,,,,,,,,,,,,,,,,,,,1,FIRST_UPWARD_CROSSING,charge_timeseries/cycle-051.csv,,,1558667.9603403327,1566414.5940261378,SOC_UPPER_BOUND_NOT_REACHED,SOC_UPPER_BOUND_NOT_REACHED,False,False,3,charge-efficiency-v1
51,virtual,80-100,80.0,100.0,80.0,,0.0,NEGATIVE_PARTICLE_LITHIUM_DELTA_OVER_FROZEN_Q_REF_V1,4.859437160366554,25,20.0,W10_80_PERCENT_DISCHARGE_WINDOW,14.55,3.0000000000000004,2.994173917644091,4.85,99.81098292504991,4.859437160366554,25,,,,,,,,,,,,,,,,,,,,,,,,,,,,,,,,,,,,,,,,,,,,,,,,,,,,,,,,,,,,0,FIRST_UPWARD_CROSSING,charge_timeseries/cycle-051.csv,,,1558667.9603403327,1566414.5940261378,SOC_UPPER_BOUND_NOT_REACHED,SOC_UPPER_BOUND_NOT_REACHED,False,False,3,charge-efficiency-v1
52,virtual,20-40,20.0,40.0,20.0,40.0,100.0,NEGATIVE_PARTICLE_LITHIUM_DELTA_OVER_FROZEN_Q_REF_V1,4.859437160366554,25,20.0,W10_80_PERCENT_DISCHARGE_WINDOW,14.55,3.0000000000000004,2.994173917644091,4.85,99.81098292504991,4.859437160366554,25,,,,1.079521231406924,0.04268883963162982,0.07895129195041775,0.9718874320733106,,,,,0.10765864285600692,0.0,,,8.333867055659167e-06,,,7.663044014442899e-06,90.02948749851488,100.00230134634417,-4.084043346352928e-05,-0.0037831987250776483,0.0037831987250776483,SOC_UPPER_BOUND_NOT_REACHED,1589979.1934858782,1590324.1802862757,344.9868003974771,0.08406039333377284,0.9954608380731512,92.21317831570407,,,,,,,,,,,,,,,,,,,,,,,,,,,,,1,FIRST_UPWARD_CROSSING,charge_timeseries/cycle-052.csv,,,1589979.1934858782,1597732.7388500506,SOC_UPPER_BOUND_NOT_REACHED,SOC_UPPER_BOUND_NOT_REACHED,False,False,3,charge-efficiency-v1
52,virtual,40-60,40.0,60.0,40.0,60.0,100.0,NEGATIVE_PARTICLE_LITHIUM_DELTA_OVER_FROZEN_Q_REF_V1,4.859437160366554,25,20.0,W10_80_PERCENT_DISCHARGE_WINDOW,14.55,3.0000000000000004,2.994173917644091,4.85,99.81098292504991,4.859437160366554,25,,,,0.9622056284298651,0.07895129195041775,0.11521374426920569,0.9718874320733109,,,,,-0.009742599587031373,0.009742599587031373,,,1.183886635360877e-05,,,1.4883501511381292e-05,101.00620941692522,99.99368160590737,3.4073575720716676e-05,0.003541194804307912,0.003541194804307912,SOC_UPPER_BOUND_NOT_REACHED,1590324.1802862757,1590670.0109284837,345.8306422079135,0.0,0.9622056284298651,100.0,,,,,,,,,,,,,,,,,,,,,,,,,,,,,1,FIRST_UPWARD_CROSSING,charge_timeseries/cycle-052.csv,,,1589979.1934858782,1597732.7388500506,SOC_UPPER_BOUND_NOT_REACHED,SOC_UPPER_BOUND_NOT_REACHED,False,False,3,charge-efficiency-v1
52,virtual,60-80,60.0,80.0,60.0,80.0,100.0,NEGATIVE_PARTICLE_LITHIUM_DELTA_OVER_FROZEN_Q_REF_V1,4.859437160366554,25,20.0,W10_80_PERCENT_DISCHARGE_WINDOW,14.55,3.0000000000000004,2.994173917644091,4.85,99.81098292504991,4.859437160366554,25,,,,0.8883154116188307,0.11521374426920569,0.1514761965879936,0.9718874320733101,,,,,-0.08364043840247183,0.08364043840247183,,,3.572874038811763e-05,,,5.272602902056667e-05,109.40792193419014,99.9922980118213,-2.0036821416380413e-05,-0.002255597635063666,0.002255597635063666,SOC_UPPER_BOUND_NOT_REACHED,1590670.0109284837,1593731.8132204073,3061.8022919237433,0.22264892787586754,0.6656664837429631,74.93582516258262,,,,,,,,,,,,,,,,,,,,,,,,,,,,,1,FIRST_UPWARD_CROSSING,charge_timeseries/cycle-052.csv,,,1589979.1934858782,1597732.7388500506,SOC_UPPER_BOUND_NOT_REACHED,SOC_UPPER_BOUND_NOT_REACHED,False,False,3,charge-efficiency-v1
52,virtual,80-100,80.0,100.0,80.0,,0.0,NEGATIVE_PARTICLE_LITHIUM_DELTA_OVER_FROZEN_Q_REF_V1,4.859437160366554,25,20.0,W10_80_PERCENT_DISCHARGE_WINDOW,14.55,3.0000000000000004,2.994173917644091,4.85,99.81098292504991,4.859437160366554,25,,,,,,,,,,,,,,,,,,,,,,,,,,,,,,,,,,,,,,,,,,,,,,,,,,,,,,,,,,,,0,FIRST_UPWARD_CROSSING,charge_timeseries/cycle-052.csv,,,1589979.1934858782,1597732.7388500506,SOC_UPPER_BOUND_NOT_REACHED,SOC_UPPER_BOUND_NOT_REACHED,False,False,3,charge-efficiency-v1
53,virtual,20-40,20.0,40.0,20.0,40.0,100.0,NEGATIVE_PARTICLE_LITHIUM_DELTA_OVER_FROZEN_Q_REF_V1,4.859437160366554,25,20.0,W10_80_PERCENT_DISCHARGE_WINDOW,14.55,3.0000000000000004,2.994173917644091,4.85,99.81098292504991,4.859437160366554,25,,,,1.0807569138043314,0.042680967148215225,0.07894341946700317,0.971887432073311,,,,,0.10887686679992792,0.0,,,8.374032912592151e-06,,,7.616904906138089e-06,89.92655236895104,100.00068332377181,-2.3376006726305576e-05,-0.0021629291867327114,0.0021629291867327114,SOC_UPPER_BOUND_NOT_REACHED,1621297.3383188187,1621643.390196679,346.05187786019087,0.08375605488888856,0.9970008589154428,92.25024112091386,,,,,,,,,,,,,,,,,,,,,,,,,,,,,1,FIRST_UPWARD_CROSSING,charge_timeseries/cycle-053.csv,,,1621297.3383188187,1629058.19601604,SOC_UPPER_BOUND_NOT_REACHED,SOC_UPPER_BOUND_NOT_REACHED,False,False,3,charge-efficiency-v1
53,virtual,40-60,40.0,60.0,40.0,60.0,100.0,NEGATIVE_PARTICLE_LITHIUM_DELTA_OVER_FROZEN_Q_REF_V1,4.859437160366554,25,20.0,W10_80_PERCENT_DISCHARGE_WINDOW,14.55,3.0000000000000004,2.994173917644091,4.85,99.81098292504991,4.859437160366554,25,,,,0.9619500055541395,0.07894341946700317,0.1152058717857911,0.9718874320733105,,,,,-0.009983796446075333,0.009983796446075333,,,1.1891465373010945e-05,,,1.4767282443393925e-05,101.03305020653819,99.99517959076495,1.9711179087722464e-05,0.0020490856046482034,0.0020490856046482034,SOC_UPPER_BOUND_NOT_REACHED,1621643.390196679,1621990.1212265468,346.7310298679272,0.0,0.9619500055541395,100.0,,,,,,,,,,,,,,,,,,,,,,,,,,,,,1,FIRST_UPWARD_CROSSING,charge_timeseries/cycle-053.csv,,,1621297.3383188187,1629058.19601604,SOC_UPPER_BOUND_NOT_REACHED,SOC_UPPER_BOUND_NOT_REACHED,False,False,3,charge-efficiency-v1
53,virtual,60-80,60.0,80.0,60.0,80.0,100.0,NEGATIVE_PARTICLE_LITHIUM_DELTA_OVER_FROZEN_Q_REF_V1,4.859437160366554,25,20.0,W10_80_PERCENT_DISCHARGE_WINDOW,14.55,3.0000000000000004,2.994173917644091,4.85,99.81098292504991,4.859437160366554,25,,,,0.8873277730025023,0.1152058717857911,0.15146832410457906,0.9718874320733111,,,,,-0.08461816401294353,0.08461816401294353,,,3.571240925315071e-05,,,5.223660606670094e-05,109.52969822917626,99.99340661434086,-2.9444073185058706e-05,-0.0033182859909170986,0.0033182859909170986,SOC_UPPER_BOUND_NOT_REACHED,1621990.1212265468,1625056.6921307861,3066.570904239304,0.2226021663404069,0.6647256066620955,74.91319745496357,,,,,,,,,,,,,,,,,,,,,,,,,,,,,1,FIRST_UPWARD_CROSSING,charge_timeseries/cycle-053.csv,,,1621297.3383188187,1629058.19601604,SOC_UPPER_BOUND_NOT_REACHED,SOC_UPPER_BOUND_NOT_REACHED,False,False,3,charge-efficiency-v1
53,virtual,80-100,80.0,100.0,80.0,,0.0,NEGATIVE_PARTICLE_LITHIUM_DELTA_OVER_FROZEN_Q_REF_V1,4.859437160366554,25,20.0,W10_80_PERCENT_DISCHARGE_WINDOW,14.55,3.0000000000000004,2.994173917644091,4.85,99.81098292504991,4.859437160366554,25,,,,,,,,,,,,,,,,,,,,,,,,,,,,,,,,,,,,,,,,,,,,,,,,,,,,,,,,,,,,0,FIRST_UPWARD_CROSSING,charge_timeseries/cycle-053.csv,,,1621297.3383188187,1629058.19601604,SOC_UPPER_BOUND_NOT_REACHED,SOC_UPPER_BOUND_NOT_REACHED,False,False,3,charge-efficiency-v1
54,virtual,20-40,20.0,40.0,20.0,40.0,100.0,NEGATIVE_PARTICLE_LITHIUM_DELTA_OVER_FROZEN_Q_REF_V1,4.859437160366554,25,20.0,W10_80_PERCENT_DISCHARGE_WINDOW,14.55,3.0000000000000004,2.994173917644091,4.85,99.81098292504991,4.859437160366554,25,,,,1.0833095158827029,0.04267317917549119,0.07893563149427912,0.9718874320733106,,,,,0.11144772706921827,0.0,,,8.578537315709692e-06,,,7.5895486522439826e-06,89.71465844471945,100.00236712217976,-4.1811345793840715e-05,-0.0038595936969843723,0.0038595936969843723,SOC_UPPER_BOUND_NOT_REACHED,1652622.7956347817,1652970.55530393,347.75966914829814,0.0834555282395819,0.9998539876431211,92.29624340818418,,,,,,,,,,,,,,,,,,,,,,,,,,,,,1,FIRST_UPWARD_CROSSING,charge_timeseries/cycle-054.csv,,,1652622.7956347817,1660391.3161283338,SOC_UPPER_BOUND_NOT_REACHED,SOC_UPPER_BOUND_NOT_REACHED,False,False,3,charge-efficiency-v1
54,virtual,40-60,40.0,60.0,40.0,60.0,100.0,NEGATIVE_PARTICLE_LITHIUM_DELTA_OVER_FROZEN_Q_REF_V1,4.859437160366554,25,20.0,W10_80_PERCENT_DISCHARGE_WINDOW,14.55,3.0000000000000004,2.994173917644091,4.85,99.81098292504991,4.859437160366554,25,,,,0.9614886200056263,0.07893563149427912,0.11519808381306706,0.9718874320733109,,,,,-0.010479297673941415,0.010479297673941415,,,1.2096221237592984e-05,,,1.4668758448660446e-05,101.08153251648717,99.99162906304015,5.3720626570608054e-05,0.005587234778742748,0.005587234778742748,SOC_UPPER_BOUND_NOT_REACHED,1652970.55530393,1653318.583204497,348.0279005669248,0.0,0.9614886200056263,100.0,,,,,,,,,,,,,,,,,,,,,,,,,,,,,1,FIRST_UPWARD_CROSSING,charge_timeseries/cycle-054.csv,,,1652622.7956347817,1660391.3161283338,SOC_UPPER_BOUND_NOT_REACHED,SOC_UPPER_BOUND_NOT_REACHED,False,False,3,charge-efficiency-v1
54,virtual,60-80,60.0,80.0,60.0,80.0,100.0,NEGATIVE_PARTICLE_LITHIUM_DELTA_OVER_FROZEN_Q_REF_V1,4.859437160366554,25,20.0,W10_80_PERCENT_DISCHARGE_WINDOW,14.55,3.0000000000000004,2.994173917644091,4.85,99.81098292504991,4.859437160366554,25,,,,0.8852862028128433,0.11519808381306706,0.15146053613185498,0.9718874320733101,,,,,-0.08665437200520118,0.08665437200520118,,,3.601456064484653e-05,,,5.173180207625888e-05,109.78228611101204,99.99399711137872,-3.4603617986683766e-05,-0.003908749269641475,0.003908749269641475,SOC_UPPER_BOUND_NOT_REACHED,1653318.583204497,1656389.3501566625,3070.766952165698,0.22257619746785182,0.6627100053449915,74.85827783595242,,,,,,,,,,,,,,,,,,,,,,,,,,,,,1,FIRST_UPWARD_CROSSING,charge_timeseries/cycle-054.csv,,,1652622.7956347817,1660391.3161283338,SOC_UPPER_BOUND_NOT_REACHED,SOC_UPPER_BOUND_NOT_REACHED,False,False,3,charge-efficiency-v1
54,virtual,80-100,80.0,100.0,80.0,,0.0,NEGATIVE_PARTICLE_LITHIUM_DELTA_OVER_FROZEN_Q_REF_V1,4.859437160366554,25,20.0,W10_80_PERCENT_DISCHARGE_WINDOW,14.55,3.0000000000000004,2.994173917644091,4.85,99.81098292504991,4.859437160366554,25,,,,,,,,,,,,,,,,,,,,,,,,,,,,,,,,,,,,,,,,,,,,,,,,,,,,,,,,,,,,0,FIRST_UPWARD_CROSSING,charge_timeseries/cycle-054.csv,,,1652622.7956347817,1660391.3161283338,SOC_UPPER_BOUND_NOT_REACHED,SOC_UPPER_BOUND_NOT_REACHED,False,False,3,charge-efficiency-v1
55,virtual,20-40,20.0,40.0,20.0,40.0,100.0,NEGATIVE_PARTICLE_LITHIUM_DELTA_OVER_FROZEN_Q_REF_V1,4.859437160366554,25,20.0,W10_80_PERCENT_DISCHARGE_WINDOW,14.55,3.0000000000000004,2.994173917644091,4.85,99.81098292504991,4.859437160366554,25,,,,1.0813747554354327,0.04266544016527023,0.07892789248405815,0.9718874320733105,,,,,0.10949360111539012,0.0,,,8.32665622258616e-06,,,7.509327415708422e-06,89.87517298588727,100.0005805344758,-2.2113736906081982e-05,-0.0020449651515285776,0.0020449651515285776,SOC_UPPER_BOUND_NOT_REACHED,1683955.9157014713,1684303.3418919446,347.4261904734597,0.08315863499173914,0.9982161204436936,92.30991526538328,,,,,,,,,,,,,,,,,,,,,,,,,,,,,1,FIRST_UPWARD_CROSSING,charge_timeseries/cycle-055.csv,,,1683955.9157014713,1691731.1843327186,SOC_UPPER_BOUND_NOT_REACHED,SOC_UPPER_BOUND_NOT_REACHED,False,False,3,charge-efficiency-v1
55,virtual,40-60,40.0,60.0,40.0,60.0,100.0,NEGATIVE_PARTICLE_LITHIUM_DELTA_OVER_FROZEN_Q_REF_V1,4.859437160366554,25,20.0,W10_80_PERCENT_DISCHARGE_WINDOW,14.55,3.0000000000000004,2.994173917644091,4.85,99.81098292504991,4.859437160366554,25,,,,0.9617993308113758,0.07892789248405815,0.11519034480284611,0.9718874320733111,,,,,-0.010136029386305104,0.010136029386305104,,,1.1794526959590414e-05,,,1.4529804552056158e-05,101.04887796640749,99.99501682702052,2.1603792858204685e-05,0.002246185058163815,0.002246185058163815,SOC_UPPER_BOUND_NOT_REACHED,1684303.3418919446,1684651.3227129632,347.98082101857875,0.0,0.9617993308113758,100.0,,,,,,,,,,,,,,,,,,,,,,,,,,,,,1,FIRST_UPWARD_CROSSING,charge_timeseries/cycle-055.csv,,,1683955.9157014713,1691731.1843327186,SOC_UPPER_BOUND_NOT_REACHED,SOC_UPPER_BOUND_NOT_REACHED,False,False,3,charge-efficiency-v1
55,virtual,60-80,60.0,80.0,60.0,80.0,100.0,NEGATIVE_PARTICLE_LITHIUM_DELTA_OVER_FROZEN_Q_REF_V1,4.859437160366554,25,20.0,W10_80_PERCENT_DISCHARGE_WINDOW,14.55,3.0000000000000004,2.994173917644091,4.85,99.81098292504991,4.859437160366554,25,,,,0.8868970628894282,0.11519034480284611,0.15145279712163406,0.9718874320733111,,,,,-0.08513880610370231,0.08513880610370231,,,3.526291375420109e-05,,,5.134063777358783e-05,109.58288991362674,99.98326334294808,6.183336829157504e-05,0.006971876543386859,0.006971876543386859,SOC_UPPER_BOUND_NOT_REACHED,1684651.3227129632,1687728.2437443743,3076.921031410925,0.22248434627842045,0.6644127166110076,74.91429889804944,,,,,,,,,,,,,,,,,,,,,,,,,,,,,1,FIRST_UPWARD_CROSSING,charge_timeseries/cycle-055.csv,,,1683955.9157014713,1691731.1843327186,SOC_UPPER_BOUND_NOT_REACHED,SOC_UPPER_BOUND_NOT_REACHED,False,False,3,charge-efficiency-v1
55,virtual,80-100,80.0,100.0,80.0,,0.0,NEGATIVE_PARTICLE_LITHIUM_DELTA_OVER_FROZEN_Q_REF_V1,4.859437160366554,25,20.0,W10_80_PERCENT_DISCHARGE_WINDOW,14.55,3.0000000000000004,2.994173917644091,4.85,99.81098292504991,4.859437160366554,25,,,,,,,,,,,,,,,,,,,,,,,,,,,,,,,,,,,,,,,,,,,,,,,,,,,,,,,,,,,,0,FIRST_UPWARD_CROSSING,charge_timeseries/cycle-055.csv,,,1683955.9157014713,1691731.1843327186,SOC_UPPER_BOUND_NOT_REACHED,SOC_UPPER_BOUND_NOT_REACHED,False,False,3,charge-efficiency-v1
56,virtual,20-40,20.0,40.0,20.0,40.0,100.0,NEGATIVE_PARTICLE_LITHIUM_DELTA_OVER_FROZEN_Q_REF_V1,4.859437160366554,25,20.0,W10_80_PERCENT_DISCHARGE_WINDOW,14.55,3.0000000000000004,2.994173917644091,4.85,99.81098292504991,4.859437160366554,25,,,,1.083161762064174,0.04265780474178129,0.07892025706056922,0.9718874320733106,,,,,0.1112939901109891,0.0,,,8.459715447616672e-06,,,7.475722014788078e-06,89.72689639829893,100.0018150677779,-3.55955575881417e-05,-0.0032862642344673883,0.0032862642344673883,SOC_UPPER_BOUND_NOT_REACHED,1715295.7838552722,1715644.5804322935,348.79657702114207,0.08286534715044025,1.0002964149137339,92.34967942438031,,,,,,,,,,,,,,,,,,,,,,,,,,,,,1,FIRST_UPWARD_CROSSING,charge_timeseries/cycle-056.csv,,,1715295.7838552722,1723078.468996607,SOC_UPPER_BOUND_NOT_REACHED,SOC_UPPER_BOUND_NOT_REACHED,False,False,3,charge-efficiency-v1
56,virtual,40-60,40.0,60.0,40.0,60.0,100.0,NEGATIVE_PARTICLE_LITHIUM_DELTA_OVER_FROZEN_Q_REF_V1,4.859437160366554,25,20.0,W10_80_PERCENT_DISCHARGE_WINDOW,14.55,3.0000000000000004,2.994173917644091,4.85,99.81098292504991,4.859437160366554,25,,,,0.9614769018667871,0.07892025706056922,0.11518270937935718,0.9718874320733111,,,,,-0.01048942933309091,0.01048942933309091,,,1.1913721541247438e-05,,,1.443029019487091e-05,101.08276446228827,99.9917939654698,5.2555114830821203e-05,0.0054660818922203005,0.0054660818922203005,SOC_UPPER_BOUND_NOT_REACHED,1715644.5804322935,1715993.6229788098,349.04254651639656,0.0,0.9614769018667871,100.0,,,,,,,,,,,,,,,,,,,,,,,,,,,,,1,FIRST_UPWARD_CROSSING,charge_timeseries/cycle-056.csv,,,1715295.7838552722,1723078.468996607,SOC_UPPER_BOUND_NOT_REACHED,SOC_UPPER_BOUND_NOT_REACHED,False,False,3,charge-efficiency-v1
56,virtual,60-80,60.0,80.0,60.0,80.0,100.0,NEGATIVE_PARTICLE_LITHIUM_DELTA_OVER_FROZEN_Q_REF_V1,4.859437160366554,25,20.0,W10_80_PERCENT_DISCHARGE_WINDOW,14.55,3.0000000000000004,2.994173917644091,4.85,99.81098292504991,4.859437160366554,25,,,,0.8853701497209703,0.11518270937935718,0.1514451616981451,0.9718874320733101,,,,,-0.08656932959721995,0.08656932959721995,,,3.539023945343771e-05,,,5.0877794299519774e-05,109.77187703692135,99.99412141408918,-3.4220788872829644e-05,-0.0038651392170398484,0.0038651392170398484,SOC_UPPER_BOUND_NOT_REACHED,1715993.6229788098,1719074.8884896494,3081.265510839594,0.2224483746061317,0.6629217751148385,74.87509888646713,,,,,,,,,,,,,,,,,,,,,,,,,,,,,1,FIRST_UPWARD_CROSSING,charge_timeseries/cycle-056.csv,,,1715295.7838552722,1723078.468996607,SOC_UPPER_BOUND_NOT_REACHED,SOC_UPPER_BOUND_NOT_REACHED,False,False,3,charge-efficiency-v1
56,virtual,80-100,80.0,100.0,80.0,,0.0,NEGATIVE_PARTICLE_LITHIUM_DELTA_OVER_FROZEN_Q_REF_V1,4.859437160366554,25,20.0,W10_80_PERCENT_DISCHARGE_WINDOW,14.55,3.0000000000000004,2.994173917644091,4.85,99.81098292504991,4.859437160366554,25,,,,,,,,,,,,,,,,,,,,,,,,,,,,,,,,,,,,,,,,,,,,,,,,,,,,,,,,,,,,0,FIRST_UPWARD_CROSSING,charge_timeseries/cycle-056.csv,,,1715295.7838552722,1723078.468996607,SOC_UPPER_BOUND_NOT_REACHED,SOC_UPPER_BOUND_NOT_REACHED,False,False,3,charge-efficiency-v1
57,virtual,20-40,20.0,40.0,20.0,40.0,100.0,NEGATIVE_PARTICLE_LITHIUM_DELTA_OVER_FROZEN_Q_REF_V1,4.859437160366554,25,20.0,W10_80_PERCENT_DISCHARGE_WINDOW,14.55,3.0000000000000004,2.994173917644091,4.85,99.81098292504991,4.859437160366554,25,,,,1.0816267055979027,0.04265024839963264,0.07891270071842058,0.9718874320733106,,,,,0.10975038295419963,0.0,,,8.25174120354464e-06,,,7.403735585234661e-06,89.8542377923324,100.00102710385664,-2.67649063963038e-05,-0.0024745049523817618,0.0024745049523817618,SOC_UPPER_BOUND_NOT_REACHED,1746643.0686730118,1746991.7073813996,348.6387083878305,0.08257555611840603,0.9990511494794968,92.36561415402926,,,,,,,,,,,,,,,,,,,,,,,,,,,,,1,FIRST_UPWARD_CROSSING,charge_timeseries/cycle-057.csv,,,1746643.0686730118,1754432.5134565674,SOC_UPPER_BOUND_NOT_REACHED,SOC_UPPER_BOUND_NOT_REACHED,False,False,3,charge-efficiency-v1
57,virtual,40-60,40.0,60.0,40.0,60.0,100.0,NEGATIVE_PARTICLE_LITHIUM_DELTA_OVER_FROZEN_Q_REF_V1,4.859437160366554,25,20.0,W10_80_PERCENT_DISCHARGE_WINDOW,14.55,3.0000000000000004,2.994173917644091,4.85,99.81098292504991,4.859437160366554,25,,,,0.9617194664966359,0.07891270071842058,0.11517515303720853,0.9718874320733111,,,,,-0.010221357837339906,0.010221357837339906,,,1.1664681291502152e-05,,,1.4301445167605453e-05,101.05726939413165,99.99444824998092,2.742613420558815e-05,0.002851781123397286,0.002851781123397286,SOC_UPPER_BOUND_NOT_REACHED,1746991.7073813996,1747340.8262488567,349.1188674570822,0.0,0.9617194664966359,100.0,,,,,,,,,,,,,,,,,,,,,,,,,,,,,1,FIRST_UPWARD_CROSSING,charge_timeseries/cycle-057.csv,,,1746643.0686730118,1754432.5134565674,SOC_UPPER_BOUND_NOT_REACHED,SOC_UPPER_BOUND_NOT_REACHED,False,False,3,charge-efficiency-v1
57,virtual,60-80,60.0,80.0,60.0,80.0,100.0,NEGATIVE_PARTICLE_LITHIUM_DELTA_OVER_FROZEN_Q_REF_V1,4.859437160366554,25,20.0,W10_80_PERCENT_DISCHARGE_WINDOW,14.55,3.0000000000000004,2.994173917644091,4.85,99.81098292504991,4.859437160366554,25,,,,0.8865699501888837,0.11517515303720853,0.15143760535599646,0.9718874320733105,,,,,-0.08537537168598726,0.08537537168598726,,,3.475396971689901e-05,,,5.0498625502243266e-05,109.62332209277452,99.99347036276741,-2.7362793658558537e-05,-0.003086366016886642,0.003086366016886642,SOC_UPPER_BOUND_NOT_REACHED,1747340.8262488567,1750427.9335062332,3087.107257376424,0.22236574336565168,0.664204206823232,74.91842089636845,,,,,,,,,,,,,,,,,,,,,,,,,,,,,1,FIRST_UPWARD_CROSSING,charge_timeseries/cycle-057.csv,,,1746643.0686730118,1754432.5134565674,SOC_UPPER_BOUND_NOT_REACHED,SOC_UPPER_BOUND_NOT_REACHED,False,False,3,charge-efficiency-v1
57,virtual,80-100,80.0,100.0,80.0,,0.0,NEGATIVE_PARTICLE_LITHIUM_DELTA_OVER_FROZEN_Q_REF_V1,4.859437160366554,25,20.0,W10_80_PERCENT_DISCHARGE_WINDOW,14.55,3.0000000000000004,2.994173917644091,4.85,99.81098292504991,4.859437160366554,25,,,,,,,,,,,,,,,,,,,,,,,,,,,,,,,,,,,,,,,,,,,,,,,,,,,,,,,,,,,,0,FIRST_UPWARD_CROSSING,charge_timeseries/cycle-057.csv,,,1746643.0686730118,1754432.5134565674,SOC_UPPER_BOUND_NOT_REACHED,SOC_UPPER_BOUND_NOT_REACHED,False,False,3,charge-efficiency-v1
58,virtual,20-40,20.0,40.0,20.0,40.0,100.0,NEGATIVE_PARTICLE_LITHIUM_DELTA_OVER_FROZEN_Q_REF_V1,4.859437160366554,25,20.0,W10_80_PERCENT_DISCHARGE_WINDOW,14.55,3.0000000000000004,2.994173917644091,4.85,99.81098292504991,4.859437160366554,25,,,,1.0821706085345324,0.04264277643086721,0.07890522874965514,0.9718874320733105,,,,,0.11029179990225095,0.0,,,8.244358320515753e-06,,,7.357480253170068e-06,89.8090767212236,100.00079686520417,-2.4225279602774208e-05,-0.0022385822911583143,0.0022385822911583143,SOC_UPPER_BOUND_NOT_REACHED,1777997.113219116,1778346.5263268633,349.413107747239,0.08228912815202455,0.9998814803825079,92.39591913668217,,,,,,,,,,,,,,,,,,,,,,,,,,,,,1,FIRST_UPWARD_CROSSING,charge_timeseries/cycle-058.csv,,,1777997.113219116,1785793.7915847485,SOC_UPPER_BOUND_NOT_REACHED,SOC_UPPER_BOUND_NOT_REACHED,False,False,3,charge-efficiency-v1
58,virtual,40-60,40.0,60.0,40.0,60.0,100.0,NEGATIVE_PARTICLE_LITHIUM_DELTA_OVER_FROZEN_Q_REF_V1,4.859437160366554,25,20.0,W10_80_PERCENT_DISCHARGE_WINDOW,14.55,3.0000000000000004,2.994173917644091,4.85,99.81098292504991,4.859437160366554,25,,,,0.9615651484087918,0.07890522874965514,0.11516768106844308,0.9718874320733109,,,,,-0.010338398164249654,0.010338398164249654,,,1.1647316817509773e-05,,,1.4194855506112491e-05,101.07348770716165,99.99832413854047,-9.727672592996228e-06,-0.001011649871991896,0.001011649871991896,SOC_UPPER_BOUND_NOT_REACHED,1778346.5263268633,1778696.3213855578,349.7950586944729,0.0,0.9615651484087918,100.0,,,,,,,,,,,,,,,,,,,,,,,,,,,,,1,FIRST_UPWARD_CROSSING,charge_timeseries/cycle-058.csv,,,1777997.113219116,1785793.7915847485,SOC_UPPER_BOUND_NOT_REACHED,SOC_UPPER_BOUND_NOT_REACHED,False,False,3,charge-efficiency-v1
58,virtual,60-80,60.0,80.0,60.0,80.0,100.0,NEGATIVE_PARTICLE_LITHIUM_DELTA_OVER_FROZEN_Q_REF_V1,4.859437160366554,25,20.0,W10_80_PERCENT_DISCHARGE_WINDOW,14.55,3.0000000000000004,2.994173917644091,4.85,99.81098292504991,4.859437160366554,25,,,,0.8861253699640264,0.11516768106844308,0.15143013338723105,0.9718874320733115,,,,,-0.0858201228870389,0.0858201228870389,,,3.460362778728507e-05,,,5.0085996679875844e-05,109.67832148996781,99.99344779195792,-2.6628846713450116e-05,-0.003005087949860995,0.003005087949860995,SOC_UPPER_BOUND_NOT_REACHED,1778696.3213855578,1781788.406765592,3092.085380034269,0.22231354889984475,0.6638118210641816,74.91172734295262,,,,,,,,,,,,,,,,,,,,,,,,,,,,,1,FIRST_UPWARD_CROSSING,charge_timeseries/cycle-058.csv,,,1777997.113219116,1785793.7915847485,SOC_UPPER_BOUND_NOT_REACHED,SOC_UPPER_BOUND_NOT_REACHED,False,False,3,charge-efficiency-v1
58,virtual,80-100,80.0,100.0,80.0,,0.0,NEGATIVE_PARTICLE_LITHIUM_DELTA_OVER_FROZEN_Q_REF_V1,4.859437160366554,25,20.0,W10_80_PERCENT_DISCHARGE_WINDOW,14.55,3.0000000000000004,2.994173917644091,4.85,99.81098292504991,4.859437160366554,25,,,,,,,,,,,,,,,,,,,,,,,,,,,,,,,,,,,,,,,,,,,,,,,,,,,,,,,,,,,,0,FIRST_UPWARD_CROSSING,charge_timeseries/cycle-058.csv,,,1777997.113219116,1785793.7915847485,SOC_UPPER_BOUND_NOT_REACHED,SOC_UPPER_BOUND_NOT_REACHED,False,False,3,charge-efficiency-v1
59,virtual,20-40,20.0,40.0,20.0,40.0,100.0,NEGATIVE_PARTICLE_LITHIUM_DELTA_OVER_FROZEN_Q_REF_V1,4.859437160366554,25,20.0,W10_80_PERCENT_DISCHARGE_WINDOW,14.55,3.0000000000000004,2.994173917644091,4.85,99.81098292504991,4.859437160366554,25,,,,0.9536174933659736,0.04263537385263008,0.07889782617141802,0.9718874320733109,,,,,-0.018276107730441964,0.018276107730441964,,,4.615391423703694e-06,,,6.0424344562742816e-06,101.9158560779805,99.99935309249803,-4.48880277525987e-06,-0.0004707131325177132,0.0004707131325177132,PREEXISTING_PLATED_LITHIUM_RELEASED,1809358.3912089875,1809664.8855161425,306.49430715512824,0.08200591668702292,0.8716115766789506,91.40054400663651,,,,,,,,,,,,,,,,,,,,,,,,,,,,,1,FIRST_UPWARD_CROSSING,charge_timeseries/cycle-059.csv,,,1809358.3912089875,1817502.2404504975,PREEXISTING_PLATED_LITHIUM_RELEASED,PREEXISTING_PLATED_LITHIUM_RELEASED,True,True,3,charge-efficiency-v1
59,virtual,40-60,40.0,60.0,40.0,60.0,100.0,NEGATIVE_PARTICLE_LITHIUM_DELTA_OVER_FROZEN_Q_REF_V1,4.859437160366554,25,20.0,W10_80_PERCENT_DISCHARGE_WINDOW,14.55,3.0000000000000004,2.994173917644091,4.85,99.81098292504991,4.859437160366554,25,,,,0.9218279401366272,0.07889782617141802,0.11516027849020596,0.9718874320733109,,,,,-0.05008395866620673,0.05008395866620673,,,-5.713371305259181e-06,,,1.21238094906162e-05,105.4304593902051,99.99734584639305,1.805629133766473e-05,0.001958748542053146,0.001958748542053146,PREEXISTING_PLATED_LITHIUM_RELEASED,1809664.8855161425,1809940.6156214944,275.7301053518878,0.0,0.9218279401366272,100.0,,,,,,,,,,,,,,,,,,,,,,,,,,,,,1,FIRST_UPWARD_CROSSING,charge_timeseries/cycle-059.csv,,,1809358.3912089875,1817502.2404504975,PREEXISTING_PLATED_LITHIUM_RELEASED,PREEXISTING_PLATED_LITHIUM_RELEASED,True,True,3,charge-efficiency-v1
59,virtual,60-80,60.0,80.0,60.0,80.0,100.0,NEGATIVE_PARTICLE_LITHIUM_DELTA_OVER_FROZEN_Q_REF_V1,4.859437160366554,25,20.0,W10_80_PERCENT_DISCHARGE_WINDOW,14.55,3.0000000000000004,2.994173917644091,4.85,99.81098292504991,4.859437160366554,25,,,,0.9931112844566574,0.11516027849020596,0.1514227308089939,0.9718874320733109,,,,,0.02120414381780359,0.0,,,-5.620313724952978e-05,,,5.546489664787907e-05,97.86289283834304,99.99801547260095,2.0446806144658325e-05,0.002058863539733617,0.002058863539733617,PREEXISTING_PLATED_LITHIUM_RELEASED,1809940.6156214944,1813164.0370750374,3223.4214535429583,0.1622504579183745,0.8308608265382829,83.66240919242564,,,,,,,,,,,,,,,,,,,,,,,,,,,,,1,FIRST_UPWARD_CROSSING,charge_timeseries/cycle-059.csv,,,1809358.3912089875,1817502.2404504975,PREEXISTING_PLATED_LITHIUM_RELEASED,PREEXISTING_PLATED_LITHIUM_RELEASED,True,True,3,charge-efficiency-v1
59,virtual,80-100,80.0,100.0,80.0,100.0,100.0,NEGATIVE_PARTICLE_LITHIUM_DELTA_OVER_FROZEN_Q_REF_V1,4.859437160366554,25,20.0,W10_80_PERCENT_DISCHARGE_WINDOW,14.55,3.0000000000000004,2.994173917644091,4.85,99.81098292504991,4.859437160366554,25,,,,0.9968781326272351,0.1514227308089939,0.18768518312778182,0.9718874320733101,,,,,0.02501276826701661,0.0,,,-3.4123323598128814e-05,,,3.5931109948511564e-05,97.49310374698831,100.00221368213117,-2.3875499441938786e-05,-0.0023950269005315423,0.0023950269005315423,PREEXISTING_PLATED_LITHIUM_RELEASED,1813164.0370750374,1816746.9056182944,3582.868543257035,0.830923337340351,0.16595479528688423,16.647450661749048,,,,,,,,,,,,,,,,,,,,,,,,,,,,,1,FIRST_UPWARD_CROSSING,charge_timeseries/cycle-059.csv,,,1809358.3912089875,1817502.2404504975,PREEXISTING_PLATED_LITHIUM_RELEASED,PREEXISTING_PLATED_LITHIUM_RELEASED,True,True,3,charge-efficiency-v1
60,virtual,20-40,20.0,40.0,20.0,40.0,100.0,NEGATIVE_PARTICLE_LITHIUM_DELTA_OVER_FROZEN_Q_REF_V1,4.859437160366554,25,20.0,W10_80_PERCENT_DISCHARGE_WINDOW,14.55,3.0000000000000004,2.994173917644091,4.85,99.81098292504991,4.859437160366554,25,,,,1.0823696485407128,0.04329677334662607,0.07955922566541401,0.9718874320733109,,,,,0.1104873440597907,0.0,,,6.023588809221832e-06,,,7.17441430399951e-06,89.79256147690784,100.00047373763627,-1.8325595501966774e-05,-0.0016930995364360002,0.0016930995364360002,SOC_UPPER_BOUND_NOT_REACHED,1841066.84189169,1841414.3199357104,347.4780440204254,0.08193147186969725,1.0004381766710155,92.43036129291319,,,,,,,,,,,,,,,,,,,,,,,,,,,,,1,FIRST_UPWARD_CROSSING,charge_timeseries/cycle-060.csv,,,1841066.84189169,1848874.1228075079,SOC_UPPER_BOUND_NOT_REACHED,SOC_UPPER_BOUND_NOT_REACHED,False,False,3,charge-efficiency-v1
60,virtual,40-60,40.0,60.0,40.0,60.0,100.0,NEGATIVE_PARTICLE_LITHIUM_DELTA_OVER_FROZEN_Q_REF_V1,4.859437160366554,25,20.0,W10_80_PERCENT_DISCHARGE_WINDOW,14.55,3.0000000000000004,2.994173917644091,4.85,99.81098292504991,4.859437160366554,25,,,,0.9642047013225135,0.07955922566541401,0.11582167798420195,0.9718874320733109,,,,,-0.007745844959502923,0.007745844959502923,,,9.534384543473731e-06,,,1.393289617509369e-05,100.79679457487188,99.99345427287183,3.964692798696934e-05,0.004111878725813013,0.004111878725813013,SOC_UPPER_BOUND_NOT_REACHED,1841414.3199357104,1841763.953461599,349.63352588879695,0.0,0.9642047013225135,100.00000000000001,,,,,,,,,,,,,,,,,,,,,,,,,,,,,1,FIRST_UPWARD_CROSSING,charge_timeseries/cycle-060.csv,,,1841066.84189169,1848874.1228075079,SOC_UPPER_BOUND_NOT_REACHED,SOC_UPPER_BOUND_NOT_REACHED,False,False,3,charge-efficiency-v1
60,virtual,60-80,60.0,80.0,60.0,80.0,100.0,NEGATIVE_PARTICLE_LITHIUM_DELTA_OVER_FROZEN_Q_REF_V1,4.859437160366554,25,20.0,W10_80_PERCENT_DISCHARGE_WINDOW,14.55,3.0000000000000004,2.994173917644091,4.85,99.81098292504991,4.859437160366554,25,,,,0.9022367187987341,0.11582167798420195,0.1520841303029899,0.9718874320733109,,,,,-0.06970327126493632,0.06970327126493632,,,2.9551630247451506e-05,,,4.978147952482137e-05,107.71978260509192,99.99417470057861,-2.6775119412625337e-05,-0.002967637966261732,0.002967637966261732,SOC_UPPER_BOUND_NOT_REACHED,1841763.953461599,1844917.3124398396,3153.358978240363,0.2398139314785925,0.6624227873201416,73.42006521327482,,,,,,,,,,,,,,,,,,,,,,,,,,,,,1,FIRST_UPWARD_CROSSING,charge_timeseries/cycle-060.csv,,,1841066.84189169,1848874.1228075079,SOC_UPPER_BOUND_NOT_REACHED,SOC_UPPER_BOUND_NOT_REACHED,False,False,3,charge-efficiency-v1
60,virtual,80-100,80.0,100.0,80.0,,0.0,NEGATIVE_PARTICLE_LITHIUM_DELTA_OVER_FROZEN_Q_REF_V1,4.859437160366554,25,20.0,W10_80_PERCENT_DISCHARGE_WINDOW,14.55,3.0000000000000004,2.994173917644091,4.85,99.81098292504991,4.859437160366554,25,,,,,,,,,,,,,,,,,,,,,,,,,,,,,,,,,,,,,,,,,,,,,,,,,,,,,,,,,,,,0,FIRST_UPWARD_CROSSING,charge_timeseries/cycle-060.csv,,,1841066.84189169,1848874.1228075079,SOC_UPPER_BOUND_NOT_REACHED,SOC_UPPER_BOUND_NOT_REACHED,False,False,3,charge-efficiency-v1
61,virtual,20-40,20.0,40.0,20.0,40.0,100.0,NEGATIVE_PARTICLE_LITHIUM_DELTA_OVER_FROZEN_Q_REF_V1,4.859437160366554,25,20.0,W10_80_PERCENT_DISCHARGE_WINDOW,14.55,3.0000000000000004,2.994173917644091,4.85,99.81098292504991,4.859437160366554,25,,,,1.0112435701352067,0.042631561541518544,0.07889401386030649,0.971887432073311,,,,,0.03934898095865247,0.0,,,6.092350801862462e-06,,,6.467257223835565e-06,96.10814454359065,99.99929224734232,-5.4025047824257655e-06,-0.0005342436720466299,0.0005342436720466299,PREEXISTING_PLATED_LITHIUM_RELEASED,1872438.7226367902,1872764.1783683072,325.45573151702297,0.08144890777902147,0.9297946623561852,91.94566866139566,,,,,,,,,,,,,,,,,,,,,,,,,,,,,1,FIRST_UPWARD_CROSSING,charge_timeseries/cycle-061.csv,,,1872438.7226367902,1880484.0226507348,PREEXISTING_PLATED_LITHIUM_RELEASED,PREEXISTING_PLATED_LITHIUM_RELEASED,True,True,3,charge-efficiency-v1
61,virtual,40-60,40.0,60.0,40.0,60.0,100.0,NEGATIVE_PARTICLE_LITHIUM_DELTA_OVER_FROZEN_Q_REF_V1,4.859437160366554,25,20.0,W10_80_PERCENT_DISCHARGE_WINDOW,14.55,3.0000000000000004,2.994173917644091,4.85,99.81098292504991,4.859437160366554,25,,,,0.8930008008086618,0.07889401386030649,0.11515646617909442,0.9718874320733105,,,,,-0.07892478200639319,0.07892478200639319,,,-2.4778652367614395e-06,,,1.1839517645211017e-05,108.8338813574649,99.99572780430768,2.878908933612312e-05,0.0032238592966605402,0.0032238592966605402,PREEXISTING_PLATED_LITHIUM_RELEASED,1872764.1783683072,1873035.3226066616,271.14423835434866,0.0,0.8930008008086618,100.0,,,,,,,,,,,,,,,,,,,,,,,,,,,,,1,FIRST_UPWARD_CROSSING,charge_timeseries/cycle-061.csv,,,1872438.7226367902,1880484.0226507348,PREEXISTING_PLATED_LITHIUM_RELEASED,PREEXISTING_PLATED_LITHIUM_RELEASED,True,True,3,charge-efficiency-v1
61,virtual,60-80,60.0,80.0,60.0,80.0,100.0,NEGATIVE_PARTICLE_LITHIUM_DELTA_OVER_FROZEN_Q_REF_V1,4.859437160366554,25,20.0,W10_80_PERCENT_DISCHARGE_WINDOW,14.55,3.0000000000000004,2.994173917644091,4.85,99.81098292504991,4.859437160366554,25,,,,0.9922684594156754,0.11515646617909442,0.15141891849788236,0.9718874320733109,,,,,0.020350110480774262,0.0,,,-2.8188491869433376e-05,,,5.455463664389565e-05,97.94601681138121,99.9968842240931,4.5507168158209765e-06,0.0004586175014069067,0.0004586175014069067,PREEXISTING_PLATED_LITHIUM_RELEASED,1873035.3226066616,1876289.475869732,3254.153263070439,0.18992990962866702,0.8023385497870084,80.85901977167424,,,,,,,,,,,,,,,,,,,,,,,,,,,,,1,FIRST_UPWARD_CROSSING,charge_timeseries/cycle-061.csv,,,1872438.7226367902,1880484.0226507348,PREEXISTING_PLATED_LITHIUM_RELEASED,PREEXISTING_PLATED_LITHIUM_RELEASED,True,True,3,charge-efficiency-v1
61,virtual,80-100,80.0,100.0,80.0,100.0,100.0,NEGATIVE_PARTICLE_LITHIUM_DELTA_OVER_FROZEN_Q_REF_V1,4.859437160366554,25,20.0,W10_80_PERCENT_DISCHARGE_WINDOW,14.55,3.0000000000000004,2.994173917644091,4.85,99.81098292504991,4.859437160366554,25,,,,0.989686711050916,0.15141891849788236,0.1876813708166703,0.9718874320733109,,,,,0.01779158409279492,0.0,,,-5.9467953003339985e-06,,,4.068273988104554e-05,98.20152389853708,99.99922249286321,-2.7041059770471776e-05,-0.0027322848198858564,0.0027322848198858564,PREEXISTING_PLATED_LITHIUM_RELEASED,1876289.475869732,1880439.6383871415,4150.162517409484,0.8015163091716987,0.18817040187921735,19.013128071549566,,,,,,,,,,,,,,,,,,,,,,,,,,,,,1,FIRST_UPWARD_CROSSING,charge_timeseries/cycle-061.csv,,,1872438.7226367902,1880484.0226507348,PREEXISTING_PLATED_LITHIUM_RELEASED,PREEXISTING_PLATED_LITHIUM_RELEASED,True,True,3,charge-efficiency-v1
62,virtual,20-40,20.0,40.0,20.0,40.0,100.0,NEGATIVE_PARTICLE_LITHIUM_DELTA_OVER_FROZEN_Q_REF_V1,4.859437160366554,25,20.0,W10_80_PERCENT_DISCHARGE_WINDOW,14.55,3.0000000000000004,2.994173917644091,4.85,99.81098292504991,4.859437160366554,25,,,,1.0846037534221689,0.042730613767355916,0.07899306608614386,0.9718874320733109,,,,,0.11273399689714624,0.0,,,7.87354867670502e-06,,,7.169015947890156e-06,89.607603607012,100.0016296779568,-3.2718112912721864e-05,-0.0030165959512392297,0.0030165959512392297,SOC_UPPER_BOUND_NOT_REACHED,1904048.6178720575,1904400.5352393887,351.91736733120524,0.08120909934701738,1.0033946540751515,92.5125559366004,,,,,,,,,,,,,,,,,,,,,,,,,,,,,1,FIRST_UPWARD_CROSSING,charge_timeseries/cycle-062.csv,,,1904048.6178720575,1911869.119067193,SOC_UPPER_BOUND_NOT_REACHED,SOC_UPPER_BOUND_NOT_REACHED,False,False,3,charge-efficiency-v1
62,virtual,40-60,40.0,60.0,40.0,60.0,100.0,NEGATIVE_PARTICLE_LITHIUM_DELTA_OVER_FROZEN_Q_REF_V1,4.859437160366554,25,20.0,W10_80_PERCENT_DISCHARGE_WINDOW,14.55,3.0000000000000004,2.994173917644091,4.85,99.81098292504991,4.859437160366554,25,,,,0.9615620690046266,0.07899306608614386,0.11525551840493178,0.9718874320733105,,,,,-0.01037000114093263,0.01037000114093263,,,1.1250033267623874e-05,,,1.3782533540111774e-05,101.07381139517831,99.99535775446145,1.960550544100048e-05,0.002038922506718196,0.002038922506718196,SOC_UPPER_BOUND_NOT_REACHED,1904400.5352393887,1904752.6063478128,352.0711084241849,0.0,0.9615620690046266,100.0,,,,,,,,,,,,,,,,,,,,,,,,,,,,,1,FIRST_UPWARD_CROSSING,charge_timeseries/cycle-062.csv,,,1904048.6178720575,1911869.119067193,SOC_UPPER_BOUND_NOT_REACHED,SOC_UPPER_BOUND_NOT_REACHED,False,False,3,charge-efficiency-v1
62,virtual,60-80,60.0,80.0,60.0,80.0,100.0,NEGATIVE_PARTICLE_LITHIUM_DELTA_OVER_FROZEN_Q_REF_V1,4.859437160366554,25,20.0,W10_80_PERCENT_DISCHARGE_WINDOW,14.55,3.0000000000000004,2.994173917644091,4.85,99.81098292504991,4.859437160366554,25,,,,0.8870982058650208,0.11525551840493178,0.15151797072371972,0.9718874320733109,,,,,-0.08484434583582584,0.08484434583582584,,,3.327528047637751e-05,,,4.8559916191147356e-05,109.55804280154203,99.99378652474196,-2.6715569131696704e-05,-0.0030115683872504297,0.0030115683872504297,SOC_UPPER_BOUND_NOT_REACHED,1904752.6063478128,1907867.2875883926,3114.6812405796313,0.22491274557313792,0.6621854602918829,74.64624050796917,,,,,,,,,,,,,,,,,,,,,,,,,,,,,1,FIRST_UPWARD_CROSSING,charge_timeseries/cycle-062.csv,,,1904048.6178720575,1911869.119067193,SOC_UPPER_BOUND_NOT_REACHED,SOC_UPPER_BOUND_NOT_REACHED,False,False,3,charge-efficiency-v1
62,virtual,80-100,80.0,100.0,80.0,,0.0,NEGATIVE_PARTICLE_LITHIUM_DELTA_OVER_FROZEN_Q_REF_V1,4.859437160366554,25,20.0,W10_80_PERCENT_DISCHARGE_WINDOW,14.55,3.0000000000000004,2.994173917644091,4.85,99.81098292504991,4.859437160366554,25,,,,,,,,,,,,,,,,,,,,,,,,,,,,,,,,,,,,,,,,,,,,,,,,,,,,,,,,,,,,0,FIRST_UPWARD_CROSSING,charge_timeseries/cycle-062.csv,,,1904048.6178720575,1911869.119067193,SOC_UPPER_BOUND_NOT_REACHED,SOC_UPPER_BOUND_NOT_REACHED,False,False,3,charge-efficiency-v1
63,virtual,20-40,20.0,40.0,20.0,40.0,100.0,NEGATIVE_PARTICLE_LITHIUM_DELTA_OVER_FROZEN_Q_REF_V1,4.859437160366554,25,20.0,W10_80_PERCENT_DISCHARGE_WINDOW,14.55,3.0000000000000004,2.994173917644091,4.85,99.81098292504991,4.859437160366554,25,,,,1.0838606176100123,0.042621823605005514,0.07888427592379345,0.9718874320733106,,,,,0.11198554309011868,0.0,,,8.164005004652683e-06,,,7.1311115023564575e-06,89.66904196744316,100.00114014230392,-2.765266992410531e-05,-0.002551312362015825,0.002551312362015825,SOC_UPPER_BOUND_NOT_REACHED,1935433.719093786,1935786.5338787017,352.8147849157178,0.08090241495749137,1.002958202652521,92.53571781804503,,,,,,,,,,,,,,,,,,,,,,,,,,,,,1,FIRST_UPWARD_CROSSING,charge_timeseries/cycle-063.csv,,,1935433.719093786,1943261.9338626144,SOC_UPPER_BOUND_NOT_REACHED,SOC_UPPER_BOUND_NOT_REACHED,False,False,3,charge-efficiency-v1
63,virtual,40-60,40.0,60.0,40.0,60.0,100.0,NEGATIVE_PARTICLE_LITHIUM_DELTA_OVER_FROZEN_Q_REF_V1,4.859437160366554,25,20.0,W10_80_PERCENT_DISCHARGE_WINDOW,14.55,3.0000000000000004,2.994173917644091,4.85,99.81098292504991,4.859437160366554,25,,,,0.9611788761361695,0.07888427592379345,0.1151467282425814,0.9718874320733111,,,,,-0.010746537426743946,0.010746537426743946,,,1.1465627638348845e-05,,,1.3689858648274766e-05,101.11410645853857,99.99604844732387,1.2826003315757895e-05,0.001334403370090381,0.001334403370090381,SOC_UPPER_BOUND_NOT_REACHED,1935786.5338787017,1936139.3919478368,352.8580691350384,0.0,0.9611788761361695,100.0,,,,,,,,,,,,,,,,,,,,,,,,,,,,,1,FIRST_UPWARD_CROSSING,charge_timeseries/cycle-063.csv,,,1935433.719093786,1943261.9338626144,SOC_UPPER_BOUND_NOT_REACHED,SOC_UPPER_BOUND_NOT_REACHED,False,False,3,charge-efficiency-v1
63,virtual,60-80,60.0,80.0,60.0,80.0,100.0,NEGATIVE_PARTICLE_LITHIUM_DELTA_OVER_FROZEN_Q_REF_V1,4.859437160366554,25,20.0,W10_80_PERCENT_DISCHARGE_WINDOW,14.55,3.0000000000000004,2.994173917644091,4.85,99.81098292504991,4.859437160366554,25,,,,0.8847328587060792,0.1151467282425814,0.15140918056136934,0.9718874320733109,,,,,-0.08720456276955806,0.08720456276955806,,,3.367910603704113e-05,,,4.812903376277128e-05,109.85094794542786,99.99434977441672,-3.1818737473376935e-05,-0.003596423164378884,0.003596423164378884,SOC_UPPER_BOUND_NOT_REACHED,1936139.3919478368,1939251.2598595624,3111.867911725461,0.22214556201464888,0.6625872966914303,74.89122735426189,,,,,,,,,,,,,,,,,,,,,,,,,,,,,1,FIRST_UPWARD_CROSSING,charge_timeseries/cycle-063.csv,,,1935433.719093786,1943261.9338626144,SOC_UPPER_BOUND_NOT_REACHED,SOC_UPPER_BOUND_NOT_REACHED,False,False,3,charge-efficiency-v1
63,virtual,80-100,80.0,100.0,80.0,,0.0,NEGATIVE_PARTICLE_LITHIUM_DELTA_OVER_FROZEN_Q_REF_V1,4.859437160366554,25,20.0,W10_80_PERCENT_DISCHARGE_WINDOW,14.55,3.0000000000000004,2.994173917644091,4.85,99.81098292504991,4.859437160366554,25,,,,,,,,,,,,,,,,,,,,,,,,,,,,,,,,,,,,,,,,,,,,,,,,,,,,,,,,,,,,0,FIRST_UPWARD_CROSSING,charge_timeseries/cycle-063.csv,,,1935433.719093786,1943261.9338626144,SOC_UPPER_BOUND_NOT_REACHED,SOC_UPPER_BOUND_NOT_REACHED,False,False,3,charge-efficiency-v1
64,virtual,20-40,20.0,40.0,20.0,40.0,100.0,NEGATIVE_PARTICLE_LITHIUM_DELTA_OVER_FROZEN_Q_REF_V1,4.859437160366554,25,20.0,W10_80_PERCENT_DISCHARGE_WINDOW,14.55,3.0000000000000004,2.994173917644091,4.85,99.81098292504991,4.859437160366554,25,,,,1.0855915234638882,0.0426147354743511,0.07887718779313904,0.9718874320733109,,,,,0.11372396316168956,0.0,,,8.24674657474208e-06,,,7.104636511302831e-06,89.52607044795522,100.00183050168343,-3.5223154198238404e-05,-0.003244604755741729,0.003244604755741729,SOC_UPPER_BOUND_NOT_REACHED,1966826.53398157,1967180.6259696765,354.09198810657585,0.08063450474513234,1.004957018718756,92.57229786689518,,,,,,,,,,,,,,,,,,,,,,,,,,,,,1,FIRST_UPWARD_CROSSING,charge_timeseries/cycle-064.csv,,,1966826.53398157,1974662.477252361,SOC_UPPER_BOUND_NOT_REACHED,SOC_UPPER_BOUND_NOT_REACHED,False,False,3,charge-efficiency-v1
64,virtual,40-60,40.0,60.0,40.0,60.0,100.0,NEGATIVE_PARTICLE_LITHIUM_DELTA_OVER_FROZEN_Q_REF_V1,4.859437160366554,25,20.0,W10_80_PERCENT_DISCHARGE_WINDOW,14.55,3.0000000000000004,2.994173917644091,4.85,99.81098292504991,4.859437160366554,25,,,,0.9608612549442024,0.07887718779313904,0.11513964011192698,0.9718874320733109,,,,,-0.011093336946669169,0.011093336946669169,,,1.1583101507865387e-05,,,1.3607941375275157e-05,101.14753062134332,99.99301045627398,4.196877467754767e-05,0.00436782880583366,0.00436782880583366,SOC_UPPER_BOUND_NOT_REACHED,1967180.6259696765,1967534.5670647009,353.94109502436334,0.0,0.9608612549442024,100.0,,,,,,,,,,,,,,,,,,,,,,,,,,,,,1,FIRST_UPWARD_CROSSING,charge_timeseries/cycle-064.csv,,,1966826.53398157,1974662.477252361,SOC_UPPER_BOUND_NOT_REACHED,SOC_UPPER_BOUND_NOT_REACHED,False,False,3,charge-efficiency-v1
64,virtual,60-80,60.0,80.0,60.0,80.0,100.0,NEGATIVE_PARTICLE_LITHIUM_DELTA_OVER_FROZEN_Q_REF_V1,4.859437160366554,25,20.0,W10_80_PERCENT_DISCHARGE_WINDOW,14.55,3.0000000000000004,2.994173917644091,4.85,99.81098292504991,4.859437160366554,25,,,,0.8833608803349426,0.11513964011192698,0.15140209243071492,0.9718874320733109,,,,,-0.08858296628538477,0.08858296628538477,,,3.3813466746863106e-05,,,4.7746130730032255e-05,110.02156125645973,99.9936136466678,-2.5145050460362306e-05,-0.002846520716519402,0.002846520716519402,SOC_UPPER_BOUND_NOT_REACHED,1967534.5670647009,1970651.0116708404,3116.444606139464,0.22211454660920976,0.6612463337257329,74.85574111851197,,,,,,,,,,,,,,,,,,,,,,,,,,,,,1,FIRST_UPWARD_CROSSING,charge_timeseries/cycle-064.csv,,,1966826.53398157,1974662.477252361,SOC_UPPER_BOUND_NOT_REACHED,SOC_UPPER_BOUND_NOT_REACHED,False,False,3,charge-efficiency-v1
64,virtual,80-100,80.0,100.0,80.0,,0.0,NEGATIVE_PARTICLE_LITHIUM_DELTA_OVER_FROZEN_Q_REF_V1,4.859437160366554,25,20.0,W10_80_PERCENT_DISCHARGE_WINDOW,14.55,3.0000000000000004,2.994173917644091,4.85,99.81098292504991,4.859437160366554,25,,,,,,,,,,,,,,,,,,,,,,,,,,,,,,,,,,,,,,,,,,,,,,,,,,,,,,,,,,,,0,FIRST_UPWARD_CROSSING,charge_timeseries/cycle-064.csv,,,1966826.53398157,1974662.477252361,SOC_UPPER_BOUND_NOT_REACHED,SOC_UPPER_BOUND_NOT_REACHED,False,False,3,charge-efficiency-v1
65,virtual,20-40,20.0,40.0,20.0,40.0,100.0,NEGATIVE_PARTICLE_LITHIUM_DELTA_OVER_FROZEN_Q_REF_V1,4.859437160366554,25,20.0,W10_80_PERCENT_DISCHARGE_WINDOW,14.55,3.0000000000000004,2.994173917644091,4.85,99.81098292504991,4.859437160366554,25,,,,1.0845981776290377,0.04260767032707681,0.07887012264586475,0.9718874320733109,,,,,0.11271699795937254,0.0,,,8.131807439133547e-06,,,7.05004437946688e-06,89.60806426928397,100.00057647189297,-2.143425546430322e-05,-0.0019762393028503063,0.0019762393028503063,SOC_UPPER_BOUND_NOT_REACHED,1998227.0774444165,1998581.2801894692,354.20274505277246,0.08036941191459833,1.0042287657144393,92.58993666296875,,,,,,,,,,,,,,,,,,,,,,,,,,,,,1,FIRST_UPWARD_CROSSING,charge_timeseries/cycle-065.csv,,,1998227.0774444165,2006069.835242973,SOC_UPPER_BOUND_NOT_REACHED,SOC_UPPER_BOUND_NOT_REACHED,False,False,3,charge-efficiency-v1
65,virtual,40-60,40.0,60.0,40.0,60.0,100.0,NEGATIVE_PARTICLE_LITHIUM_DELTA_OVER_FROZEN_Q_REF_V1,4.859437160366554,25,20.0,W10_80_PERCENT_DISCHARGE_WINDOW,14.55,3.0000000000000004,2.994173917644091,4.85,99.81098292504991,4.859437160366554,25,,,,0.9610127855468811,0.07887012264586475,0.11513257496465268,0.9718874320733105,,,,,-0.010921260223172108,0.010921260223172108,,,1.1409183261288508e-05,,,1.3506785499731166e-05,101.13158187799147,99.9951495237687,2.169772798166214e-05,0.00225779805513354,0.00225779805513354,SOC_UPPER_BOUND_NOT_REACHED,1998581.2801894692,1998935.4021440996,354.1219546303464,0.0,0.9610127855468811,100.0,,,,,,,,,,,,,,,,,,,,,,,,,,,,,1,FIRST_UPWARD_CROSSING,charge_timeseries/cycle-065.csv,,,1998227.0774444165,2006069.835242973,SOC_UPPER_BOUND_NOT_REACHED,SOC_UPPER_BOUND_NOT_REACHED,False,False,3,charge-efficiency-v1
65,virtual,60-80,60.0,80.0,60.0,80.0,100.0,NEGATIVE_PARTICLE_LITHIUM_DELTA_OVER_FROZEN_Q_REF_V1,4.859437160366554,25,20.0,W10_80_PERCENT_DISCHARGE_WINDOW,14.55,3.0000000000000004,2.994173917644091,4.85,99.81098292504991,4.859437160366554,25,,,,0.8841257511195468,0.11513257496465268,0.15139502728344065,0.9718874320733115,,,,,-0.08781077085224716,0.08781077085224716,,,3.3357390391136436e-05,,,4.7432755429059614e-05,109.92637991175286,99.99444763390046,-3.170024733767374e-05,-0.0035854907853925177,0.0035854907853925177,SOC_UPPER_BOUND_NOT_REACHED,1998935.4021440996,2002057.266703832,3121.864559732285,0.22204508549928512,0.6620806656202617,74.88535027759175,,,,,,,,,,,,,,,,,,,,,,,,,,,,,1,FIRST_UPWARD_CROSSING,charge_timeseries/cycle-065.csv,,,1998227.0774444165,2006069.835242973,SOC_UPPER_BOUND_NOT_REACHED,SOC_UPPER_BOUND_NOT_REACHED,False,False,3,charge-efficiency-v1
65,virtual,80-100,80.0,100.0,80.0,,0.0,NEGATIVE_PARTICLE_LITHIUM_DELTA_OVER_FROZEN_Q_REF_V1,4.859437160366554,25,20.0,W10_80_PERCENT_DISCHARGE_WINDOW,14.55,3.0000000000000004,2.994173917644091,4.85,99.81098292504991,4.859437160366554,25,,,,,,,,,,,,,,,,,,,,,,,,,,,,,,,,,,,,,,,,,,,,,,,,,,,,,,,,,,,,0,FIRST_UPWARD_CROSSING,charge_timeseries/cycle-065.csv,,,1998227.0774444165,2006069.835242973,SOC_UPPER_BOUND_NOT_REACHED,SOC_UPPER_BOUND_NOT_REACHED,False,False,3,charge-efficiency-v1
66,virtual,20-40,20.0,40.0,20.0,40.0,100.0,NEGATIVE_PARTICLE_LITHIUM_DELTA_OVER_FROZEN_Q_REF_V1,4.859437160366554,25,20.0,W10_80_PERCENT_DISCHARGE_WINDOW,14.55,3.0000000000000004,2.994173917644091,4.85,99.81098292504991,4.859437160366554,25,,,,1.0854725504559741,0.04260068432861893,0.07886313664740686,0.9718874320733106,,,,,0.11360407968321451,0.0,,,8.15229546849601e-06,,,7.016601332808514e-06,89.53588293550584,100.00174682450911,-3.4130197352322256e-05,-0.0031442708834954133,0.0031442708834954133,SOC_UPPER_BOUND_NOT_REACHED,2029634.4356087022,2029989.543614069,355.10800536683143,0.08010708838069118,1.005365462075283,92.62007239639173,,,,,,,,,,,,,,,,,,,,,,,,,,,,,1,FIRST_UPWARD_CROSSING,charge_timeseries/cycle-066.csv,,,2029634.4356087022,2037484.6688178978,SOC_UPPER_BOUND_NOT_REACHED,SOC_UPPER_BOUND_NOT_REACHED,False,False,3,charge-efficiency-v1
66,virtual,40-60,40.0,60.0,40.0,60.0,100.0,NEGATIVE_PARTICLE_LITHIUM_DELTA_OVER_FROZEN_Q_REF_V1,4.859437160366554,25,20.0,W10_80_PERCENT_DISCHARGE_WINDOW,14.55,3.0000000000000004,2.994173917644091,4.85,99.81098292504991,4.859437160366554,25,,,,0.9608333643358336,0.07886313664740686,0.1151255889661948,0.9718874320733109,,,,,-0.011108280781580507,0.011108280781580507,,,1.1437500528554793e-05,,,1.3422383931933901e-05,101.15046668317126,99.99435770591286,2.935315964269769e-05,0.0030549688148046117,0.0030549688148046117,SOC_UPPER_BOUND_NOT_REACHED,2029989.543614069,2030344.4702950332,354.9266809641117,0.0,0.9608333643358336,100.0,,,,,,,,,,,,,,,,,,,,,,,,,,,,,1,FIRST_UPWARD_CROSSING,charge_timeseries/cycle-066.csv,,,2029634.4356087022,2037484.6688178978,SOC_UPPER_BOUND_NOT_REACHED,SOC_UPPER_BOUND_NOT_REACHED,False,False,3,charge-efficiency-v1
66,virtual,60-80,60.0,80.0,60.0,80.0,100.0,NEGATIVE_PARTICLE_LITHIUM_DELTA_OVER_FROZEN_Q_REF_V1,4.859437160366554,25,20.0,W10_80_PERCENT_DISCHARGE_WINDOW,14.55,3.0000000000000004,2.994173917644091,4.85,99.81098292504991,4.859437160366554,25,,,,0.8834156698102196,0.1151255889661948,0.15138804128498276,0.9718874320733111,,,,,-0.0885211727464983,0.0885211727464983,,,3.3313591549879486e-05,,,4.708491634036055e-05,110.01473771481747,99.99440688170978,-3.098802448342486e-05,-0.003507751282030336,0.003507751282030336,SOC_UPPER_BOUND_NOT_REACHED,2030344.4702950332,2033471.1682304617,3126.6979354283753,0.22200318800053462,0.6614124818096849,74.86990602643185,,,,,,,,,,,,,,,,,,,,,,,,,,,,,1,FIRST_UPWARD_CROSSING,charge_timeseries/cycle-066.csv,,,2029634.4356087022,2037484.6688178978,SOC_UPPER_BOUND_NOT_REACHED,SOC_UPPER_BOUND_NOT_REACHED,False,False,3,charge-efficiency-v1
66,virtual,80-100,80.0,100.0,80.0,,0.0,NEGATIVE_PARTICLE_LITHIUM_DELTA_OVER_FROZEN_Q_REF_V1,4.859437160366554,25,20.0,W10_80_PERCENT_DISCHARGE_WINDOW,14.55,3.0000000000000004,2.994173917644091,4.85,99.81098292504991,4.859437160366554,25,,,,,,,,,,,,,,,,,,,,,,,,,,,,,,,,,,,,,,,,,,,,,,,,,,,,,,,,,,,,0,FIRST_UPWARD_CROSSING,charge_timeseries/cycle-066.csv,,,2029634.4356087022,2037484.6688178978,SOC_UPPER_BOUND_NOT_REACHED,SOC_UPPER_BOUND_NOT_REACHED,False,False,3,charge-efficiency-v1
67,virtual,20-40,20.0,40.0,20.0,40.0,100.0,NEGATIVE_PARTICLE_LITHIUM_DELTA_OVER_FROZEN_Q_REF_V1,4.859437160366554,25,20.0,W10_80_PERCENT_DISCHARGE_WINDOW,14.55,3.0000000000000004,2.994173917644091,4.85,99.81098292504991,4.859437160366554,25,,,,1.086134346957708,0.04259374927982383,0.07885620159861179,0.9718874320733111,,,,,0.11428181400188074,0.0,,,8.188702240922649e-06,,,6.982710151988425e-06,89.48132749835176,100.00321314923714,-5.0070529876711234e-05,-0.004609975737988597,0.004609975737988597,SOC_UPPER_BOUND_NOT_REACHED,2061049.2693500833,2061405.2520146156,355.982664532337,0.07984748908853874,1.0062868578691693,92.64847030091686,,,,,,,,,,,,,,,,,,,,,,,,,,,,,1,FIRST_UPWARD_CROSSING,charge_timeseries/cycle-067.csv,,,2061049.2693500833,2068906.8706098634,SOC_UPPER_BOUND_NOT_REACHED,SOC_UPPER_BOUND_NOT_REACHED,False,False,3,charge-efficiency-v1
67,virtual,40-60,40.0,60.0,40.0,60.0,100.0,NEGATIVE_PARTICLE_LITHIUM_DELTA_OVER_FROZEN_Q_REF_V1,4.859437160366554,25,20.0,W10_80_PERCENT_DISCHARGE_WINDOW,14.55,3.0000000000000004,2.994173917644091,4.85,99.81098292504991,4.859437160366554,25,,,,0.9606938246073935,0.07885620159861179,0.1151186539173997,0.9718874320733101,,,,,-0.011256533641057595,0.011256533641057595,,,1.1443601314503268e-05,,,1.3339250673885528e-05,101.16515867794726,99.99344992405184,3.8143323152550757e-05,0.003970393290301286,0.003970393290301286,SOC_UPPER_BOUND_NOT_REACHED,2061405.2520146156,2061760.8926007198,355.64058610410325,0.0,0.9606938246073935,100.0,,,,,,,,,,,,,,,,,,,,,,,,,,,,,1,FIRST_UPWARD_CROSSING,charge_timeseries/cycle-067.csv,,,2061049.2693500833,2068906.8706098634,SOC_UPPER_BOUND_NOT_REACHED,SOC_UPPER_BOUND_NOT_REACHED,False,False,3,charge-efficiency-v1
67,virtual,60-80,60.0,80.0,60.0,80.0,100.0,NEGATIVE_PARTICLE_LITHIUM_DELTA_OVER_FROZEN_Q_REF_V1,4.859437160366554,25,20.0,W10_80_PERCENT_DISCHARGE_WINDOW,14.55,3.0000000000000004,2.994173917644091,4.85,99.81098292504991,4.859437160366554,25,,,,0.8828697205154656,0.1151186539173997,0.15138110623618764,0.9718874320733109,,,,,-0.08906663825763034,0.08906663825763034,,,3.32268444530031e-05,,,4.675122176425739e-05,110.08276866782474,99.99445821975223,-3.1051366432000016e-05,-0.003517094958684346,0.003517094958684346,SOC_UPPER_BOUND_NOT_REACHED,2061760.8926007198,2064892.4169702532,3131.5243695335594,0.22195860498333075,0.6609111155321349,74.85941585427354,,,,,,,,,,,,,,,,,,,,,,,,,,,,,1,FIRST_UPWARD_CROSSING,charge_timeseries/cycle-067.csv,,,2061049.2693500833,2068906.8706098634,SOC_UPPER_BOUND_NOT_REACHED,SOC_UPPER_BOUND_NOT_REACHED,False,False,3,charge-efficiency-v1
67,virtual,80-100,80.0,100.0,80.0,,0.0,NEGATIVE_PARTICLE_LITHIUM_DELTA_OVER_FROZEN_Q_REF_V1,4.859437160366554,25,20.0,W10_80_PERCENT_DISCHARGE_WINDOW,14.55,3.0000000000000004,2.994173917644091,4.85,99.81098292504991,4.859437160366554,25,,,,,,,,,,,,,,,,,,,,,,,,,,,,,,,,,,,,,,,,,,,,,,,,,,,,,,,,,,,,0,FIRST_UPWARD_CROSSING,charge_timeseries/cycle-067.csv,,,2061049.2693500833,2068906.8706098634,SOC_UPPER_BOUND_NOT_REACHED,SOC_UPPER_BOUND_NOT_REACHED,False,False,3,charge-efficiency-v1
68,virtual,20-40,20.0,40.0,20.0,40.0,100.0,NEGATIVE_PARTICLE_LITHIUM_DELTA_OVER_FROZEN_Q_REF_V1,4.859437160366554,25,20.0,W10_80_PERCENT_DISCHARGE_WINDOW,14.55,3.0000000000000004,2.994173917644091,4.85,99.81098292504991,4.859437160366554,25,,,,1.085908739583016,0.04258685318173615,0.07884930550052409,0.9718874320733109,,,,,0.11403375385016128,0.0,,,8.117213710160005e-06,,,6.938573433042106e-06,89.4999180544869,100.00114616818176,-2.750212759927706e-05,-0.0025326370989368547,0.0025326370989368547,SOC_UPPER_BOUND_NOT_REACHED,2092471.4712625337,2092827.8635547129,356.3922921790606,0.0795904566393759,1.0063182829436401,92.67061275610156,,,,,,,,,,,,,,,,,,,,,,,,,,,,,1,FIRST_UPWARD_CROSSING,charge_timeseries/cycle-068.csv,,,2092471.4712625337,2100336.229646605,SOC_UPPER_BOUND_NOT_REACHED,SOC_UPPER_BOUND_NOT_REACHED,False,False,3,charge-efficiency-v1
68,virtual,40-60,40.0,60.0,40.0,60.0,100.0,NEGATIVE_PARTICLE_LITHIUM_DELTA_OVER_FROZEN_Q_REF_V1,4.859437160366554,25,20.0,W10_80_PERCENT_DISCHARGE_WINDOW,14.55,3.0000000000000004,2.994173917644091,4.85,99.81098292504991,4.859437160366554,25,,,,0.9606942319850733,0.07884930550052409,0.11511175781931202,0.9718874320733105,,,,,-0.011226670375270684,0.011226670375270684,,,1.1354559108072218e-05,,,1.324952044798322e-05,101.16511577935769,99.99651603122834,8.866207477420396e-06,0.0009228958790665617,0.0009228958790665617,SOC_UPPER_BOUND_NOT_REACHED,2092827.8635547129,2093183.9293976869,356.06584297401645,0.0,0.9606942319850733,100.0,,,,,,,,,,,,,,,,,,,,,,,,,,,,,1,FIRST_UPWARD_CROSSING,charge_timeseries/cycle-068.csv,,,2092471.4712625337,2100336.229646605,SOC_UPPER_BOUND_NOT_REACHED,SOC_UPPER_BOUND_NOT_REACHED,False,False,3,charge-efficiency-v1
68,virtual,60-80,60.0,80.0,60.0,80.0,100.0,NEGATIVE_PARTICLE_LITHIUM_DELTA_OVER_FROZEN_Q_REF_V1,4.859437160366554,25,20.0,W10_80_PERCENT_DISCHARGE_WINDOW,14.55,3.0000000000000004,2.994173917644091,4.85,99.81098292504991,4.859437160366554,25,,,,0.88306230266992,0.11511175781931202,0.15137421013809996,0.9718874320733109,,,,,-0.08888957591401725,0.08888957591401725,,,3.294945823931021e-05,,,4.644296806648185e-05,110.058761328032,99.992701929362,-1.4945915679298594e-05,-0.001692509762234209,0.001692509762234209,SOC_UPPER_BOUND_NOT_REACHED,2093183.9293976869,2096320.6661349584,3136.7367372716017,0.22190197329407235,0.6611603293758477,74.87131172702577,,,,,,,,,,,,,,,,,,,,,,,,,,,,,1,FIRST_UPWARD_CROSSING,charge_timeseries/cycle-068.csv,,,2092471.4712625337,2100336.229646605,SOC_UPPER_BOUND_NOT_REACHED,SOC_UPPER_BOUND_NOT_REACHED,False,False,3,charge-efficiency-v1
68,virtual,80-100,80.0,100.0,80.0,,0.0,NEGATIVE_PARTICLE_LITHIUM_DELTA_OVER_FROZEN_Q_REF_V1,4.859437160366554,25,20.0,W10_80_PERCENT_DISCHARGE_WINDOW,14.55,3.0000000000000004,2.994173917644091,4.85,99.81098292504991,4.859437160366554,25,,,,,,,,,,,,,,,,,,,,,,,,,,,,,,,,,,,,,,,,,,,,,,,,,,,,,,,,,,,,0,FIRST_UPWARD_CROSSING,charge_timeseries/cycle-068.csv,,,2092471.4712625337,2100336.229646605,SOC_UPPER_BOUND_NOT_REACHED,SOC_UPPER_BOUND_NOT_REACHED,False,False,3,charge-efficiency-v1
69,virtual,20-40,20.0,40.0,20.0,40.0,100.0,NEGATIVE_PARTICLE_LITHIUM_DELTA_OVER_FROZEN_Q_REF_V1,4.859437160366554,25,20.0,W10_80_PERCENT_DISCHARGE_WINDOW,14.55,3.0000000000000004,2.994173917644091,4.85,99.81098292504991,4.859437160366554,25,,,,1.0861198775798038,0.04258004125989584,0.07884249357868378,0.9718874320733109,,,,,0.11424097338174634,0.0,,,8.09529274108274e-06,,,6.900817035547513e-06,89.48251957592042,100.00078516887773,-2.3523985030138306e-05,-0.0021658737231249926,0.0021658737231249926,SOC_UPPER_BOUND_NOT_REACHED,2123900.830602135,2124257.8507461213,357.02014398598936,0.07933602587107803,1.0067838517087258,92.6954632256743,,,,,,,,,,,,,,,,,,,,,,,,,,,,,1,FIRST_UPWARD_CROSSING,charge_timeseries/cycle-069.csv,,,2123900.830602135,2131772.874949514,SOC_UPPER_BOUND_NOT_REACHED,SOC_UPPER_BOUND_NOT_REACHED,False,False,3,charge-efficiency-v1
69,virtual,40-60,40.0,60.0,40.0,60.0,100.0,NEGATIVE_PARTICLE_LITHIUM_DELTA_OVER_FROZEN_Q_REF_V1,4.859437160366554,25,20.0,W10_80_PERCENT_DISCHARGE_WINDOW,14.55,3.0000000000000004,2.994173917644091,4.85,99.81098292504991,4.859437160366554,25,,,,0.9606471243288922,0.07884249357868378,0.11510494589747172,0.9718874320733109,,,,,-0.011285859713536586,0.011285859713536586,,,1.1314259804863502e-05,,,1.3166090595685687e-05,101.17007665559517,99.99525819960688,2.107161871744978e-05,0.0021934816837317246,0.0021934816837317246,SOC_UPPER_BOUND_NOT_REACHED,2124257.8507461213,2124614.495625753,356.644879631768,0.0,0.9606471243288922,100.0,,,,,,,,,,,,,,,,,,,,,,,,,,,,,1,FIRST_UPWARD_CROSSING,charge_timeseries/cycle-069.csv,,,2123900.830602135,2131772.874949514,SOC_UPPER_BOUND_NOT_REACHED,SOC_UPPER_BOUND_NOT_REACHED,False,False,3,charge-efficiency-v1
69,virtual,60-80,60.0,80.0,60.0,80.0,100.0,NEGATIVE_PARTICLE_LITHIUM_DELTA_OVER_FROZEN_Q_REF_V1,4.859437160366554,25,20.0,W10_80_PERCENT_DISCHARGE_WINDOW,14.55,3.0000000000000004,2.994173917644091,4.85,99.81098292504991,4.859437160366554,25,,,,0.8828692208943665,0.11510494589747172,0.15136739821625966,0.9718874320733109,,,,,-0.08906622852170336,0.08906622852170336,,,3.2771450438304726e-05,,,4.613237589762287e-05,110.08283096433772,99.9945612168119,-3.0886483576964e-05,-0.003498421152985183,0.003498421152985183,SOC_UPPER_BOUND_NOT_REACHED,2124614.495625753,2127756.257566325,3141.7619405719324,0.22185242898594248,0.661016791908424,74.87142787000764,,,,,,,,,,,,,,,,,,,,,,,,,,,,,1,FIRST_UPWARD_CROSSING,charge_timeseries/cycle-069.csv,,,2123900.830602135,2131772.874949514,SOC_UPPER_BOUND_NOT_REACHED,SOC_UPPER_BOUND_NOT_REACHED,False,False,3,charge-efficiency-v1
69,virtual,80-100,80.0,100.0,80.0,,0.0,NEGATIVE_PARTICLE_LITHIUM_DELTA_OVER_FROZEN_Q_REF_V1,4.859437160366554,25,20.0,W10_80_PERCENT_DISCHARGE_WINDOW,14.55,3.0000000000000004,2.994173917644091,4.85,99.81098292504991,4.859437160366554,25,,,,,,,,,,,,,,,,,,,,,,,,,,,,,,,,,,,,,,,,,,,,,,,,,,,,,,,,,,,,0,FIRST_UPWARD_CROSSING,charge_timeseries/cycle-069.csv,,,2123900.830602135,2131772.874949514,SOC_UPPER_BOUND_NOT_REACHED,SOC_UPPER_BOUND_NOT_REACHED,False,False,3,charge-efficiency-v1
70,virtual,20-40,20.0,40.0,20.0,40.0,100.0,NEGATIVE_PARTICLE_LITHIUM_DELTA_OVER_FROZEN_Q_REF_V1,4.859437160366554,25,20.0,W10_80_PERCENT_DISCHARGE_WINDOW,14.55,3.0000000000000004,2.994173917644091,4.85,99.81098292504991,4.859437160366554,25,,,,1.0873310727255914,0.04257326904531979,0.07883572136410774,0.971887432073311,,,,,0.11546832449942085,0.0,,,8.157360889111086e-06,,,6.8747028483390205e-06,89.38284359308338,100.00227013167927,-3.971591087803539e-05,-0.0036526051608623948,0.0036526051608623948,SOC_UPPER_BOUND_NOT_REACHED,2155337.4759629853,2155695.57809484,358.10213185467074,0.07908410823286768,1.0082469644927237,92.72676830299449,,,,,,,,,,,,,,,,,,,,,,,,,,,,,1,FIRST_UPWARD_CROSSING,charge_timeseries/cycle-070.csv,,,2155337.4759629853,2163217.1733729597,SOC_UPPER_BOUND_NOT_REACHED,SOC_UPPER_BOUND_NOT_REACHED,False,False,3,charge-efficiency-v1
70,virtual,40-60,40.0,60.0,40.0,60.0,100.0,NEGATIVE_PARTICLE_LITHIUM_DELTA_OVER_FROZEN_Q_REF_V1,4.859437160366554,25,20.0,W10_80_PERCENT_DISCHARGE_WINDOW,14.55,3.0000000000000004,2.994173917644091,4.85,99.81098292504991,4.859437160366554,25,,,,0.9603903152059116,0.07883572136410774,0.11509817368289568,0.9718874320733109,,,,,-0.011538541001627198,0.011538541001627198,,,1.1379721350658623e-05,,,1.3092109286037823e-05,101.19712961338372,99.99568673969614,1.695230359122224e-05,0.0017651472867661726,0.0017651472867661726,SOC_UPPER_BOUND_NOT_REACHED,2155695.57809484,2156053.1126135723,357.53451873228033,0.0,0.9603903152059116,100.0,,,,,,,,,,,,,,,,,,,,,,,,,,,,,1,FIRST_UPWARD_CROSSING,charge_timeseries/cycle-070.csv,,,2155337.4759629853,2163217.1733729597,SOC_UPPER_BOUND_NOT_REACHED,SOC_UPPER_BOUND_NOT_REACHED,False,False,3,charge-efficiency-v1
70,virtual,60-80,60.0,80.0,60.0,80.0,100.0,NEGATIVE_PARTICLE_LITHIUM_DELTA_OVER_FROZEN_Q_REF_V1,4.859437160366554,25,20.0,W10_80_PERCENT_DISCHARGE_WINDOW,14.55,3.0000000000000004,2.994173917644091,4.85,99.81098292504991,4.859437160366554,25,,,,0.8818986741382275,0.11509817368289568,0.1513606260016836,0.9718874320733101,,,,,-0.09004211901451385,0.09004211901451385,,,3.280881475773486e-05,,,4.5808125565718893e-05,110.20397927494534,99.99394929587761,-2.5255860892192672e-05,-0.0028638052911092262,0.0028638052911092262,SOC_UPPER_BOUND_NOT_REACHED,2156053.1126135723,2159199.5513002235,3146.4386866510263,0.22181686120242364,0.6600818129358039,74.84780647627368,,,,,,,,,,,,,,,,,,,,,,,,,,,,,1,FIRST_UPWARD_CROSSING,charge_timeseries/cycle-070.csv,,,2155337.4759629853,2163217.1733729597,SOC_UPPER_BOUND_NOT_REACHED,SOC_UPPER_BOUND_NOT_REACHED,False,False,3,charge-efficiency-v1
70,virtual,80-100,80.0,100.0,80.0,,0.0,NEGATIVE_PARTICLE_LITHIUM_DELTA_OVER_FROZEN_Q_REF_V1,4.859437160366554,25,20.0,W10_80_PERCENT_DISCHARGE_WINDOW,14.55,3.0000000000000004,2.994173917644091,4.85,99.81098292504991,4.859437160366554,25,,,,,,,,,,,,,,,,,,,,,,,,,,,,,,,,,,,,,,,,,,,,,,,,,,,,,,,,,,,,0,FIRST_UPWARD_CROSSING,charge_timeseries/cycle-070.csv,,,2155337.4759629853,2163217.1733729597,SOC_UPPER_BOUND_NOT_REACHED,SOC_UPPER_BOUND_NOT_REACHED,False,False,3,charge-efficiency-v1
71,virtual,20-40,20.0,40.0,20.0,40.0,100.0,NEGATIVE_PARTICLE_LITHIUM_DELTA_OVER_FROZEN_Q_REF_V1,4.859437160366554,25,20.0,W10_80_PERCENT_DISCHARGE_WINDOW,14.55,3.0000000000000004,2.994173917644091,4.85,99.81098292504991,4.859437160366554,25,,,,1.0872797101310678,0.0425665520643977,0.07882900438318564,0.9718874320733109,,,,,0.11542034724087055,0.0,,,8.119654813835107e-06,,,6.836015922176419e-06,89.38706599759442,100.00258159725158,-4.302485384966026e-05,-0.003957109973520407,0.003957109973520407,SOC_UPPER_BOUND_NOT_REACHED,2186781.7744420213,2187140.3936937745,358.61925175337274,0.078834542202049,1.008445167929019,92.74937796893629,,,,,,,,,,,,,,,,,,,,,,,,,,,,,1,FIRST_UPWARD_CROSSING,charge_timeseries/cycle-071.csv,,,2186781.7744420213,2194668.7236305005,SOC_UPPER_BOUND_NOT_REACHED,SOC_UPPER_BOUND_NOT_REACHED,False,False,3,charge-efficiency-v1
71,virtual,40-60,40.0,60.0,40.0,60.0,100.0,NEGATIVE_PARTICLE_LITHIUM_DELTA_OVER_FROZEN_Q_REF_V1,4.859437160366554,25,20.0,W10_80_PERCENT_DISCHARGE_WINDOW,14.55,3.0000000000000004,2.994173917644091,4.85,99.81098292504991,4.859437160366554,25,,,,0.9604001513577004,0.07882900438318564,0.11509145670197359,0.9718874320733109,,,,,-0.011549100227544754,0.011549100227544754,,,1.1314980338573456e-05,,,1.3010322139621333e-05,101.19609318046973,99.99356315054231,3.749420945609039e-05,0.0039040195280150153,0.0039040195280150153,SOC_UPPER_BOUND_NOT_REACHED,2187140.3936937745,2187498.4273056537,358.0336118791905,0.0,0.9604001513577004,100.0,,,,,,,,,,,,,,,,,,,,,,,,,,,,,1,FIRST_UPWARD_CROSSING,charge_timeseries/cycle-071.csv,,,2186781.7744420213,2194668.7236305005,SOC_UPPER_BOUND_NOT_REACHED,SOC_UPPER_BOUND_NOT_REACHED,False,False,3,charge-efficiency-v1
71,virtual,60-80,60.0,80.0,60.0,80.0,100.0,NEGATIVE_PARTICLE_LITHIUM_DELTA_OVER_FROZEN_Q_REF_V1,4.859437160366554,25,20.0,W10_80_PERCENT_DISCHARGE_WINDOW,14.55,3.0000000000000004,2.994173917644091,4.85,99.81098292504991,4.859437160366554,25,,,,0.88192348903711,0.11509145670197359,0.1513539090207615,0.9718874320733105,,,,,-0.09001888736303013,0.09001888736303013,,,3.258460806682736e-05,,,4.551608235097565e-05,110.20087843838061,99.993769944047,-2.3156363588183737e-05,-0.0026256658175037393,0.0026256658175037393,SOC_UPPER_BOUND_NOT_REACHED,2187498.4273056537,2190649.9927850356,3151.5654793817625,0.22176531485104198,0.660158174186068,74.85435895429355,,,,,,,,,,,,,,,,,,,,,,,,,,,,,1,FIRST_UPWARD_CROSSING,charge_timeseries/cycle-071.csv,,,2186781.7744420213,2194668.7236305005,SOC_UPPER_BOUND_NOT_REACHED,SOC_UPPER_BOUND_NOT_REACHED,False,False,3,charge-efficiency-v1
71,virtual,80-100,80.0,100.0,80.0,,0.0,NEGATIVE_PARTICLE_LITHIUM_DELTA_OVER_FROZEN_Q_REF_V1,4.859437160366554,25,20.0,W10_80_PERCENT_DISCHARGE_WINDOW,14.55,3.0000000000000004,2.994173917644091,4.85,99.81098292504991,4.859437160366554,25,,,,,,,,,,,,,,,,,,,,,,,,,,,,,,,,,,,,,,,,,,,,,,,,,,,,,,,,,,,,0,FIRST_UPWARD_CROSSING,charge_timeseries/cycle-071.csv,,,2186781.7744420213,2194668.7236305005,SOC_UPPER_BOUND_NOT_REACHED,SOC_UPPER_BOUND_NOT_REACHED,False,False,3,charge-efficiency-v1
72,virtual,20-40,20.0,40.0,20.0,40.0,100.0,NEGATIVE_PARTICLE_LITHIUM_DELTA_OVER_FROZEN_Q_REF_V1,4.859437160366554,25,20.0,W10_80_PERCENT_DISCHARGE_WINDOW,14.55,3.0000000000000004,2.994173917644091,4.85,99.81098292504991,4.859437160366554,25,,,,1.088490523580269,0.04255987011052286,0.0788223224293108,0.9718874320733106,,,,,0.11661221662128526,0.0,,,8.178020106627479e-06,,,6.810830247915012e-06,89.28763374774941,100.00083832740195,-2.4113964681493627e-05,-0.002215358256145202,0.002215358256145202,SOC_UPPER_BOUND_NOT_REACHED,2218233.3248514594,2218593.018192198,359.69334073857794,0.07858738154869649,1.0099031420315725,92.78015013946042,,,,,,,,,,,,,,,,,,,,,,,,,,,,,1,FIRST_UPWARD_CROSSING,charge_timeseries/cycle-072.csv,,,2218233.3248514594,2226127.870118601,SOC_UPPER_BOUND_NOT_REACHED,SOC_UPPER_BOUND_NOT_REACHED,False,False,3,charge-efficiency-v1
72,virtual,40-60,40.0,60.0,40.0,60.0,100.0,NEGATIVE_PARTICLE_LITHIUM_DELTA_OVER_FROZEN_Q_REF_V1,4.859437160366554,25,20.0,W10_80_PERCENT_DISCHARGE_WINDOW,14.55,3.0000000000000004,2.994173917644091,4.85,99.81098292504991,4.859437160366554,25,,,,0.9601508352764075,0.0788223224293108,0.11508477474809872,0.9718874320733105,,,,,-0.01179689393388951,0.01179689393388951,,,1.1377277014674135e-05,,,1.29398218203583e-05,101.22237010745549,99.99372003493919,3.598003815141748e-05,0.003747331859692605,0.003747331859692605,SOC_UPPER_BOUND_NOT_REACHED,2218593.018192198,2218951.9237649203,358.90557272233696,0.0,0.9601508352764075,100.0,,,,,,,,,,,,,,,,,,,,,,,,,,,,,1,FIRST_UPWARD_CROSSING,charge_timeseries/cycle-072.csv,,,2218233.3248514594,2226127.870118601,SOC_UPPER_BOUND_NOT_REACHED,SOC_UPPER_BOUND_NOT_REACHED,False,False,3,charge-efficiency-v1
72,virtual,60-80,60.0,80.0,60.0,80.0,100.0,NEGATIVE_PARTICLE_LITHIUM_DELTA_OVER_FROZEN_Q_REF_V1,4.859437160366554,25,20.0,W10_80_PERCENT_DISCHARGE_WINDOW,14.55,3.0000000000000004,2.994173917644091,4.85,99.81098292504991,4.859437160366554,25,,,,0.8809703909755136,0.11508477474809872,0.15134722706688666,0.9718874320733109,,,,,-0.0909650642027324,0.0909650642027324,,,3.261745194860048e-05,,,4.520621681797926e-05,110.32010179106284,99.99454884007146,-2.9800563831505755e-05,-0.003382697549971808,0.003382697549971808,SOC_UPPER_BOUND_NOT_REACHED,2218951.9237649203,2222108.093794953,3156.170030032989,0.2217307245020574,0.6592396664734561,74.83108095647445,,,,,,,,,,,,,,,,,,,,,,,,,,,,,1,FIRST_UPWARD_CROSSING,charge_timeseries/cycle-072.csv,,,2218233.3248514594,2226127.870118601,SOC_UPPER_BOUND_NOT_REACHED,SOC_UPPER_BOUND_NOT_REACHED,False,False,3,charge-efficiency-v1
72,virtual,80-100,80.0,100.0,80.0,,0.0,NEGATIVE_PARTICLE_LITHIUM_DELTA_OVER_FROZEN_Q_REF_V1,4.859437160366554,25,20.0,W10_80_PERCENT_DISCHARGE_WINDOW,14.55,3.0000000000000004,2.994173917644091,4.85,99.81098292504991,4.859437160366554,25,,,,,,,,,,,,,,,,,,,,,,,,,,,,,,,,,,,,,,,,,,,,,,,,,,,,,,,,,,,,0,FIRST_UPWARD_CROSSING,charge_timeseries/cycle-072.csv,,,2218233.3248514594,2226127.870118601,SOC_UPPER_BOUND_NOT_REACHED,SOC_UPPER_BOUND_NOT_REACHED,False,False,3,charge-efficiency-v1
73,virtual,20-40,20.0,40.0,20.0,40.0,100.0,NEGATIVE_PARTICLE_LITHIUM_DELTA_OVER_FROZEN_Q_REF_V1,4.859437160366554,25,20.0,W10_80_PERCENT_DISCHARGE_WINDOW,14.55,3.0000000000000004,2.994173917644091,4.85,99.81098292504991,4.859437160366554,25,,,,1.0881190283058424,0.04255324614004061,0.07881569845882855,0.9718874320733109,,,,,0.11623667095222834,0.0,,,8.091676752681673e-06,,,6.7699248275585044e-06,89.3181174844907,100.00046637542079,-1.993632127716971e-05,-0.0018321820277520339,0.0018321820277520339,SOC_UPPER_BOUND_NOT_REACHED,2249692.4714157814,2250052.5037601115,360.03234432992315,0.0783425658533094,1.009776462452533,92.80018418800326,,,,,,,,,,,,,,,,,,,,,,,,,,,,,1,FIRST_UPWARD_CROSSING,charge_timeseries/cycle-073.csv,,,2249692.4714157814,2257594.2574851965,SOC_UPPER_BOUND_NOT_REACHED,SOC_UPPER_BOUND_NOT_REACHED,False,False,3,charge-efficiency-v1
73,virtual,40-60,40.0,60.0,40.0,60.0,100.0,NEGATIVE_PARTICLE_LITHIUM_DELTA_OVER_FROZEN_Q_REF_V1,4.859437160366554,25,20.0,W10_80_PERCENT_DISCHARGE_WINDOW,14.55,3.0000000000000004,2.994173917644091,4.85,99.81098292504991,4.859437160366554,25,,,,0.9601837533997384,0.07881569845882855,0.11507815077761648,0.9718874320733105,,,,,-0.011742516095902988,0.011742516095902988,,,1.1281516198149467e-05,,,1.2857406035113317e-05,101.2188998857909,99.99595520938641,1.4698500097609646e-05,0.001530800749915464,0.001530800749915464,SOC_UPPER_BOUND_NOT_REACHED,2250052.5037601115,2250411.807188339,359.303428227739,0.0,0.9601837533997384,100.0,,,,,,,,,,,,,,,,,,,,,,,,,,,,,1,FIRST_UPWARD_CROSSING,charge_timeseries/cycle-073.csv,,,2249692.4714157814,2257594.2574851965,SOC_UPPER_BOUND_NOT_REACHED,SOC_UPPER_BOUND_NOT_REACHED,False,False,3,charge-efficiency-v1
73,virtual,60-80,60.0,80.0,60.0,80.0,100.0,NEGATIVE_PARTICLE_LITHIUM_DELTA_OVER_FROZEN_Q_REF_V1,4.859437160366554,25,20.0,W10_80_PERCENT_DISCHARGE_WINDOW,14.55,3.0000000000000004,2.994173917644091,4.85,99.81098292504991,4.859437160366554,25,,,,0.8812469197144389,0.11507815077761648,0.15134060309640443,0.9718874320733111,,,,,-0.09068761230205405,0.09068761230205405,,,3.233457477045017e-05,,,4.493199138841386e-05,110.28548416240064,99.99465530691477,-3.0166622977056967e-05,-0.003423174856240317,0.003423174856240317,SOC_UPPER_BOUND_NOT_REACHED,2250411.807188339,2253573.2689395836,3161.4617512445234,0.2216760882318987,0.6595708314825403,74.84517865847054,,,,,,,,,,,,,,,,,,,,,,,,,,,,,1,FIRST_UPWARD_CROSSING,charge_timeseries/cycle-073.csv,,,2249692.4714157814,2257594.2574851965,SOC_UPPER_BOUND_NOT_REACHED,SOC_UPPER_BOUND_NOT_REACHED,False,False,3,charge-efficiency-v1
73,virtual,80-100,80.0,100.0,80.0,,0.0,NEGATIVE_PARTICLE_LITHIUM_DELTA_OVER_FROZEN_Q_REF_V1,4.859437160366554,25,20.0,W10_80_PERCENT_DISCHARGE_WINDOW,14.55,3.0000000000000004,2.994173917644091,4.85,99.81098292504991,4.859437160366554,25,,,,,,,,,,,,,,,,,,,,,,,,,,,,,,,,,,,,,,,,,,,,,,,,,,,,,,,,,,,,0,FIRST_UPWARD_CROSSING,charge_timeseries/cycle-073.csv,,,2249692.4714157814,2257594.2574851965,SOC_UPPER_BOUND_NOT_REACHED,SOC_UPPER_BOUND_NOT_REACHED,False,False,3,charge-efficiency-v1
74,virtual,20-40,20.0,40.0,20.0,40.0,100.0,NEGATIVE_PARTICLE_LITHIUM_DELTA_OVER_FROZEN_Q_REF_V1,4.859437160366554,25,20.0,W10_80_PERCENT_DISCHARGE_WINDOW,14.55,3.0000000000000004,2.994173917644091,4.85,99.81098292504991,4.859437160366554,25,,,,1.0878051594550775,0.042546677804274256,0.07880913012306219,0.9718874320733106,,,,,0.11593984345722953,0.0,,,8.048719758595689e-06,,,6.731237732024442e-06,89.343888804514,100.00203309161301,-3.689603295353727e-05,-0.003391786905296522,0.003391786905296522,SOC_UPPER_BOUND_NOT_REACHED,2281158.8587983623,2281519.3009377555,360.4421393930797,0.07809999136443797,1.0097051680906395,92.82040623859872,,,,,,,,,,,,,,,,,,,,,,,,,,,,,1,FIRST_UPWARD_CROSSING,charge_timeseries/cycle-074.csv,,,2281158.8587983623,2289067.815774386,SOC_UPPER_BOUND_NOT_REACHED,SOC_UPPER_BOUND_NOT_REACHED,False,False,3,charge-efficiency-v1
74,virtual,40-60,40.0,60.0,40.0,60.0,100.0,NEGATIVE_PARTICLE_LITHIUM_DELTA_OVER_FROZEN_Q_REF_V1,4.859437160366554,25,20.0,W10_80_PERCENT_DISCHARGE_WINDOW,14.55,3.0000000000000004,2.994173917644091,4.85,99.81098292504991,4.859437160366554,25,,,,0.9602285573047413,0.07880913012306219,0.11507158244185012,0.9718874320733105,,,,,-0.011704914376933537,0.011704914376933537,,,1.1194527383046049e-05,,,1.277890907222523e-05,101.21417704981556,99.99520534897509,2.206617190902982e-05,0.0022980124618421265,0.0022980124618421265,SOC_UPPER_BOUND_NOT_REACHED,2281519.3009377555,2281879.00865128,359.70771352466426,0.0,0.9602285573047413,100.0,,,,,,,,,,,,,,,,,,,,,,,,,,,,,1,FIRST_UPWARD_CROSSING,charge_timeseries/cycle-074.csv,,,2281158.8587983623,2289067.815774386,SOC_UPPER_BOUND_NOT_REACHED,SOC_UPPER_BOUND_NOT_REACHED,False,False,3,charge-efficiency-v1
74,virtual,60-80,60.0,80.0,60.0,80.0,100.0,NEGATIVE_PARTICLE_LITHIUM_DELTA_OVER_FROZEN_Q_REF_V1,4.859437160366554,25,20.0,W10_80_PERCENT_DISCHARGE_WINDOW,14.55,3.0000000000000004,2.994173917644091,4.85,99.81098292504991,4.859437160366554,25,,,,0.8814647371503994,0.11507158244185012,0.15133403476063806,0.9718874320733109,,,,,-0.09046953127736439,0.09046953127736439,,,3.207140424609477e-05,,,4.466379920588237e-05,110.25823168096662,99.99468653112497,-2.989884899906592e-05,-0.0033919506633609603,0.0033919506633609603,SOC_UPPER_BOUND_NOT_REACHED,2281879.00865128,2285045.643383832,3166.6347325520946,0.22162298749154918,0.6598417496588502,74.85741877684042,,,,,,,,,,,,,,,,,,,,,,,,,,,,,1,FIRST_UPWARD_CROSSING,charge_timeseries/cycle-074.csv,,,2281158.8587983623,2289067.815774386,SOC_UPPER_BOUND_NOT_REACHED,SOC_UPPER_BOUND_NOT_REACHED,False,False,3,charge-efficiency-v1
74,virtual,80-100,80.0,100.0,80.0,,0.0,NEGATIVE_PARTICLE_LITHIUM_DELTA_OVER_FROZEN_Q_REF_V1,4.859437160366554,25,20.0,W10_80_PERCENT_DISCHARGE_WINDOW,14.55,3.0000000000000004,2.994173917644091,4.85,99.81098292504991,4.859437160366554,25,,,,,,,,,,,,,,,,,,,,,,,,,,,,,,,,,,,,,,,,,,,,,,,,,,,,,,,,,,,,0,FIRST_UPWARD_CROSSING,charge_timeseries/cycle-074.csv,,,2281158.8587983623,2289067.815774386,SOC_UPPER_BOUND_NOT_REACHED,SOC_UPPER_BOUND_NOT_REACHED,False,False,3,charge-efficiency-v1
75,virtual,20-40,20.0,40.0,20.0,40.0,100.0,NEGATIVE_PARTICLE_LITHIUM_DELTA_OVER_FROZEN_Q_REF_V1,4.859437160366554,25,20.0,W10_80_PERCENT_DISCHARGE_WINDOW,14.55,3.0000000000000004,2.994173917644091,4.85,99.81098292504991,4.859437160366554,25,,,,0.9788692739749266,0.042540143234697944,0.07880259555348589,0.9718874320733109,,,,,0.0069770777042830944,0.0,,,4.102397255503418e-06,,,5.734572102560065e-06,99.28674419687684,99.99951329585478,-5.07277202532741e-06,-0.000518227730729379,0.000518227730729379,SOC_UPPER_BOUND_NOT_REACHED,2312632.4172104,2312954.1612638044,321.74405340430206,0.07785967185655909,0.9010096021183676,92.04595813490072,,,,,,,,,,,,,,,,,,,,,,,,,,,,,1,FIRST_UPWARD_CROSSING,charge_timeseries/cycle-075.csv,,,2312632.4172104,2320516.973542878,SOC_UPPER_BOUND_NOT_REACHED,SOC_UPPER_BOUND_NOT_REACHED,False,False,3,charge-efficiency-v1
75,virtual,40-60,40.0,60.0,40.0,60.0,100.0,NEGATIVE_PARTICLE_LITHIUM_DELTA_OVER_FROZEN_Q_REF_V1,4.859437160366554,25,20.0,W10_80_PERCENT_DISCHARGE_WINDOW,14.55,3.0000000000000004,2.994173917644091,4.85,99.81098292504991,4.859437160366554,25,,,,0.9780052973083014,0.07880259555348589,0.11506504787227381,0.9718874320733105,,,,,0.006065026840811897,0.0,,,1.023738171344532e-06,,,1.200473579119482e-05,99.3744547957124,99.99459733047209,3.980992021646035e-05,0.004070521941550473,0.004070521941550473,SOC_UPPER_BOUND_NOT_REACHED,2312954.1612638044,2313280.2386983363,326.0774345319191,0.0,0.9780052973083014,100.0,,,,,,,,,,,,,,,,,,,,,,,,,,,,,1,FIRST_UPWARD_CROSSING,charge_timeseries/cycle-075.csv,,,2312632.4172104,2320516.973542878,SOC_UPPER_BOUND_NOT_REACHED,SOC_UPPER_BOUND_NOT_REACHED,False,False,3,charge-efficiency-v1
75,virtual,60-80,60.0,80.0,60.0,80.0,100.0,NEGATIVE_PARTICLE_LITHIUM_DELTA_OVER_FROZEN_Q_REF_V1,4.859437160366554,25,20.0,W10_80_PERCENT_DISCHARGE_WINDOW,14.55,3.0000000000000004,2.994173917644091,4.85,99.81098292504991,4.859437160366554,25,,,,0.9696584622884896,0.11506504787227381,0.15132750019106175,0.9718874320733109,,,,,-0.0022525409151936664,0.0022525409151936664,,,8.500432868808333e-06,,,4.676377620041472e-05,100.22987163743826,99.99756913064866,-3.169307869677063e-05,-0.0032684785343874414,0.0032684785343874414,SOC_UPPER_BOUND_NOT_REACHED,2313280.2386983363,2316484.0948628276,3203.856164491094,0.22008828816224785,0.7495701741262418,77.30249394793938,,,,,,,,,,,,,,,,,,,,,,,,,,,,,1,FIRST_UPWARD_CROSSING,charge_timeseries/cycle-075.csv,,,2312632.4172104,2320516.973542878,SOC_UPPER_BOUND_NOT_REACHED,SOC_UPPER_BOUND_NOT_REACHED,False,False,3,charge-efficiency-v1
75,virtual,80-100,80.0,100.0,80.0,,0.0,NEGATIVE_PARTICLE_LITHIUM_DELTA_OVER_FROZEN_Q_REF_V1,4.859437160366554,25,20.0,W10_80_PERCENT_DISCHARGE_WINDOW,14.55,3.0000000000000004,2.994173917644091,4.85,99.81098292504991,4.859437160366554,25,,,,,,,,,,,,,,,,,,,,,,,,,,,,,,,,,,,,,,,,,,,,,,,,,,,,,,,,,,,,0,FIRST_UPWARD_CROSSING,charge_timeseries/cycle-075.csv,,,2312632.4172104,2320516.973542878,SOC_UPPER_BOUND_NOT_REACHED,SOC_UPPER_BOUND_NOT_REACHED,False,False,3,charge-efficiency-v1
