cycle,mode,soc_bin_id,soc_start_pct,soc_end_pct,actual_soc_start_pct,actual_soc_end_pct,soc_coverage_pct,soc_definition,soc_reference_capacity_ah,capacity_reference_node,soc_anchor_pct,soc_anchor_source,configured_charge_current_a,configured_nominal_charge_rate_c,effective_charge_rate_c,nominal_capacity_ah,soh_pct,q_ref_ah,q_ref_node,lli_pct,negative_lam_pct,positive_lam_pct,external_charge_ah,negative_particle_lithium_mol_start,negative_particle_lithium_mol_end,intercalated_charge_increment_ah,total_plating_inventory_start_ah,total_plating_inventory_end_ah,reversible_plating_inventory_start_ah,reversible_plating_inventory_end_ah,reversible_plating_increment_ah,reversible_plating_depletion_ah,dead_lithium_inventory_start_ah,dead_lithium_inventory_end_ah,dead_lithium_increment_ah,sei_inventory_start_ah,sei_inventory_end_ah,sei_increment_ah,useful_charge_efficiency_pct,reversible_retention_pct,charge_balance_error_ah,charge_balance_error_pct,charge_balance_abs_error_pct,charge_balance_status,time_start_s,time_end_s,duration_s,cc_charge_ah,cv_charge_ah,cv_charge_fraction_pct,mean_current_a,mean_voltage_v,maximum_voltage_v,temperature_start_k,temperature_end_k,temperature_mean_k,temperature_max_k,temperature_rise_k,negative_surface_stoichiometry,negative_average_stoichiometry,negative_particle_radial_stoichiometry_gradient,minimum_electrolyte_concentration_mol_m3,negative_reaction_overpotential_v,plating_reaction_overpotential_v,negative_intercalation_current_density_mean_a_m2,negative_intercalation_current_density_max_a_m2,negative_plating_current_density_mean_a_m2,negative_plating_current_density_extreme_a_m2,negative_sei_current_density_mean_a_m2,negative_sei_current_density_max_a_m2,electrolyte_ohmic_loss_mean_v,electrolyte_ohmic_loss_max_v,negative_particle_concentration_overpotential_mean_v,negative_particle_concentration_overpotential_max_v,irreversible_heating_energy_wh,ohmic_heating_energy_wh,reversible_heating_energy_wh,total_heating_energy_wh,soc_crossing_count,soc_crossing_selection_rule,charge_trace_path,trace_start_row,trace_end_row,trace_start_time_s,trace_end_time_s,primary_status,status_flags,is_valid_for_efficiency_analysis,is_valid_for_mechanism_analysis,output_schema_version,charge_efficiency_algorithm_version
1,virtual,20-40,20.0,40.0,20.0,40.0,100.0,NEGATIVE_PARTICLE_LITHIUM_DELTA_OVER_FROZEN_Q_REF_V1,4.868461109435048,0,20.0,INITIAL_SOC_CONFIGURATION,14.55,3.0000000000000004,2.988624058596707,4.85,100.0,4.868461109435048,0,,,,1.2924955627374852,0.04274926258206297,0.0790790540827406,0.9736922218870097,,,,,0.31872929261924365,0.0,,,8.577417302023157e-05,,,0.0005711636042082357,75.3342796647398,99.99427091021688,-0.0005828895459965011,-0.0450979920396748,0.0450979920396748,SOC_UPPER_BOUND_NOT_REACHED,0.0,400.3544229905359,400.3544229905359,0.11046920719790361,1.1820263555395816,91.45303006194221,,,,,,,,,,,,,,,,,,,,,,,,,,,,,1,FIRST_UPWARD_CROSSING,charge_timeseries/cycle-001.csv,,,0.0,7621.8632782397635,SOC_UPPER_BOUND_NOT_REACHED,SOC_UPPER_BOUND_NOT_REACHED;NON_MONOTONIC_SOC,False,False,3,charge-efficiency-v1
1,virtual,40-60,40.0,60.0,40.0,60.0,100.0,NEGATIVE_PARTICLE_LITHIUM_DELTA_OVER_FROZEN_Q_REF_V1,4.868461109435048,0,20.0,INITIAL_SOC_CONFIGURATION,14.55,3.0000000000000004,2.988624058596707,4.85,100.0,4.868461109435048,0,,,,0.8502953736689138,0.0790790540827406,0.11540884558341824,0.9736922218870099,,,,,-0.12351361116105358,0.12351361116105358,,,8.644002058586834e-05,,,0.00034111038124933846,114.51223328261268,99.98626795504559,-0.00031078745887769266,-0.03655052920453809,0.03655052920453809,SOC_UPPER_BOUND_NOT_REACHED,400.3544229905359,727.9191468869257,327.56472389638975,0.0,0.8502953736689138,100.00000000000001,,,,,,,,,,,,,,,,,,,,,,,,,,,,,1,FIRST_UPWARD_CROSSING,charge_timeseries/cycle-001.csv,,,0.0,7621.8632782397635,SOC_UPPER_BOUND_NOT_REACHED,SOC_UPPER_BOUND_NOT_REACHED;NON_MONOTONIC_SOC,False,False,3,charge-efficiency-v1
1,virtual,60-80,60.0,80.0,60.0,80.0,100.0,NEGATIVE_PARTICLE_LITHIUM_DELTA_OVER_FROZEN_Q_REF_V1,4.868461109435048,0,20.0,INITIAL_SOC_CONFIGURATION,14.55,3.0000000000000004,2.988624058596707,4.85,100.0,4.868461109435048,0,,,,0.7953465250140298,0.11540884558341824,0.15173863708409585,0.9736922218870091,,,,,-0.17850182160429034,0.17850182160429034,,,9.025701053205006e-05,,,0.0007309973330066333,122.42364695939715,99.98037022525394,-0.000665129612227644,-0.0836276505031453,0.0836276505031453,SOC_UPPER_BOUND_NOT_REACHED,727.9191468869257,3601.5680478129525,2873.6489009260267,0.21741799381897728,0.5779285311950525,72.66374002009475,,,,,,,,,,,,,,,,,,,,,,,,,,,,,1,FIRST_UPWARD_CROSSING,charge_timeseries/cycle-001.csv,,,0.0,7621.8632782397635,SOC_UPPER_BOUND_NOT_REACHED,SOC_UPPER_BOUND_NOT_REACHED;NON_MONOTONIC_SOC,False,False,3,charge-efficiency-v1
1,virtual,80-100,80.0,100.0,80.0,,0.0,NEGATIVE_PARTICLE_LITHIUM_DELTA_OVER_FROZEN_Q_REF_V1,4.868461109435048,0,20.0,INITIAL_SOC_CONFIGURATION,14.55,3.0000000000000004,2.988624058596707,4.85,100.0,4.868461109435048,0,,,,,,,,,,,,,,,,,,,,,,,,,,,,,,,,,,,,,,,,,,,,,,,,,,,,,,,,,,,,0,FIRST_UPWARD_CROSSING,charge_timeseries/cycle-001.csv,,,0.0,7621.8632782397635,SOC_UPPER_BOUND_NOT_REACHED,SOC_UPPER_BOUND_NOT_REACHED;NON_MONOTONIC_SOC,False,False,3,charge-efficiency-v1
2,virtual,20-40,20.0,40.0,20.0,40.0,100.0,NEGATIVE_PARTICLE_LITHIUM_DELTA_OVER_FROZEN_Q_REF_V1,4.868461109435048,0,20.0,W10_80_PERCENT_DISCHARGE_WINDOW,14.55,3.0000000000000004,2.988624058596707,4.85,100.0,4.868461109435048,0,,,,1.0637554517674896,0.04298102188937859,0.07931081339005622,0.9736922218870094,,,,,0.09001887244798427,0.0,,,3.8208344133233e-05,,,3.930079145519081e-05,91.53346478922057,99.9958301099729,-3.3151703092482165e-05,-0.0031164778556386,0.0031164778556386,SOC_UPPER_BOUND_NOT_REACHED,31217.970180584616,31530.64069481317,312.670514228553,0.11489898908038403,0.9488564626871057,89.19874028476443,,,,,,,,,,,,,,,,,,,,,,,,,,,,,1,FIRST_UPWARD_CROSSING,charge_timeseries/cycle-002.csv,,,31217.970180584616,38766.2535468327,SOC_UPPER_BOUND_NOT_REACHED,SOC_UPPER_BOUND_NOT_REACHED;NON_MONOTONIC_SOC,False,False,3,charge-efficiency-v1
2,virtual,40-60,40.0,60.0,40.0,60.0,100.0,NEGATIVE_PARTICLE_LITHIUM_DELTA_OVER_FROZEN_Q_REF_V1,4.868461109435048,0,20.0,W10_80_PERCENT_DISCHARGE_WINDOW,14.55,3.0000000000000004,2.988624058596707,4.85,100.0,4.868461109435048,0,,,,0.9582188970592174,0.07931081339005622,0.11564060489073384,0.9736922218870094,,,,,-0.015559038216161086,0.015559038216161086,,,2.3888070151107863e-05,,,7.913983178165374e-05,101.61480063431016,99.9910549261101,-1.7314513563682077e-05,-0.0018069476209267505,0.0018069476209267505,SOC_UPPER_BOUND_NOT_REACHED,31530.64069481317,31824.417612653724,293.7769178405547,0.0,0.9582188970592174,100.0,,,,,,,,,,,,,,,,,,,,,,,,,,,,,1,FIRST_UPWARD_CROSSING,charge_timeseries/cycle-002.csv,,,31217.970180584616,38766.2535468327,SOC_UPPER_BOUND_NOT_REACHED,SOC_UPPER_BOUND_NOT_REACHED;NON_MONOTONIC_SOC,False,False,3,charge-efficiency-v1
2,virtual,60-80,60.0,80.0,60.0,80.0,100.0,NEGATIVE_PARTICLE_LITHIUM_DELTA_OVER_FROZEN_Q_REF_V1,4.868461109435048,0,20.0,W10_80_PERCENT_DISCHARGE_WINDOW,14.55,3.0000000000000004,2.988624058596707,4.85,100.0,4.868461109435048,0,,,,0.9159841610398953,0.11564060489073384,0.15197039639141147,0.9736922218870094,,,,,-0.057819403625206996,0.057819403625206996,,,4.807281726674714e-05,,,0.00029848058018583194,106.30011558077592,99.98784446469396,-0.00023521061935960486,-0.0256784592314976,0.0256784592314976,SOC_UPPER_BOUND_NOT_REACHED,31824.417612653724,34761.150943114604,2936.733330460879,0.22429387067554848,0.6916902903643468,75.51334616737117,,,,,,,,,,,,,,,,,,,,,,,,,,,,,1,FIRST_UPWARD_CROSSING,charge_timeseries/cycle-002.csv,,,31217.970180584616,38766.2535468327,SOC_UPPER_BOUND_NOT_REACHED,SOC_UPPER_BOUND_NOT_REACHED;NON_MONOTONIC_SOC,False,False,3,charge-efficiency-v1
2,virtual,80-100,80.0,100.0,80.0,,0.0,NEGATIVE_PARTICLE_LITHIUM_DELTA_OVER_FROZEN_Q_REF_V1,4.868461109435048,0,20.0,W10_80_PERCENT_DISCHARGE_WINDOW,14.55,3.0000000000000004,2.988624058596707,4.85,100.0,4.868461109435048,0,,,,,,,,,,,,,,,,,,,,,,,,,,,,,,,,,,,,,,,,,,,,,,,,,,,,,,,,,,,,0,FIRST_UPWARD_CROSSING,charge_timeseries/cycle-002.csv,,,31217.970180584616,38766.2535468327,SOC_UPPER_BOUND_NOT_REACHED,SOC_UPPER_BOUND_NOT_REACHED;NON_MONOTONIC_SOC,False,False,3,charge-efficiency-v1
3,virtual,20-40,20.0,40.0,20.0,40.0,100.0,NEGATIVE_PARTICLE_LITHIUM_DELTA_OVER_FROZEN_Q_REF_V1,4.868461109435048,0,20.0,W10_80_PERCENT_DISCHARGE_WINDOW,14.55,3.0000000000000004,2.988624058596707,4.85,100.0,4.868461109435048,0,,,,1.2548584873052107,0.042958747880981765,0.07928853938165939,0.9736922218870094,,,,,0.28110344157040046,0.0,,,6.826146937171295e-05,,,3.896210930555595e-05,77.59378700764886,99.99499355119035,-4.4399730876554244e-05,-0.0035382261287407782,0.0035382261287407782,SOC_UPPER_BOUND_NOT_REACHED,62362.36114255387,62746.95428246418,384.5931399103169,0.11263295372304545,1.1422255335821652,91.02425055394708,,,,,,,,,,,,,,,,,,,,,,,,,,,,,1,FIRST_UPWARD_CROSSING,charge_timeseries/cycle-003.csv,,,62362.36114255387,69971.51540008924,SOC_UPPER_BOUND_NOT_REACHED,SOC_UPPER_BOUND_NOT_REACHED;NON_MONOTONIC_SOC,False,False,3,charge-efficiency-v1
3,virtual,40-60,40.0,60.0,40.0,60.0,100.0,NEGATIVE_PARTICLE_LITHIUM_DELTA_OVER_FROZEN_Q_REF_V1,4.868461109435048,0,20.0,W10_80_PERCENT_DISCHARGE_WINDOW,14.55,3.0000000000000004,2.988624058596707,4.85,100.0,4.868461109435048,0,,,,0.8691987556546794,0.07928853938165939,0.11561833088233701,0.9736922218870094,,,,,-0.10458847794220619,0.10458847794220619,,,6.630037274894937e-05,,,6.102443777211003e-05,112.02181498219308,99.98906904672171,-3.231310064488735e-05,-0.003717573274774095,0.003717573274774095,SOC_UPPER_BOUND_NOT_REACHED,62746.95428246418,63071.247377093816,324.2930946296323,0.0,0.8691987556546794,100.00000000000001,,,,,,,,,,,,,,,,,,,,,,,,,,,,,1,FIRST_UPWARD_CROSSING,charge_timeseries/cycle-003.csv,,,62362.36114255387,69971.51540008924,SOC_UPPER_BOUND_NOT_REACHED,SOC_UPPER_BOUND_NOT_REACHED;NON_MONOTONIC_SOC,False,False,3,charge-efficiency-v1
3,virtual,60-80,60.0,80.0,60.0,80.0,100.0,NEGATIVE_PARTICLE_LITHIUM_DELTA_OVER_FROZEN_Q_REF_V1,4.868461109435048,0,20.0,W10_80_PERCENT_DISCHARGE_WINDOW,14.55,3.0000000000000004,2.988624058596707,4.85,100.0,4.868461109435048,0,,,,0.8139131281092097,0.11561833088233701,0.15194812238301464,0.9736922218870094,,,,,-0.15990801266504806,0.15990801266504806,,,7.322487642968901e-05,,,0.00021160147318899977,119.6309763609515,99.98416060844875,-0.0001559074623703749,-0.019155295201167398,0.019155295201167398,SOC_UPPER_BOUND_NOT_REACHED,63071.247377093816,65963.95696223648,2892.709585142666,0.22457009468699418,0.5893430334222155,72.4085916627626,,,,,,,,,,,,,,,,,,,,,,,,,,,,,1,FIRST_UPWARD_CROSSING,charge_timeseries/cycle-003.csv,,,62362.36114255387,69971.51540008924,SOC_UPPER_BOUND_NOT_REACHED,SOC_UPPER_BOUND_NOT_REACHED;NON_MONOTONIC_SOC,False,False,3,charge-efficiency-v1
3,virtual,80-100,80.0,100.0,80.0,,0.0,NEGATIVE_PARTICLE_LITHIUM_DELTA_OVER_FROZEN_Q_REF_V1,4.868461109435048,0,20.0,W10_80_PERCENT_DISCHARGE_WINDOW,14.55,3.0000000000000004,2.988624058596707,4.85,100.0,4.868461109435048,0,,,,,,,,,,,,,,,,,,,,,,,,,,,,,,,,,,,,,,,,,,,,,,,,,,,,,,,,,,,,0,FIRST_UPWARD_CROSSING,charge_timeseries/cycle-003.csv,,,62362.36114255387,69971.51540008924,SOC_UPPER_BOUND_NOT_REACHED,SOC_UPPER_BOUND_NOT_REACHED;NON_MONOTONIC_SOC,False,False,3,charge-efficiency-v1
4,virtual,20-40,20.0,40.0,20.0,40.0,100.0,NEGATIVE_PARTICLE_LITHIUM_DELTA_OVER_FROZEN_Q_REF_V1,4.868461109435048,0,20.0,W10_80_PERCENT_DISCHARGE_WINDOW,14.55,3.0000000000000004,2.988624058596707,4.85,100.0,4.868461109435048,0,,,,1.2583237600712933,0.04293453642638963,0.07926432792706725,0.9736922218870094,,,,,0.28459249395423786,0.0,,,6.622236030686323e-05,,,3.327264470225685e-05,77.3801030214865,99.99689712367478,-6.045077496330542e-05,-0.004804071645271996,0.004804071645271996,SOC_UPPER_BOUND_NOT_REACHED,93567.6237135646,93956.38300313413,388.75928956954317,0.11090675484208538,1.1474170052292079,91.18615110344878,,,,,,,,,,,,,,,,,,,,,,,,,,,,,1,FIRST_UPWARD_CROSSING,charge_timeseries/cycle-004.csv,,,93567.6237135646,101182.37247046645,SOC_UPPER_BOUND_NOT_REACHED,SOC_UPPER_BOUND_NOT_REACHED;NON_MONOTONIC_SOC,False,False,3,charge-efficiency-v1
4,virtual,40-60,40.0,60.0,40.0,60.0,100.0,NEGATIVE_PARTICLE_LITHIUM_DELTA_OVER_FROZEN_Q_REF_V1,4.868461109435048,0,20.0,W10_80_PERCENT_DISCHARGE_WINDOW,14.55,3.0000000000000004,2.988624058596707,4.85,100.0,4.868461109435048,0,,,,0.8671134154964483,0.07926432792706725,0.11559411942774488,0.9736922218870094,,,,,-0.10671300070738912,0.10671300070738912,,,6.356042378885107e-05,,,5.174831522351039e-05,112.29121871324544,99.98452401791626,1.8885577815597188e-05,0.002177982427452657,0.002177982427452657,SOC_UPPER_BOUND_NOT_REACHED,93956.38300313413,94282.60835742818,326.22535429404206,0.0,0.8671134154964483,100.0,,,,,,,,,,,,,,,,,,,,,,,,,,,,,1,FIRST_UPWARD_CROSSING,charge_timeseries/cycle-004.csv,,,93567.6237135646,101182.37247046645,SOC_UPPER_BOUND_NOT_REACHED,SOC_UPPER_BOUND_NOT_REACHED;NON_MONOTONIC_SOC,False,False,3,charge-efficiency-v1
4,virtual,60-80,60.0,80.0,60.0,80.0,100.0,NEGATIVE_PARTICLE_LITHIUM_DELTA_OVER_FROZEN_Q_REF_V1,4.868461109435048,0,20.0,W10_80_PERCENT_DISCHARGE_WINDOW,14.55,3.0000000000000004,2.988624058596707,4.85,100.0,4.868461109435048,0,,,,0.8124804676168588,0.11559411942774488,0.15192391092842253,0.9736922218870102,,,,,-0.16133538588891277,0.16133538588891277,,,6.93630791571895e-05,,,0.0001794370690204822,119.84192367639464,99.9847834349638,-0.00012516852941635292,-0.015405727818109052,0.015405727818109052,SOC_UPPER_BOUND_NOT_REACHED,94282.60835742818,97172.7457133031,2890.1373558749156,0.22465151975353018,0.5878289478633286,72.34991748017393,,,,,,,,,,,,,,,,,,,,,,,,,,,,,1,FIRST_UPWARD_CROSSING,charge_timeseries/cycle-004.csv,,,93567.6237135646,101182.37247046645,SOC_UPPER_BOUND_NOT_REACHED,SOC_UPPER_BOUND_NOT_REACHED;NON_MONOTONIC_SOC,False,False,3,charge-efficiency-v1
4,virtual,80-100,80.0,100.0,80.0,,0.0,NEGATIVE_PARTICLE_LITHIUM_DELTA_OVER_FROZEN_Q_REF_V1,4.868461109435048,0,20.0,W10_80_PERCENT_DISCHARGE_WINDOW,14.55,3.0000000000000004,2.988624058596707,4.85,100.0,4.868461109435048,0,,,,,,,,,,,,,,,,,,,,,,,,,,,,,,,,,,,,,,,,,,,,,,,,,,,,,,,,,,,,0,FIRST_UPWARD_CROSSING,charge_timeseries/cycle-004.csv,,,93567.6237135646,101182.37247046645,SOC_UPPER_BOUND_NOT_REACHED,SOC_UPPER_BOUND_NOT_REACHED;NON_MONOTONIC_SOC,False,False,3,charge-efficiency-v1
5,virtual,20-40,20.0,40.0,20.0,40.0,100.0,NEGATIVE_PARTICLE_LITHIUM_DELTA_OVER_FROZEN_Q_REF_V1,4.868461109435048,0,20.0,W10_80_PERCENT_DISCHARGE_WINDOW,14.55,3.0000000000000004,2.988624058596707,4.85,100.0,4.868461109435048,0,,,,1.2635261780286482,0.04291169091891565,0.07924148241959328,0.9736922218870097,,,,,0.2897834536712082,0.0,,,6.506673466953323e-05,,,2.98951827719246e-05,77.0614996996867,99.99600305309788,-4.4459447011258035e-05,-0.003518680323713087,0.003518680323713087,SOC_UPPER_BOUND_NOT_REACHED,124778.48128913164,125172.12777590471,393.64648677307446,0.10945987847793075,1.1540662995507174,91.3369520646806,,,,,,,,,,,,,,,,,,,,,,,,,,,,,1,FIRST_UPWARD_CROSSING,charge_timeseries/cycle-005.csv,,,124778.48128913164,132398.54602340856,SOC_UPPER_BOUND_NOT_REACHED,SOC_UPPER_BOUND_NOT_REACHED;NON_MONOTONIC_SOC,False,False,3,charge-efficiency-v1
5,virtual,40-60,40.0,60.0,40.0,60.0,100.0,NEGATIVE_PARTICLE_LITHIUM_DELTA_OVER_FROZEN_Q_REF_V1,4.868461109435048,0,20.0,W10_80_PERCENT_DISCHARGE_WINDOW,14.55,3.0000000000000004,2.988624058596707,4.85,100.0,4.868461109435048,0,,,,0.8640510419832031,0.07924148241959328,0.1155712739202709,0.9736922218870094,,,,,-0.10974628450838367,0.10974628450838367,,,6.164477332610413e-05,,,4.601511203744871e-05,112.68920174578503,99.98783583382573,-2.5552807862982974e-06,-0.00029573262019721877,0.00029573262019721877,SOC_UPPER_BOUND_NOT_REACHED,125172.12777590471,125500.41798786166,328.29021195693485,0.0,0.8640510419832031,100.0,,,,,,,,,,,,,,,,,,,,,,,,,,,,,1,FIRST_UPWARD_CROSSING,charge_timeseries/cycle-005.csv,,,124778.48128913164,132398.54602340856,SOC_UPPER_BOUND_NOT_REACHED,SOC_UPPER_BOUND_NOT_REACHED;NON_MONOTONIC_SOC,False,False,3,charge-efficiency-v1
5,virtual,60-80,60.0,80.0,60.0,80.0,100.0,NEGATIVE_PARTICLE_LITHIUM_DELTA_OVER_FROZEN_Q_REF_V1,4.868461109435048,0,20.0,W10_80_PERCENT_DISCHARGE_WINDOW,14.55,3.0000000000000004,2.988624058596707,4.85,100.0,4.868461109435048,0,,,,0.8102575476656901,0.1155712739202709,0.1519010654209485,0.9736922218870088,,,,,-0.16354677726392247,0.16354677726392247,,,6.629544341899365e-05,,,0.0001590342863896834,120.1707067946686,99.98616451732823,-0.00011322668720470386,-0.013974160133516073,0.013974160133516073,SOC_UPPER_BOUND_NOT_REACHED,125500.41798786166,128387.31173594683,2886.8937480851764,0.22473127565079845,0.5855262720148917,72.26421693963388,,,,,,,,,,,,,,,,,,,,,,,,,,,,,1,FIRST_UPWARD_CROSSING,charge_timeseries/cycle-005.csv,,,124778.48128913164,132398.54602340856,SOC_UPPER_BOUND_NOT_REACHED,SOC_UPPER_BOUND_NOT_REACHED;NON_MONOTONIC_SOC,False,False,3,charge-efficiency-v1
5,virtual,80-100,80.0,100.0,80.0,,0.0,NEGATIVE_PARTICLE_LITHIUM_DELTA_OVER_FROZEN_Q_REF_V1,4.868461109435048,0,20.0,W10_80_PERCENT_DISCHARGE_WINDOW,14.55,3.0000000000000004,2.988624058596707,4.85,100.0,4.868461109435048,0,,,,,,,,,,,,,,,,,,,,,,,,,,,,,,,,,,,,,,,,,,,,,,,,,,,,,,,,,,,,0,FIRST_UPWARD_CROSSING,charge_timeseries/cycle-005.csv,,,124778.48128913164,132398.54602340856,SOC_UPPER_BOUND_NOT_REACHED,SOC_UPPER_BOUND_NOT_REACHED;NON_MONOTONIC_SOC,False,False,3,charge-efficiency-v1
6,virtual,20-40,20.0,40.0,20.0,40.0,100.0,NEGATIVE_PARTICLE_LITHIUM_DELTA_OVER_FROZEN_Q_REF_V1,4.868461109435048,0,20.0,W10_80_PERCENT_DISCHARGE_WINDOW,14.55,3.0000000000000004,2.988624058596707,4.85,100.0,4.868461109435048,0,,,,1.2681552717144446,0.042889889527528355,0.07921968102820598,0.9736922218870094,,,,,0.2944046056503636,0.0,,,6.399808953685775e-05,,,2.754239284406823e-05,76.78020535850119,99.99539140211176,-3.3096305309232577e-05,-0.0026097991348085488,0.0026097991348085488,SOC_UPPER_BOUND_NOT_REACHED,155994.65510162042,156392.79461410872,398.13951248830654,0.10819292028214196,1.1599623514323028,91.46848002801158,,,,,,,,,,,,,,,,,,,,,,,,,,,,,1,FIRST_UPWARD_CROSSING,charge_timeseries/cycle-006.csv,,,155994.65510162042,163619.44347703058,SOC_UPPER_BOUND_NOT_REACHED,SOC_UPPER_BOUND_NOT_REACHED;NON_MONOTONIC_SOC,False,False,3,charge-efficiency-v1
6,virtual,40-60,40.0,60.0,40.0,60.0,100.0,NEGATIVE_PARTICLE_LITHIUM_DELTA_OVER_FROZEN_Q_REF_V1,4.868461109435048,0,20.0,W10_80_PERCENT_DISCHARGE_WINDOW,14.55,3.0000000000000004,2.988624058596707,4.85,100.0,4.868461109435048,0,,,,0.8612996648551109,0.07921968102820598,0.1155494725288836,0.9736922218870094,,,,,-0.11249793276038078,0.11249793276038078,,,5.993536714146426e-05,,,4.1981320286436224e-05,113.04918155875579,99.9877654975635,3.4590410543655636e-06,0.0004016071520180434,0.0004016071520180434,SOC_UPPER_BOUND_NOT_REACHED,156392.79461410872,156723.02179545027,330.2271813415389,0.0,0.8612996648551109,100.0,,,,,,,,,,,,,,,,,,,,,,,,,,,,,1,FIRST_UPWARD_CROSSING,charge_timeseries/cycle-006.csv,,,155994.65510162042,163619.44347703058,SOC_UPPER_BOUND_NOT_REACHED,SOC_UPPER_BOUND_NOT_REACHED;NON_MONOTONIC_SOC,False,False,3,charge-efficiency-v1
6,virtual,60-80,60.0,80.0,60.0,80.0,100.0,NEGATIVE_PARTICLE_LITHIUM_DELTA_OVER_FROZEN_Q_REF_V1,4.868461109435048,0,20.0,W10_80_PERCENT_DISCHARGE_WINDOW,14.55,3.0000000000000004,2.988624058596707,4.85,100.0,4.868461109435048,0,,,,0.8083333277488419,0.1155494725288836,0.15187926402956123,0.9736922218870094,,,,,-0.16546406441014327,0.16546406441014327,,,6.361329044943199e-05,,,0.0001445314700194572,120.45677055017411,99.98698924461415,-0.00010297448849316826,-0.012739112066546335,0.012739112066546335,SOC_UPPER_BOUND_NOT_REACHED,156723.02179545027,159606.98290936812,2883.961113917848,0.22480301873880607,0.5835303090100359,72.1893170772918,,,,,,,,,,,,,,,,,,,,,,,,,,,,,1,FIRST_UPWARD_CROSSING,charge_timeseries/cycle-006.csv,,,155994.65510162042,163619.44347703058,SOC_UPPER_BOUND_NOT_REACHED,SOC_UPPER_BOUND_NOT_REACHED;NON_MONOTONIC_SOC,False,False,3,charge-efficiency-v1
6,virtual,80-100,80.0,100.0,80.0,,0.0,NEGATIVE_PARTICLE_LITHIUM_DELTA_OVER_FROZEN_Q_REF_V1,4.868461109435048,0,20.0,W10_80_PERCENT_DISCHARGE_WINDOW,14.55,3.0000000000000004,2.988624058596707,4.85,100.0,4.868461109435048,0,,,,,,,,,,,,,,,,,,,,,,,,,,,,,,,,,,,,,,,,,,,,,,,,,,,,,,,,,,,,0,FIRST_UPWARD_CROSSING,charge_timeseries/cycle-006.csv,,,155994.65510162042,163619.44347703058,SOC_UPPER_BOUND_NOT_REACHED,SOC_UPPER_BOUND_NOT_REACHED;NON_MONOTONIC_SOC,False,False,3,charge-efficiency-v1
7,virtual,20-40,20.0,40.0,20.0,40.0,100.0,NEGATIVE_PARTICLE_LITHIUM_DELTA_OVER_FROZEN_Q_REF_V1,4.868461109435048,0,20.0,W10_80_PERCENT_DISCHARGE_WINDOW,14.55,3.0000000000000004,2.988624058596707,4.85,100.0,4.868461109435048,0,,,,1.2722783624035396,0.0428689287024538,0.07919872020313141,0.9736922218870092,,,,,0.2985316440832565,0.0,,,6.306411386543492e-05,,,2.5775371248619103e-05,76.53138264864829,99.99571662657446,-3.434305184013553e-05,-0.0026993347411218994,0.0026993347411218994,SOC_UPPER_BOUND_NOT_REACHED,187215.5530253123,187617.91700847805,402.36398316573985,0.10705490124160856,1.165223461161931,91.5855755780233,,,,,,,,,,,,,,,,,,,,,,,,,,,,,1,FIRST_UPWARD_CROSSING,charge_timeseries/cycle-007.csv,,,187215.5530253123,194844.89211933175,SOC_UPPER_BOUND_NOT_REACHED,SOC_UPPER_BOUND_NOT_REACHED;NON_MONOTONIC_SOC,False,False,3,charge-efficiency-v1
7,virtual,40-60,40.0,60.0,40.0,60.0,100.0,NEGATIVE_PARTICLE_LITHIUM_DELTA_OVER_FROZEN_Q_REF_V1,4.868461109435048,0,20.0,W10_80_PERCENT_DISCHARGE_WINDOW,14.55,3.0000000000000004,2.988624058596707,4.85,100.0,4.868461109435048,0,,,,0.8588099683584298,0.07919872020313141,0.11552851170380905,0.9736922218870099,,,,,-0.1149937226685202,0.1149937226685202,,,5.8390279377161774e-05,,,3.892832777545839e-05,113.37691197834737,99.98702051163272,1.4150532787637893e-05,0.0016476907941212994,0.0016476907941212994,SOC_UPPER_BOUND_NOT_REACHED,187617.91700847805,187949.95013542508,332.03312694702237,0.0,0.8588099683584298,100.0,,,,,,,,,,,,,,,,,,,,,,,,,,,,,1,FIRST_UPWARD_CROSSING,charge_timeseries/cycle-007.csv,,,187215.5530253123,194844.89211933175,SOC_UPPER_BOUND_NOT_REACHED,SOC_UPPER_BOUND_NOT_REACHED;NON_MONOTONIC_SOC,False,False,3,charge-efficiency-v1
7,virtual,60-80,60.0,80.0,60.0,80.0,100.0,NEGATIVE_PARTICLE_LITHIUM_DELTA_OVER_FROZEN_Q_REF_V1,4.868461109435048,0,20.0,W10_80_PERCENT_DISCHARGE_WINDOW,14.55,3.0000000000000004,2.988624058596707,4.85,100.0,4.868461109435048,0,,,,0.8067015934655853,0.11552851170380905,0.15185830320448668,0.9736922218870094,,,,,-0.16713885482272164,0.16713885482272164,,,6.123836045696628e-05,,,0.0001334900314251871,120.7004212925914,99.98162562185347,-4.6501990584646435e-05,-0.005764459988838519,0.005764459988838519,SOC_UPPER_BOUND_NOT_REACHED,187949.95013542508,190831.3731696985,2881.4230342734127,0.22486412200034592,0.5818374714652395,72.12548929842434,,,,,,,,,,,,,,,,,,,,,,,,,,,,,1,FIRST_UPWARD_CROSSING,charge_timeseries/cycle-007.csv,,,187215.5530253123,194844.89211933175,SOC_UPPER_BOUND_NOT_REACHED,SOC_UPPER_BOUND_NOT_REACHED;NON_MONOTONIC_SOC,False,False,3,charge-efficiency-v1
7,virtual,80-100,80.0,100.0,80.0,,0.0,NEGATIVE_PARTICLE_LITHIUM_DELTA_OVER_FROZEN_Q_REF_V1,4.868461109435048,0,20.0,W10_80_PERCENT_DISCHARGE_WINDOW,14.55,3.0000000000000004,2.988624058596707,4.85,100.0,4.868461109435048,0,,,,,,,,,,,,,,,,,,,,,,,,,,,,,,,,,,,,,,,,,,,,,,,,,,,,,,,,,,,,0,FIRST_UPWARD_CROSSING,charge_timeseries/cycle-007.csv,,,187215.5530253123,194844.89211933175,SOC_UPPER_BOUND_NOT_REACHED,SOC_UPPER_BOUND_NOT_REACHED;NON_MONOTONIC_SOC,False,False,3,charge-efficiency-v1
8,virtual,20-40,20.0,40.0,20.0,40.0,100.0,NEGATIVE_PARTICLE_LITHIUM_DELTA_OVER_FROZEN_Q_REF_V1,4.868461109435048,0,20.0,W10_80_PERCENT_DISCHARGE_WINDOW,14.55,3.0000000000000004,2.988624058596707,4.85,100.0,4.868461109435048,0,,,,1.2745192249897768,0.042848756482055765,0.0791785479827334,0.9736922218870097,,,,,0.30078289750003145,0.0,,,6.165958346252432e-05,,,2.431000049144677e-05,76.39682499844754,99.99653943213481,-4.186398121852619e-05,-0.0032846880923951536,0.0032846880923951536,SOC_UPPER_BOUND_NOT_REACHED,218441.00169481372,218846.36779002502,405.3660952113087,0.10601449849378576,1.168504726495991,91.68200083489236,,,,,,,,,,,,,,,,,,,,,,,,,,,,,1,FIRST_UPWARD_CROSSING,charge_timeseries/cycle-008.csv,,,218441.00169481372,226073.74030763237,SOC_UPPER_BOUND_NOT_REACHED,SOC_UPPER_BOUND_NOT_REACHED;NON_MONOTONIC_SOC,False,False,3,charge-efficiency-v1
8,virtual,40-60,40.0,60.0,40.0,60.0,100.0,NEGATIVE_PARTICLE_LITHIUM_DELTA_OVER_FROZEN_Q_REF_V1,4.868461109435048,0,20.0,W10_80_PERCENT_DISCHARGE_WINDOW,14.55,3.0000000000000004,2.988624058596707,4.85,100.0,4.868461109435048,0,,,,0.8573364732067186,0.0791785479827334,0.11550833948341103,0.9736922218870099,,,,,-0.11646870078121552,0.11646870078121552,,,5.670426714513531e-05,,,3.6494891722301664e-05,113.57177168085276,99.98682523088027,1.9752942056805445e-05,0.0023039894690264355,0.0023039894690264355,SOC_UPPER_BOUND_NOT_REACHED,218846.36779002502,219179.87275652555,333.5049665005388,0.0,0.8573364732067186,100.00000000000001,,,,,,,,,,,,,,,,,,,,,,,,,,,,,1,FIRST_UPWARD_CROSSING,charge_timeseries/cycle-008.csv,,,218441.00169481372,226073.74030763237,SOC_UPPER_BOUND_NOT_REACHED,SOC_UPPER_BOUND_NOT_REACHED;NON_MONOTONIC_SOC,False,False,3,charge-efficiency-v1
8,virtual,60-80,60.0,80.0,60.0,80.0,100.0,NEGATIVE_PARTICLE_LITHIUM_DELTA_OVER_FROZEN_Q_REF_V1,4.868461109435048,0,20.0,W10_80_PERCENT_DISCHARGE_WINDOW,14.55,3.0000000000000004,2.988624058596707,4.85,100.0,4.868461109435048,0,,,,0.8058345923580242,0.11550833948341103,0.15183813098408866,0.9736922218870094,,,,,-0.1679557760754885,0.1679557760754885,,,5.8977592656981204e-05,,,0.00012475235080588142,120.8302834255107,99.98782050963882,-8.5583396959521e-05,-0.010620467000440849,0.010620467000440849,SOC_UPPER_BOUND_NOT_REACHED,219179.87275652555,222059.3551113715,2879.4823548459235,0.22491400381207396,0.5809205885459503,72.08930890470549,,,,,,,,,,,,,,,,,,,,,,,,,,,,,1,FIRST_UPWARD_CROSSING,charge_timeseries/cycle-008.csv,,,218441.00169481372,226073.74030763237,SOC_UPPER_BOUND_NOT_REACHED,SOC_UPPER_BOUND_NOT_REACHED;NON_MONOTONIC_SOC,False,False,3,charge-efficiency-v1
8,virtual,80-100,80.0,100.0,80.0,,0.0,NEGATIVE_PARTICLE_LITHIUM_DELTA_OVER_FROZEN_Q_REF_V1,4.868461109435048,0,20.0,W10_80_PERCENT_DISCHARGE_WINDOW,14.55,3.0000000000000004,2.988624058596707,4.85,100.0,4.868461109435048,0,,,,,,,,,,,,,,,,,,,,,,,,,,,,,,,,,,,,,,,,,,,,,,,,,,,,,,,,,,,,0,FIRST_UPWARD_CROSSING,charge_timeseries/cycle-008.csv,,,218441.00169481372,226073.74030763237,SOC_UPPER_BOUND_NOT_REACHED,SOC_UPPER_BOUND_NOT_REACHED;NON_MONOTONIC_SOC,False,False,3,charge-efficiency-v1
9,virtual,20-40,20.0,40.0,20.0,40.0,100.0,NEGATIVE_PARTICLE_LITHIUM_DELTA_OVER_FROZEN_Q_REF_V1,4.868461109435048,0,20.0,W10_80_PERCENT_DISCHARGE_WINDOW,14.55,3.0000000000000004,2.988624058596707,4.85,100.0,4.868461109435048,0,,,,1.2774231828415332,0.042829278519952094,0.07915907002062972,0.9736922218870094,,,,,0.3036866417851174,0.0,,,6.064271551495075e-05,,,2.3147139142993406e-05,76.22315259075722,99.99653058046842,-3.947068525156361e-05,-0.0030898676164435967,0.0030898676164435967,SOC_UPPER_BOUND_NOT_REACHED,249669.85015477493,250078.5840477362,408.73389296125026,0.10505239139761491,1.1723707914439183,91.77622632744666,,,,,,,,,,,,,,,,,,,,,,,,,,,,,1,FIRST_UPWARD_CROSSING,charge_timeseries/cycle-009.csv,,,249669.85015477493,257306.55082309604,SOC_UPPER_BOUND_NOT_REACHED,SOC_UPPER_BOUND_NOT_REACHED;NON_MONOTONIC_SOC,False,False,3,charge-efficiency-v1
9,virtual,40-60,40.0,60.0,40.0,60.0,100.0,NEGATIVE_PARTICLE_LITHIUM_DELTA_OVER_FROZEN_Q_REF_V1,4.868461109435048,0,20.0,W10_80_PERCENT_DISCHARGE_WINDOW,14.55,3.0000000000000004,2.988624058596707,4.85,100.0,4.868461109435048,0,,,,0.8554772010904874,0.07915907002062972,0.11548886152130734,0.9736922218870094,,,,,-0.11829791554271935,0.11829791554271935,,,5.534460057513143e-05,,,3.45015370952096e-05,113.81860564440898,99.99031011626123,-6.9513914729979476e-06,-0.0008125747201838836,0.0008125747201838836,SOC_UPPER_BOUND_NOT_REACHED,250078.5840477362,250413.6331385767,335.0490908405145,0.0,0.8554772010904874,100.0,,,,,,,,,,,,,,,,,,,,,,,,,,,,,1,FIRST_UPWARD_CROSSING,charge_timeseries/cycle-009.csv,,,249669.85015477493,257306.55082309604,SOC_UPPER_BOUND_NOT_REACHED,SOC_UPPER_BOUND_NOT_REACHED;NON_MONOTONIC_SOC,False,False,3,charge-efficiency-v1
9,virtual,60-80,60.0,80.0,60.0,80.0,100.0,NEGATIVE_PARTICLE_LITHIUM_DELTA_OVER_FROZEN_Q_REF_V1,4.868461109435048,0,20.0,W10_80_PERCENT_DISCHARGE_WINDOW,14.55,3.0000000000000004,2.988624058596707,4.85,100.0,4.868461109435048,0,,,,0.8047215147091544,0.11548886152130734,0.15181865302198497,0.9736922218870094,,,,,-0.1690680056609455,0.1690680056609455,,,5.7029106329663064e-05,,,0.00011753033255180144,120.9974138990089,99.98790904911675,-7.726095579096981e-05,-0.009600955657174615,0.009600955657174615,SOC_UPPER_BOUND_NOT_REACHED,250413.6331385767,253291.456112775,2877.8229741983046,0.2249544291436029,0.5797670855655516,72.0456797747098,,,,,,,,,,,,,,,,,,,,,,,,,,,,,1,FIRST_UPWARD_CROSSING,charge_timeseries/cycle-009.csv,,,249669.85015477493,257306.55082309604,SOC_UPPER_BOUND_NOT_REACHED,SOC_UPPER_BOUND_NOT_REACHED;NON_MONOTONIC_SOC,False,False,3,charge-efficiency-v1
9,virtual,80-100,80.0,100.0,80.0,,0.0,NEGATIVE_PARTICLE_LITHIUM_DELTA_OVER_FROZEN_Q_REF_V1,4.868461109435048,0,20.0,W10_80_PERCENT_DISCHARGE_WINDOW,14.55,3.0000000000000004,2.988624058596707,4.85,100.0,4.868461109435048,0,,,,,,,,,,,,,,,,,,,,,,,,,,,,,,,,,,,,,,,,,,,,,,,,,,,,,,,,,,,,0,FIRST_UPWARD_CROSSING,charge_timeseries/cycle-009.csv,,,249669.85015477493,257306.55082309604,SOC_UPPER_BOUND_NOT_REACHED,SOC_UPPER_BOUND_NOT_REACHED;NON_MONOTONIC_SOC,False,False,3,charge-efficiency-v1
10,virtual,20-40,20.0,40.0,20.0,40.0,100.0,NEGATIVE_PARTICLE_LITHIUM_DELTA_OVER_FROZEN_Q_REF_V1,4.868461109435048,0,20.0,W10_80_PERCENT_DISCHARGE_WINDOW,14.55,3.0000000000000004,2.988624058596707,4.85,100.0,4.868461109435048,0,,,,1.2836898841835638,0.04281040606627759,0.07914019756695521,0.9736922218870094,,,,,0.30995061290763987,0.0,,,6.077664746836561e-05,,,2.232046770657241e-05,75.85104735060563,99.99633483215112,-3.6047726260424184e-05,-0.0028081335456928373,0.0028081335456928373,SOC_UPPER_BOUND_NOT_REACHED,280902.66124324955,281316.8556655822,414.19442233264596,0.10415437830854263,1.1795355058750212,91.88632865368527,,,,,,,,,,,,,,,,,,,,,,,,,,,,,1,FIRST_UPWARD_CROSSING,charge_timeseries/cycle-010.csv,,,280902.66124324955,288545.779577528,SOC_UPPER_BOUND_NOT_REACHED,SOC_UPPER_BOUND_NOT_REACHED;NON_MONOTONIC_SOC,False,False,3,charge-efficiency-v1
10,virtual,40-60,40.0,60.0,40.0,60.0,100.0,NEGATIVE_PARTICLE_LITHIUM_DELTA_OVER_FROZEN_Q_REF_V1,4.868461109435048,0,20.0,W10_80_PERCENT_DISCHARGE_WINDOW,14.55,3.0000000000000004,2.988624058596707,4.85,100.0,4.868461109435048,0,,,,0.851758402568643,0.07914019756695521,0.11546998906763284,0.9736922218870094,,,,,-0.12202712742582095,0.12202712742582095,,,5.476015416599816e-05,,,3.2837806965488325e-05,114.31554052776602,99.98904523780769,5.710146323001375e-06,0.0006703950681063221,0.0006703950681063221,SOC_UPPER_BOUND_NOT_REACHED,281316.8556655822,281654.0775582022,337.2218926200049,0.0,0.851758402568643,100.0,,,,,,,,,,,,,,,,,,,,,,,,,,,,,1,FIRST_UPWARD_CROSSING,charge_timeseries/cycle-010.csv,,,280902.66124324955,288545.779577528,SOC_UPPER_BOUND_NOT_REACHED,SOC_UPPER_BOUND_NOT_REACHED;NON_MONOTONIC_SOC,False,False,3,charge-efficiency-v1
10,virtual,60-80,60.0,80.0,60.0,80.0,100.0,NEGATIVE_PARTICLE_LITHIUM_DELTA_OVER_FROZEN_Q_REF_V1,4.868461109435048,0,20.0,W10_80_PERCENT_DISCHARGE_WINDOW,14.55,3.0000000000000004,2.988624058596707,4.85,100.0,4.868461109435048,0,,,,0.8021523929663852,0.11546998906763284,0.15179978056831048,0.9736922218870099,,,,,-0.171637004257601,0.171637004257601,,,5.5571799529387494e-05,,,0.00011129671863624457,121.38494261498927,99.98788567635921,-6.969318118943413e-05,-0.008688271929440553,0.008688271929440553,SOC_UPPER_BOUND_NOT_REACHED,281654.0775582022,284530.1058783415,2876.0283201392726,0.2249907054968159,0.5771616874695693,71.95162571730378,,,,,,,,,,,,,,,,,,,,,,,,,,,,,1,FIRST_UPWARD_CROSSING,charge_timeseries/cycle-010.csv,,,280902.66124324955,288545.779577528,SOC_UPPER_BOUND_NOT_REACHED,SOC_UPPER_BOUND_NOT_REACHED;NON_MONOTONIC_SOC,False,False,3,charge-efficiency-v1
10,virtual,80-100,80.0,100.0,80.0,,0.0,NEGATIVE_PARTICLE_LITHIUM_DELTA_OVER_FROZEN_Q_REF_V1,4.868461109435048,0,20.0,W10_80_PERCENT_DISCHARGE_WINDOW,14.55,3.0000000000000004,2.988624058596707,4.85,100.0,4.868461109435048,0,,,,,,,,,,,,,,,,,,,,,,,,,,,,,,,,,,,,,,,,,,,,,,,,,,,,,,,,,,,,0,FIRST_UPWARD_CROSSING,charge_timeseries/cycle-010.csv,,,280902.66124324955,288545.779577528,SOC_UPPER_BOUND_NOT_REACHED,SOC_UPPER_BOUND_NOT_REACHED;NON_MONOTONIC_SOC,False,False,3,charge-efficiency-v1
11,virtual,20-40,20.0,40.0,20.0,40.0,100.0,NEGATIVE_PARTICLE_LITHIUM_DELTA_OVER_FROZEN_Q_REF_V1,4.868461109435048,0,20.0,W10_80_PERCENT_DISCHARGE_WINDOW,14.55,3.0000000000000004,2.988624058596707,4.85,100.0,4.868461109435048,0,,,,1.2850311700028185,0.04279201204586188,0.07912180354653951,0.9736922218870097,,,,,0.31128269718563945,0.0,,,5.966277013519849e-05,,,2.1439494695822334e-05,75.77187578141579,99.9956226018884,-2.4851334661679658e-05,-0.0019339090943315523,0.0019339090943315523,SOC_UPPER_BOUND_NOT_REACHED,312141.8903542409,312558.58372794953,416.69337370865753,0.10330997241711301,1.1817211975857056,91.96050844300638,,,,,,,,,,,,,,,,,,,,,,,,,,,,,1,FIRST_UPWARD_CROSSING,charge_timeseries/cycle-011.csv,,,312141.8903542409,319788.2914573517,SOC_UPPER_BOUND_NOT_REACHED,SOC_UPPER_BOUND_NOT_REACHED;NON_MONOTONIC_SOC,False,False,3,charge-efficiency-v1
11,virtual,40-60,40.0,60.0,40.0,60.0,100.0,NEGATIVE_PARTICLE_LITHIUM_DELTA_OVER_FROZEN_Q_REF_V1,4.868461109435048,0,20.0,W10_80_PERCENT_DISCHARGE_WINDOW,14.55,3.0000000000000004,2.988624058596707,4.85,100.0,4.868461109435048,0,,,,0.8507970883465952,0.07912180354653951,0.11545159504721714,0.9736922218870094,,,,,-0.12299368065199409,0.12299368065199409,,,5.339371279940641e-05,,,3.13970710386479e-05,114.44470546781534,99.98841708405803,1.3756327741809571e-05,0.0016168752726391043,0.0016168752726391043,SOC_UPPER_BOUND_NOT_REACHED,312558.58372794953,312897.00140375615,338.4176758065979,0.0,0.8507970883465952,100.0,,,,,,,,,,,,,,,,,,,,,,,,,,,,,1,FIRST_UPWARD_CROSSING,charge_timeseries/cycle-011.csv,,,312141.8903542409,319788.2914573517,SOC_UPPER_BOUND_NOT_REACHED,SOC_UPPER_BOUND_NOT_REACHED;NON_MONOTONIC_SOC,False,False,3,charge-efficiency-v1
11,virtual,60-80,60.0,80.0,60.0,80.0,100.0,NEGATIVE_PARTICLE_LITHIUM_DELTA_OVER_FROZEN_Q_REF_V1,4.868461109435048,0,20.0,W10_80_PERCENT_DISCHARGE_WINDOW,14.55,3.0000000000000004,2.988624058596707,4.85,100.0,4.868461109435048,0,,,,0.8017409553605539,0.11545159504721714,0.15178138654789478,0.9736922218870099,,,,,-0.17203670569810878,0.17203670569810878,,,5.38575852837642e-05,,,0.00010612865327541861,121.44723496744994,99.98934329460387,-7.454706690634971e-05,-0.009298148785828818,0.009298148785828818,SOC_UPPER_BOUND_NOT_REACHED,312897.00140375615,315772.13777676044,2875.1363730042704,0.22501189256245463,0.5767290627980992,71.93458921388596,,,,,,,,,,,,,,,,,,,,,,,,,,,,,1,FIRST_UPWARD_CROSSING,charge_timeseries/cycle-011.csv,,,312141.8903542409,319788.2914573517,SOC_UPPER_BOUND_NOT_REACHED,SOC_UPPER_BOUND_NOT_REACHED;NON_MONOTONIC_SOC,False,False,3,charge-efficiency-v1
11,virtual,80-100,80.0,100.0,80.0,,0.0,NEGATIVE_PARTICLE_LITHIUM_DELTA_OVER_FROZEN_Q_REF_V1,4.868461109435048,0,20.0,W10_80_PERCENT_DISCHARGE_WINDOW,14.55,3.0000000000000004,2.988624058596707,4.85,100.0,4.868461109435048,0,,,,,,,,,,,,,,,,,,,,,,,,,,,,,,,,,,,,,,,,,,,,,,,,,,,,,,,,,,,,0,FIRST_UPWARD_CROSSING,charge_timeseries/cycle-011.csv,,,312141.8903542409,319788.2914573517,SOC_UPPER_BOUND_NOT_REACHED,SOC_UPPER_BOUND_NOT_REACHED;NON_MONOTONIC_SOC,False,False,3,charge-efficiency-v1
12,virtual,20-40,20.0,40.0,20.0,40.0,100.0,NEGATIVE_PARTICLE_LITHIUM_DELTA_OVER_FROZEN_Q_REF_V1,4.868461109435048,0,20.0,W10_80_PERCENT_DISCHARGE_WINDOW,14.55,3.0000000000000004,2.988624058596707,4.85,100.0,4.868461109435048,0,,,,1.2881457604814406,0.04277413371957409,0.07910392522025173,0.9736922218870099,,,,,0.31439951288025964,0.0,,,5.912121771195532e-05,,,2.0746392684007145e-05,75.58866797210086,99.99580593160894,-2.584189622489852e-05,-0.0020061313725272976,0.0020061313725272976,SOC_UPPER_BOUND_NOT_REACHED,343384.40269051946,343804.652810854,420.2501203345584,0.10251152660928783,1.1856342338721528,92.04193114209572,,,,,,,,,,,,,,,,,,,,,,,,,,,,,1,FIRST_UPWARD_CROSSING,charge_timeseries/cycle-012.csv,,,343384.40269051946,351035.8368177179,SOC_UPPER_BOUND_NOT_REACHED,SOC_UPPER_BOUND_NOT_REACHED;NON_MONOTONIC_SOC,False,False,3,charge-efficiency-v1
12,virtual,40-60,40.0,60.0,40.0,60.0,100.0,NEGATIVE_PARTICLE_LITHIUM_DELTA_OVER_FROZEN_Q_REF_V1,4.868461109435048,0,20.0,W10_80_PERCENT_DISCHARGE_WINDOW,14.55,3.0000000000000004,2.988624058596707,4.85,100.0,4.868461109435048,0,,,,0.848814766719828,0.07910392522025173,0.11543371672092934,0.9736922218870091,,,,,-0.12497758907344034,0.12497758907344034,,,5.2471873758971974e-05,,,3.0147875540063526e-05,114.71197958180669,99.98820309092332,1.7514156960274363e-05,0.0020633661956608418,0.0020633661956608418,SOC_UPPER_BOUND_NOT_REACHED,343804.652810854,344144.6273822104,339.9745713563835,0.0,0.848814766719828,99.99999999999999,,,,,,,,,,,,,,,,,,,,,,,,,,,,,1,FIRST_UPWARD_CROSSING,charge_timeseries/cycle-012.csv,,,343384.40269051946,351035.8368177179,SOC_UPPER_BOUND_NOT_REACHED,SOC_UPPER_BOUND_NOT_REACHED;NON_MONOTONIC_SOC,False,False,3,charge-efficiency-v1
12,virtual,60-80,60.0,80.0,60.0,80.0,100.0,NEGATIVE_PARTICLE_LITHIUM_DELTA_OVER_FROZEN_Q_REF_V1,4.868461109435048,0,20.0,W10_80_PERCENT_DISCHARGE_WINDOW,14.55,3.0000000000000004,2.988624058596707,4.85,100.0,4.868461109435048,0,,,,0.8005967534639218,0.11543371672092934,0.15176350822160697,0.9736922218870099,,,,,-0.17320118869241016,0.17320118869241016,,,5.2441858944481806e-05,,,0.00010155761617064267,121.62080568952601,99.98679481663339,-4.8279205792978175e-05,-0.006030402394724904,0.006030402394724904,SOC_UPPER_BOUND_NOT_REACHED,344144.6273822104,347019.2612620981,2874.6338798876786,0.22502630047056008,0.5755704529933617,71.89267886773904,,,,,,,,,,,,,,,,,,,,,,,,,,,,,1,FIRST_UPWARD_CROSSING,charge_timeseries/cycle-012.csv,,,343384.40269051946,351035.8368177179,SOC_UPPER_BOUND_NOT_REACHED,SOC_UPPER_BOUND_NOT_REACHED;NON_MONOTONIC_SOC,False,False,3,charge-efficiency-v1
12,virtual,80-100,80.0,100.0,80.0,,0.0,NEGATIVE_PARTICLE_LITHIUM_DELTA_OVER_FROZEN_Q_REF_V1,4.868461109435048,0,20.0,W10_80_PERCENT_DISCHARGE_WINDOW,14.55,3.0000000000000004,2.988624058596707,4.85,100.0,4.868461109435048,0,,,,,,,,,,,,,,,,,,,,,,,,,,,,,,,,,,,,,,,,,,,,,,,,,,,,,,,,,,,,0,FIRST_UPWARD_CROSSING,charge_timeseries/cycle-012.csv,,,343384.40269051946,351035.8368177179,SOC_UPPER_BOUND_NOT_REACHED,SOC_UPPER_BOUND_NOT_REACHED;NON_MONOTONIC_SOC,False,False,3,charge-efficiency-v1
13,virtual,20-40,20.0,40.0,20.0,40.0,100.0,NEGATIVE_PARTICLE_LITHIUM_DELTA_OVER_FROZEN_Q_REF_V1,4.868461109435048,0,20.0,W10_80_PERCENT_DISCHARGE_WINDOW,14.55,3.0000000000000004,2.988624058596707,4.85,100.0,4.868461109435048,0,,,,1.2923303358941582,0.04275671419346161,0.07908650569413923,0.9736922218870094,,,,,0.3185843680559891,0.0,,,5.901654151458475e-05,,,2.018929716305143e-05,75.3439112928751,99.99584115998312,-2.5459887518008983e-05,-0.0019700758243358413,0.0019700758243358413,SOC_UPPER_BOUND_NOT_REACHED,374631.94812609954,375056.5619863428,424.61386024321024,0.1017529562215323,1.190577379672626,92.12639729987227,,,,,,,,,,,,,,,,,,,,,,,,,,,,,1,FIRST_UPWARD_CROSSING,charge_timeseries/cycle-013.csv,,,374631.94812609954,382289.3410609695,SOC_UPPER_BOUND_NOT_REACHED,SOC_UPPER_BOUND_NOT_REACHED;NON_MONOTONIC_SOC,False,False,3,charge-efficiency-v1
13,virtual,40-60,40.0,60.0,40.0,60.0,100.0,NEGATIVE_PARTICLE_LITHIUM_DELTA_OVER_FROZEN_Q_REF_V1,4.868461109435048,0,20.0,W10_80_PERCENT_DISCHARGE_WINDOW,14.55,3.0000000000000004,2.988624058596707,4.85,100.0,4.868461109435048,0,,,,0.8462104014882997,0.07908650569413923,0.11541629719481686,0.9736922218870094,,,,,-0.12757686413724048,0.12757686413724048,,,5.1833222548302096e-05,,,2.905036771850937e-05,115.06502640176686,99.98876830887879,1.4160148263941963e-05,0.0016733602233011255,0.0016733602233011255,SOC_UPPER_BOUND_NOT_REACHED,375056.5619863428,375398.30514010607,341.74315376328997,0.0,0.8462104014882997,100.0,,,,,,,,,,,,,,,,,,,,,,,,,,,,,1,FIRST_UPWARD_CROSSING,charge_timeseries/cycle-013.csv,,,374631.94812609954,382289.3410609695,SOC_UPPER_BOUND_NOT_REACHED,SOC_UPPER_BOUND_NOT_REACHED;NON_MONOTONIC_SOC,False,False,3,charge-efficiency-v1
13,virtual,60-80,60.0,80.0,60.0,80.0,100.0,NEGATIVE_PARTICLE_LITHIUM_DELTA_OVER_FROZEN_Q_REF_V1,4.868461109435048,0,20.0,W10_80_PERCENT_DISCHARGE_WINDOW,14.55,3.0000000000000004,2.988624058596707,4.85,100.0,4.868461109435048,0,,,,0.7989779984916153,0.11541629719481686,0.1517460886954945,0.9736922218870099,,,,,-0.17481650862683298,0.17481650862683298,,,5.1232871938952044e-05,,,9.748079184219646e-05,121.86721333068448,99.98719799148017,-4.642843234281546e-05,-0.005810977577663886,0.005810977577663886,SOC_UPPER_BOUND_NOT_REACHED,375398.30514010607,378272.49937970255,2874.1942395965075,0.22503548447908917,0.5739425140125262,71.83458306687643,,,,,,,,,,,,,,,,,,,,,,,,,,,,,1,FIRST_UPWARD_CROSSING,charge_timeseries/cycle-013.csv,,,374631.94812609954,382289.3410609695,SOC_UPPER_BOUND_NOT_REACHED,SOC_UPPER_BOUND_NOT_REACHED;NON_MONOTONIC_SOC,False,False,3,charge-efficiency-v1
13,virtual,80-100,80.0,100.0,80.0,,0.0,NEGATIVE_PARTICLE_LITHIUM_DELTA_OVER_FROZEN_Q_REF_V1,4.868461109435048,0,20.0,W10_80_PERCENT_DISCHARGE_WINDOW,14.55,3.0000000000000004,2.988624058596707,4.85,100.0,4.868461109435048,0,,,,,,,,,,,,,,,,,,,,,,,,,,,,,,,,,,,,,,,,,,,,,,,,,,,,,,,,,,,,0,FIRST_UPWARD_CROSSING,charge_timeseries/cycle-013.csv,,,374631.94812609954,382289.3410609695,SOC_UPPER_BOUND_NOT_REACHED,SOC_UPPER_BOUND_NOT_REACHED;NON_MONOTONIC_SOC,False,False,3,charge-efficiency-v1
14,virtual,20-40,20.0,40.0,20.0,40.0,100.0,NEGATIVE_PARTICLE_LITHIUM_DELTA_OVER_FROZEN_Q_REF_V1,4.868461109435048,0,20.0,W10_80_PERCENT_DISCHARGE_WINDOW,14.55,3.0000000000000004,2.988624058596707,4.85,100.0,4.868461109435048,0,,,,1.293116706632934,0.04273963926400304,0.07906943076468066,0.9736922218870094,,,,,0.3193846164210498,0.0,,,5.795092104352766e-05,,,1.957092127297111e-05,75.29809311816456,99.99691688115463,-3.7653517441560425e-05,-0.002911842159986013,0.002911842159986013,SOC_UPPER_BOUND_NOT_REACHED,405885.4528527784,406312.0399285921,426.5870758136514,0.10102937889587968,1.1920873277370545,92.18714147163533,,,,,,,,,,,,,,,,,,,,,,,,,,,,,1,FIRST_UPWARD_CROSSING,charge_timeseries/cycle-014.csv,,,405885.4528527784,413546.5606224361,SOC_UPPER_BOUND_NOT_REACHED,SOC_UPPER_BOUND_NOT_REACHED;NON_MONOTONIC_SOC,False,False,3,charge-efficiency-v1
14,virtual,40-60,40.0,60.0,40.0,60.0,100.0,NEGATIVE_PARTICLE_LITHIUM_DELTA_OVER_FROZEN_Q_REF_V1,4.868461109435048,0,20.0,W10_80_PERCENT_DISCHARGE_WINDOW,14.55,3.0000000000000004,2.988624058596707,4.85,100.0,4.868461109435048,0,,,,0.8455433348533873,0.07906943076468066,0.11539922226535829,0.9736922218870094,,,,,-0.12825242502624035,0.12825242502624035,,,5.070399410703197e-05,,,2.806111747633011e-05,115.15580358230162,99.98775485674709,2.4772881034862415e-05,0.0029298180251350336,0.0029298180251350336,SOC_UPPER_BOUND_NOT_REACHED,406312.0399285921,406654.8632793766,342.8233507845075,0.0,0.8455433348533873,100.0,,,,,,,,,,,,,,,,,,,,,,,,,,,,,1,FIRST_UPWARD_CROSSING,charge_timeseries/cycle-014.csv,,,405885.4528527784,413546.5606224361,SOC_UPPER_BOUND_NOT_REACHED,SOC_UPPER_BOUND_NOT_REACHED;NON_MONOTONIC_SOC,False,False,3,charge-efficiency-v1
14,virtual,60-80,60.0,80.0,60.0,80.0,100.0,NEGATIVE_PARTICLE_LITHIUM_DELTA_OVER_FROZEN_Q_REF_V1,4.868461109435048,0,20.0,W10_80_PERCENT_DISCHARGE_WINDOW,14.55,3.0000000000000004,2.988624058596707,4.85,100.0,4.868461109435048,0,,,,0.7988125175715725,0.11539922226535829,0.15172901376603593,0.9736922218870099,,,,,-0.17497076771153083,0.17497076771153083,,,4.987506277990498e-05,,,9.396273839940017e-05,121.89245917766536,99.98860015409244,-5.277440508588693e-05,-0.006606607173147912,0.006606607173147912,SOC_UPPER_BOUND_NOT_REACHED,406654.8632793766,409529.4767238717,2874.613444495144,0.22503185906726267,0.5737806585043098,71.82920220737526,,,,,,,,,,,,,,,,,,,,,,,,,,,,,1,FIRST_UPWARD_CROSSING,charge_timeseries/cycle-014.csv,,,405885.4528527784,413546.5606224361,SOC_UPPER_BOUND_NOT_REACHED,SOC_UPPER_BOUND_NOT_REACHED;NON_MONOTONIC_SOC,False,False,3,charge-efficiency-v1
14,virtual,80-100,80.0,100.0,80.0,,0.0,NEGATIVE_PARTICLE_LITHIUM_DELTA_OVER_FROZEN_Q_REF_V1,4.868461109435048,0,20.0,W10_80_PERCENT_DISCHARGE_WINDOW,14.55,3.0000000000000004,2.988624058596707,4.85,100.0,4.868461109435048,0,,,,,,,,,,,,,,,,,,,,,,,,,,,,,,,,,,,,,,,,,,,,,,,,,,,,,,,,,,,,0,FIRST_UPWARD_CROSSING,charge_timeseries/cycle-014.csv,,,405885.4528527784,413546.5606224361,SOC_UPPER_BOUND_NOT_REACHED,SOC_UPPER_BOUND_NOT_REACHED;NON_MONOTONIC_SOC,False,False,3,charge-efficiency-v1
15,virtual,20-40,20.0,40.0,20.0,40.0,100.0,NEGATIVE_PARTICLE_LITHIUM_DELTA_OVER_FROZEN_Q_REF_V1,4.868461109435048,0,20.0,W10_80_PERCENT_DISCHARGE_WINDOW,14.55,3.0000000000000004,2.988624058596707,4.85,100.0,4.868461109435048,0,,,,1.296756262384682,0.04272299485954929,0.07905278636022692,0.9736922218870094,,,,,0.3230029895385642,0.0,,,5.783189718834786e-05,,,1.9128079928210084e-05,75.0867568664314,99.99529202511842,-1.5909018008297693e-05,-0.0012268317855694529,0.0012268317855694529,SOC_UPPER_BOUND_NOT_REACHED,437142.67277290724,437573.2910341148,430.61826120754506,0.10033679186283548,1.1964194705218465,92.26247871143339,,,,,,,,,,,,,,,,,,,,,,,,,,,,,1,FIRST_UPWARD_CROSSING,charge_timeseries/cycle-015.csv,,,437142.67277290724,444809.9407779817,SOC_UPPER_BOUND_NOT_REACHED,SOC_UPPER_BOUND_NOT_REACHED;NON_MONOTONIC_SOC,False,False,3,charge-efficiency-v1
15,virtual,40-60,40.0,60.0,40.0,60.0,100.0,NEGATIVE_PARTICLE_LITHIUM_DELTA_OVER_FROZEN_Q_REF_V1,4.868461109435048,0,20.0,W10_80_PERCENT_DISCHARGE_WINDOW,14.55,3.0000000000000004,2.988624058596707,4.85,100.0,4.868461109435048,0,,,,0.8432216979171084,0.07905278636022692,0.11538257786090454,0.9736922218870094,,,,,-0.13054086495277048,0.13054086495277048,,,5.012749560234396e-05,,,2.7183261949614845e-05,115.47286132368082,99.99165806773672,-6.969774682397123e-06,-0.0008265649116494006,0.0008265649116494006,SOC_UPPER_BOUND_NOT_REACHED,437573.2910341148,437917.7522361248,344.46120201003464,0.0,0.8432216979171084,100.0,,,,,,,,,,,,,,,,,,,,,,,,,,,,,1,FIRST_UPWARD_CROSSING,charge_timeseries/cycle-015.csv,,,437142.67277290724,444809.9407779817,SOC_UPPER_BOUND_NOT_REACHED,SOC_UPPER_BOUND_NOT_REACHED;NON_MONOTONIC_SOC,False,False,3,charge-efficiency-v1
15,virtual,60-80,60.0,80.0,60.0,80.0,100.0,NEGATIVE_PARTICLE_LITHIUM_DELTA_OVER_FROZEN_Q_REF_V1,4.868461109435048,0,20.0,W10_80_PERCENT_DISCHARGE_WINDOW,14.55,3.0000000000000004,2.988624058596707,4.85,100.0,4.868461109435048,0,,,,0.7974704859289126,0.11538257786090454,0.15171236936158217,0.9736922218870094,,,,,-0.17632810595024648,0.17632810595024648,,,4.8824939490987006e-05,,,9.071116832696374e-05,122.09758719193597,99.98666157631831,-3.316611566828165e-05,-0.004158914499468776,0.004158914499468776,SOC_UPPER_BOUND_NOT_REACHED,437917.7522361248,440792.7343114505,2874.9820753257054,0.22502533446884437,0.5724451514600682,71.78261284406915,,,,,,,,,,,,,,,,,,,,,,,,,,,,,1,FIRST_UPWARD_CROSSING,charge_timeseries/cycle-015.csv,,,437142.67277290724,444809.9407779817,SOC_UPPER_BOUND_NOT_REACHED,SOC_UPPER_BOUND_NOT_REACHED;NON_MONOTONIC_SOC,False,False,3,charge-efficiency-v1
15,virtual,80-100,80.0,100.0,80.0,,0.0,NEGATIVE_PARTICLE_LITHIUM_DELTA_OVER_FROZEN_Q_REF_V1,4.868461109435048,0,20.0,W10_80_PERCENT_DISCHARGE_WINDOW,14.55,3.0000000000000004,2.988624058596707,4.85,100.0,4.868461109435048,0,,,,,,,,,,,,,,,,,,,,,,,,,,,,,,,,,,,,,,,,,,,,,,,,,,,,,,,,,,,,0,FIRST_UPWARD_CROSSING,charge_timeseries/cycle-015.csv,,,437142.67277290724,444809.9407779817,SOC_UPPER_BOUND_NOT_REACHED,SOC_UPPER_BOUND_NOT_REACHED;NON_MONOTONIC_SOC,False,False,3,charge-efficiency-v1
16,virtual,20-40,20.0,40.0,20.0,40.0,100.0,NEGATIVE_PARTICLE_LITHIUM_DELTA_OVER_FROZEN_Q_REF_V1,4.868461109435048,0,20.0,W10_80_PERCENT_DISCHARGE_WINDOW,14.55,3.0000000000000004,2.988624058596707,4.85,100.0,4.868461109435048,0,,,,1.2982002324558306,0.04270665406161733,0.07903644556229496,0.9736922218870094,,,,,0.32446470988727316,0.0,,,5.711280700354711e-05,,,1.865341525628464e-05,75.00323891061527,99.99666456063824,-3.24655407117902e-05,-0.002500811500424284,0.002500811500424284,SOC_UPPER_BOUND_NOT_REACHED,468406.0532583723,468839.128011113,433.0747527406557,0.09967211503413206,1.1985281174216986,92.32228491859223,,,,,,,,,,,,,,,,,,,,,,,,,,,,,1,FIRST_UPWARD_CROSSING,charge_timeseries/cycle-016.csv,,,468406.0532583723,476078.10656628176,SOC_UPPER_BOUND_NOT_REACHED,SOC_UPPER_BOUND_NOT_REACHED;NON_MONOTONIC_SOC,False,False,3,charge-efficiency-v1
16,virtual,40-60,40.0,60.0,40.0,60.0,100.0,NEGATIVE_PARTICLE_LITHIUM_DELTA_OVER_FROZEN_Q_REF_V1,4.868461109435048,0,20.0,W10_80_PERCENT_DISCHARGE_WINDOW,14.55,3.0000000000000004,2.988624058596707,4.85,100.0,4.868461109435048,0,,,,0.8421712232633335,0.07903644556229496,0.1153662370629726,0.9736922218870099,,,,,-0.1316020241280342,0.1316020241280342,,,4.926805469566975e-05,,,2.6379915491887146e-05,115.6168953522355,99.99037897494955,5.377534170292186e-06,0.0006385321680138573,0.0006385321680138573,SOC_UPPER_BOUND_NOT_REACHED,468839.128011113,469184.8137873281,345.6857762151055,0.0,0.8421712232633335,100.0,,,,,,,,,,,,,,,,,,,,,,,,,,,,,1,FIRST_UPWARD_CROSSING,charge_timeseries/cycle-016.csv,,,468406.0532583723,476078.10656628176,SOC_UPPER_BOUND_NOT_REACHED,SOC_UPPER_BOUND_NOT_REACHED;NON_MONOTONIC_SOC,False,False,3,charge-efficiency-v1
16,virtual,60-80,60.0,80.0,60.0,80.0,100.0,NEGATIVE_PARTICLE_LITHIUM_DELTA_OVER_FROZEN_Q_REF_V1,4.868461109435048,0,20.0,W10_80_PERCENT_DISCHARGE_WINDOW,14.55,3.0000000000000004,2.988624058596707,4.85,100.0,4.868461109435048,0,,,,0.7970251308333491,0.1153662370629726,0.15169602856365022,0.9736922218870094,,,,,-0.17675560365928777,0.17675560365928777,,,4.770572240146275e-05,,,8.783184280710538e-05,122.16581186956323,99.98889462801068,-4.702495958108788e-05,-0.005900059830223895,0.005900059830223895,SOC_UPPER_BOUND_NOT_REACHED,469184.8137873281,472060.8387151507,2876.0249278226356,0.22500950794540425,0.5720156228879449,71.76883146581086,,,,,,,,,,,,,,,,,,,,,,,,,,,,,1,FIRST_UPWARD_CROSSING,charge_timeseries/cycle-016.csv,,,468406.0532583723,476078.10656628176,SOC_UPPER_BOUND_NOT_REACHED,SOC_UPPER_BOUND_NOT_REACHED;NON_MONOTONIC_SOC,False,False,3,charge-efficiency-v1
16,virtual,80-100,80.0,100.0,80.0,,0.0,NEGATIVE_PARTICLE_LITHIUM_DELTA_OVER_FROZEN_Q_REF_V1,4.868461109435048,0,20.0,W10_80_PERCENT_DISCHARGE_WINDOW,14.55,3.0000000000000004,2.988624058596707,4.85,100.0,4.868461109435048,0,,,,,,,,,,,,,,,,,,,,,,,,,,,,,,,,,,,,,,,,,,,,,,,,,,,,,,,,,,,,0,FIRST_UPWARD_CROSSING,charge_timeseries/cycle-016.csv,,,468406.0532583723,476078.10656628176,SOC_UPPER_BOUND_NOT_REACHED,SOC_UPPER_BOUND_NOT_REACHED;NON_MONOTONIC_SOC,False,False,3,charge-efficiency-v1
17,virtual,20-40,20.0,40.0,20.0,40.0,100.0,NEGATIVE_PARTICLE_LITHIUM_DELTA_OVER_FROZEN_Q_REF_V1,4.868461109435048,0,20.0,W10_80_PERCENT_DISCHARGE_WINDOW,14.55,3.0000000000000004,2.988624058596707,4.85,100.0,4.868461109435048,0,,,,1.301710717620951,0.04269065195310801,0.07902044345378564,0.9736922218870097,,,,,0.3279696003573278,0.0,,,5.7111716233914506e-05,,,1.8304983617885295e-05,74.80096834929356,99.99624376015718,-2.652132323843759e-05,-0.0020374206710772748,0.0020374206710772748,SOC_UPPER_BOUND_NOT_REACHED,499674.2193116432,500111.3863418813,437.1670302380597,0.0990327070132157,1.2026780106077353,92.39211096039746,,,,,,,,,,,,,,,,,,,,,,,,,,,,,1,FIRST_UPWARD_CROSSING,charge_timeseries/cycle-017.csv,,,499674.2193116432,507353.1992411461,SOC_UPPER_BOUND_NOT_REACHED,SOC_UPPER_BOUND_NOT_REACHED;NON_MONOTONIC_SOC,False,False,3,charge-efficiency-v1
17,virtual,40-60,40.0,60.0,40.0,60.0,100.0,NEGATIVE_PARTICLE_LITHIUM_DELTA_OVER_FROZEN_Q_REF_V1,4.868461109435048,0,20.0,W10_80_PERCENT_DISCHARGE_WINDOW,14.55,3.0000000000000004,2.988624058596707,4.85,100.0,4.868461109435048,0,,,,0.8399283872101484,0.07902044345378564,0.11535023495446327,0.9736922218870094,,,,,-0.1338545018484324,0.1338545018484324,,,4.879966719103981e-05,,,2.5656870945096194e-05,115.92562374527694,99.98920536882049,1.6210633435154165e-05,0.0019300018527768008,0.0019300018527768008,SOC_UPPER_BOUND_NOT_REACHED,500111.3863418813,500458.7417470525,347.355405171277,0.0,0.8399283872101484,100.0,,,,,,,,,,,,,,,,,,,,,,,,,,,,,1,FIRST_UPWARD_CROSSING,charge_timeseries/cycle-017.csv,,,499674.2193116432,507353.1992411461,SOC_UPPER_BOUND_NOT_REACHED,SOC_UPPER_BOUND_NOT_REACHED;NON_MONOTONIC_SOC,False,False,3,charge-efficiency-v1
17,virtual,60-80,60.0,80.0,60.0,80.0,100.0,NEGATIVE_PARTICLE_LITHIUM_DELTA_OVER_FROZEN_Q_REF_V1,4.868461109435048,0,20.0,W10_80_PERCENT_DISCHARGE_WINDOW,14.55,3.0000000000000004,2.988624058596707,4.85,100.0,4.868461109435048,0,,,,0.7957376080214162,0.11535023495446327,0.15168002645514087,0.9736922218870088,,,,,-0.17803317187086756,0.17803317187086756,,,4.680304828039161e-05,,,8.514709376361215e-05,122.36347912574757,99.99012764955646,-5.339213676902599e-05,-0.0067097666656455186,0.0067097666656455186,SOC_UPPER_BOUND_NOT_REACHED,500458.7417470525,503335.9262225098,2877.184475457268,0.2249899347030982,0.5707476733183181,71.7256125090618,,,,,,,,,,,,,,,,,,,,,,,,,,,,,1,FIRST_UPWARD_CROSSING,charge_timeseries/cycle-017.csv,,,499674.2193116432,507353.1992411461,SOC_UPPER_BOUND_NOT_REACHED,SOC_UPPER_BOUND_NOT_REACHED;NON_MONOTONIC_SOC,False,False,3,charge-efficiency-v1
17,virtual,80-100,80.0,100.0,80.0,,0.0,NEGATIVE_PARTICLE_LITHIUM_DELTA_OVER_FROZEN_Q_REF_V1,4.868461109435048,0,20.0,W10_80_PERCENT_DISCHARGE_WINDOW,14.55,3.0000000000000004,2.988624058596707,4.85,100.0,4.868461109435048,0,,,,,,,,,,,,,,,,,,,,,,,,,,,,,,,,,,,,,,,,,,,,,,,,,,,,,,,,,,,,0,FIRST_UPWARD_CROSSING,charge_timeseries/cycle-017.csv,,,499674.2193116432,507353.1992411461,SOC_UPPER_BOUND_NOT_REACHED,SOC_UPPER_BOUND_NOT_REACHED;NON_MONOTONIC_SOC,False,False,3,charge-efficiency-v1
18,virtual,20-40,20.0,40.0,20.0,40.0,100.0,NEGATIVE_PARTICLE_LITHIUM_DELTA_OVER_FROZEN_Q_REF_V1,4.868461109435048,0,20.0,W10_80_PERCENT_DISCHARGE_WINDOW,14.55,3.0000000000000004,2.988624058596707,4.85,100.0,4.868461109435048,0,,,,1.3052064033853767,0.04267493234545607,0.0790047238461337,0.9736922218870097,,,,,0.33146068055384437,0.0,,,5.712830345539627e-05,,,1.799298474730593e-05,74.60063169790595,99.99590095908326,-2.1620343680028853e-05,-0.0016564693234687729,0.0016564693234687729,SOC_UPPER_BOUND_NOT_REACHED,530949.3119622519,531390.5898191595,441.27785690754393,0.098415689701678,1.2067907136836988,92.45976042973645,,,,,,,,,,,,,,,,,,,,,,,,,,,,,1,FIRST_UPWARD_CROSSING,charge_timeseries/cycle-018.csv,,,530949.3119622519,538635.5394324953,SOC_UPPER_BOUND_NOT_REACHED,SOC_UPPER_BOUND_NOT_REACHED;NON_MONOTONIC_SOC,False,False,3,charge-efficiency-v1
18,virtual,40-60,40.0,60.0,40.0,60.0,100.0,NEGATIVE_PARTICLE_LITHIUM_DELTA_OVER_FROZEN_Q_REF_V1,4.868461109435048,0,20.0,W10_80_PERCENT_DISCHARGE_WINDOW,14.55,3.0000000000000004,2.988624058596707,4.85,100.0,4.868461109435048,0,,,,0.8376804827374222,0.0790047238461337,0.11533451534681131,0.9736922218870091,,,,,-0.1361180282008417,0.1361180282008417,,,4.838120389565742e-05,,,2.4993305768276214e-05,116.2367086201077,99.98731150439276,3.2914541590933766e-05,0.003929247758450056,0.003929247758450056,SOC_UPPER_BOUND_NOT_REACHED,531390.5898191595,531739.6447012393,349.0548820798163,0.0,0.8376804827374222,100.0,,,,,,,,,,,,,,,,,,,,,,,,,,,,,1,FIRST_UPWARD_CROSSING,charge_timeseries/cycle-018.csv,,,530949.3119622519,538635.5394324953,SOC_UPPER_BOUND_NOT_REACHED,SOC_UPPER_BOUND_NOT_REACHED;NON_MONOTONIC_SOC,False,False,3,charge-efficiency-v1
18,virtual,60-80,60.0,80.0,60.0,80.0,100.0,NEGATIVE_PARTICLE_LITHIUM_DELTA_OVER_FROZEN_Q_REF_V1,4.868461109435048,0,20.0,W10_80_PERCENT_DISCHARGE_WINDOW,14.55,3.0000000000000004,2.988624058596707,4.85,100.0,4.868461109435048,0,,,,0.7944794986853672,0.11533451534681131,0.15166430684748897,0.9736922218870102,,,,,-0.17928483308944287,0.17928483308944287,,,4.5962452840257566e-05,,,8.268370293843669e-05,122.55724955750124,99.990923631394,-5.6536267978857246e-05,-0.007116139317931847,0.007116139317931847,SOC_UPPER_BOUND_NOT_REACHED,531739.6447012393,534618.3457612335,2878.7010599942646,0.22496606502479632,0.5695134336605708,71.68384264200022,,,,,,,,,,,,,,,,,,,,,,,,,,,,,1,FIRST_UPWARD_CROSSING,charge_timeseries/cycle-018.csv,,,530949.3119622519,538635.5394324953,SOC_UPPER_BOUND_NOT_REACHED,SOC_UPPER_BOUND_NOT_REACHED;NON_MONOTONIC_SOC,False,False,3,charge-efficiency-v1
18,virtual,80-100,80.0,100.0,80.0,,0.0,NEGATIVE_PARTICLE_LITHIUM_DELTA_OVER_FROZEN_Q_REF_V1,4.868461109435048,0,20.0,W10_80_PERCENT_DISCHARGE_WINDOW,14.55,3.0000000000000004,2.988624058596707,4.85,100.0,4.868461109435048,0,,,,,,,,,,,,,,,,,,,,,,,,,,,,,,,,,,,,,,,,,,,,,,,,,,,,,,,,,,,,0,FIRST_UPWARD_CROSSING,charge_timeseries/cycle-018.csv,,,530949.3119622519,538635.5394324953,SOC_UPPER_BOUND_NOT_REACHED,SOC_UPPER_BOUND_NOT_REACHED;NON_MONOTONIC_SOC,False,False,3,charge-efficiency-v1
19,virtual,20-40,20.0,40.0,20.0,40.0,100.0,NEGATIVE_PARTICLE_LITHIUM_DELTA_OVER_FROZEN_Q_REF_V1,4.868461109435048,0,20.0,W10_80_PERCENT_DISCHARGE_WINDOW,14.55,3.0000000000000004,2.988624058596707,4.85,100.0,4.868461109435048,0,,,,1.3075493510886698,0.04265945832354353,0.07898924982422116,0.9736922218870097,,,,,0.33380727349464884,0.0,,,5.685633959891245e-05,,,1.767103062679312e-05,74.46695767745288,99.99618708793135,-2.467166321440395e-05,-0.0018868628701365837,0.0018868628701365837,SOC_UPPER_BOUND_NOT_REACHED,562231.6524237625,562676.2238843058,444.5714605433354,0.09781973868822837,1.2097296124004413,92.51884920391086,,,,,,,,,,,,,,,,,,,,,,,,,,,,,1,FIRST_UPWARD_CROSSING,charge_timeseries/cycle-019.csv,,,562231.6524237625,569924.5613293129,SOC_UPPER_BOUND_NOT_REACHED,SOC_UPPER_BOUND_NOT_REACHED;NON_MONOTONIC_SOC,False,False,3,charge-efficiency-v1
19,virtual,40-60,40.0,60.0,40.0,60.0,100.0,NEGATIVE_PARTICLE_LITHIUM_DELTA_OVER_FROZEN_Q_REF_V1,4.868461109435048,0,20.0,W10_80_PERCENT_DISCHARGE_WINDOW,14.55,3.0000000000000004,2.988624058596707,4.85,100.0,4.868461109435048,0,,,,0.8361137660564619,0.07898924982422116,0.11531904132489877,0.9736922218870091,,,,,-0.1377231799612892,0.1377231799612892,,,4.7832675335266264e-05,,,2.4378800672922307e-05,116.45451389700678,99.98269085660142,7.251265473373625e-05,0.008672582330003108,0.008672582330003108,SOC_UPPER_BOUND_NOT_REACHED,562676.2238843058,563026.7574617598,350.53357745403497,0.0,0.8361137660564619,100.00000000000001,,,,,,,,,,,,,,,,,,,,,,,,,,,,,1,FIRST_UPWARD_CROSSING,charge_timeseries/cycle-019.csv,,,562231.6524237625,569924.5613293129,SOC_UPPER_BOUND_NOT_REACHED,SOC_UPPER_BOUND_NOT_REACHED;NON_MONOTONIC_SOC,False,False,3,charge-efficiency-v1
19,virtual,60-80,60.0,80.0,60.0,80.0,100.0,NEGATIVE_PARTICLE_LITHIUM_DELTA_OVER_FROZEN_Q_REF_V1,4.868461109435048,0,20.0,W10_80_PERCENT_DISCHARGE_WINDOW,14.55,3.0000000000000004,2.988624058596707,4.85,100.0,4.868461109435048,0,,,,0.7937130362526799,0.11531904132489877,0.15164883282557642,0.9736922218870102,,,,,-0.1800498572679322,0.1800498572679322,,,4.510511382478221e-05,,,8.044893450398147e-05,122.67559904068825,99.99109607246271,-5.488241472695332e-05,-0.006914641970108881,0.006914641970108881,SOC_UPPER_BOUND_NOT_REACHED,563026.7574617598,565907.506786194,2880.74932443425,0.22493458206379716,0.5687784541888827,71.66046520720256,,,,,,,,,,,,,,,,,,,,,,,,,,,,,1,FIRST_UPWARD_CROSSING,charge_timeseries/cycle-019.csv,,,562231.6524237625,569924.5613293129,SOC_UPPER_BOUND_NOT_REACHED,SOC_UPPER_BOUND_NOT_REACHED;NON_MONOTONIC_SOC,False,False,3,charge-efficiency-v1
19,virtual,80-100,80.0,100.0,80.0,,0.0,NEGATIVE_PARTICLE_LITHIUM_DELTA_OVER_FROZEN_Q_REF_V1,4.868461109435048,0,20.0,W10_80_PERCENT_DISCHARGE_WINDOW,14.55,3.0000000000000004,2.988624058596707,4.85,100.0,4.868461109435048,0,,,,,,,,,,,,,,,,,,,,,,,,,,,,,,,,,,,,,,,,,,,,,,,,,,,,,,,,,,,,0,FIRST_UPWARD_CROSSING,charge_timeseries/cycle-019.csv,,,562231.6524237625,569924.5613293129,SOC_UPPER_BOUND_NOT_REACHED,SOC_UPPER_BOUND_NOT_REACHED;NON_MONOTONIC_SOC,False,False,3,charge-efficiency-v1
20,virtual,20-40,20.0,40.0,20.0,40.0,100.0,NEGATIVE_PARTICLE_LITHIUM_DELTA_OVER_FROZEN_Q_REF_V1,4.868461109435048,0,20.0,W10_80_PERCENT_DISCHARGE_WINDOW,14.55,3.0000000000000004,2.988624058596707,4.85,100.0,4.868461109435048,0,,,,1.3103744345133113,0.04264424208889349,0.07897403358957113,0.9736922218870099,,,,,0.33663148808342164,0.0,,,5.681515258069113e-05,,,1.739927846789932e-05,74.30641168214265,99.99612900392867,-2.348988816880393e-05,-0.0017926088566836513,0.0017926088566836513,SOC_UPPER_BOUND_NOT_REACHED,593520.674555254,593969.0403351192,448.3657798651755,0.0972430142302924,1.2131314202830188,92.57899027414942,,,,,,,,,,,,,,,,,,,,,,,,,,,,,1,FIRST_UPWARD_CROSSING,charge_timeseries/cycle-020.csv,,,593520.674555254,601220.9651577891,SOC_UPPER_BOUND_NOT_REACHED,SOC_UPPER_BOUND_NOT_REACHED;NON_MONOTONIC_SOC,False,False,3,charge-efficiency-v1
20,virtual,40-60,40.0,60.0,40.0,60.0,100.0,NEGATIVE_PARTICLE_LITHIUM_DELTA_OVER_FROZEN_Q_REF_V1,4.868461109435048,0,20.0,W10_80_PERCENT_DISCHARGE_WINDOW,14.55,3.0000000000000004,2.988624058596707,4.85,100.0,4.868461109435048,0,,,,0.8341606331428266,0.07897403358957113,0.11530382509024875,0.9736922218870094,,,,,-0.1396020475902385,0.1396020475902385,,,4.74045410810784e-05,,,2.3810869183890637e-05,116.72718457336885,99.99155332399346,-7.565642092810521e-07,-9.069766412142727e-05,9.069766412142727e-05,SOC_UPPER_BOUND_NOT_REACHED,593969.0403351192,594321.1303015196,352.08996640044785,0.0,0.8341606331428266,100.0,,,,,,,,,,,,,,,,,,,,,,,,,,,,,1,FIRST_UPWARD_CROSSING,charge_timeseries/cycle-020.csv,,,593520.674555254,601220.9651577891,SOC_UPPER_BOUND_NOT_REACHED,SOC_UPPER_BOUND_NOT_REACHED;NON_MONOTONIC_SOC,False,False,3,charge-efficiency-v1
20,virtual,60-80,60.0,80.0,60.0,80.0,100.0,NEGATIVE_PARTICLE_LITHIUM_DELTA_OVER_FROZEN_Q_REF_V1,4.868461109435048,0,20.0,W10_80_PERCENT_DISCHARGE_WINDOW,14.55,3.0000000000000004,2.988624058596707,4.85,100.0,4.868461109435048,0,,,,0.7927519479891058,0.11530382509024875,0.15163361659092636,0.9736922218870091,,,,,-0.1810179044910869,0.1810179044910869,,,4.4333026019719064e-05,,,7.837120253876423e-05,122.82432409745273,99.9902074547555,-4.507363537487041e-05,-0.005685717391070962,0.005685717391070962,SOC_UPPER_BOUND_NOT_REACHED,594321.1303015196,597204.1137331778,2882.9834316581114,0.22489843444652446,0.5678535135425813,71.63066769914577,,,,,,,,,,,,,,,,,,,,,,,,,,,,,1,FIRST_UPWARD_CROSSING,charge_timeseries/cycle-020.csv,,,593520.674555254,601220.9651577891,SOC_UPPER_BOUND_NOT_REACHED,SOC_UPPER_BOUND_NOT_REACHED;NON_MONOTONIC_SOC,False,False,3,charge-efficiency-v1
20,virtual,80-100,80.0,100.0,80.0,,0.0,NEGATIVE_PARTICLE_LITHIUM_DELTA_OVER_FROZEN_Q_REF_V1,4.868461109435048,0,20.0,W10_80_PERCENT_DISCHARGE_WINDOW,14.55,3.0000000000000004,2.988624058596707,4.85,100.0,4.868461109435048,0,,,,,,,,,,,,,,,,,,,,,,,,,,,,,,,,,,,,,,,,,,,,,,,,,,,,,,,,,,,,0,FIRST_UPWARD_CROSSING,charge_timeseries/cycle-020.csv,,,593520.674555254,601220.9651577891,SOC_UPPER_BOUND_NOT_REACHED,SOC_UPPER_BOUND_NOT_REACHED;NON_MONOTONIC_SOC,False,False,3,charge-efficiency-v1
21,virtual,20-40,20.0,40.0,20.0,40.0,100.0,NEGATIVE_PARTICLE_LITHIUM_DELTA_OVER_FROZEN_Q_REF_V1,4.868461109435048,0,20.0,W10_80_PERCENT_DISCHARGE_WINDOW,14.55,3.0000000000000004,2.988624058596707,4.85,100.0,4.868461109435048,0,,,,1.311789388410606,0.04262925512917359,0.07895904662985122,0.9736922218870094,,,,,0.3380509088286063,0.0,,,5.6353138645077495e-05,,,1.7096846779772468e-05,74.22626150885068,99.99647369498497,-2.7192290434685518e-05,-0.0020729158716272524,0.0020729158716272524,SOC_UPPER_BOUND_NOT_REACHED,624817.0786346317,625268.033609068,450.95497443630893,0.09668377646536425,1.2151056119452417,92.62962657576392,,,,,,,,,,,,,,,,,,,,,,,,,,,,,1,FIRST_UPWARD_CROSSING,charge_timeseries/cycle-021.csv,,,624817.0786346317,632523.5349482021,SOC_UPPER_BOUND_NOT_REACHED,SOC_UPPER_BOUND_NOT_REACHED;NON_MONOTONIC_SOC,False,False,3,charge-efficiency-v1
21,virtual,40-60,40.0,60.0,40.0,60.0,100.0,NEGATIVE_PARTICLE_LITHIUM_DELTA_OVER_FROZEN_Q_REF_V1,4.868461109435048,0,20.0,W10_80_PERCENT_DISCHARGE_WINDOW,14.55,3.0000000000000004,2.988624058596707,4.85,100.0,4.868461109435048,0,,,,0.8331068383620661,0.07895904662985122,0.11528883813052884,0.9736922218870094,,,,,-0.14066237959317132,0.14066237959317132,,,4.6801060566647144e-05,,,2.3280128897931046e-05,116.87483250063605,99.9907579598819,6.914878763364385e-06,0.0008300110435966913,0.0008300110435966913,SOC_UPPER_BOUND_NOT_REACHED,625268.033609068,625621.3791913788,353.34558231086885,0.0,0.8331068383620661,100.0,,,,,,,,,,,,,,,,,,,,,,,,,,,,,1,FIRST_UPWARD_CROSSING,charge_timeseries/cycle-021.csv,,,624817.0786346317,632523.5349482021,SOC_UPPER_BOUND_NOT_REACHED,SOC_UPPER_BOUND_NOT_REACHED;NON_MONOTONIC_SOC,False,False,3,charge-efficiency-v1
21,virtual,60-80,60.0,80.0,60.0,80.0,100.0,NEGATIVE_PARTICLE_LITHIUM_DELTA_OVER_FROZEN_Q_REF_V1,4.868461109435048,0,20.0,W10_80_PERCENT_DISCHARGE_WINDOW,14.55,3.0000000000000004,2.988624058596707,4.85,100.0,4.868461109435048,0,,,,0.792361363343231,0.11528883813052884,0.15161862963120648,0.9736922218870099,,,,,-0.1813995535162932,0.1813995535162932,,,4.3522629517202954e-05,,,7.648085983726072e-05,122.88486881524419,99.99133034803407,-5.1308516840098406e-05,-0.006475393578456556,0.006475393578456556,SOC_UPPER_BOUND_NOT_REACHED,625621.3791913788,628506.9297772087,2885.5505858298284,0.22485684619118698,0.5675045171520441,71.62193203837671,,,,,,,,,,,,,,,,,,,,,,,,,,,,,1,FIRST_UPWARD_CROSSING,charge_timeseries/cycle-021.csv,,,624817.0786346317,632523.5349482021,SOC_UPPER_BOUND_NOT_REACHED,SOC_UPPER_BOUND_NOT_REACHED;NON_MONOTONIC_SOC,False,False,3,charge-efficiency-v1
21,virtual,80-100,80.0,100.0,80.0,,0.0,NEGATIVE_PARTICLE_LITHIUM_DELTA_OVER_FROZEN_Q_REF_V1,4.868461109435048,0,20.0,W10_80_PERCENT_DISCHARGE_WINDOW,14.55,3.0000000000000004,2.988624058596707,4.85,100.0,4.868461109435048,0,,,,,,,,,,,,,,,,,,,,,,,,,,,,,,,,,,,,,,,,,,,,,,,,,,,,,,,,,,,,0,FIRST_UPWARD_CROSSING,charge_timeseries/cycle-021.csv,,,624817.0786346317,632523.5349482021,SOC_UPPER_BOUND_NOT_REACHED,SOC_UPPER_BOUND_NOT_REACHED;NON_MONOTONIC_SOC,False,False,3,charge-efficiency-v1
22,virtual,20-40,20.0,40.0,20.0,40.0,100.0,NEGATIVE_PARTICLE_LITHIUM_DELTA_OVER_FROZEN_Q_REF_V1,4.868461109435048,0,20.0,W10_80_PERCENT_DISCHARGE_WINDOW,14.55,3.0000000000000004,2.988624058596707,4.85,100.0,4.868461109435048,0,,,,1.314061456690506,0.04261451350044539,0.07894430500112302,0.9736922218870097,,,,,0.34032193359906004,0.0,,,5.620603323057329e-05,,,1.6852266193266574e-05,74.09792113827582,99.99640038110884,-2.5757094987310936e-05,-0.0019601134221059013,0.0019601134221059013,SOC_UPPER_BOUND_NOT_REACHED,656119.648724565,656573.9910342233,454.3423096582424,0.09614086772652264,1.2179205889639833,92.68368558890269,,,,,,,,,,,,,,,,,,,,,,,,,,,,,1,FIRST_UPWARD_CROSSING,charge_timeseries/cycle-022.csv,,,656119.648724565,663833.5788084795,SOC_UPPER_BOUND_NOT_REACHED,SOC_UPPER_BOUND_NOT_REACHED;NON_MONOTONIC_SOC,False,False,3,charge-efficiency-v1
22,virtual,40-60,40.0,60.0,40.0,60.0,100.0,NEGATIVE_PARTICLE_LITHIUM_DELTA_OVER_FROZEN_Q_REF_V1,4.868461109435048,0,20.0,W10_80_PERCENT_DISCHARGE_WINDOW,14.55,3.0000000000000004,2.988624058596707,4.85,100.0,4.868461109435048,0,,,,0.831545382190187,0.07894430500112302,0.11527409650180064,0.9736922218870091,,,,,-0.14224315804545443,0.14224315804545443,,,4.6367337776649815e-05,,,2.278874647970372e-05,117.09429728566649,99.98841694624308,2.7162264376046075e-05,0.003266480093305798,0.003266480093305798,SOC_UPPER_BOUND_NOT_REACHED,656573.9910342233,656928.8346031214,354.8435688980756,0.0,0.831545382190187,100.0,,,,,,,,,,,,,,,,,,,,,,,,,,,,,1,FIRST_UPWARD_CROSSING,charge_timeseries/cycle-022.csv,,,656119.648724565,663833.5788084795,SOC_UPPER_BOUND_NOT_REACHED,SOC_UPPER_BOUND_NOT_REACHED;NON_MONOTONIC_SOC,False,False,3,charge-efficiency-v1
22,virtual,60-80,60.0,80.0,60.0,80.0,100.0,NEGATIVE_PARTICLE_LITHIUM_DELTA_OVER_FROZEN_Q_REF_V1,4.868461109435048,0,20.0,W10_80_PERCENT_DISCHARGE_WINDOW,14.55,3.0000000000000004,2.988624058596707,4.85,100.0,4.868461109435048,0,,,,0.7916523171599879,0.11527409650180064,0.15160388800247826,0.9736922218870094,,,,,-0.18211114805500297,0.18211114805500297,,,4.280872330503314e-05,,,7.469699182613074e-05,122.9949310803612,99.99100067966238,-4.626238714988684e-05,-0.005843775878260647,0.005843775878260647,SOC_UPPER_BOUND_NOT_REACHED,656928.8346031214,659817.3173229129,2888.482719791476,0.22481163527588782,0.5668406818841001,71.60222607793432,,,,,,,,,,,,,,,,,,,,,,,,,,,,,1,FIRST_UPWARD_CROSSING,charge_timeseries/cycle-022.csv,,,656119.648724565,663833.5788084795,SOC_UPPER_BOUND_NOT_REACHED,SOC_UPPER_BOUND_NOT_REACHED;NON_MONOTONIC_SOC,False,False,3,charge-efficiency-v1
22,virtual,80-100,80.0,100.0,80.0,,0.0,NEGATIVE_PARTICLE_LITHIUM_DELTA_OVER_FROZEN_Q_REF_V1,4.868461109435048,0,20.0,W10_80_PERCENT_DISCHARGE_WINDOW,14.55,3.0000000000000004,2.988624058596707,4.85,100.0,4.868461109435048,0,,,,,,,,,,,,,,,,,,,,,,,,,,,,,,,,,,,,,,,,,,,,,,,,,,,,,,,,,,,,0,FIRST_UPWARD_CROSSING,charge_timeseries/cycle-022.csv,,,656119.648724565,663833.5788084795,SOC_UPPER_BOUND_NOT_REACHED,SOC_UPPER_BOUND_NOT_REACHED;NON_MONOTONIC_SOC,False,False,3,charge-efficiency-v1
23,virtual,20-40,20.0,40.0,20.0,40.0,100.0,NEGATIVE_PARTICLE_LITHIUM_DELTA_OVER_FROZEN_Q_REF_V1,4.868461109435048,0,20.0,W10_80_PERCENT_DISCHARGE_WINDOW,14.55,3.0000000000000004,2.988624058596707,4.85,100.0,4.868461109435048,0,,,,1.3167682460453132,0.04259996558565967,0.0789297570863373,0.9736922218870097,,,,,0.343026773782368,0.0,,,5.627247045919114e-05,,,1.6648637011569545e-05,73.94560316983087,99.99625975367468,-2.3670731535307965e-05,-0.0017976383928150557,0.0017976383928150557,SOC_UPPER_BOUND_NOT_REACHED,687429.6929213358,687887.9713367891,458.27841545327414,0.0956132031743888,1.2211550428709244,92.73879792730827,,,,,,,,,,,,,,,,,,,,,,,,,,,,,1,FIRST_UPWARD_CROSSING,charge_timeseries/cycle-023.csv,,,687429.6929213358,695151.9974975305,SOC_UPPER_BOUND_NOT_REACHED,SOC_UPPER_BOUND_NOT_REACHED;NON_MONOTONIC_SOC,False,False,3,charge-efficiency-v1
23,virtual,40-60,40.0,60.0,40.0,60.0,100.0,NEGATIVE_PARTICLE_LITHIUM_DELTA_OVER_FROZEN_Q_REF_V1,4.868461109435048,0,20.0,W10_80_PERCENT_DISCHARGE_WINDOW,14.55,3.0000000000000004,2.988624058596707,4.85,100.0,4.868461109435048,0,,,,0.8296809394007889,0.0789297570863373,0.11525954858701493,0.9736922218870094,,,,,-0.1440918956430345,0.1440918956430345,,,4.6034747610251836e-05,,,2.2329624843671347e-05,117.3574293017058,99.99028383647428,1.2248784360013865e-05,0.0014763246663060821,0.0014763246663060821,SOC_UPPER_BOUND_NOT_REACHED,687887.9713367891,688244.4449746144,356.4736378253694,0.0,0.8296809394007889,100.0,,,,,,,,,,,,,,,,,,,,,,,,,,,,,1,FIRST_UPWARD_CROSSING,charge_timeseries/cycle-023.csv,,,687429.6929213358,695151.9974975305,SOC_UPPER_BOUND_NOT_REACHED,SOC_UPPER_BOUND_NOT_REACHED;NON_MONOTONIC_SOC,False,False,3,charge-efficiency-v1
23,virtual,60-80,60.0,80.0,60.0,80.0,100.0,NEGATIVE_PARTICLE_LITHIUM_DELTA_OVER_FROZEN_Q_REF_V1,4.868461109435048,0,20.0,W10_80_PERCENT_DISCHARGE_WINDOW,14.55,3.0000000000000004,2.988624058596707,4.85,100.0,4.868461109435048,0,,,,0.7907700625924322,0.11525954858701493,0.15158934008769254,0.9736922218870091,,,,,-0.18298768341423613,0.18298768341423613,,,4.216063778156309e-05,,,7.301707292481363e-05,123.13215534423388,99.99171388463489,-4.965359104713851e-05,-0.00627914401366637,0.00627914401366637,SOC_UPPER_BOUND_NOT_REACHED,688244.4449746144,691136.1401998134,2891.6952251989073,0.22476275472223742,0.5660073078701948,71.57672434065304,,,,,,,,,,,,,,,,,,,,,,,,,,,,,1,FIRST_UPWARD_CROSSING,charge_timeseries/cycle-023.csv,,,687429.6929213358,695151.9974975305,SOC_UPPER_BOUND_NOT_REACHED,SOC_UPPER_BOUND_NOT_REACHED;NON_MONOTONIC_SOC,False,False,3,charge-efficiency-v1
23,virtual,80-100,80.0,100.0,80.0,,0.0,NEGATIVE_PARTICLE_LITHIUM_DELTA_OVER_FROZEN_Q_REF_V1,4.868461109435048,0,20.0,W10_80_PERCENT_DISCHARGE_WINDOW,14.55,3.0000000000000004,2.988624058596707,4.85,100.0,4.868461109435048,0,,,,,,,,,,,,,,,,,,,,,,,,,,,,,,,,,,,,,,,,,,,,,,,,,,,,,,,,,,,,0,FIRST_UPWARD_CROSSING,charge_timeseries/cycle-023.csv,,,687429.6929213358,695151.9974975305,SOC_UPPER_BOUND_NOT_REACHED,SOC_UPPER_BOUND_NOT_REACHED;NON_MONOTONIC_SOC,False,False,3,charge-efficiency-v1
24,virtual,20-40,20.0,40.0,20.0,40.0,100.0,NEGATIVE_PARTICLE_LITHIUM_DELTA_OVER_FROZEN_Q_REF_V1,4.868461109435048,0,20.0,W10_80_PERCENT_DISCHARGE_WINDOW,14.55,3.0000000000000004,2.988624058596707,4.85,100.0,4.868461109435048,0,,,,1.3204645635996777,0.04258560542962331,0.07891539693030093,0.9736922218870094,,,,,0.3467225594191071,0.0,,,5.656397842836343e-05,,,1.649996718115776e-05,73.73861054117629,99.99622994096674,-2.3281652048678936e-05,-0.0017631409952578768,0.0017631409952578768,SOC_UPPER_BOUND_NOT_REACHED,718748.1118319692,719211.1680576165,463.05622564725905,0.0950996184142025,1.2253649451854751,92.79801813424251,,,,,,,,,,,,,,,,,,,,,,,,,,,,,1,FIRST_UPWARD_CROSSING,charge_timeseries/cycle-024.csv,,,718748.1118319692,726480.5051735627,SOC_UPPER_BOUND_NOT_REACHED,SOC_UPPER_BOUND_NOT_REACHED;NON_MONOTONIC_SOC,False,False,3,charge-efficiency-v1
24,virtual,40-60,40.0,60.0,40.0,60.0,100.0,NEGATIVE_PARTICLE_LITHIUM_DELTA_OVER_FROZEN_Q_REF_V1,4.868461109435048,0,20.0,W10_80_PERCENT_DISCHARGE_WINDOW,14.55,3.0000000000000004,2.988624058596707,4.85,100.0,4.868461109435048,0,,,,0.8271930323286368,0.07891539693030093,0.11524518843097857,0.9736922218870099,,,,,-0.1465667887449819,0.1465667887449819,,,4.5890274156976454e-05,,,2.1900892260982158e-05,117.71039936663419,99.99182788249333,-1.9197980904994694e-07,-2.32085863331686e-05,2.32085863331686e-05,SOC_UPPER_BOUND_NOT_REACHED,719211.1680576165,719569.6553376423,358.4872800257518,0.0,0.8271930323286368,100.0,,,,,,,,,,,,,,,,,,,,,,,,,,,,,1,FIRST_UPWARD_CROSSING,charge_timeseries/cycle-024.csv,,,718748.1118319692,726480.5051735627,SOC_UPPER_BOUND_NOT_REACHED,SOC_UPPER_BOUND_NOT_REACHED;NON_MONOTONIC_SOC,False,False,3,charge-efficiency-v1
24,virtual,60-80,60.0,80.0,60.0,80.0,100.0,NEGATIVE_PARTICLE_LITHIUM_DELTA_OVER_FROZEN_Q_REF_V1,4.868461109435048,0,20.0,W10_80_PERCENT_DISCHARGE_WINDOW,14.55,3.0000000000000004,2.988624058596707,4.85,100.0,4.868461109435048,0,,,,0.7895357049767134,0.11524518843097857,0.1515749799316562,0.9736922218870094,,,,,-0.18422750250754155,0.18422750250754155,,,4.160400036700481e-05,,,7.140984043306486e-05,123.32465976516255,99.99100919732977,-4.202824355459267e-05,-0.005323159331449393,0.005323159331449393,SOC_UPPER_BOUND_NOT_REACHED,719569.6553376423,722465.0919385233,2895.4366008811444,0.224712418355649,0.5648232866210644,71.5386629205988,,,,,,,,,,,,,,,,,,,,,,,,,,,,,1,FIRST_UPWARD_CROSSING,charge_timeseries/cycle-024.csv,,,718748.1118319692,726480.5051735627,SOC_UPPER_BOUND_NOT_REACHED,SOC_UPPER_BOUND_NOT_REACHED;NON_MONOTONIC_SOC,False,False,3,charge-efficiency-v1
24,virtual,80-100,80.0,100.0,80.0,,0.0,NEGATIVE_PARTICLE_LITHIUM_DELTA_OVER_FROZEN_Q_REF_V1,4.868461109435048,0,20.0,W10_80_PERCENT_DISCHARGE_WINDOW,14.55,3.0000000000000004,2.988624058596707,4.85,100.0,4.868461109435048,0,,,,,,,,,,,,,,,,,,,,,,,,,,,,,,,,,,,,,,,,,,,,,,,,,,,,,,,,,,,,0,FIRST_UPWARD_CROSSING,charge_timeseries/cycle-024.csv,,,718748.1118319692,726480.5051735627,SOC_UPPER_BOUND_NOT_REACHED,SOC_UPPER_BOUND_NOT_REACHED;NON_MONOTONIC_SOC,False,False,3,charge-efficiency-v1
25,virtual,20-40,20.0,40.0,20.0,40.0,100.0,NEGATIVE_PARTICLE_LITHIUM_DELTA_OVER_FROZEN_Q_REF_V1,4.868461109435048,0,20.0,W10_80_PERCENT_DISCHARGE_WINDOW,14.55,3.0000000000000004,2.988624058596707,4.85,100.0,4.868461109435048,0,,,,1.323316845778627,0.042571421353317464,0.0789012128539951,0.9736922218870097,,,,,0.3495728347506763,0.0,,,5.679277293217221e-05,,,1.634269862964624e-05,73.57967405864152,99.9960864141414,-2.134633062089719e-05,-0.0016130929405902947,0.0016130929405902947,SOC_UPPER_BOUND_NOT_REACHED,750076.6198083786,750544.070504011,467.4506956323501,0.09459933794315122,1.228717507835476,92.85134635405554,,,,,,,,,,,,,,,,,,,,,,,,,,,,,1,FIRST_UPWARD_CROSSING,charge_timeseries/cycle-025.csv,,,750076.6198083786,757818.5934367889,SOC_UPPER_BOUND_NOT_REACHED,SOC_UPPER_BOUND_NOT_REACHED;NON_MONOTONIC_SOC,False,False,3,charge-efficiency-v1
25,virtual,40-60,40.0,60.0,40.0,60.0,100.0,NEGATIVE_PARTICLE_LITHIUM_DELTA_OVER_FROZEN_Q_REF_V1,4.868461109435048,0,20.0,W10_80_PERCENT_DISCHARGE_WINDOW,14.55,3.0000000000000004,2.988624058596707,4.85,100.0,4.868461109435048,0,,,,0.8252401346507138,0.0789012128539951,0.11523100435467272,0.9736922218870094,,,,,-0.14855013829446692,0.14855013829446692,,,4.5639649728592205e-05,,,2.1496724150294605e-05,117.98895630532179,99.9881184816329,3.0914684292393524e-05,0.0037461440609015324,0.0037461440609015324,SOC_UPPER_BOUND_NOT_REACHED,750544.070504011,750904.3500867924,360.2795827813757,0.0,0.8252401346507138,100.0,,,,,,,,,,,,,,,,,,,,,,,,,,,,,1,FIRST_UPWARD_CROSSING,charge_timeseries/cycle-025.csv,,,750076.6198083786,757818.5934367889,SOC_UPPER_BOUND_NOT_REACHED,SOC_UPPER_BOUND_NOT_REACHED;NON_MONOTONIC_SOC,False,False,3,charge-efficiency-v1
25,virtual,60-80,60.0,80.0,60.0,80.0,100.0,NEGATIVE_PARTICLE_LITHIUM_DELTA_OVER_FROZEN_Q_REF_V1,4.868461109435048,0,20.0,W10_80_PERCENT_DISCHARGE_WINDOW,14.55,3.0000000000000004,2.988624058596707,4.85,100.0,4.868461109435048,0,,,,0.788642500031121,0.11523100435467272,0.15156079585535034,0.9736922218870094,,,,,-0.18511331459108313,0.18511331459108313,,,4.102879592482716e-05,,,6.992339606771633e-05,123.46433546868018,99.99193643061434,-4.7359456797790855e-05,-0.006005186988517862,0.006005186988517862,SOC_UPPER_BOUND_NOT_REACHED,750904.3500867924,753803.7124130198,2899.362326227472,0.2246576142738405,0.5639848857572806,71.51337719372528,,,,,,,,,,,,,,,,,,,,,,,,,,,,,1,FIRST_UPWARD_CROSSING,charge_timeseries/cycle-025.csv,,,750076.6198083786,757818.5934367889,SOC_UPPER_BOUND_NOT_REACHED,SOC_UPPER_BOUND_NOT_REACHED;NON_MONOTONIC_SOC,False,False,3,charge-efficiency-v1
25,virtual,80-100,80.0,100.0,80.0,,0.0,NEGATIVE_PARTICLE_LITHIUM_DELTA_OVER_FROZEN_Q_REF_V1,4.868461109435048,0,20.0,W10_80_PERCENT_DISCHARGE_WINDOW,14.55,3.0000000000000004,2.988624058596707,4.85,100.0,4.868461109435048,0,,,,,,,,,,,,,,,,,,,,,,,,,,,,,,,,,,,,,,,,,,,,,,,,,,,,,,,,,,,,0,FIRST_UPWARD_CROSSING,charge_timeseries/cycle-025.csv,,,750076.6198083786,757818.5934367889,SOC_UPPER_BOUND_NOT_REACHED,SOC_UPPER_BOUND_NOT_REACHED;NON_MONOTONIC_SOC,False,False,3,charge-efficiency-v1
26,virtual,20-40,20.0,40.0,20.0,40.0,100.0,NEGATIVE_PARTICLE_LITHIUM_DELTA_OVER_FROZEN_Q_REF_V1,4.856838656432225,25,20.0,W10_80_PERCENT_DISCHARGE_WINDOW,14.55,3.0000000000000004,2.995775859412274,4.85,99.76127049715363,4.856838656432225,25,,,,1.3279050018693532,0.04255738399266292,0.07880044556270586,0.9713677312864452,,,,,0.35648013932448974,0.0,,,5.809428556427694e-05,,,1.632689402311302e-05,73.15039328257714,99.99569763964004,-1.7289921169227895e-05,-0.0013020450367223614,0.0013020450367223614,NON_MONOTONIC_SOC,781414.7082854162,781889.9423118146,475.23402639842317,0.09411129022105917,1.233793711648294,92.91279947823267,,,,,,,,,,,,,,,,,,,,,,,,,,,,,1,FIRST_UPWARD_CROSSING,charge_timeseries/cycle-026.csv,,,781414.7082854162,789173.1079958845,NON_MONOTONIC_SOC,NON_MONOTONIC_SOC,False,False,3,charge-efficiency-v1
26,virtual,40-60,40.0,60.0,40.0,60.0,100.0,NEGATIVE_PARTICLE_LITHIUM_DELTA_OVER_FROZEN_Q_REF_V1,4.856838656432225,25,20.0,W10_80_PERCENT_DISCHARGE_WINDOW,14.55,3.0000000000000004,2.995775859412274,4.85,99.76127049715363,4.856838656432225,25,,,,0.8193144690866778,0.07880044556270586,0.1150435071327488,0.9713677312864448,,,,,-0.15212671354589907,0.15212671354589907,,,4.5947523653648396e-05,,,2.104366851005124e-05,118.55859598931126,99.99103502392506,6.4601539683240006e-06,0.0007884828368191018,0.0007884828368191018,NON_MONOTONIC_SOC,781889.9423118146,782252.0586159144,362.11630409979495,0.0,0.8193144690866778,100.0,,,,,,,,,,,,,,,,,,,,,,,,,,,,,1,FIRST_UPWARD_CROSSING,charge_timeseries/cycle-026.csv,,,781414.7082854162,789173.1079958845,NON_MONOTONIC_SOC,NON_MONOTONIC_SOC,False,False,3,charge-efficiency-v1
26,virtual,60-80,60.0,80.0,60.0,80.0,100.0,NEGATIVE_PARTICLE_LITHIUM_DELTA_OVER_FROZEN_Q_REF_V1,4.856838656432225,25,20.0,W10_80_PERCENT_DISCHARGE_WINDOW,14.55,3.0000000000000004,2.995775859412274,4.85,99.76127049715363,4.856838656432225,25,,,,0.7828178654226063,0.1150435071327488,0.15128656870279175,0.9713677312864453,,,,,-0.18861674291221317,0.18861674291221317,,,4.074029896280074e-05,,,6.820036421642875e-05,124.08604532320551,99.99145688271457,-4.206361480496579e-05,-0.005373359074049445,0.005373359074049445,NON_MONOTONIC_SOC,782252.0586159144,785137.7025060507,2885.643890136209,0.21747585455041557,0.5653420108721908,72.21884372388325,,,,,,,,,,,,,,,,,,,,,,,,,,,,,1,FIRST_UPWARD_CROSSING,charge_timeseries/cycle-026.csv,,,781414.7082854162,789173.1079958845,NON_MONOTONIC_SOC,NON_MONOTONIC_SOC,False,False,3,charge-efficiency-v1
26,virtual,80-100,80.0,100.0,80.0,100.0,100.0,NEGATIVE_PARTICLE_LITHIUM_DELTA_OVER_FROZEN_Q_REF_V1,4.856838656432225,25,20.0,W10_80_PERCENT_DISCHARGE_WINDOW,14.55,3.0000000000000004,2.995775859412274,4.85,99.76127049715363,4.856838656432225,25,,,,0.9641449172435367,0.15128656870279175,0.18752963027283467,0.9713677312864445,,,,,-0.007274327831759119,0.007274327831759119,,,3.242324263515433e-05,,,5.943818500850004e-05,100.749141950938,99.99465704917073,-4.0347638792459506e-05,-0.004184810609987166,0.004184810609987166,NON_MONOTONIC_SOC,785137.7025060507,789131.5325202768,3993.8300142261746,0.7849269729243229,0.17921794431921376,18.588278703122022,,,,,,,,,,,,,,,,,,,,,,,,,,,,,1,FIRST_UPWARD_CROSSING,charge_timeseries/cycle-026.csv,,,781414.7082854162,789173.1079958845,NON_MONOTONIC_SOC,NON_MONOTONIC_SOC,False,False,3,charge-efficiency-v1
27,virtual,20-40,20.0,40.0,20.0,40.0,100.0,NEGATIVE_PARTICLE_LITHIUM_DELTA_OVER_FROZEN_Q_REF_V1,4.856838656432225,25,20.0,W10_80_PERCENT_DISCHARGE_WINDOW,14.55,3.0000000000000004,2.995775859412274,4.85,99.76127049715363,4.856838656432225,25,,,,1.3158799907319918,0.04289026129931126,0.0791333228693542,0.9713677312864452,,,,,0.34446802638684887,0.0,,,5.402891047082657e-05,,,1.5571884175568512e-05,73.81886935951485,99.99663851878519,-2.5367735948744752e-05,-0.0019278153119900623,0.0019278153119900623,SOC_UPPER_BOUND_NOT_REACHED,812733.3120276729,813199.0502698632,465.7382421903795,0.09230669946679945,1.2235732912651924,92.98517341118233,,,,,,,,,,,,,,,,,,,,,,,,,,,,,1,FIRST_UPWARD_CROSSING,charge_timeseries/cycle-027.csv,,,812733.3120276729,820484.5457838643,SOC_UPPER_BOUND_NOT_REACHED,SOC_UPPER_BOUND_NOT_REACHED;NON_MONOTONIC_SOC,False,False,3,charge-efficiency-v1
27,virtual,40-60,40.0,60.0,40.0,60.0,100.0,NEGATIVE_PARTICLE_LITHIUM_DELTA_OVER_FROZEN_Q_REF_V1,4.856838656432225,25,20.0,W10_80_PERCENT_DISCHARGE_WINDOW,14.55,3.0000000000000004,2.995775859412274,4.85,99.76127049715363,4.856838656432225,25,,,,0.824640988979253,0.0791333228693542,0.11537638443939713,0.9713677312864445,,,,,-0.14680557853441184,0.14680557853441184,,,4.368731098671787e-05,,,2.0608839619112168e-05,117.79280247624011,99.99043993346511,1.4540076614610875e-05,0.0017632008121023302,0.0017632008121023302,SOC_UPPER_BOUND_NOT_REACHED,813199.0502698632,813560.7546628257,361.70439296251476,0.0,0.824640988979253,100.0,,,,,,,,,,,,,,,,,,,,,,,,,,,,,1,FIRST_UPWARD_CROSSING,charge_timeseries/cycle-027.csv,,,812733.3120276729,820484.5457838643,SOC_UPPER_BOUND_NOT_REACHED,SOC_UPPER_BOUND_NOT_REACHED;NON_MONOTONIC_SOC,False,False,3,charge-efficiency-v1
27,virtual,60-80,60.0,80.0,60.0,80.0,100.0,NEGATIVE_PARTICLE_LITHIUM_DELTA_OVER_FROZEN_Q_REF_V1,4.856838656432225,25,20.0,W10_80_PERCENT_DISCHARGE_WINDOW,14.55,3.0000000000000004,2.995775859412274,4.85,99.76127049715363,4.856838656432225,25,,,,0.7896946771999812,0.11537638443939713,0.15161944600944005,0.9713677312864445,,,,,-0.18173889198792098,0.18173889198792098,,,3.930464138361851e-05,,,6.734083054460438e-05,123.00548038776468,99.99166286624964,-4.080757047053574e-05,-0.00516751241318063,0.00516751241318063,SOC_UPPER_BOUND_NOT_REACHED,813560.7546628257,816477.959568393,2917.204905567224,0.22690817636229377,0.5627865008376874,71.26634091458719,,,,,,,,,,,,,,,,,,,,,,,,,,,,,1,FIRST_UPWARD_CROSSING,charge_timeseries/cycle-027.csv,,,812733.3120276729,820484.5457838643,SOC_UPPER_BOUND_NOT_REACHED,SOC_UPPER_BOUND_NOT_REACHED;NON_MONOTONIC_SOC,False,False,3,charge-efficiency-v1
27,virtual,80-100,80.0,100.0,80.0,,0.0,NEGATIVE_PARTICLE_LITHIUM_DELTA_OVER_FROZEN_Q_REF_V1,4.856838656432225,25,20.0,W10_80_PERCENT_DISCHARGE_WINDOW,14.55,3.0000000000000004,2.995775859412274,4.85,99.76127049715363,4.856838656432225,25,,,,,,,,,,,,,,,,,,,,,,,,,,,,,,,,,,,,,,,,,,,,,,,,,,,,,,,,,,,,0,FIRST_UPWARD_CROSSING,charge_timeseries/cycle-027.csv,,,812733.3120276729,820484.5457838643,SOC_UPPER_BOUND_NOT_REACHED,SOC_UPPER_BOUND_NOT_REACHED;NON_MONOTONIC_SOC,False,False,3,charge-efficiency-v1
28,virtual,20-40,20.0,40.0,20.0,40.0,100.0,NEGATIVE_PARTICLE_LITHIUM_DELTA_OVER_FROZEN_Q_REF_V1,4.856838656432225,25,20.0,W10_80_PERCENT_DISCHARGE_WINDOW,14.55,3.0000000000000004,2.995775859412274,4.85,99.76127049715363,4.856838656432225,25,,,,1.3185885166759783,0.04287673054600495,0.07911979211604789,0.9713677312864448,,,,,0.347172467261953,0.0,,,5.421552126079303e-05,,,1.544731134360891e-05,73.66723727696035,99.99633561744476,-2.134470502390684e-05,-0.0016187540505596526,0.0016187540505596526,SOC_UPPER_BOUND_NOT_REACHED,844044.7501834919,844514.5774790436,469.8272955517846,0.09184439118990831,1.22674412548607,93.03464348215027,,,,,,,,,,,,,,,,,,,,,,,,,,,,,1,FIRST_UPWARD_CROSSING,charge_timeseries/cycle-028.csv,,,844044.7501834919,851805.585428251,SOC_UPPER_BOUND_NOT_REACHED,SOC_UPPER_BOUND_NOT_REACHED;NON_MONOTONIC_SOC,False,False,3,charge-efficiency-v1
28,virtual,40-60,40.0,60.0,40.0,60.0,100.0,NEGATIVE_PARTICLE_LITHIUM_DELTA_OVER_FROZEN_Q_REF_V1,4.856838656432225,25,20.0,W10_80_PERCENT_DISCHARGE_WINDOW,14.55,3.0000000000000004,2.995775859412274,4.85,99.76127049715363,4.856838656432225,25,,,,0.8227541670380063,0.07911979211604789,0.11536285368609084,0.9713677312864453,,,,,-0.1486848182185627,0.1486848182185627,,,4.349696309444064e-05,,,2.0271056721747616e-05,118.06293668295379,99.99133957955142,7.485950307528633e-06,0.0009098647697499692,0.0009098647697499692,SOC_UPPER_BOUND_NOT_REACHED,844514.5774790436,844877.9936559914,363.4161769478044,0.0,0.8227541670380063,100.0,,,,,,,,,,,,,,,,,,,,,,,,,,,,,1,FIRST_UPWARD_CROSSING,charge_timeseries/cycle-028.csv,,,844044.7501834919,851805.585428251,SOC_UPPER_BOUND_NOT_REACHED,SOC_UPPER_BOUND_NOT_REACHED;NON_MONOTONIC_SOC,False,False,3,charge-efficiency-v1
28,virtual,60-80,60.0,80.0,60.0,80.0,100.0,NEGATIVE_PARTICLE_LITHIUM_DELTA_OVER_FROZEN_Q_REF_V1,4.856838656432225,25,20.0,W10_80_PERCENT_DISCHARGE_WINDOW,14.55,3.0000000000000004,2.995775859412274,4.85,99.76127049715363,4.856838656432225,25,,,,0.7888739501288372,0.11536285368609084,0.15160591525613376,0.9713677312864445,,,,,-0.18258166532049924,0.18258166532049924,,,3.8819140509877004e-05,,,6.609789968424137e-05,123.13345257855235,99.98885954303883,-1.7032877302147753e-05,-0.0021591380092302426,0.0021591380092302426,SOC_UPPER_BOUND_NOT_REACHED,844877.9936559914,847799.670342646,2921.676686654476,0.22684332606243995,0.5620306240663973,71.24466766517105,,,,,,,,,,,,,,,,,,,,,,,,,,,,,1,FIRST_UPWARD_CROSSING,charge_timeseries/cycle-028.csv,,,844044.7501834919,851805.585428251,SOC_UPPER_BOUND_NOT_REACHED,SOC_UPPER_BOUND_NOT_REACHED;NON_MONOTONIC_SOC,False,False,3,charge-efficiency-v1
28,virtual,80-100,80.0,100.0,80.0,,0.0,NEGATIVE_PARTICLE_LITHIUM_DELTA_OVER_FROZEN_Q_REF_V1,4.856838656432225,25,20.0,W10_80_PERCENT_DISCHARGE_WINDOW,14.55,3.0000000000000004,2.995775859412274,4.85,99.76127049715363,4.856838656432225,25,,,,,,,,,,,,,,,,,,,,,,,,,,,,,,,,,,,,,,,,,,,,,,,,,,,,,,,,,,,,0,FIRST_UPWARD_CROSSING,charge_timeseries/cycle-028.csv,,,844044.7501834919,851805.585428251,SOC_UPPER_BOUND_NOT_REACHED,SOC_UPPER_BOUND_NOT_REACHED;NON_MONOTONIC_SOC,False,False,3,charge-efficiency-v1
29,virtual,20-40,20.0,40.0,20.0,40.0,100.0,NEGATIVE_PARTICLE_LITHIUM_DELTA_OVER_FROZEN_Q_REF_V1,4.856838656432225,25,20.0,W10_80_PERCENT_DISCHARGE_WINDOW,14.55,3.0000000000000004,2.995775859412274,4.85,99.76127049715363,4.856838656432225,25,,,,1.3224575880818785,0.04286334489506864,0.07910640646511158,0.9713677312864448,,,,,0.35103576045462226,0.0,,,5.473411617494539e-05,,,1.537863761621322e-05,73.45171142277144,99.99590940826391,-1.6016412979658057e-05,-0.0012111097644264429,0.0012111097644264429,SOC_UPPER_BOUND_NOT_REACHED,875365.7901601819,875840.9270013279,475.13684114594383,0.09139235638556684,1.2310652316963118,93.08920322215215,,,,,,,,,,,,,,,,,,,,,,,,,,,,,1,FIRST_UPWARD_CROSSING,charge_timeseries/cycle-029.csv,,,875365.7901601819,883138.2584972997,SOC_UPPER_BOUND_NOT_REACHED,SOC_UPPER_BOUND_NOT_REACHED;NON_MONOTONIC_SOC,False,False,3,charge-efficiency-v1
29,virtual,40-60,40.0,60.0,40.0,60.0,100.0,NEGATIVE_PARTICLE_LITHIUM_DELTA_OVER_FROZEN_Q_REF_V1,4.856838656432225,25,20.0,W10_80_PERCENT_DISCHARGE_WINDOW,14.55,3.0000000000000004,2.995775859412274,4.85,99.76127049715363,4.856838656432225,25,,,,0.8201159523191384,0.07910640646511158,0.11534946803515453,0.9713677312864453,,,,,-0.15131486446330977,0.15131486446330977,,,4.3497026977230326e-05,,,1.99515210592624e-05,118.44273099914645,99.99230773455578,-3.6305203365838423e-07,-4.426837846913467e-05,4.426837846913467e-05,SOC_UPPER_BOUND_NOT_REACHED,875840.9270013279,876206.5048970904,365.57789576248723,0.0,0.8201159523191384,99.99999999999999,,,,,,,,,,,,,,,,,,,,,,,,,,,,,1,FIRST_UPWARD_CROSSING,charge_timeseries/cycle-029.csv,,,875365.7901601819,883138.2584972997,SOC_UPPER_BOUND_NOT_REACHED,SOC_UPPER_BOUND_NOT_REACHED;NON_MONOTONIC_SOC,False,False,3,charge-efficiency-v1
29,virtual,60-80,60.0,80.0,60.0,80.0,100.0,NEGATIVE_PARTICLE_LITHIUM_DELTA_OVER_FROZEN_Q_REF_V1,4.856838656432225,25,20.0,W10_80_PERCENT_DISCHARGE_WINDOW,14.55,3.0000000000000004,2.995775859412274,4.85,99.76127049715363,4.856838656432225,25,,,,0.7876017951064678,0.11534946803515453,0.15159252960519745,0.9713677312864445,,,,,-0.18383103711263055,0.18383103711263055,,,3.8414965113152226e-05,,,6.488533644226357e-05,123.33234095221117,99.99173428335763,-3.819936890159248e-05,-0.004850086571530567,0.004850086571530567,SOC_UPPER_BOUND_NOT_REACHED,876206.5048970904,879133.160645094,2926.6557480036663,0.22677811704042944,0.5608236780660384,71.2065007406727,,,,,,,,,,,,,,,,,,,,,,,,,,,,,1,FIRST_UPWARD_CROSSING,charge_timeseries/cycle-029.csv,,,875365.7901601819,883138.2584972997,SOC_UPPER_BOUND_NOT_REACHED,SOC_UPPER_BOUND_NOT_REACHED;NON_MONOTONIC_SOC,False,False,3,charge-efficiency-v1
29,virtual,80-100,80.0,100.0,80.0,,0.0,NEGATIVE_PARTICLE_LITHIUM_DELTA_OVER_FROZEN_Q_REF_V1,4.856838656432225,25,20.0,W10_80_PERCENT_DISCHARGE_WINDOW,14.55,3.0000000000000004,2.995775859412274,4.85,99.76127049715363,4.856838656432225,25,,,,,,,,,,,,,,,,,,,,,,,,,,,,,,,,,,,,,,,,,,,,,,,,,,,,,,,,,,,,0,FIRST_UPWARD_CROSSING,charge_timeseries/cycle-029.csv,,,875365.7901601819,883138.2584972997,SOC_UPPER_BOUND_NOT_REACHED,SOC_UPPER_BOUND_NOT_REACHED;NON_MONOTONIC_SOC,False,False,3,charge-efficiency-v1
30,virtual,20-40,20.0,40.0,20.0,40.0,100.0,NEGATIVE_PARTICLE_LITHIUM_DELTA_OVER_FROZEN_Q_REF_V1,4.856838656432225,25,20.0,W10_80_PERCENT_DISCHARGE_WINDOW,14.55,3.0000000000000004,2.995775859412274,4.85,99.76127049715363,4.856838656432225,25,,,,1.3233425330308133,0.04285003470555633,0.07909309627559927,0.9713677312864448,,,,,0.3519263664975501,0.0,,,5.452656241906363e-05,,,1.521149725650442e-05,73.40259283148326,99.99633993122646,-2.130281285706026e-05,-0.0016097731558790786,0.0016097731558790786,SOC_UPPER_BOUND_NOT_REACHED,906698.46360102,907176.2027627827,477.73916176261804,0.09095004748051544,1.232392485550298,93.12724822104711,,,,,,,,,,,,,,,,,,,,,,,,,,,,,1,FIRST_UPWARD_CROSSING,charge_timeseries/cycle-030.csv,,,906698.46360102,914478.5975111058,SOC_UPPER_BOUND_NOT_REACHED,SOC_UPPER_BOUND_NOT_REACHED;NON_MONOTONIC_SOC,False,False,3,charge-efficiency-v1
30,virtual,40-60,40.0,60.0,40.0,60.0,100.0,NEGATIVE_PARTICLE_LITHIUM_DELTA_OVER_FROZEN_Q_REF_V1,4.856838656432225,25,20.0,W10_80_PERCENT_DISCHARGE_WINDOW,14.55,3.0000000000000004,2.995775859412274,4.85,99.76127049715363,4.856838656432225,25,,,,0.8193735507296107,0.07909309627559927,0.1153361578456422,0.9713677312864448,,,,,-0.15208643994262122,0.15208643994262122,,,4.3084620013947826e-05,,,1.964464250160322e-05,118.55004721857216,99.98874025336735,2.953012327155946e-05,0.0036039878569749267,0.0036039878569749267,SOC_UPPER_BOUND_NOT_REACHED,907176.2027627827,907542.9637277416,366.760964958953,0.0,0.8193735507296107,100.0,,,,,,,,,,,,,,,,,,,,,,,,,,,,,1,FIRST_UPWARD_CROSSING,charge_timeseries/cycle-030.csv,,,906698.46360102,914478.5975111058,SOC_UPPER_BOUND_NOT_REACHED,SOC_UPPER_BOUND_NOT_REACHED;NON_MONOTONIC_SOC,False,False,3,charge-efficiency-v1
30,virtual,60-80,60.0,80.0,60.0,80.0,100.0,NEGATIVE_PARTICLE_LITHIUM_DELTA_OVER_FROZEN_Q_REF_V1,4.856838656432225,25,20.0,W10_80_PERCENT_DISCHARGE_WINDOW,14.55,3.0000000000000004,2.995775859412274,4.85,99.76127049715363,4.856838656432225,25,,,,0.7874699411480965,0.1153361578456422,0.15157921941568517,0.9713677312864456,,,,,-0.1839679929630102,0.1839679929630102,,,3.788142702153014e-05,,,6.381583855686115e-05,123.35299171803742,99.9910850153139,-3.149444091732345e-05,-0.003999446743504386,0.003999446743504386,SOC_UPPER_BOUND_NOT_REACHED,907542.9637277416,910474.324476839,2931.360749097447,0.22670347546049116,0.5607664656876054,71.2111582151355,,,,,,,,,,,,,,,,,,,,,,,,,,,,,1,FIRST_UPWARD_CROSSING,charge_timeseries/cycle-030.csv,,,906698.46360102,914478.5975111058,SOC_UPPER_BOUND_NOT_REACHED,SOC_UPPER_BOUND_NOT_REACHED;NON_MONOTONIC_SOC,False,False,3,charge-efficiency-v1
30,virtual,80-100,80.0,100.0,80.0,,0.0,NEGATIVE_PARTICLE_LITHIUM_DELTA_OVER_FROZEN_Q_REF_V1,4.856838656432225,25,20.0,W10_80_PERCENT_DISCHARGE_WINDOW,14.55,3.0000000000000004,2.995775859412274,4.85,99.76127049715363,4.856838656432225,25,,,,,,,,,,,,,,,,,,,,,,,,,,,,,,,,,,,,,,,,,,,,,,,,,,,,,,,,,,,,0,FIRST_UPWARD_CROSSING,charge_timeseries/cycle-030.csv,,,906698.46360102,914478.5975111058,SOC_UPPER_BOUND_NOT_REACHED,SOC_UPPER_BOUND_NOT_REACHED;NON_MONOTONIC_SOC,False,False,3,charge-efficiency-v1
31,virtual,20-40,20.0,40.0,20.0,40.0,100.0,NEGATIVE_PARTICLE_LITHIUM_DELTA_OVER_FROZEN_Q_REF_V1,4.856838656432225,25,20.0,W10_80_PERCENT_DISCHARGE_WINDOW,14.55,3.0000000000000004,2.995775859412274,4.85,99.76127049715363,4.856838656432225,25,,,,1.3276777301321883,0.042836897681023736,0.07907995925106669,0.9713677312864453,,,,,0.356254294566352,0.0,,,5.530633051368736e-05,,,1.5192412110488773e-05,73.16291515936871,99.99580438248479,-1.4794463233380739e-05,-0.0011143113195027947,0.0011143113195027947,SOC_UPPER_BOUND_NOT_REACHED,938038.8029181291,938522.8606171632,484.0576990341075,0.09051686241821288,1.2371608677139754,93.18231673516128,,,,,,,,,,,,,,,,,,,,,,,,,,,,,1,FIRST_UPWARD_CROSSING,charge_timeseries/cycle-031.csv,,,938038.8029181291,945832.7526093746,SOC_UPPER_BOUND_NOT_REACHED,SOC_UPPER_BOUND_NOT_REACHED;NON_MONOTONIC_SOC,False,False,3,charge-efficiency-v1
31,virtual,40-60,40.0,60.0,40.0,60.0,100.0,NEGATIVE_PARTICLE_LITHIUM_DELTA_OVER_FROZEN_Q_REF_V1,4.856838656432225,25,20.0,W10_80_PERCENT_DISCHARGE_WINDOW,14.55,3.0000000000000004,2.995775859412274,4.85,99.76127049715363,4.856838656432225,25,,,,0.8163813275225066,0.07907995925106669,0.11532302082110961,0.9713677312864445,,,,,-0.1550578189463496,0.1550578189463496,,,4.3200493813508496e-05,,,1.9356125027229776e-05,118.98456009941815,99.99125222735942,8.858563571023659e-06,0.00108510119871396,0.00108510119871396,SOC_UPPER_BOUND_NOT_REACHED,938522.8606171632,938892.137852982,369.277235818795,0.0,0.8163813275225066,100.0,,,,,,,,,,,,,,,,,,,,,,,,,,,,,1,FIRST_UPWARD_CROSSING,charge_timeseries/cycle-031.csv,,,938038.8029181291,945832.7526093746,SOC_UPPER_BOUND_NOT_REACHED,SOC_UPPER_BOUND_NOT_REACHED;NON_MONOTONIC_SOC,False,False,3,charge-efficiency-v1
31,virtual,60-80,60.0,80.0,60.0,80.0,100.0,NEGATIVE_PARTICLE_LITHIUM_DELTA_OVER_FROZEN_Q_REF_V1,4.856838656432225,25,20.0,W10_80_PERCENT_DISCHARGE_WINDOW,14.55,3.0000000000000004,2.995775859412274,4.85,99.76127049715363,4.856838656432225,25,,,,0.7861297641961384,0.11532302082110961,0.15156608239115255,0.9713677312864448,,,,,-0.18533900794291724,0.18533900794291724,,,3.753735610993736e-05,,,6.270069380171633e-05,123.56328121982794,99.98714705164303,8.028026992068504e-07,0.00010212088840418872,0.00010212088840418872,SOC_UPPER_BOUND_NOT_REACHED,938892.137852982,941829.3892080731,2937.251355091059,0.22663511323178012,0.5594946509643584,71.17077567168225,,,,,,,,,,,,,,,,,,,,,,,,,,,,,1,FIRST_UPWARD_CROSSING,charge_timeseries/cycle-031.csv,,,938038.8029181291,945832.7526093746,SOC_UPPER_BOUND_NOT_REACHED,SOC_UPPER_BOUND_NOT_REACHED;NON_MONOTONIC_SOC,False,False,3,charge-efficiency-v1
31,virtual,80-100,80.0,100.0,80.0,,0.0,NEGATIVE_PARTICLE_LITHIUM_DELTA_OVER_FROZEN_Q_REF_V1,4.856838656432225,25,20.0,W10_80_PERCENT_DISCHARGE_WINDOW,14.55,3.0000000000000004,2.995775859412274,4.85,99.76127049715363,4.856838656432225,25,,,,,,,,,,,,,,,,,,,,,,,,,,,,,,,,,,,,,,,,,,,,,,,,,,,,,,,,,,,,0,FIRST_UPWARD_CROSSING,charge_timeseries/cycle-031.csv,,,938038.8029181291,945832.7526093746,SOC_UPPER_BOUND_NOT_REACHED,SOC_UPPER_BOUND_NOT_REACHED;NON_MONOTONIC_SOC,False,False,3,charge-efficiency-v1
32,virtual,20-40,20.0,40.0,20.0,40.0,100.0,NEGATIVE_PARTICLE_LITHIUM_DELTA_OVER_FROZEN_Q_REF_V1,4.856838656432225,25,20.0,W10_80_PERCENT_DISCHARGE_WINDOW,14.55,3.0000000000000004,2.995775859412274,4.85,99.76127049715363,4.856838656432225,25,,,,1.329981140272902,0.04282384434644664,0.07906690591648957,0.9713677312864447,,,,,0.3585563329449104,0.0,,,5.556913434960186e-05,,,1.511128373268486e-05,73.03620343722524,99.9957085074503,-1.360437653530333e-05,-0.0010228999587551908,0.0010228999587551908,SOC_UPPER_BOUND_NOT_REACHED,969392.9584297019,969881.4852337834,488.52680408148257,0.09009252232106123,1.239888617951841,93.22603008471422,,,,,,,,,,,,,,,,,,,,,,,,,,,,,1,FIRST_UPWARD_CROSSING,charge_timeseries/cycle-032.csv,,,969392.9584297019,977198.0393567851,SOC_UPPER_BOUND_NOT_REACHED,SOC_UPPER_BOUND_NOT_REACHED;NON_MONOTONIC_SOC,False,False,3,charge-efficiency-v1
32,virtual,40-60,40.0,60.0,40.0,60.0,100.0,NEGATIVE_PARTICLE_LITHIUM_DELTA_OVER_FROZEN_Q_REF_V1,4.856838656432225,25,20.0,W10_80_PERCENT_DISCHARGE_WINDOW,14.55,3.0000000000000004,2.995775859412274,4.85,99.76127049715363,4.856838656432225,25,,,,0.8146704641870609,0.07906690591648957,0.11530996748653252,0.9713677312864453,,,,,-0.15676995598874535,0.15676995598874535,,,4.3048006192636205e-05,,,1.9081821449475067e-05,119.23443576118211,99.99107751016437,1.055906171887333e-05,0.0012961144638292431,0.0012961144638292431,SOC_UPPER_BOUND_NOT_REACHED,969881.4852337834,970252.6715790587,371.1863452753983,0.0,0.8146704641870609,100.0,,,,,,,,,,,,,,,,,,,,,,,,,,,,,1,FIRST_UPWARD_CROSSING,charge_timeseries/cycle-032.csv,,,969392.9584297019,977198.0393567851,SOC_UPPER_BOUND_NOT_REACHED,SOC_UPPER_BOUND_NOT_REACHED;NON_MONOTONIC_SOC,False,False,3,charge-efficiency-v1
32,virtual,60-80,60.0,80.0,60.0,80.0,100.0,NEGATIVE_PARTICLE_LITHIUM_DELTA_OVER_FROZEN_Q_REF_V1,4.856838656432225,25,20.0,W10_80_PERCENT_DISCHARGE_WINDOW,14.55,3.0000000000000004,2.995775859412274,4.85,99.76127049715363,4.856838656432225,25,,,,0.7855257966620615,0.11530996748653252,0.15155302905657547,0.9713677312864453,,,,,-0.18594453208405104,0.18594453208405104,,,3.711242117131891e-05,,,6.169114206234019e-05,123.65828536937714,99.98693900822822,3.7938964335682e-06,0.00048297540955238166,0.00048297540955238166,SOC_UPPER_BOUND_NOT_REACHED,970252.6715790587,973195.6220000152,2942.9504209564902,0.2265607618264658,0.5589650348355957,71.15807491120069,,,,,,,,,,,,,,,,,,,,,,,,,,,,,1,FIRST_UPWARD_CROSSING,charge_timeseries/cycle-032.csv,,,969392.9584297019,977198.0393567851,SOC_UPPER_BOUND_NOT_REACHED,SOC_UPPER_BOUND_NOT_REACHED;NON_MONOTONIC_SOC,False,False,3,charge-efficiency-v1
32,virtual,80-100,80.0,100.0,80.0,,0.0,NEGATIVE_PARTICLE_LITHIUM_DELTA_OVER_FROZEN_Q_REF_V1,4.856838656432225,25,20.0,W10_80_PERCENT_DISCHARGE_WINDOW,14.55,3.0000000000000004,2.995775859412274,4.85,99.76127049715363,4.856838656432225,25,,,,,,,,,,,,,,,,,,,,,,,,,,,,,,,,,,,,,,,,,,,,,,,,,,,,,,,,,,,,0,FIRST_UPWARD_CROSSING,charge_timeseries/cycle-032.csv,,,969392.9584297019,977198.0393567851,SOC_UPPER_BOUND_NOT_REACHED,SOC_UPPER_BOUND_NOT_REACHED;NON_MONOTONIC_SOC,False,False,3,charge-efficiency-v1
33,virtual,20-40,20.0,40.0,20.0,40.0,100.0,NEGATIVE_PARTICLE_LITHIUM_DELTA_OVER_FROZEN_Q_REF_V1,4.856838656432225,25,20.0,W10_80_PERCENT_DISCHARGE_WINDOW,14.55,3.0000000000000004,2.995775859412274,4.85,99.76127049715363,4.856838656432225,25,,,,1.3304853802710785,0.04281092095328582,0.07905398252332876,0.9713677312864452,,,,,0.35906444842120633,0.0,,,5.521061422380548e-05,,,1.4948057085423933e-05,73.00852348250041,99.99600141691025,-1.6958107882159013e-05,-0.0012745805503480165,0.0012745805503480165,SOC_UPPER_BOUND_NOT_REACHED,1000758.2454173437,1001248.8288617511,490.5834444073956,0.08967644120789336,1.2408089390631851,93.25987022949306,,,,,,,,,,,,,,,,,,,,,,,,,,,,,1,FIRST_UPWARD_CROSSING,charge_timeseries/cycle-033.csv,,,1000758.2454173437,1008570.5983488603,SOC_UPPER_BOUND_NOT_REACHED,SOC_UPPER_BOUND_NOT_REACHED;NON_MONOTONIC_SOC,False,False,3,charge-efficiency-v1
33,virtual,40-60,40.0,60.0,40.0,60.0,100.0,NEGATIVE_PARTICLE_LITHIUM_DELTA_OVER_FROZEN_Q_REF_V1,4.856838656432225,25,20.0,W10_80_PERCENT_DISCHARGE_WINDOW,14.55,3.0000000000000004,2.995775859412274,4.85,99.76127049715363,4.856838656432225,25,,,,0.814134513103782,0.07905398252332876,0.1152970440933717,0.9713677312864448,,,,,-0.15730081781581481,0.15730081781581481,,,4.263456034354213e-05,,,1.8812003771843944e-05,119.31292871779033,99.99169674887087,6.153069036618497e-06,0.0007557803947115226,0.0007557803947115226,SOC_UPPER_BOUND_NOT_REACHED,1001248.8288617511,1001621.0676364566,372.2387747055196,0.0,0.814134513103782,100.0,,,,,,,,,,,,,,,,,,,,,,,,,,,,,1,FIRST_UPWARD_CROSSING,charge_timeseries/cycle-033.csv,,,1000758.2454173437,1008570.5983488603,SOC_UPPER_BOUND_NOT_REACHED,SOC_UPPER_BOUND_NOT_REACHED;NON_MONOTONIC_SOC,False,False,3,charge-efficiency-v1
33,virtual,60-80,60.0,80.0,60.0,80.0,100.0,NEGATIVE_PARTICLE_LITHIUM_DELTA_OVER_FROZEN_Q_REF_V1,4.856838656432225,25,20.0,W10_80_PERCENT_DISCHARGE_WINDOW,14.55,3.0000000000000004,2.995775859412274,4.85,99.76127049715363,4.856838656432225,25,,,,0.7855181831525061,0.1152970440933717,0.15154010566341464,0.9713677312864448,,,,,-0.18593891518598885,0.18593891518598885,,,3.662169100966239e-05,,,6.077891903354116e-05,123.65948390756176,99.98862317207076,-8.03355799317007e-06,-0.0010227080881729735,0.0010227080881729735,SOC_UPPER_BOUND_NOT_REACHED,1001621.0676364566,1004569.1114660919,2948.0438296352877,0.22648041254826423,0.5590377706042419,71.1680241901805,,,,,,,,,,,,,,,,,,,,,,,,,,,,,1,FIRST_UPWARD_CROSSING,charge_timeseries/cycle-033.csv,,,1000758.2454173437,1008570.5983488603,SOC_UPPER_BOUND_NOT_REACHED,SOC_UPPER_BOUND_NOT_REACHED;NON_MONOTONIC_SOC,False,False,3,charge-efficiency-v1
33,virtual,80-100,80.0,100.0,80.0,,0.0,NEGATIVE_PARTICLE_LITHIUM_DELTA_OVER_FROZEN_Q_REF_V1,4.856838656432225,25,20.0,W10_80_PERCENT_DISCHARGE_WINDOW,14.55,3.0000000000000004,2.995775859412274,4.85,99.76127049715363,4.856838656432225,25,,,,,,,,,,,,,,,,,,,,,,,,,,,,,,,,,,,,,,,,,,,,,,,,,,,,,,,,,,,,0,FIRST_UPWARD_CROSSING,charge_timeseries/cycle-033.csv,,,1000758.2454173437,1008570.5983488603,SOC_UPPER_BOUND_NOT_REACHED,SOC_UPPER_BOUND_NOT_REACHED;NON_MONOTONIC_SOC,False,False,3,charge-efficiency-v1
34,virtual,20-40,20.0,40.0,20.0,40.0,100.0,NEGATIVE_PARTICLE_LITHIUM_DELTA_OVER_FROZEN_Q_REF_V1,4.856838656432225,25,20.0,W10_80_PERCENT_DISCHARGE_WINDOW,14.55,3.0000000000000004,2.995775859412274,4.85,99.76127049715363,4.856838656432225,25,,,,1.3320942557318367,0.042798174838245356,0.0790412364082883,0.9713677312864453,,,,,0.36067179472716093,0.0,,,5.526513414916452e-05,,,1.4849731470308741e-05,72.92034532141926,99.9958914530263,-1.538514738896879e-05,-0.001154959367384733,0.001154959367384733,SOC_UPPER_BOUND_NOT_REACHED,1032130.804493183,1032625.0416993242,494.23720614111164,0.08926841489420231,1.2428258408376345,93.29864125529471,,,,,,,,,,,,,,,,,,,,,,,,,,,,,1,FIRST_UPWARD_CROSSING,charge_timeseries/cycle-034.csv,,,1032130.804493183,1039953.4139414198,SOC_UPPER_BOUND_NOT_REACHED,SOC_UPPER_BOUND_NOT_REACHED;NON_MONOTONIC_SOC,False,False,3,charge-efficiency-v1
34,virtual,40-60,40.0,60.0,40.0,60.0,100.0,NEGATIVE_PARTICLE_LITHIUM_DELTA_OVER_FROZEN_Q_REF_V1,4.856838656432225,25,20.0,W10_80_PERCENT_DISCHARGE_WINDOW,14.55,3.0000000000000004,2.995775859412274,4.85,99.76127049715363,4.856838656432225,25,,,,0.8128899316337965,0.0790412364082883,0.11528429797833123,0.9713677312864445,,,,,-0.1585744416027315,0.1585744416027315,,,4.241103908654391e-05,,,1.8558737071894954e-05,119.49560370788816,99.9881113117136,3.567217392508315e-05,0.004388315384025856,0.004388315384025856,SOC_UPPER_BOUND_NOT_REACHED,1032625.0416993242,1032998.9324237123,373.89072438814446,0.0,0.8128899316337965,100.0,,,,,,,,,,,,,,,,,,,,,,,,,,,,,1,FIRST_UPWARD_CROSSING,charge_timeseries/cycle-034.csv,,,1032130.804493183,1039953.4139414198,SOC_UPPER_BOUND_NOT_REACHED,SOC_UPPER_BOUND_NOT_REACHED;NON_MONOTONIC_SOC,False,False,3,charge-efficiency-v1
34,virtual,60-80,60.0,80.0,60.0,80.0,100.0,NEGATIVE_PARTICLE_LITHIUM_DELTA_OVER_FROZEN_Q_REF_V1,4.856838656432225,25,20.0,W10_80_PERCENT_DISCHARGE_WINDOW,14.55,3.0000000000000004,2.995775859412274,4.85,99.76127049715363,4.856838656432225,25,,,,0.7851393325227857,0.11528429797833123,0.15152735954837415,0.9713677312864445,,,,,-0.1862881304956904,0.1862881304956904,,,3.620061761549099e-05,,,5.987561281253426e-05,123.71915290057822,99.99239221249564,-3.634449839640119e-05,-0.004629050780021447,0.004629050780021447,SOC_UPPER_BOUND_NOT_REACHED,1032998.9324237123,1035952.8114497688,2953.8790260565274,0.2264022655992034,0.5587370669235823,71.16406525301254,,,,,,,,,,,,,,,,,,,,,,,,,,,,,1,FIRST_UPWARD_CROSSING,charge_timeseries/cycle-034.csv,,,1032130.804493183,1039953.4139414198,SOC_UPPER_BOUND_NOT_REACHED,SOC_UPPER_BOUND_NOT_REACHED;NON_MONOTONIC_SOC,False,False,3,charge-efficiency-v1
34,virtual,80-100,80.0,100.0,80.0,,0.0,NEGATIVE_PARTICLE_LITHIUM_DELTA_OVER_FROZEN_Q_REF_V1,4.856838656432225,25,20.0,W10_80_PERCENT_DISCHARGE_WINDOW,14.55,3.0000000000000004,2.995775859412274,4.85,99.76127049715363,4.856838656432225,25,,,,,,,,,,,,,,,,,,,,,,,,,,,,,,,,,,,,,,,,,,,,,,,,,,,,,,,,,,,,0,FIRST_UPWARD_CROSSING,charge_timeseries/cycle-034.csv,,,1032130.804493183,1039953.4139414198,SOC_UPPER_BOUND_NOT_REACHED,SOC_UPPER_BOUND_NOT_REACHED;NON_MONOTONIC_SOC,False,False,3,charge-efficiency-v1
35,virtual,20-40,20.0,40.0,20.0,40.0,100.0,NEGATIVE_PARTICLE_LITHIUM_DELTA_OVER_FROZEN_Q_REF_V1,4.856838656432225,25,20.0,W10_80_PERCENT_DISCHARGE_WINDOW,14.55,3.0000000000000004,2.995775859412274,4.85,99.76127049715363,4.856838656432225,25,,,,1.3368239060899254,0.042785609987730504,0.07902867155777343,0.9713677312864447,,,,,0.36539931522711117,0.0,,,5.645609614325208e-05,,,1.4910251873268693e-05,72.66235491910054,99.9957466666993,-1.4506771647049277e-05,-0.0010851669827988126,0.0010851669827988126,SOC_UPPER_BOUND_NOT_REACHED,1063513.6203045875,1064015.9995407718,502.3792361842589,0.08886791835006685,1.2479559877398585,93.35230930975818,,,,,,,,,,,,,,,,,,,,,,,,,,,,,1,FIRST_UPWARD_CROSSING,charge_timeseries/cycle-035.csv,,,1063513.6203045875,1071354.260099467,SOC_UPPER_BOUND_NOT_REACHED,SOC_UPPER_BOUND_NOT_REACHED;NON_MONOTONIC_SOC,False,False,3,charge-efficiency-v1
35,virtual,40-60,40.0,60.0,40.0,60.0,100.0,NEGATIVE_PARTICLE_LITHIUM_DELTA_OVER_FROZEN_Q_REF_V1,4.856838656432225,25,20.0,W10_80_PERCENT_DISCHARGE_WINDOW,14.55,3.0000000000000004,2.995775859412274,4.85,99.76127049715363,4.856838656432225,25,,,,0.8094879384803542,0.07902867155777343,0.11527173312781638,0.9713677312864453,,,,,-0.16194296595243007,0.16194296595243007,,,4.267788440770123e-05,,,1.8320210145018195e-05,119.99780171029933,99.99219591258425,2.175051786235116e-06,0.00026869477392316984,0.00026869477392316984,SOC_UPPER_BOUND_NOT_REACHED,1064015.9995407718,1064393.089580087,377.09003931523347,0.0,0.8094879384803542,100.0,,,,,,,,,,,,,,,,,,,,,,,,,,,,,1,FIRST_UPWARD_CROSSING,charge_timeseries/cycle-035.csv,,,1063513.6203045875,1071354.260099467,SOC_UPPER_BOUND_NOT_REACHED,SOC_UPPER_BOUND_NOT_REACHED;NON_MONOTONIC_SOC,False,False,3,charge-efficiency-v1
35,virtual,60-80,60.0,80.0,60.0,80.0,100.0,NEGATIVE_PARTICLE_LITHIUM_DELTA_OVER_FROZEN_Q_REF_V1,4.856838656432225,25,20.0,W10_80_PERCENT_DISCHARGE_WINDOW,14.55,3.0000000000000004,2.995775859412274,4.85,99.76127049715363,4.856838656432225,25,,,,0.783770856951889,0.11527173312781638,0.15151479469785933,0.9713677312864453,,,,,-0.18765875410759086,0.18765875410759086,,,3.593229334894737e-05,,,5.892030064040196e-05,123.93516838124432,99.99210486426158,-3.29728209547131e-05,-0.004206946540848112,0.004206946540848112,SOC_UPPER_BOUND_NOT_REACHED,1064393.089580087,1067354.5520122976,2961.462432210624,0.22633281650952197,0.557438040442367,71.12257817422073,,,,,,,,,,,,,,,,,,,,,,,,,,,,,1,FIRST_UPWARD_CROSSING,charge_timeseries/cycle-035.csv,,,1063513.6203045875,1071354.260099467,SOC_UPPER_BOUND_NOT_REACHED,SOC_UPPER_BOUND_NOT_REACHED;NON_MONOTONIC_SOC,False,False,3,charge-efficiency-v1
35,virtual,80-100,80.0,100.0,80.0,,0.0,NEGATIVE_PARTICLE_LITHIUM_DELTA_OVER_FROZEN_Q_REF_V1,4.856838656432225,25,20.0,W10_80_PERCENT_DISCHARGE_WINDOW,14.55,3.0000000000000004,2.995775859412274,4.85,99.76127049715363,4.856838656432225,25,,,,,,,,,,,,,,,,,,,,,,,,,,,,,,,,,,,,,,,,,,,,,,,,,,,,,,,,,,,,0,FIRST_UPWARD_CROSSING,charge_timeseries/cycle-035.csv,,,1063513.6203045875,1071354.260099467,SOC_UPPER_BOUND_NOT_REACHED,SOC_UPPER_BOUND_NOT_REACHED;NON_MONOTONIC_SOC,False,False,3,charge-efficiency-v1
36,virtual,20-40,20.0,40.0,20.0,40.0,100.0,NEGATIVE_PARTICLE_LITHIUM_DELTA_OVER_FROZEN_Q_REF_V1,4.856838656432225,25,20.0,W10_80_PERCENT_DISCHARGE_WINDOW,14.55,3.0000000000000004,2.995775859412274,4.85,99.76127049715363,4.856838656432225,25,,,,1.3371502650778861,0.04277313208071077,0.07901619365075371,0.9713677312864452,,,,,0.36572556184001836,0.0,,,5.607984586347269e-05,,,1.4767743055379978e-05,72.64462017885964,99.99573930074197,-1.3875637496107984e-05,-0.0010377021834041785,0.0010377021834041785,SOC_UPPER_BOUND_NOT_REACHED,1094914.4667383877,1095418.8941094733,504.4273710855424,0.08847461228759974,1.2486756527902865,93.38334556719052,,,,,,,,,,,,,,,,,,,,,,,,,,,,,1,FIRST_UPWARD_CROSSING,charge_timeseries/cycle-036.csv,,,1094914.4667383877,1102763.2022254078,SOC_UPPER_BOUND_NOT_REACHED,SOC_UPPER_BOUND_NOT_REACHED;NON_MONOTONIC_SOC,False,False,3,charge-efficiency-v1
36,virtual,40-60,40.0,60.0,40.0,60.0,100.0,NEGATIVE_PARTICLE_LITHIUM_DELTA_OVER_FROZEN_Q_REF_V1,4.856838656432225,25,20.0,W10_80_PERCENT_DISCHARGE_WINDOW,14.55,3.0000000000000004,2.995775859412274,4.85,99.76127049715363,4.856838656432225,25,,,,0.809049220890557,0.07901619365075371,0.11525925522079665,0.9713677312864448,,,,,-0.1623898096588819,0.1623898096588819,,,4.229839312784242e-05,,,1.8084980543321694e-05,120.06287209784549,99.99118727746682,1.0915889322782313e-05,0.0013492243785571787,0.0013492243785571787,SOC_UPPER_BOUND_NOT_REACHED,1095418.8941094733,1095797.1475022389,378.25339276561795,0.0,0.809049220890557,100.0,,,,,,,,,,,,,,,,,,,,,,,,,,,,,1,FIRST_UPWARD_CROSSING,charge_timeseries/cycle-036.csv,,,1094914.4667383877,1102763.2022254078,SOC_UPPER_BOUND_NOT_REACHED,SOC_UPPER_BOUND_NOT_REACHED;NON_MONOTONIC_SOC,False,False,3,charge-efficiency-v1
36,virtual,60-80,60.0,80.0,60.0,80.0,100.0,NEGATIVE_PARTICLE_LITHIUM_DELTA_OVER_FROZEN_Q_REF_V1,4.856838656432225,25,20.0,W10_80_PERCENT_DISCHARGE_WINDOW,14.55,3.0000000000000004,2.995775859412274,4.85,99.76127049715363,4.856838656432225,25,,,,0.7838768927391846,0.11525925522079665,0.15150231679083956,0.9713677312864442,,,,,-0.18755413531136578,0.18755413531136578,,,3.54844728541609e-05,,,5.812672691032916e-05,123.91840355085483,99.99192516520228,-3.0314435658262973e-05,-0.003867244453696295,0.003867244453696295,SOC_UPPER_BOUND_NOT_REACHED,1095797.1475022389,1098764.3413552921,2967.1938530533585,0.22625258941467372,0.5576243033245109,71.136719105974,,,,,,,,,,,,,,,,,,,,,,,,,,,,,1,FIRST_UPWARD_CROSSING,charge_timeseries/cycle-036.csv,,,1094914.4667383877,1102763.2022254078,SOC_UPPER_BOUND_NOT_REACHED,SOC_UPPER_BOUND_NOT_REACHED;NON_MONOTONIC_SOC,False,False,3,charge-efficiency-v1
36,virtual,80-100,80.0,100.0,80.0,,0.0,NEGATIVE_PARTICLE_LITHIUM_DELTA_OVER_FROZEN_Q_REF_V1,4.856838656432225,25,20.0,W10_80_PERCENT_DISCHARGE_WINDOW,14.55,3.0000000000000004,2.995775859412274,4.85,99.76127049715363,4.856838656432225,25,,,,,,,,,,,,,,,,,,,,,,,,,,,,,,,,,,,,,,,,,,,,,,,,,,,,,,,,,,,,0,FIRST_UPWARD_CROSSING,charge_timeseries/cycle-036.csv,,,1094914.4667383877,1102763.2022254078,SOC_UPPER_BOUND_NOT_REACHED,SOC_UPPER_BOUND_NOT_REACHED;NON_MONOTONIC_SOC,False,False,3,charge-efficiency-v1
37,virtual,20-40,20.0,40.0,20.0,40.0,100.0,NEGATIVE_PARTICLE_LITHIUM_DELTA_OVER_FROZEN_Q_REF_V1,4.856838656432225,25,20.0,W10_80_PERCENT_DISCHARGE_WINDOW,14.55,3.0000000000000004,2.995775859412274,4.85,99.76127049715363,4.856838656432225,25,,,,1.3377809255836424,0.04276083394245797,0.07900389551250092,0.9713677312864453,,,,,0.3663545073254341,0.0,,,5.589253452607801e-05,,,1.4652938997897214e-05,72.61037384448132,99.99561311043979,-1.1858501760997342e-05,-0.0008864307701071277,0.0008864307701071277,SOC_UPPER_BOUND_NOT_REACHED,1126323.4091049817,1126830.5571124905,507.14800750888594,0.08808823588273654,1.2496926897009057,93.41534669854066,,,,,,,,,,,,,,,,,,,,,,,,,,,,,1,FIRST_UPWARD_CROSSING,charge_timeseries/cycle-037.csv,,,1126323.4091049817,1134181.5266155466,SOC_UPPER_BOUND_NOT_REACHED,SOC_UPPER_BOUND_NOT_REACHED;NON_MONOTONIC_SOC,False,False,3,charge-efficiency-v1
37,virtual,40-60,40.0,60.0,40.0,60.0,100.0,NEGATIVE_PARTICLE_LITHIUM_DELTA_OVER_FROZEN_Q_REF_V1,4.856838656432225,25,20.0,W10_80_PERCENT_DISCHARGE_WINDOW,14.55,3.0000000000000004,2.995775859412274,4.85,99.76127049715363,4.856838656432225,25,,,,0.8083868467723527,0.07900389551250092,0.11524695708254386,0.9713677312864448,,,,,-0.16304285680215572,0.16304285680215572,,,4.198585523523292e-05,,,1.7861283052818255e-05,120.16124893234299,99.99233383270509,2.125149775600299e-06,0.00026288772313470804,0.00026288772313470804,SOC_UPPER_BOUND_NOT_REACHED,1126830.5571124905,1127210.1688901545,379.61177766393473,0.0,0.8083868467723527,100.0,,,,,,,,,,,,,,,,,,,,,,,,,,,,,1,FIRST_UPWARD_CROSSING,charge_timeseries/cycle-037.csv,,,1126323.4091049817,1134181.5266155466,SOC_UPPER_BOUND_NOT_REACHED,SOC_UPPER_BOUND_NOT_REACHED;NON_MONOTONIC_SOC,False,False,3,charge-efficiency-v1
37,virtual,60-80,60.0,80.0,60.0,80.0,100.0,NEGATIVE_PARTICLE_LITHIUM_DELTA_OVER_FROZEN_Q_REF_V1,4.856838656432225,25,20.0,W10_80_PERCENT_DISCHARGE_WINDOW,14.55,3.0000000000000004,2.995775859412274,4.85,99.76127049715363,4.856838656432225,25,,,,0.7838806065113734,0.11524695708254386,0.1514900186525868,0.9713677312864448,,,,,-0.18754534351469607,0.18754534351469607,,,3.5065598424350794e-05,,,5.7357927858794205e-05,123.91781646563176,99.99257300931532,-3.420478665849824e-05,-0.004363519951172815,0.004363519951172815,SOC_UPPER_BOUND_NOT_REACHED,1127210.1688901545,1130183.406723979,2973.237833824473,0.22617321755930409,0.5577073889520693,71.14698135397452,,,,,,,,,,,,,,,,,,,,,,,,,,,,,1,FIRST_UPWARD_CROSSING,charge_timeseries/cycle-037.csv,,,1126323.4091049817,1134181.5266155466,SOC_UPPER_BOUND_NOT_REACHED,SOC_UPPER_BOUND_NOT_REACHED;NON_MONOTONIC_SOC,False,False,3,charge-efficiency-v1
37,virtual,80-100,80.0,100.0,80.0,,0.0,NEGATIVE_PARTICLE_LITHIUM_DELTA_OVER_FROZEN_Q_REF_V1,4.856838656432225,25,20.0,W10_80_PERCENT_DISCHARGE_WINDOW,14.55,3.0000000000000004,2.995775859412274,4.85,99.76127049715363,4.856838656432225,25,,,,,,,,,,,,,,,,,,,,,,,,,,,,,,,,,,,,,,,,,,,,,,,,,,,,,,,,,,,,0,FIRST_UPWARD_CROSSING,charge_timeseries/cycle-037.csv,,,1126323.4091049817,1134181.5266155466,SOC_UPPER_BOUND_NOT_REACHED,SOC_UPPER_BOUND_NOT_REACHED;NON_MONOTONIC_SOC,False,False,3,charge-efficiency-v1
38,virtual,20-40,20.0,40.0,20.0,40.0,100.0,NEGATIVE_PARTICLE_LITHIUM_DELTA_OVER_FROZEN_Q_REF_V1,4.856838656432225,25,20.0,W10_80_PERCENT_DISCHARGE_WINDOW,14.55,3.0000000000000004,2.995775859412274,4.85,99.76127049715363,4.856838656432225,25,,,,1.3423427911839894,0.04274873957557914,0.07899180114562208,0.9713677312864452,,,,,0.3709135605515967,0.0,,,5.7189491466838605e-05,,,1.4750140672085965e-05,72.3636121612176,99.99541850663248,-1.0440286191348847e-05,-0.0007777660266749136,0.0007777660266749136,SOC_UPPER_BOUND_NOT_REACHED,1157741.7337787785,1158257.9161715887,516.1823928101635,0.0877084485389388,1.2546343426450506,93.46601709228258,,,,,,,,,,,,,,,,,,,,,,,,,,,,,1,FIRST_UPWARD_CROSSING,charge_timeseries/cycle-038.csv,,,1157741.7337787785,1165620.8924516623,SOC_UPPER_BOUND_NOT_REACHED,SOC_UPPER_BOUND_NOT_REACHED;NON_MONOTONIC_SOC,False,False,3,charge-efficiency-v1
38,virtual,40-60,40.0,60.0,40.0,60.0,100.0,NEGATIVE_PARTICLE_LITHIUM_DELTA_OVER_FROZEN_Q_REF_V1,4.856838656432225,25,20.0,W10_80_PERCENT_DISCHARGE_WINDOW,14.55,3.0000000000000004,2.995775859412274,4.85,99.76127049715363,4.856838656432225,25,,,,0.8050034724032374,0.07899180114562208,0.11523486271566502,0.9713677312864448,,,,,-0.16643046934331518,0.16643046934331518,,,4.230397000602737e-05,,,1.765033270755001e-05,120.66627841822192,99.99177513360159,6.256157394246564e-06,0.0007771590569130822,0.0007771590569130822,SOC_UPPER_BOUND_NOT_REACHED,1158257.9161715887,1158641.2252366776,383.3090650889052,0.0,0.8050034724032374,100.0,,,,,,,,,,,,,,,,,,,,,,,,,,,,,1,FIRST_UPWARD_CROSSING,charge_timeseries/cycle-038.csv,,,1157741.7337787785,1165620.8924516623,SOC_UPPER_BOUND_NOT_REACHED,SOC_UPPER_BOUND_NOT_REACHED;NON_MONOTONIC_SOC,False,False,3,charge-efficiency-v1
38,virtual,60-80,60.0,80.0,60.0,80.0,100.0,NEGATIVE_PARTICLE_LITHIUM_DELTA_OVER_FROZEN_Q_REF_V1,4.856838656432225,25,20.0,W10_80_PERCENT_DISCHARGE_WINDOW,14.55,3.0000000000000004,2.995775859412274,4.85,99.76127049715363,4.856838656432225,25,,,,0.7827103082418776,0.11523486271566502,0.15147792428570797,0.9713677312864453,,,,,-0.18872643438950454,0.18872643438950454,,,3.482265440701328e-05,,,5.649932508972749e-05,124.10309677258877,99.99118302848318,-2.2310634559929987e-05,-0.0028504332094519227,0.0028504332094519227,SOC_UPPER_BOUND_NOT_REACHED,1158641.2252366776,1161623.4375334047,2982.212296727219,0.22610762580104993,0.5566026824408277,71.1122207769395,,,,,,,,,,,,,,,,,,,,,,,,,,,,,1,FIRST_UPWARD_CROSSING,charge_timeseries/cycle-038.csv,,,1157741.7337787785,1165620.8924516623,SOC_UPPER_BOUND_NOT_REACHED,SOC_UPPER_BOUND_NOT_REACHED;NON_MONOTONIC_SOC,False,False,3,charge-efficiency-v1
38,virtual,80-100,80.0,100.0,80.0,,0.0,NEGATIVE_PARTICLE_LITHIUM_DELTA_OVER_FROZEN_Q_REF_V1,4.856838656432225,25,20.0,W10_80_PERCENT_DISCHARGE_WINDOW,14.55,3.0000000000000004,2.995775859412274,4.85,99.76127049715363,4.856838656432225,25,,,,,,,,,,,,,,,,,,,,,,,,,,,,,,,,,,,,,,,,,,,,,,,,,,,,,,,,,,,,0,FIRST_UPWARD_CROSSING,charge_timeseries/cycle-038.csv,,,1157741.7337787785,1165620.8924516623,SOC_UPPER_BOUND_NOT_REACHED,SOC_UPPER_BOUND_NOT_REACHED;NON_MONOTONIC_SOC,False,False,3,charge-efficiency-v1
39,virtual,20-40,20.0,40.0,20.0,40.0,100.0,NEGATIVE_PARTICLE_LITHIUM_DELTA_OVER_FROZEN_Q_REF_V1,4.856838656432225,25,20.0,W10_80_PERCENT_DISCHARGE_WINDOW,14.55,3.0000000000000004,2.995775859412274,4.85,99.76127049715363,4.856838656432225,25,,,,1.3446596480524555,0.04273676363646502,0.07897982520650795,0.9713677312864448,,,,,0.37323058588034014,0.0,,,5.7725476279680416e-05,,,1.4750067748842133e-05,72.23892921107063,99.9954389286717,-1.1144658357942205e-05,-0.0008288088643162325,0.0008288088643162325,SOC_UPPER_BOUND_NOT_REACHED,1189181.0997418163,1189703.284324729,522.1845829125699,0.0873349899660107,1.2573246580864448,93.50504864985702,,,,,,,,,,,,,,,,,,,,,,,,,,,,,1,FIRST_UPWARD_CROSSING,charge_timeseries/cycle-039.csv,,,1189181.0997418163,1197076.5229760224,SOC_UPPER_BOUND_NOT_REACHED,SOC_UPPER_BOUND_NOT_REACHED;NON_MONOTONIC_SOC,False,False,3,charge-efficiency-v1
39,virtual,40-60,40.0,60.0,40.0,60.0,100.0,NEGATIVE_PARTICLE_LITHIUM_DELTA_OVER_FROZEN_Q_REF_V1,4.856838656432225,25,20.0,W10_80_PERCENT_DISCHARGE_WINDOW,14.55,3.0000000000000004,2.995775859412274,4.85,99.76127049715363,4.856838656432225,25,,,,0.8031317886495484,0.07897982520650795,0.1152228867765509,0.9713677312864453,,,,,-0.16832846436587365,0.16832846436587365,,,4.230724897045894e-05,,,1.7446434206966344e-05,120.94748894447106,99.98847988209602,3.276804579932513e-05,0.004080033471769808,0.004080033471769808,SOC_UPPER_BOUND_NOT_REACHED,1189703.284324729,1190089.302719135,386.01839440627236,0.0,0.8031317886495484,100.0,,,,,,,,,,,,,,,,,,,,,,,,,,,,,1,FIRST_UPWARD_CROSSING,charge_timeseries/cycle-039.csv,,,1189181.0997418163,1197076.5229760224,SOC_UPPER_BOUND_NOT_REACHED,SOC_UPPER_BOUND_NOT_REACHED;NON_MONOTONIC_SOC,False,False,3,charge-efficiency-v1
39,virtual,60-80,60.0,80.0,60.0,80.0,100.0,NEGATIVE_PARTICLE_LITHIUM_DELTA_OVER_FROZEN_Q_REF_V1,4.856838656432225,25,20.0,W10_80_PERCENT_DISCHARGE_WINDOW,14.55,3.0000000000000004,2.995775859412274,4.85,99.76127049715363,4.856838656432225,25,,,,0.7822904548062635,0.1152228867765509,0.15146594834659383,0.9713677312864445,,,,,-0.18915717495873652,0.18915717495873652,,,3.4495910952269185e-05,,,5.5733210534529565e-05,124.1697026109064,99.98978659677303,-1.0330642931322132e-05,-0.001320563592186555,0.001320563592186555,SOC_UPPER_BOUND_NOT_REACHED,1190089.302719135,1193079.6463451001,2990.343625965075,0.2260375126097019,0.5562529421965616,71.10567932652576,,,,,,,,,,,,,,,,,,,,,,,,,,,,,1,FIRST_UPWARD_CROSSING,charge_timeseries/cycle-039.csv,,,1189181.0997418163,1197076.5229760224,SOC_UPPER_BOUND_NOT_REACHED,SOC_UPPER_BOUND_NOT_REACHED;NON_MONOTONIC_SOC,False,False,3,charge-efficiency-v1
39,virtual,80-100,80.0,100.0,80.0,,0.0,NEGATIVE_PARTICLE_LITHIUM_DELTA_OVER_FROZEN_Q_REF_V1,4.856838656432225,25,20.0,W10_80_PERCENT_DISCHARGE_WINDOW,14.55,3.0000000000000004,2.995775859412274,4.85,99.76127049715363,4.856838656432225,25,,,,,,,,,,,,,,,,,,,,,,,,,,,,,,,,,,,,,,,,,,,,,,,,,,,,,,,,,,,,0,FIRST_UPWARD_CROSSING,charge_timeseries/cycle-039.csv,,,1189181.0997418163,1197076.5229760224,SOC_UPPER_BOUND_NOT_REACHED,SOC_UPPER_BOUND_NOT_REACHED;NON_MONOTONIC_SOC,False,False,3,charge-efficiency-v1
40,virtual,20-40,20.0,40.0,20.0,40.0,100.0,NEGATIVE_PARTICLE_LITHIUM_DELTA_OVER_FROZEN_Q_REF_V1,4.856838656432225,25,20.0,W10_80_PERCENT_DISCHARGE_WINDOW,14.55,3.0000000000000004,2.995775859412274,4.85,99.76127049715363,4.856838656432225,25,,,,1.3463846879188377,0.04272493538138084,0.07896799695142379,0.9713677312864452,,,,,0.37495296856196736,0.0,,,5.8050564395957516e-05,,,1.4722889161249836e-05,72.14637391546158,99.99524741546756,-8.785383131870717e-06,-0.0006525165660826584,0.0006525165660826584,SOC_UPPER_BOUND_NOT_REACHED,1220636.7305985738,1221164.0246803963,527.2940818224673,0.08696766556814528,1.2594170223506924,93.5406525082683,,,,,,,,,,,,,,,,,,,,,,,,,,,,,1,FIRST_UPWARD_CROSSING,charge_timeseries/cycle-040.csv,,,1220636.7305985738,1228546.916050874,SOC_UPPER_BOUND_NOT_REACHED,SOC_UPPER_BOUND_NOT_REACHED;NON_MONOTONIC_SOC,False,False,3,charge-efficiency-v1
40,virtual,40-60,40.0,60.0,40.0,60.0,100.0,NEGATIVE_PARTICLE_LITHIUM_DELTA_OVER_FROZEN_Q_REF_V1,4.856838656432225,25,20.0,W10_80_PERCENT_DISCHARGE_WINDOW,14.55,3.0000000000000004,2.995775859412274,4.85,99.76127049715363,4.856838656432225,25,,,,0.8016146992647832,0.07896799695142379,0.11521105852146671,0.9713677312864445,,,,,-0.16981359554882486,0.16981359554882486,,,4.222859356948008e-05,,,1.7248062398035613e-05,121.17638713179207,99.99244480830764,1.0868711960432265e-06,0.00013558523777571342,0.00013558523777571342,SOC_UPPER_BOUND_NOT_REACHED,1221164.0246803963,1221552.394405143,388.36972474674303,0.0,0.8016146992647832,100.0,,,,,,,,,,,,,,,,,,,,,,,,,,,,,1,FIRST_UPWARD_CROSSING,charge_timeseries/cycle-040.csv,,,1220636.7305985738,1228546.916050874,SOC_UPPER_BOUND_NOT_REACHED,SOC_UPPER_BOUND_NOT_REACHED;NON_MONOTONIC_SOC,False,False,3,charge-efficiency-v1
40,virtual,60-80,60.0,80.0,60.0,80.0,100.0,NEGATIVE_PARTICLE_LITHIUM_DELTA_OVER_FROZEN_Q_REF_V1,4.856838656432225,25,20.0,W10_80_PERCENT_DISCHARGE_WINDOW,14.55,3.0000000000000004,2.995775859412274,4.85,99.76127049715363,4.856838656432225,25,,,,0.7820133118300714,0.11521105852146671,0.15145412009150963,0.9713677312864445,,,,,-0.18940679025292106,0.18940679025292106,,,3.415714522507149e-05,,,5.501333619184132e-05,124.21370794996379,99.99330308119366,-3.6799684868915605e-05,-0.00470576194960119,0.00470576194960119,SOC_UPPER_BOUND_NOT_REACHED,1221552.394405143,1224550.4543934837,2998.059988340576,0.22596695384555276,0.5560463579845186,71.10446197945866,,,,,,,,,,,,,,,,,,,,,,,,,,,,,1,FIRST_UPWARD_CROSSING,charge_timeseries/cycle-040.csv,,,1220636.7305985738,1228546.916050874,SOC_UPPER_BOUND_NOT_REACHED,SOC_UPPER_BOUND_NOT_REACHED;NON_MONOTONIC_SOC,False,False,3,charge-efficiency-v1
40,virtual,80-100,80.0,100.0,80.0,,0.0,NEGATIVE_PARTICLE_LITHIUM_DELTA_OVER_FROZEN_Q_REF_V1,4.856838656432225,25,20.0,W10_80_PERCENT_DISCHARGE_WINDOW,14.55,3.0000000000000004,2.995775859412274,4.85,99.76127049715363,4.856838656432225,25,,,,,,,,,,,,,,,,,,,,,,,,,,,,,,,,,,,,,,,,,,,,,,,,,,,,,,,,,,,,0,FIRST_UPWARD_CROSSING,charge_timeseries/cycle-040.csv,,,1220636.7305985738,1228546.916050874,SOC_UPPER_BOUND_NOT_REACHED,SOC_UPPER_BOUND_NOT_REACHED;NON_MONOTONIC_SOC,False,False,3,charge-efficiency-v1
41,virtual,20-40,20.0,40.0,20.0,40.0,100.0,NEGATIVE_PARTICLE_LITHIUM_DELTA_OVER_FROZEN_Q_REF_V1,4.856838656432225,25,20.0,W10_80_PERCENT_DISCHARGE_WINDOW,14.55,3.0000000000000004,2.995775859412274,4.85,99.76127049715363,4.856838656432225,25,,,,1.3490900353640183,0.04271329796929747,0.07895635953934041,0.9713677312864448,,,,,0.3776568590828103,0.0,,,5.890151375546014e-05,,,1.4779227791521243e-05,72.00169787217689,99.99514895277206,-8.235746784102105e-06,-0.0006104668011931386,0.0006104668011931386,SOC_UPPER_BOUND_NOT_REACHED,1252107.12367647,1252642.1071141895,534.9834377194591,0.08660622092154965,1.2624838144424686,93.58039725657146,,,,,,,,,,,,,,,,,,,,,,,,,,,,,1,FIRST_UPWARD_CROSSING,charge_timeseries/cycle-041.csv,,,1252107.12367647,1260037.7922624995,SOC_UPPER_BOUND_NOT_REACHED,SOC_UPPER_BOUND_NOT_REACHED;NON_MONOTONIC_SOC,False,False,3,charge-efficiency-v1
41,virtual,40-60,40.0,60.0,40.0,60.0,100.0,NEGATIVE_PARTICLE_LITHIUM_DELTA_OVER_FROZEN_Q_REF_V1,4.856838656432225,25,20.0,W10_80_PERCENT_DISCHARGE_WINDOW,14.55,3.0000000000000004,2.995775859412274,4.85,99.76127049715363,4.856838656432225,25,,,,0.7993718418791139,0.07895635953934041,0.11519942110938335,0.9713677312864448,,,,,-0.17208322511841806,0.17208322511841806,,,4.2355145439255254e-05,,,1.705920552387205e-05,121.5163807875711,99.98907445740372,2.7921360124083527e-05,0.003492912642312709,0.003492912642312709,SOC_UPPER_BOUND_NOT_REACHED,1252642.1071141895,1253033.9254698807,391.8183556912858,0.0,0.7993718418791139,100.00000000000001,,,,,,,,,,,,,,,,,,,,,,,,,,,,,1,FIRST_UPWARD_CROSSING,charge_timeseries/cycle-041.csv,,,1252107.12367647,1260037.7922624995,SOC_UPPER_BOUND_NOT_REACHED,SOC_UPPER_BOUND_NOT_REACHED;NON_MONOTONIC_SOC,False,False,3,charge-efficiency-v1
41,virtual,60-80,60.0,80.0,60.0,80.0,100.0,NEGATIVE_PARTICLE_LITHIUM_DELTA_OVER_FROZEN_Q_REF_V1,4.856838656432225,25,20.0,W10_80_PERCENT_DISCHARGE_WINDOW,14.55,3.0000000000000004,2.995775859412274,4.85,99.76127049715363,4.856838656432225,25,,,,0.7816232369636303,0.11519942110938335,0.15144248267942628,0.9713677312864448,,,,,-0.18985061305126516,0.18985061305126516,,,3.386412621311265e-05,,,5.428027500508151e-05,124.27569772105475,99.98642328894124,1.7974327232495035e-05,0.0022996152599454255,0.0022996152599454255,SOC_UPPER_BOUND_NOT_REACHED,1253033.9254698807,1256041.6472391146,3007.7217692337963,0.22590327846853694,0.5557199584950934,71.0981880034551,,,,,,,,,,,,,,,,,,,,,,,,,,,,,1,FIRST_UPWARD_CROSSING,charge_timeseries/cycle-041.csv,,,1252107.12367647,1260037.7922624995,SOC_UPPER_BOUND_NOT_REACHED,SOC_UPPER_BOUND_NOT_REACHED;NON_MONOTONIC_SOC,False,False,3,charge-efficiency-v1
41,virtual,80-100,80.0,100.0,80.0,,0.0,NEGATIVE_PARTICLE_LITHIUM_DELTA_OVER_FROZEN_Q_REF_V1,4.856838656432225,25,20.0,W10_80_PERCENT_DISCHARGE_WINDOW,14.55,3.0000000000000004,2.995775859412274,4.85,99.76127049715363,4.856838656432225,25,,,,,,,,,,,,,,,,,,,,,,,,,,,,,,,,,,,,,,,,,,,,,,,,,,,,,,,,,,,,0,FIRST_UPWARD_CROSSING,charge_timeseries/cycle-041.csv,,,1252107.12367647,1260037.7922624995,SOC_UPPER_BOUND_NOT_REACHED,SOC_UPPER_BOUND_NOT_REACHED;NON_MONOTONIC_SOC,False,False,3,charge-efficiency-v1
42,virtual,20-40,20.0,40.0,20.0,40.0,100.0,NEGATIVE_PARTICLE_LITHIUM_DELTA_OVER_FROZEN_Q_REF_V1,4.856838656432225,25,20.0,W10_80_PERCENT_DISCHARGE_WINDOW,14.55,3.0000000000000004,2.995775859412274,4.85,99.76127049715363,4.856838656432225,25,,,,1.3509124943664017,0.04270179761345562,0.07894485918349854,0.9713677312864445,,,,,0.37947597870767363,0.0,,,5.9524902754485784e-05,,,1.4802055528749525e-05,71.90456342192842,99.99490830290117,-5.542585999718241e-06,-0.0004102846056152436,0.0004102846056152436,SOC_UPPER_BOUND_NOT_REACHED,1283598.0000311222,1284139.6533927626,541.6533616404366,0.08625026457291315,1.2646622297934886,93.61540699841066,,,,,,,,,,,,,,,,,,,,,,,,,,,,,1,FIRST_UPWARD_CROSSING,charge_timeseries/cycle-042.csv,,,1283598.0000311222,1291547.2465529286,SOC_UPPER_BOUND_NOT_REACHED,SOC_UPPER_BOUND_NOT_REACHED;NON_MONOTONIC_SOC,False,False,3,charge-efficiency-v1
42,virtual,40-60,40.0,60.0,40.0,60.0,100.0,NEGATIVE_PARTICLE_LITHIUM_DELTA_OVER_FROZEN_Q_REF_V1,4.856838656432225,25,20.0,W10_80_PERCENT_DISCHARGE_WINDOW,14.55,3.0000000000000004,2.995775859412274,4.85,99.76127049715363,4.856838656432225,25,,,,0.7976708718867617,0.07894485918349854,0.11518792075354149,0.9713677312864453,,,,,-0.17374406253971883,0.17374406253971883,,,4.236466200550036e-05,,,1.687687886627043e-05,121.77550485061987,99.99408237887343,-1.2038400836522634e-05,-0.0015091939872453584,0.0015091939872453584,SOC_UPPER_BOUND_NOT_REACHED,1284139.6533927626,1284534.479655742,394.8262629793319,0.0,0.7976708718867617,100.0,,,,,,,,,,,,,,,,,,,,,,,,,,,,,1,FIRST_UPWARD_CROSSING,charge_timeseries/cycle-042.csv,,,1283598.0000311222,1291547.2465529286,SOC_UPPER_BOUND_NOT_REACHED,SOC_UPPER_BOUND_NOT_REACHED;NON_MONOTONIC_SOC,False,False,3,charge-efficiency-v1
42,virtual,60-80,60.0,80.0,60.0,80.0,100.0,NEGATIVE_PARTICLE_LITHIUM_DELTA_OVER_FROZEN_Q_REF_V1,4.856838656432225,25,20.0,W10_80_PERCENT_DISCHARGE_WINDOW,14.55,3.0000000000000004,2.995775859412274,4.85,99.76127049715363,4.856838656432225,25,,,,0.7814397109033265,0.11518792075354149,0.15143098232358443,0.9713677312864448,,,,,-0.19001942611578196,0.19001942611578196,,,3.354801190263296e-05,,,5.35976497375891e-05,124.30488465496151,99.98830290662373,4.260071023498568e-06,0.0005451567106276213,0.0005451567106276213,SOC_UPPER_BOUND_NOT_REACHED,1284534.479655742,1287551.3159001342,3016.836244392067,0.2258389427690318,0.5556007681342947,71.09963320036972,,,,,,,,,,,,,,,,,,,,,,,,,,,,,1,FIRST_UPWARD_CROSSING,charge_timeseries/cycle-042.csv,,,1283598.0000311222,1291547.2465529286,SOC_UPPER_BOUND_NOT_REACHED,SOC_UPPER_BOUND_NOT_REACHED;NON_MONOTONIC_SOC,False,False,3,charge-efficiency-v1
42,virtual,80-100,80.0,100.0,80.0,,0.0,NEGATIVE_PARTICLE_LITHIUM_DELTA_OVER_FROZEN_Q_REF_V1,4.856838656432225,25,20.0,W10_80_PERCENT_DISCHARGE_WINDOW,14.55,3.0000000000000004,2.995775859412274,4.85,99.76127049715363,4.856838656432225,25,,,,,,,,,,,,,,,,,,,,,,,,,,,,,,,,,,,,,,,,,,,,,,,,,,,,,,,,,,,,0,FIRST_UPWARD_CROSSING,charge_timeseries/cycle-042.csv,,,1283598.0000311222,1291547.2465529286,SOC_UPPER_BOUND_NOT_REACHED,SOC_UPPER_BOUND_NOT_REACHED;NON_MONOTONIC_SOC,False,False,3,charge-efficiency-v1
43,virtual,20-40,20.0,40.0,20.0,40.0,100.0,NEGATIVE_PARTICLE_LITHIUM_DELTA_OVER_FROZEN_Q_REF_V1,4.856838656432225,25,20.0,W10_80_PERCENT_DISCHARGE_WINDOW,14.55,3.0000000000000004,2.995775859412274,4.85,99.76127049715363,4.856838656432225,25,,,,1.3540787954449005,0.042690436378099224,0.07893349794814217,0.9713677312864452,,,,,0.38263915393273773,0.0,,,6.0848809763740935e-05,,,1.4946682562209934e-05,71.73642586783804,99.9946893618038,-3.885266608438798e-06,-0.0002869306144892581,0.0002869306144892581,SOC_UPPER_BOUND_NOT_REACHED,1315107.454512703,1315659.6155874124,552.1610747094459,0.08589963328265415,1.2681791621622465,93.65623082115907,,,,,,,,,,,,,,,,,,,,,,,,,,,,,1,FIRST_UPWARD_CROSSING,charge_timeseries/cycle-043.csv,,,1315107.454512703,1323084.0369460806,SOC_UPPER_BOUND_NOT_REACHED,SOC_UPPER_BOUND_NOT_REACHED;NON_MONOTONIC_SOC,False,False,3,charge-efficiency-v1
43,virtual,40-60,40.0,60.0,40.0,60.0,100.0,NEGATIVE_PARTICLE_LITHIUM_DELTA_OVER_FROZEN_Q_REF_V1,4.856838656432225,25,20.0,W10_80_PERCENT_DISCHARGE_WINDOW,14.55,3.0000000000000004,2.995775859412274,4.85,99.76127049715363,4.856838656432225,25,,,,0.7948784478388145,0.07893349794814217,0.1151765595181851,0.9713677312864448,,,,,-0.17654666067115485,0.17654666067115485,,,4.268518727104306e-05,,,1.670360869852547e-05,122.20330465966022,99.9927816355217,-2.011572445059784e-06,-0.0002530666733421977,0.0002530666733421977,SOC_UPPER_BOUND_NOT_REACHED,1315659.6155874124,1316059.3251286333,399.7095412207635,0.0,0.7948784478388145,100.0,,,,,,,,,,,,,,,,,,,,,,,,,,,,,1,FIRST_UPWARD_CROSSING,charge_timeseries/cycle-043.csv,,,1315107.454512703,1323084.0369460806,SOC_UPPER_BOUND_NOT_REACHED,SOC_UPPER_BOUND_NOT_REACHED;NON_MONOTONIC_SOC,False,False,3,charge-efficiency-v1
43,virtual,60-80,60.0,80.0,60.0,80.0,100.0,NEGATIVE_PARTICLE_LITHIUM_DELTA_OVER_FROZEN_Q_REF_V1,4.856838656432225,25,20.0,W10_80_PERCENT_DISCHARGE_WINDOW,14.55,3.0000000000000004,2.995775859412274,4.85,99.76127049715363,4.856838656432225,25,,,,0.7810317645337379,0.1151765595181851,0.15141962108822804,0.9713677312864448,,,,,-0.19038638000639693,0.19038638000639693,,,3.328455462042745e-05,,,5.2875158942467665e-05,124.3698112414588,99.99354530046288,-3.574645987292069e-05,-0.004576825360523037,0.004576825360523037,SOC_UPPER_BOUND_NOT_REACHED,1316059.3251286333,1319088.1996708466,3028.8745422134234,0.2257846286511626,0.5552471358825753,71.09149218969961,,,,,,,,,,,,,,,,,,,,,,,,,,,,,1,FIRST_UPWARD_CROSSING,charge_timeseries/cycle-043.csv,,,1315107.454512703,1323084.0369460806,SOC_UPPER_BOUND_NOT_REACHED,SOC_UPPER_BOUND_NOT_REACHED;NON_MONOTONIC_SOC,False,False,3,charge-efficiency-v1
43,virtual,80-100,80.0,100.0,80.0,,0.0,NEGATIVE_PARTICLE_LITHIUM_DELTA_OVER_FROZEN_Q_REF_V1,4.856838656432225,25,20.0,W10_80_PERCENT_DISCHARGE_WINDOW,14.55,3.0000000000000004,2.995775859412274,4.85,99.76127049715363,4.856838656432225,25,,,,,,,,,,,,,,,,,,,,,,,,,,,,,,,,,,,,,,,,,,,,,,,,,,,,,,,,,,,,0,FIRST_UPWARD_CROSSING,charge_timeseries/cycle-043.csv,,,1315107.454512703,1323084.0369460806,SOC_UPPER_BOUND_NOT_REACHED,SOC_UPPER_BOUND_NOT_REACHED;NON_MONOTONIC_SOC,False,False,3,charge-efficiency-v1
44,virtual,20-40,20.0,40.0,20.0,40.0,100.0,NEGATIVE_PARTICLE_LITHIUM_DELTA_OVER_FROZEN_Q_REF_V1,4.856838656432225,25,20.0,W10_80_PERCENT_DISCHARGE_WINDOW,14.55,3.0000000000000004,2.995775859412274,4.85,99.76127049715363,4.856838656432225,25,,,,1.3545675236855583,0.04267919173453251,0.07892225330457545,0.9713677312864448,,,,,0.3831258448051392,0.0,,,6.0920471129531986e-05,,,1.4898839638788353e-05,71.71054335065637,99.99454087059661,-1.871716793999667e-06,-0.00013817818316705463,0.00013817818316705463,SOC_UPPER_BOUND_NOT_REACHED,1346644.2449855811,1347200.6857402495,556.4407546684087,0.08555418408387039,1.269013339601688,93.68402219986116,,,,,,,,,,,,,,,,,,,,,,,,,,,,,1,FIRST_UPWARD_CROSSING,charge_timeseries/cycle-044.csv,,,1346644.2449855811,1354635.5652020338,SOC_UPPER_BOUND_NOT_REACHED,SOC_UPPER_BOUND_NOT_REACHED;NON_MONOTONIC_SOC,False,False,3,charge-efficiency-v1
44,virtual,40-60,40.0,60.0,40.0,60.0,100.0,NEGATIVE_PARTICLE_LITHIUM_DELTA_OVER_FROZEN_Q_REF_V1,4.856838656432225,25,20.0,W10_80_PERCENT_DISCHARGE_WINDOW,14.55,3.0000000000000004,2.995775859412274,4.85,99.76127049715363,4.856838656432225,25,,,,0.794152388728517,0.07892225330457545,0.1151653148746184,0.9713677312864453,,,,,-0.1772663322470769,0.1772663322470769,,,4.249584548425729e-05,,,1.653203667587727e-05,122.31502984479592,99.99357935707651,-8.038193011428163e-06,-0.0010121726164291675,0.0010121726164291675,SOC_UPPER_BOUND_NOT_REACHED,1347200.6857402495,1347602.5790442298,401.8933039803511,0.0,0.794152388728517,100.0,,,,,,,,,,,,,,,,,,,,,,,,,,,,,1,FIRST_UPWARD_CROSSING,charge_timeseries/cycle-044.csv,,,1346644.2449855811,1354635.5652020338,SOC_UPPER_BOUND_NOT_REACHED,SOC_UPPER_BOUND_NOT_REACHED;NON_MONOTONIC_SOC,False,False,3,charge-efficiency-v1
44,virtual,60-80,60.0,80.0,60.0,80.0,100.0,NEGATIVE_PARTICLE_LITHIUM_DELTA_OVER_FROZEN_Q_REF_V1,4.856838656432225,25,20.0,W10_80_PERCENT_DISCHARGE_WINDOW,14.55,3.0000000000000004,2.995775859412274,4.85,99.76127049715363,4.856838656432225,25,,,,0.7812595624651383,0.1151653148746184,0.15140837644466132,0.9713677312864445,,,,,-0.19016546895685066,0.19016546895685066,,,3.293756191880513e-05,,,5.2278237849569253e-05,124.33354776758836,99.99266567242215,-2.7915664223887582e-05,-0.0035731612853229233,0.0035731612853229233,SOC_UPPER_BOUND_NOT_REACHED,1347602.5790442298,1350639.691419581,3037.1123753509646,0.22571932447091503,0.5555402379942233,71.1082801010852,,,,,,,,,,,,,,,,,,,,,,,,,,,,,1,FIRST_UPWARD_CROSSING,charge_timeseries/cycle-044.csv,,,1346644.2449855811,1354635.5652020338,SOC_UPPER_BOUND_NOT_REACHED,SOC_UPPER_BOUND_NOT_REACHED;NON_MONOTONIC_SOC,False,False,3,charge-efficiency-v1
44,virtual,80-100,80.0,100.0,80.0,,0.0,NEGATIVE_PARTICLE_LITHIUM_DELTA_OVER_FROZEN_Q_REF_V1,4.856838656432225,25,20.0,W10_80_PERCENT_DISCHARGE_WINDOW,14.55,3.0000000000000004,2.995775859412274,4.85,99.76127049715363,4.856838656432225,25,,,,,,,,,,,,,,,,,,,,,,,,,,,,,,,,,,,,,,,,,,,,,,,,,,,,,,,,,,,,0,FIRST_UPWARD_CROSSING,charge_timeseries/cycle-044.csv,,,1346644.2449855811,1354635.5652020338,SOC_UPPER_BOUND_NOT_REACHED,SOC_UPPER_BOUND_NOT_REACHED;NON_MONOTONIC_SOC,False,False,3,charge-efficiency-v1
45,virtual,20-40,20.0,40.0,20.0,40.0,100.0,NEGATIVE_PARTICLE_LITHIUM_DELTA_OVER_FROZEN_Q_REF_V1,4.856838656432225,25,20.0,W10_80_PERCENT_DISCHARGE_WINDOW,14.55,3.0000000000000004,2.995775859412274,4.85,99.76127049715363,4.856838656432225,25,,,,1.3572369759636655,0.042668113029718235,0.07891117459976119,0.9713677312864453,,,,,0.38578987772578893,0.0,,,6.235383989957981e-05,,,1.507535820696737e-05,71.56950101486548,99.99415231438304,1.9377533249098633e-06,0.00014277192260651604,0.00014277192260651604,SOC_UPPER_BOUND_NOT_REACHED,1378195.7735103266,1378763.8629170244,568.0894066978232,0.08521383430693465,1.272023141656731,93.72152131012854,,,,,,,,,,,,,,,,,,,,,,,,,,,,,1,FIRST_UPWARD_CROSSING,charge_timeseries/cycle-045.csv,,,1378195.7735103266,1386218.290495518,SOC_UPPER_BOUND_NOT_REACHED,SOC_UPPER_BOUND_NOT_REACHED;NON_MONOTONIC_SOC,False,False,3,charge-efficiency-v1
45,virtual,40-60,40.0,60.0,40.0,60.0,100.0,NEGATIVE_PARTICLE_LITHIUM_DELTA_OVER_FROZEN_Q_REF_V1,4.856838656432225,25,20.0,W10_80_PERCENT_DISCHARGE_WINDOW,14.55,3.0000000000000004,2.995775859412274,4.85,99.76127049715363,4.856838656432225,25,,,,0.7915246000823476,0.07891117459976119,0.11515423616980412,0.9713677312864448,,,,,-0.1798983969974215,0.1798983969974215,,,4.285004734221054e-05,,,1.637191167867119e-05,122.72110445908906,99.99301780471276,-3.956165696594738e-06,-0.0004998158864782157,0.0004998158864782157,SOC_UPPER_BOUND_NOT_REACHED,1378763.8629170244,1379171.4140093194,407.5510922948322,0.0,0.7915246000823476,100.0,,,,,,,,,,,,,,,,,,,,,,,,,,,,,1,FIRST_UPWARD_CROSSING,charge_timeseries/cycle-045.csv,,,1378195.7735103266,1386218.290495518,SOC_UPPER_BOUND_NOT_REACHED,SOC_UPPER_BOUND_NOT_REACHED;NON_MONOTONIC_SOC,False,False,3,charge-efficiency-v1
45,virtual,60-80,60.0,80.0,60.0,80.0,100.0,NEGATIVE_PARTICLE_LITHIUM_DELTA_OVER_FROZEN_Q_REF_V1,4.856838656432225,25,20.0,W10_80_PERCENT_DISCHARGE_WINDOW,14.55,3.0000000000000004,2.995775859412274,4.85,99.76127049715363,4.856838656432225,25,,,,0.7812149714035863,0.11515423616980412,0.15139729773984706,0.9713677312864448,,,,,-0.19020211332421655,0.19020211332421655,,,3.266772235623917e-05,,,5.1594781909601595e-05,124.3406446168353,99.99368247624986,-3.490906290781748e-05,-0.004468560407271429,0.004468560407271429,SOC_UPPER_BOUND_NOT_REACHED,1379171.4140093194,1382222.3251773196,3050.9111680003884,0.22567067090617596,0.5555443004974103,71.11285892272136,,,,,,,,,,,,,,,,,,,,,,,,,,,,,1,FIRST_UPWARD_CROSSING,charge_timeseries/cycle-045.csv,,,1378195.7735103266,1386218.290495518,SOC_UPPER_BOUND_NOT_REACHED,SOC_UPPER_BOUND_NOT_REACHED;NON_MONOTONIC_SOC,False,False,3,charge-efficiency-v1
45,virtual,80-100,80.0,100.0,80.0,,0.0,NEGATIVE_PARTICLE_LITHIUM_DELTA_OVER_FROZEN_Q_REF_V1,4.856838656432225,25,20.0,W10_80_PERCENT_DISCHARGE_WINDOW,14.55,3.0000000000000004,2.995775859412274,4.85,99.76127049715363,4.856838656432225,25,,,,,,,,,,,,,,,,,,,,,,,,,,,,,,,,,,,,,,,,,,,,,,,,,,,,,,,,,,,,0,FIRST_UPWARD_CROSSING,charge_timeseries/cycle-045.csv,,,1378195.7735103266,1386218.290495518,SOC_UPPER_BOUND_NOT_REACHED,SOC_UPPER_BOUND_NOT_REACHED;NON_MONOTONIC_SOC,False,False,3,charge-efficiency-v1
46,virtual,20-40,20.0,40.0,20.0,40.0,100.0,NEGATIVE_PARTICLE_LITHIUM_DELTA_OVER_FROZEN_Q_REF_V1,4.856838656432225,25,20.0,W10_80_PERCENT_DISCHARGE_WINDOW,14.55,3.0000000000000004,2.995775859412274,4.85,99.76127049715363,4.856838656432225,25,,,,1.3598226874310575,0.042657108543829175,0.07890017011387213,0.9713677312864453,,,,,0.3883743944970642,0.0,,,6.411126785789249e-05,,,1.532136189510286e-05,71.43341115462108,99.99407557703717,1.129017795031828e-06,8.302683912155782e-05,8.302683912155782e-05,SOC_UPPER_BOUND_NOT_REACHED,1409778.4989319136,1410360.616883806,582.1179518923399,0.08487818537511344,1.274944502055944,93.7581431638368,,,,,,,,,,,,,,,,,,,,,,,,,,,,,1,FIRST_UPWARD_CROSSING,charge_timeseries/cycle-046.csv,,,1409778.4989319136,1417838.9512784365,SOC_UPPER_BOUND_NOT_REACHED,SOC_UPPER_BOUND_NOT_REACHED;NON_MONOTONIC_SOC,False,False,3,charge-efficiency-v1
46,virtual,40-60,40.0,60.0,40.0,60.0,100.0,NEGATIVE_PARTICLE_LITHIUM_DELTA_OVER_FROZEN_Q_REF_V1,4.856838656432225,25,20.0,W10_80_PERCENT_DISCHARGE_WINDOW,14.55,3.0000000000000004,2.995775859412274,4.85,99.76127049715363,4.856838656432225,25,,,,0.7887085311618631,0.07890017011387213,0.11514323168391505,0.9713677312864445,,,,,-0.18272498808623788,0.18272498808623788,,,4.3343038654788946e-05,,,1.622185248963126e-05,123.15927784570839,99.99165877392505,6.223070512123563e-06,0.0007890203118452677,0.0007890203118452677,SOC_UPPER_BOUND_NOT_REACHED,1410360.616883806,1410775.3417690892,414.7248852831319,0.0,0.7887085311618631,100.0,,,,,,,,,,,,,,,,,,,,,,,,,,,,,1,FIRST_UPWARD_CROSSING,charge_timeseries/cycle-046.csv,,,1409778.4989319136,1417838.9512784365,SOC_UPPER_BOUND_NOT_REACHED,SOC_UPPER_BOUND_NOT_REACHED;NON_MONOTONIC_SOC,False,False,3,charge-efficiency-v1
46,virtual,60-80,60.0,80.0,60.0,80.0,100.0,NEGATIVE_PARTICLE_LITHIUM_DELTA_OVER_FROZEN_Q_REF_V1,4.856838656432225,25,20.0,W10_80_PERCENT_DISCHARGE_WINDOW,14.55,3.0000000000000004,2.995775859412274,4.85,99.76127049715363,4.856838656432225,25,,,,0.7815239201790806,0.11514323168391505,0.151386293253958,0.9713677312864453,,,,,-0.18996189295653346,0.18996189295653346,,,3.239435094118913e-05,,,5.0906123778185486e-05,124.29149079197259,99.98489082085399,3.478137444934415e-05,0.004450455520462413,0.004450455520462413,SOC_UPPER_BOUND_NOT_REACHED,1410775.3417690892,1413842.8005028856,3067.4587337965386,0.2256284455518821,0.5558954746271985,71.12968141778937,,,,,,,,,,,,,,,,,,,,,,,,,,,,,1,FIRST_UPWARD_CROSSING,charge_timeseries/cycle-046.csv,,,1409778.4989319136,1417838.9512784365,SOC_UPPER_BOUND_NOT_REACHED,SOC_UPPER_BOUND_NOT_REACHED;NON_MONOTONIC_SOC,False,False,3,charge-efficiency-v1
46,virtual,80-100,80.0,100.0,80.0,,0.0,NEGATIVE_PARTICLE_LITHIUM_DELTA_OVER_FROZEN_Q_REF_V1,4.856838656432225,25,20.0,W10_80_PERCENT_DISCHARGE_WINDOW,14.55,3.0000000000000004,2.995775859412274,4.85,99.76127049715363,4.856838656432225,25,,,,,,,,,,,,,,,,,,,,,,,,,,,,,,,,,,,,,,,,,,,,,,,,,,,,,,,,,,,,0,FIRST_UPWARD_CROSSING,charge_timeseries/cycle-046.csv,,,1409778.4989319136,1417838.9512784365,SOC_UPPER_BOUND_NOT_REACHED,SOC_UPPER_BOUND_NOT_REACHED;NON_MONOTONIC_SOC,False,False,3,charge-efficiency-v1
47,virtual,20-40,20.0,40.0,20.0,40.0,100.0,NEGATIVE_PARTICLE_LITHIUM_DELTA_OVER_FROZEN_Q_REF_V1,4.856838656432225,25,20.0,W10_80_PERCENT_DISCHARGE_WINDOW,14.55,3.0000000000000004,2.995775859412274,4.85,99.76127049715363,4.856838656432225,25,,,,1.3612203873438478,0.04264617511406596,0.0788892366841089,0.9713677312864448,,,,,0.38977112610342796,0.0,,,6.54358691134626e-05,,,1.550117043251642e-05,71.36006339001995,99.99401052506023,5.929144288874255e-07,4.355756308090424e-05,4.355756308090424e-05,SOC_UPPER_BOUND_NOT_REACHED,1441399.1600237864,1441993.2919253793,594.1319015929785,0.08454714259647676,1.276673244747371,93.78887185480275,,,,,,,,,,,,,,,,,,,,,,,,,,,,,1,FIRST_UPWARD_CROSSING,charge_timeseries/cycle-047.csv,,,1441399.1600237864,1449493.5869878484,SOC_UPPER_BOUND_NOT_REACHED,SOC_UPPER_BOUND_NOT_REACHED;NON_MONOTONIC_SOC,False,False,3,charge-efficiency-v1
47,virtual,40-60,40.0,60.0,40.0,60.0,100.0,NEGATIVE_PARTICLE_LITHIUM_DELTA_OVER_FROZEN_Q_REF_V1,4.856838656432225,25,20.0,W10_80_PERCENT_DISCHARGE_WINDOW,14.55,3.0000000000000004,2.995775859412274,4.85,99.76127049715363,4.856838656432225,25,,,,0.7867458557217174,0.0788892366841089,0.11513229825415183,0.9713677312864448,,,,,-0.18468433130141262,0.18468433130141262,,,4.365064735568219e-05,,,1.6075929888267892e-05,123.46652025200252,99.99206151055886,2.7291594412170994e-06,0.00034689212804476973,0.00034689212804476973,SOC_UPPER_BOUND_NOT_REACHED,1441993.2919253793,1442414.426621392,421.1346960124728,0.0,0.7867458557217174,100.0,,,,,,,,,,,,,,,,,,,,,,,,,,,,,1,FIRST_UPWARD_CROSSING,charge_timeseries/cycle-047.csv,,,1441399.1600237864,1449493.5869878484,SOC_UPPER_BOUND_NOT_REACHED,SOC_UPPER_BOUND_NOT_REACHED;NON_MONOTONIC_SOC,False,False,3,charge-efficiency-v1
47,virtual,60-80,60.0,80.0,60.0,80.0,100.0,NEGATIVE_PARTICLE_LITHIUM_DELTA_OVER_FROZEN_Q_REF_V1,4.856838656432225,25,20.0,W10_80_PERCENT_DISCHARGE_WINDOW,14.55,3.0000000000000004,2.995775859412274,4.85,99.76127049715363,4.856838656432225,25,,,,0.7820284183391355,0.11513229825415183,0.15137535982419478,0.9713677312864453,,,,,-0.1894031738772586,0.1894031738772586,,,3.208785699210584e-05,,,5.027302764815805e-05,124.21130850326728,99.99183393743101,-1.8499954691497678e-05,-0.002365637137687107,0.002365637137687107,SOC_UPPER_BOUND_NOT_REACHED,1442414.426621392,1445497.1541410363,3082.7275196445835,0.22558307131418615,0.5564453470249493,71.15410821089118,,,,,,,,,,,,,,,,,,,,,,,,,,,,,1,FIRST_UPWARD_CROSSING,charge_timeseries/cycle-047.csv,,,1441399.1600237864,1449493.5869878484,SOC_UPPER_BOUND_NOT_REACHED,SOC_UPPER_BOUND_NOT_REACHED;NON_MONOTONIC_SOC,False,False,3,charge-efficiency-v1
47,virtual,80-100,80.0,100.0,80.0,,0.0,NEGATIVE_PARTICLE_LITHIUM_DELTA_OVER_FROZEN_Q_REF_V1,4.856838656432225,25,20.0,W10_80_PERCENT_DISCHARGE_WINDOW,14.55,3.0000000000000004,2.995775859412274,4.85,99.76127049715363,4.856838656432225,25,,,,,,,,,,,,,,,,,,,,,,,,,,,,,,,,,,,,,,,,,,,,,,,,,,,,,,,,,,,,0,FIRST_UPWARD_CROSSING,charge_timeseries/cycle-047.csv,,,1441399.1600237864,1449493.5869878484,SOC_UPPER_BOUND_NOT_REACHED,SOC_UPPER_BOUND_NOT_REACHED;NON_MONOTONIC_SOC,False,False,3,charge-efficiency-v1
48,virtual,20-40,20.0,40.0,20.0,40.0,100.0,NEGATIVE_PARTICLE_LITHIUM_DELTA_OVER_FROZEN_Q_REF_V1,4.856838656432225,25,20.0,W10_80_PERCENT_DISCHARGE_WINDOW,14.55,3.0000000000000004,2.995775859412274,4.85,99.76127049715363,4.856838656432225,25,,,,1.3637357861700528,0.04263532650357043,0.07887838807361337,0.9713677312864452,,,,,0.3922776368330296,0.0,,,6.90558898420509e-05,,,1.6103789854580997e-05,71.2284403721968,99.99336982636262,5.258370881611185e-06,0.00038558575164907244,0.00038558575164907244,SOC_UPPER_BOUND_NOT_REACHED,1473053.7959756674,1473674.588712263,620.7927365953979,0.08422048778629024,1.2795152983837625,93.82428116645549,,,,,,,,,,,,,,,,,,,,,,,,,,,,,1,FIRST_UPWARD_CROSSING,charge_timeseries/cycle-048.csv,,,1473053.7959756674,1481219.7414052468,SOC_UPPER_BOUND_NOT_REACHED,SOC_UPPER_BOUND_NOT_REACHED;NON_MONOTONIC_SOC,False,False,3,charge-efficiency-v1
48,virtual,40-60,40.0,60.0,40.0,60.0,100.0,NEGATIVE_PARTICLE_LITHIUM_DELTA_OVER_FROZEN_Q_REF_V1,4.856838656432225,25,20.0,W10_80_PERCENT_DISCHARGE_WINDOW,14.55,3.0000000000000004,2.995775859412274,4.85,99.76127049715363,4.856838656432225,25,,,,0.7827492061086431,0.07887838807361337,0.11512144964365632,0.9713677312864453,,,,,-0.18868432806445293,0.18868432806445293,,,4.4885016607173686e-05,,,1.5960254909970495e-05,124.09692960475805,99.99159336270964,4.957615133527327e-06,0.0006333593307840705,0.0006333593307840705,SOC_UPPER_BOUND_NOT_REACHED,1473674.588712263,1474110.90716485,436.3184525871284,0.0,0.7827492061086431,100.00000000000001,,,,,,,,,,,,,,,,,,,,,,,,,,,,,1,FIRST_UPWARD_CROSSING,charge_timeseries/cycle-048.csv,,,1473053.7959756674,1481219.7414052468,SOC_UPPER_BOUND_NOT_REACHED,SOC_UPPER_BOUND_NOT_REACHED;NON_MONOTONIC_SOC,False,False,3,charge-efficiency-v1
48,virtual,60-80,60.0,80.0,60.0,80.0,100.0,NEGATIVE_PARTICLE_LITHIUM_DELTA_OVER_FROZEN_Q_REF_V1,4.856838656432225,25,20.0,W10_80_PERCENT_DISCHARGE_WINDOW,14.55,3.0000000000000004,2.995775859412274,4.85,99.76127049715363,4.856838656432225,25,,,,0.7835175215062073,0.11512144964365632,0.15136451121369923,0.9713677312864442,,,,,-0.18789843792052688,0.18789843792052688,,,3.1785325421045466e-05,,,4.948307253451606e-05,123.97524045398755,99.99384466346109,-3.304025766548424e-05,-0.004216913694791251,0.004216913694791251,SOC_UPPER_BOUND_NOT_REACHED,1474110.90716485,1477222.9782625264,3112.07109767644,0.225569931274992,0.5579475902312153,71.21060792088426,,,,,,,,,,,,,,,,,,,,,,,,,,,,,1,FIRST_UPWARD_CROSSING,charge_timeseries/cycle-048.csv,,,1473053.7959756674,1481219.7414052468,SOC_UPPER_BOUND_NOT_REACHED,SOC_UPPER_BOUND_NOT_REACHED;NON_MONOTONIC_SOC,False,False,3,charge-efficiency-v1
48,virtual,80-100,80.0,100.0,80.0,,0.0,NEGATIVE_PARTICLE_LITHIUM_DELTA_OVER_FROZEN_Q_REF_V1,4.856838656432225,25,20.0,W10_80_PERCENT_DISCHARGE_WINDOW,14.55,3.0000000000000004,2.995775859412274,4.85,99.76127049715363,4.856838656432225,25,,,,,,,,,,,,,,,,,,,,,,,,,,,,,,,,,,,,,,,,,,,,,,,,,,,,,,,,,,,,0,FIRST_UPWARD_CROSSING,charge_timeseries/cycle-048.csv,,,1473053.7959756674,1481219.7414052468,SOC_UPPER_BOUND_NOT_REACHED,SOC_UPPER_BOUND_NOT_REACHED;NON_MONOTONIC_SOC,False,False,3,charge-efficiency-v1
49,virtual,20-40,20.0,40.0,20.0,40.0,100.0,NEGATIVE_PARTICLE_LITHIUM_DELTA_OVER_FROZEN_Q_REF_V1,4.856838656432225,25,20.0,W10_80_PERCENT_DISCHARGE_WINDOW,14.55,3.0000000000000004,2.995775859412274,4.85,99.76127049715363,4.856838656432225,25,,,,1.364191932577796,0.042624449953729826,0.07886751152377278,0.9713677312864453,,,,,0.3927203746895694,0.0,,,7.207731764492104e-05,,,1.6629790318967164e-05,71.2046236375944,99.99238914999408,1.5119493817383756e-05,0.0011083113348144312,0.0011083113348144312,SOC_UPPER_BOUND_NOT_REACHED,1504779.9506778738,1505425.2390324774,645.2883546035088,0.08389795743084984,1.2802939751469462,93.84998874225013,,,,,,,,,,,,,,,,,,,,,,,,,,,,,1,FIRST_UPWARD_CROSSING,charge_timeseries/cycle-049.csv,,,1504779.9506778738,1513015.919356289,SOC_UPPER_BOUND_NOT_REACHED,SOC_UPPER_BOUND_NOT_REACHED;NON_MONOTONIC_SOC,False,False,3,charge-efficiency-v1
49,virtual,40-60,40.0,60.0,40.0,60.0,100.0,NEGATIVE_PARTICLE_LITHIUM_DELTA_OVER_FROZEN_Q_REF_V1,4.856838656432225,25,20.0,W10_80_PERCENT_DISCHARGE_WINDOW,14.55,3.0000000000000004,2.995775859412274,4.85,99.76127049715363,4.856838656432225,25,,,,0.7800718681088961,0.07886751152377278,0.11511057309381571,0.9713677312864448,,,,,-0.1913550468022751,0.1913550468022751,,,4.595548665640124e-05,,,1.586340289962823e-05,124.522851162586,99.99241305485482,-2.6352648296867898e-06,-0.0003378233387745901,0.0003378233387745901,SOC_UPPER_BOUND_NOT_REACHED,1505425.2390324774,1505877.2541807478,452.01514827052813,0.0,0.7800718681088961,100.0,,,,,,,,,,,,,,,,,,,,,,,,,,,,,1,FIRST_UPWARD_CROSSING,charge_timeseries/cycle-049.csv,,,1504779.9506778738,1513015.919356289,SOC_UPPER_BOUND_NOT_REACHED,SOC_UPPER_BOUND_NOT_REACHED;NON_MONOTONIC_SOC,False,False,3,charge-efficiency-v1
49,virtual,60-80,60.0,80.0,60.0,80.0,100.0,NEGATIVE_PARTICLE_LITHIUM_DELTA_OVER_FROZEN_Q_REF_V1,4.856838656432225,25,20.0,W10_80_PERCENT_DISCHARGE_WINDOW,14.55,3.0000000000000004,2.995775859412274,4.85,99.76127049715363,4.856838656432225,25,,,,0.7857540227473078,0.11511057309381571,0.15135363466385865,0.9713677312864448,,,,,-0.18566112419194905,0.18566112419194905,,,3.14133870669437e-05,,,4.875719682845975e-05,123.62236821774808,99.99396558573812,-3.2754931083456285e-05,-0.004168598586225757,0.004168598586225757,SOC_UPPER_BOUND_NOT_REACHED,1505877.2541807478,1509018.7547646377,3141.5005838897277,0.22555268354833147,0.5602013391989763,71.294746572253,,,,,,,,,,,,,,,,,,,,,,,,,,,,,1,FIRST_UPWARD_CROSSING,charge_timeseries/cycle-049.csv,,,1504779.9506778738,1513015.919356289,SOC_UPPER_BOUND_NOT_REACHED,SOC_UPPER_BOUND_NOT_REACHED;NON_MONOTONIC_SOC,False,False,3,charge-efficiency-v1
49,virtual,80-100,80.0,100.0,80.0,,0.0,NEGATIVE_PARTICLE_LITHIUM_DELTA_OVER_FROZEN_Q_REF_V1,4.856838656432225,25,20.0,W10_80_PERCENT_DISCHARGE_WINDOW,14.55,3.0000000000000004,2.995775859412274,4.85,99.76127049715363,4.856838656432225,25,,,,,,,,,,,,,,,,,,,,,,,,,,,,,,,,,,,,,,,,,,,,,,,,,,,,,,,,,,,,0,FIRST_UPWARD_CROSSING,charge_timeseries/cycle-049.csv,,,1504779.9506778738,1513015.919356289,SOC_UPPER_BOUND_NOT_REACHED,SOC_UPPER_BOUND_NOT_REACHED;NON_MONOTONIC_SOC,False,False,3,charge-efficiency-v1
50,virtual,20-40,20.0,40.0,20.0,40.0,100.0,NEGATIVE_PARTICLE_LITHIUM_DELTA_OVER_FROZEN_Q_REF_V1,4.856838656432225,25,20.0,W10_80_PERCENT_DISCHARGE_WINDOW,14.55,3.0000000000000004,2.995775859412274,4.85,99.76127049715363,4.856838656432225,25,,,,1.3631011525895804,0.042613564426334634,0.07885662599637758,0.9713677312864452,,,,,0.39160908447961973,0.0,,,7.660613226343795e-05,,,1.7478466732265274e-05,71.26160295889038,99.99087838615063,3.0252224519911053e-05,0.0022193675401446728,0.0022193675401446728,SOC_UPPER_BOUND_NOT_REACHED,1536576.1287508735,1537257.726083227,681.5973323533839,0.08357918886139734,1.2795219637281832,93.86845292422973,,,,,,,,,,,,,,,,,,,,,,,,,,,,,1,FIRST_UPWARD_CROSSING,charge_timeseries/cycle-050.csv,,,1536576.1287508735,1544920.6008813726,SOC_UPPER_BOUND_NOT_REACHED,SOC_UPPER_BOUND_NOT_REACHED;NON_MONOTONIC_SOC,False,False,3,charge-efficiency-v1
50,virtual,40-60,40.0,60.0,40.0,60.0,100.0,NEGATIVE_PARTICLE_LITHIUM_DELTA_OVER_FROZEN_Q_REF_V1,4.856838656432225,25,20.0,W10_80_PERCENT_DISCHARGE_WINDOW,14.55,3.0000000000000004,2.995775859412274,4.85,99.76127049715363,4.856838656432225,25,,,,0.7769449877436242,0.07885662599637758,0.11509968756642051,0.9713677312864448,,,,,-0.19448764166732327,0.19448764166732327,,,4.792127409451383e-05,,,1.5847438357238786e-05,125.02400383680396,99.99164701162549,1.1294120508820171e-06,0.00014536576832318787,0.00014536576832318787,SOC_UPPER_BOUND_NOT_REACHED,1537257.726083227,1537737.1205478716,479.39446464468585,0.0,0.7769449877436242,100.0,,,,,,,,,,,,,,,,,,,,,,,,,,,,,1,FIRST_UPWARD_CROSSING,charge_timeseries/cycle-050.csv,,,1536576.1287508735,1544920.6008813726,SOC_UPPER_BOUND_NOT_REACHED,SOC_UPPER_BOUND_NOT_REACHED;NON_MONOTONIC_SOC,False,False,3,charge-efficiency-v1
50,virtual,60-80,60.0,80.0,60.0,80.0,100.0,NEGATIVE_PARTICLE_LITHIUM_DELTA_OVER_FROZEN_Q_REF_V1,4.856838656432225,25,20.0,W10_80_PERCENT_DISCHARGE_WINDOW,14.55,3.0000000000000004,2.995775859412274,4.85,99.76127049715363,4.856838656432225,25,,,,0.7900417105004807,0.11509968756642051,0.15134274913646342,0.9713677312864442,,,,,-0.18139538535073615,0.18139538535073615,,,3.093781341833614e-05,,,4.792764575095587e-05,122.95144906603677,99.99122013890522,-9.50089439655244e-06,-0.0012025813663096032,0.0012025813663096032,SOC_UPPER_BOUND_NOT_REACHED,1537737.1205478716,1540922.9536104444,3185.8330625728177,0.2255619969641664,0.5644797135363142,71.44935590536404,,,,,,,,,,,,,,,,,,,,,,,,,,,,,1,FIRST_UPWARD_CROSSING,charge_timeseries/cycle-050.csv,,,1536576.1287508735,1544920.6008813726,SOC_UPPER_BOUND_NOT_REACHED,SOC_UPPER_BOUND_NOT_REACHED;NON_MONOTONIC_SOC,False,False,3,charge-efficiency-v1
50,virtual,80-100,80.0,100.0,80.0,,0.0,NEGATIVE_PARTICLE_LITHIUM_DELTA_OVER_FROZEN_Q_REF_V1,4.856838656432225,25,20.0,W10_80_PERCENT_DISCHARGE_WINDOW,14.55,3.0000000000000004,2.995775859412274,4.85,99.76127049715363,4.856838656432225,25,,,,,,,,,,,,,,,,,,,,,,,,,,,,,,,,,,,,,,,,,,,,,,,,,,,,,,,,,,,,0,FIRST_UPWARD_CROSSING,charge_timeseries/cycle-050.csv,,,1536576.1287508735,1544920.6008813726,SOC_UPPER_BOUND_NOT_REACHED,SOC_UPPER_BOUND_NOT_REACHED;NON_MONOTONIC_SOC,False,False,3,charge-efficiency-v1
51,virtual,20-40,20.0,40.0,20.0,40.0,100.0,NEGATIVE_PARTICLE_LITHIUM_DELTA_OVER_FROZEN_Q_REF_V1,4.856838656432225,25,20.0,W10_80_PERCENT_DISCHARGE_WINDOW,14.55,3.0000000000000004,2.995775859412274,4.85,99.76127049715363,4.856838656432225,25,,,,1.1101156047939253,0.04260261144366828,0.07884567301371122,0.9713677312864448,,,,,0.1387214712155784,0.0,,,2.7883685574828926e-05,,,8.94435753191758e-06,87.50149327616768,99.99762166284411,-1.0425751204801159e-05,-0.0009391590533254893,0.0009391590533254893,SOC_UPPER_BOUND_NOT_REACHED,1568480.8104329533,1568880.595348084,399.784915130907,0.08326029000980877,1.0268553147841166,92.49985410075695,,,,,,,,,,,,,,,,,,,,,,,,,,,,,1,FIRST_UPWARD_CROSSING,charge_timeseries/cycle-051.csv,,,1568480.8104329533,1576279.013340293,SOC_UPPER_BOUND_NOT_REACHED,SOC_UPPER_BOUND_NOT_REACHED;NON_MONOTONIC_SOC,False,False,3,charge-efficiency-v1
51,virtual,40-60,40.0,60.0,40.0,60.0,100.0,NEGATIVE_PARTICLE_LITHIUM_DELTA_OVER_FROZEN_Q_REF_V1,4.856838656432225,25,20.0,W10_80_PERCENT_DISCHARGE_WINDOW,14.55,3.0000000000000004,2.995775859412274,4.85,99.76127049715363,4.856838656432225,25,,,,0.9324565232163445,0.07884567301371122,0.11508873458375415,0.9713677312864448,,,,,-0.03903927556597642,0.03903927556597642,,,1.3910019057246023e-05,,,1.533083720506312e-05,104.17297826775696,99.9862655799292,9.882663961380267e-05,0.010598525202324457,0.010598525202324457,SOC_UPPER_BOUND_NOT_REACHED,1568880.595348084,1569217.533630497,336.93828241292016,0.0,0.9324565232163445,100.0,,,,,,,,,,,,,,,,,,,,,,,,,,,,,1,FIRST_UPWARD_CROSSING,charge_timeseries/cycle-051.csv,,,1568480.8104329533,1576279.013340293,SOC_UPPER_BOUND_NOT_REACHED,SOC_UPPER_BOUND_NOT_REACHED;NON_MONOTONIC_SOC,False,False,3,charge-efficiency-v1
51,virtual,60-80,60.0,80.0,60.0,80.0,100.0,NEGATIVE_PARTICLE_LITHIUM_DELTA_OVER_FROZEN_Q_REF_V1,4.856838656432225,25,20.0,W10_80_PERCENT_DISCHARGE_WINDOW,14.55,3.0000000000000004,2.995775859412274,4.85,99.76127049715363,4.856838656432225,25,,,,0.8872322947079724,0.11508873458375415,0.15133179615379708,0.9713677312864445,,,,,-0.08421790743373946,0.08421790743373946,,,1.94271640280054e-05,,,5.406224375836127e-05,109.48290961457448,99.99070470543518,8.981447480960192e-06,0.0010122994321252008,0.0010122994321252008,SOC_UPPER_BOUND_NOT_REACHED,1569217.533630497,1572279.9918194497,3062.458188952693,0.2249594404292611,0.6622728542787113,74.64480928263491,,,,,,,,,,,,,,,,,,,,,,,,,,,,,1,FIRST_UPWARD_CROSSING,charge_timeseries/cycle-051.csv,,,1568480.8104329533,1576279.013340293,SOC_UPPER_BOUND_NOT_REACHED,SOC_UPPER_BOUND_NOT_REACHED;NON_MONOTONIC_SOC,False,False,3,charge-efficiency-v1
51,virtual,80-100,80.0,100.0,80.0,,0.0,NEGATIVE_PARTICLE_LITHIUM_DELTA_OVER_FROZEN_Q_REF_V1,4.856838656432225,25,20.0,W10_80_PERCENT_DISCHARGE_WINDOW,14.55,3.0000000000000004,2.995775859412274,4.85,99.76127049715363,4.856838656432225,25,,,,,,,,,,,,,,,,,,,,,,,,,,,,,,,,,,,,,,,,,,,,,,,,,,,,,,,,,,,,0,FIRST_UPWARD_CROSSING,charge_timeseries/cycle-051.csv,,,1568480.8104329533,1576279.013340293,SOC_UPPER_BOUND_NOT_REACHED,SOC_UPPER_BOUND_NOT_REACHED;NON_MONOTONIC_SOC,False,False,3,charge-efficiency-v1
52,virtual,20-40,20.0,40.0,20.0,40.0,100.0,NEGATIVE_PARTICLE_LITHIUM_DELTA_OVER_FROZEN_Q_REF_V1,4.856838656432225,25,20.0,W10_80_PERCENT_DISCHARGE_WINDOW,14.55,3.0000000000000004,2.995775859412274,4.85,99.76127049715363,4.856838656432225,25,,,,1.0912798415169533,0.042594761558688216,0.07883782312873115,0.9713677312864448,,,,,0.11988318901521261,0.0,,,2.7558976151703315e-05,,,8.689226241385961e-06,89.01179095695358,99.9973497892845,-7.326987097266979e-06,-0.0006714123012738848,0.0006714123012738848,SOC_UPPER_BOUND_NOT_REACHED,1599839.2231021607,1600235.3136642876,396.090562126743,0.08295272297473177,1.0083271185422216,92.39858377119641,,,,,,,,,,,,,,,,,,,,,,,,,,,,,1,FIRST_UPWARD_CROSSING,charge_timeseries/cycle-052.csv,,,1599839.2231021607,1607641.1979881846,SOC_UPPER_BOUND_NOT_REACHED,SOC_UPPER_BOUND_NOT_REACHED;NON_MONOTONIC_SOC,False,False,3,charge-efficiency-v1
52,virtual,40-60,40.0,60.0,40.0,60.0,100.0,NEGATIVE_PARTICLE_LITHIUM_DELTA_OVER_FROZEN_Q_REF_V1,4.856838656432225,25,20.0,W10_80_PERCENT_DISCHARGE_WINDOW,14.55,3.0000000000000004,2.995775859412274,4.85,99.76127049715363,4.856838656432225,25,,,,0.9410520788658496,0.07883782312873115,0.11508088469877409,0.9713677312864448,,,,,-0.030398437950182586,0.030398437950182586,,,1.207494240453022e-05,,,1.5164583539957477e-05,103.22146383833841,99.99120287479869,5.55460036428812e-05,0.00590254300376499,0.00590254300376499,SOC_UPPER_BOUND_NOT_REACHED,1600235.3136642876,1600569.54667846,334.23301417247086,0.0,0.9410520788658496,100.0,,,,,,,,,,,,,,,,,,,,,,,,,,,,,1,FIRST_UPWARD_CROSSING,charge_timeseries/cycle-052.csv,,,1599839.2231021607,1607641.1979881846,SOC_UPPER_BOUND_NOT_REACHED,SOC_UPPER_BOUND_NOT_REACHED;NON_MONOTONIC_SOC,False,False,3,charge-efficiency-v1
52,virtual,60-80,60.0,80.0,60.0,80.0,100.0,NEGATIVE_PARTICLE_LITHIUM_DELTA_OVER_FROZEN_Q_REF_V1,4.856838656432225,25,20.0,W10_80_PERCENT_DISCHARGE_WINDOW,14.55,3.0000000000000004,2.995775859412274,4.85,99.76127049715363,4.856838656432225,25,,,,0.8973654221043474,0.11508088469877409,0.15132394626881704,0.9713677312864453,,,,,-0.07403734880262579,0.07403734880262579,,,1.8153498890097555e-05,,,5.396187236678812e-05,108.24661919873849,99.99609527850474,-3.707575072897651e-05,-0.004131622393253444,0.004131622393253444,SOC_UPPER_BOUND_NOT_REACHED,1600569.54667846,1603641.326990591,3071.780312130881,0.22490381819399022,0.6724616039103573,74.93732066624717,,,,,,,,,,,,,,,,,,,,,,,,,,,,,1,FIRST_UPWARD_CROSSING,charge_timeseries/cycle-052.csv,,,1599839.2231021607,1607641.1979881846,SOC_UPPER_BOUND_NOT_REACHED,SOC_UPPER_BOUND_NOT_REACHED;NON_MONOTONIC_SOC,False,False,3,charge-efficiency-v1
52,virtual,80-100,80.0,100.0,80.0,,0.0,NEGATIVE_PARTICLE_LITHIUM_DELTA_OVER_FROZEN_Q_REF_V1,4.856838656432225,25,20.0,W10_80_PERCENT_DISCHARGE_WINDOW,14.55,3.0000000000000004,2.995775859412274,4.85,99.76127049715363,4.856838656432225,25,,,,,,,,,,,,,,,,,,,,,,,,,,,,,,,,,,,,,,,,,,,,,,,,,,,,,,,,,,,,0,FIRST_UPWARD_CROSSING,charge_timeseries/cycle-052.csv,,,1599839.2231021607,1607641.1979881846,SOC_UPPER_BOUND_NOT_REACHED,SOC_UPPER_BOUND_NOT_REACHED;NON_MONOTONIC_SOC,False,False,3,charge-efficiency-v1
53,virtual,20-40,20.0,40.0,20.0,40.0,100.0,NEGATIVE_PARTICLE_LITHIUM_DELTA_OVER_FROZEN_Q_REF_V1,4.856838656432225,25,20.0,W10_80_PERCENT_DISCHARGE_WINDOW,14.55,3.0000000000000004,2.995775859412274,4.85,99.76127049715363,4.856838656432225,25,,,,1.211321036310799,0.04258707463689034,0.07883013620693329,0.9713677312864452,,,,,0.23990549577379766,0.0,,,4.8702458306888394e-05,,,1.1508793227817116e-05,80.1907753740366,99.99605313132334,-1.2402000978628536e-05,-0.0010238409642748456,0.0010238409642748456,SOC_UPPER_BOUND_NOT_REACHED,1631201.4079178213,1631707.9147672742,506.5068494527714,0.08264836970156658,1.1286726666092324,93.17700533350923,,,,,,,,,,,,,,,,,,,,,,,,,,,,,1,FIRST_UPWARD_CROSSING,charge_timeseries/cycle-053.csv,,,1631201.4079178213,1639098.7735094188,SOC_UPPER_BOUND_NOT_REACHED,SOC_UPPER_BOUND_NOT_REACHED;NON_MONOTONIC_SOC,False,False,3,charge-efficiency-v1
53,virtual,40-60,40.0,60.0,40.0,60.0,100.0,NEGATIVE_PARTICLE_LITHIUM_DELTA_OVER_FROZEN_Q_REF_V1,4.856838656432225,25,20.0,W10_80_PERCENT_DISCHARGE_WINDOW,14.55,3.0000000000000004,2.995775859412274,4.85,99.76127049715363,4.856838656432225,25,,,,0.8189774479111034,0.07883013620693329,0.11507319777697622,0.9713677312864448,,,,,-0.15252702446609953,0.15252702446609953,,,1.1134023302855622e-05,,,1.3333049521974116e-05,118.60738458232646,99.98330343636363,0.00011227401793323377,0.01370904879244253,0.01370904879244253,SOC_UPPER_BOUND_NOT_REACHED,1631707.9147672742,1632007.3768042186,299.4620369446324,0.0,0.8189774479111034,100.0,,,,,,,,,,,,,,,,,,,,,,,,,,,,,1,FIRST_UPWARD_CROSSING,charge_timeseries/cycle-053.csv,,,1631201.4079178213,1639098.7735094188,SOC_UPPER_BOUND_NOT_REACHED,SOC_UPPER_BOUND_NOT_REACHED;NON_MONOTONIC_SOC,False,False,3,charge-efficiency-v1
53,virtual,60-80,60.0,80.0,60.0,80.0,100.0,NEGATIVE_PARTICLE_LITHIUM_DELTA_OVER_FROZEN_Q_REF_V1,4.856838656432225,25,20.0,W10_80_PERCENT_DISCHARGE_WINDOW,14.55,3.0000000000000004,2.995775859412274,4.85,99.76127049715363,4.856838656432225,25,,,,0.8994824873389605,0.11507319777697622,0.15131625934701917,0.9713677312864453,,,,,-0.0719271870537917,0.0719271870537917,,,1.778829679662669e-05,,,5.330141617602285e-05,107.99184475065778,99.99533697354897,-2.9146606665753083e-05,-0.0032403751130253514,0.0032403751130253514,SOC_UPPER_BOUND_NOT_REACHED,1632007.3768042186,1635098.142700516,3090.765896297112,0.22490409361750086,0.6745783937214597,74.99627877326887,,,,,,,,,,,,,,,,,,,,,,,,,,,,,1,FIRST_UPWARD_CROSSING,charge_timeseries/cycle-053.csv,,,1631201.4079178213,1639098.7735094188,SOC_UPPER_BOUND_NOT_REACHED,SOC_UPPER_BOUND_NOT_REACHED;NON_MONOTONIC_SOC,False,False,3,charge-efficiency-v1
53,virtual,80-100,80.0,100.0,80.0,,0.0,NEGATIVE_PARTICLE_LITHIUM_DELTA_OVER_FROZEN_Q_REF_V1,4.856838656432225,25,20.0,W10_80_PERCENT_DISCHARGE_WINDOW,14.55,3.0000000000000004,2.995775859412274,4.85,99.76127049715363,4.856838656432225,25,,,,,,,,,,,,,,,,,,,,,,,,,,,,,,,,,,,,,,,,,,,,,,,,,,,,,,,,,,,,0,FIRST_UPWARD_CROSSING,charge_timeseries/cycle-053.csv,,,1631201.4079178213,1639098.7735094188,SOC_UPPER_BOUND_NOT_REACHED,SOC_UPPER_BOUND_NOT_REACHED;NON_MONOTONIC_SOC,False,False,3,charge-efficiency-v1
54,virtual,20-40,20.0,40.0,20.0,40.0,100.0,NEGATIVE_PARTICLE_LITHIUM_DELTA_OVER_FROZEN_Q_REF_V1,4.856838656432225,25,20.0,W10_80_PERCENT_DISCHARGE_WINDOW,14.55,3.0000000000000004,2.995775859412274,4.85,99.76127049715363,4.856838656432225,25,,,,1.1216017785008976,0.042578830808101535,0.07882189237814446,0.9713677312864447,,,,,0.15020753292022093,0.0,,,2.9074184688704027e-05,,,8.967728145563292e-06,86.60540219406111,99.99763603315007,-1.152761860234719e-05,-0.0010277817691903709,0.0010277817691903709,SOC_UPPER_BOUND_NOT_REACHED,1662658.9836131623,1663069.925557792,410.94194462957887,0.08234671239475698,1.0392550661061406,92.65811503037921,,,,,,,,,,,,,,,,,,,,,,,,,,,,,1,FIRST_UPWARD_CROSSING,charge_timeseries/cycle-054.csv,,,1662658.9836131623,1670489.2318249804,SOC_UPPER_BOUND_NOT_REACHED,SOC_UPPER_BOUND_NOT_REACHED;NON_MONOTONIC_SOC,False,False,3,charge-efficiency-v1
54,virtual,40-60,40.0,60.0,40.0,60.0,100.0,NEGATIVE_PARTICLE_LITHIUM_DELTA_OVER_FROZEN_Q_REF_V1,4.856838656432225,25,20.0,W10_80_PERCENT_DISCHARGE_WINDOW,14.55,3.0000000000000004,2.995775859412274,4.85,99.76127049715363,4.856838656432225,25,,,,0.9269670098143634,0.07882189237814446,0.1150649539481874,0.9713677312864448,,,,,-0.04454963330110058,0.04454963330110058,,,1.4681399127065495e-05,,,1.4975608512768357e-05,104.78989230490232,99.98393558482205,0.00011925482137931098,0.012865055618666865,0.012865055618666865,SOC_UPPER_BOUND_NOT_REACHED,1663069.925557792,1663410.9338155822,341.008257790416,0.0,0.9269670098143634,100.0,,,,,,,,,,,,,,,,,,,,,,,,,,,,,1,FIRST_UPWARD_CROSSING,charge_timeseries/cycle-054.csv,,,1662658.9836131623,1670489.2318249804,SOC_UPPER_BOUND_NOT_REACHED,SOC_UPPER_BOUND_NOT_REACHED;NON_MONOTONIC_SOC,False,False,3,charge-efficiency-v1
54,virtual,60-80,60.0,80.0,60.0,80.0,100.0,NEGATIVE_PARTICLE_LITHIUM_DELTA_OVER_FROZEN_Q_REF_V1,4.856838656432225,25,20.0,W10_80_PERCENT_DISCHARGE_WINDOW,14.55,3.0000000000000004,2.995775859412274,4.85,99.76127049715363,4.856838656432225,25,,,,0.8812217984074877,0.1150649539481874,0.15130801551823037,0.9713677312864456,,,,,-0.09022855690462152,0.09022855690462152,,,1.9569418171164893e-05,,,5.2416351820662455e-05,110.22965308414594,99.9906239239868,1.0638255671824304e-05,0.00120721658168799,0.00120721658168799,SOC_UPPER_BOUND_NOT_REACHED,1663410.9338155822,1666487.668056907,3076.734241324698,0.2248271738601432,0.6563946245473445,74.486880117305,,,,,,,,,,,,,,,,,,,,,,,,,,,,,1,FIRST_UPWARD_CROSSING,charge_timeseries/cycle-054.csv,,,1662658.9836131623,1670489.2318249804,SOC_UPPER_BOUND_NOT_REACHED,SOC_UPPER_BOUND_NOT_REACHED;NON_MONOTONIC_SOC,False,False,3,charge-efficiency-v1
54,virtual,80-100,80.0,100.0,80.0,,0.0,NEGATIVE_PARTICLE_LITHIUM_DELTA_OVER_FROZEN_Q_REF_V1,4.856838656432225,25,20.0,W10_80_PERCENT_DISCHARGE_WINDOW,14.55,3.0000000000000004,2.995775859412274,4.85,99.76127049715363,4.856838656432225,25,,,,,,,,,,,,,,,,,,,,,,,,,,,,,,,,,,,,,,,,,,,,,,,,,,,,,,,,,,,,0,FIRST_UPWARD_CROSSING,charge_timeseries/cycle-054.csv,,,1662658.9836131623,1670489.2318249804,SOC_UPPER_BOUND_NOT_REACHED,SOC_UPPER_BOUND_NOT_REACHED;NON_MONOTONIC_SOC,False,False,3,charge-efficiency-v1
55,virtual,20-40,20.0,40.0,20.0,40.0,100.0,NEGATIVE_PARTICLE_LITHIUM_DELTA_OVER_FROZEN_Q_REF_V1,4.856838656432225,25,20.0,W10_80_PERCENT_DISCHARGE_WINDOW,14.55,3.0000000000000004,2.995775859412274,4.85,99.76127049715363,4.856838656432225,25,,,,1.105182497907223,0.04257111422851649,0.07881417579855943,0.9713677312864448,,,,,0.13378634203654097,0.0,,,2.887824050109948e-05,,,8.750703623820744e-06,87.89206607287302,99.99742806420743,-9.20435988782664e-06,-0.0008328361972123198,0.0008328361972123198,SOC_UPPER_BOUND_NOT_REACHED,1694049.4419744557,1694457.719168216,408.27719376037726,0.08204986299208801,1.0231326349151348,92.575899170729,,,,,,,,,,,,,,,,,,,,,,,,,,,,,1,FIRST_UPWARD_CROSSING,charge_timeseries/cycle-055.csv,,,1694049.4419744557,1701884.9043591057,SOC_UPPER_BOUND_NOT_REACHED,SOC_UPPER_BOUND_NOT_REACHED;NON_MONOTONIC_SOC,False,False,3,charge-efficiency-v1
55,virtual,40-60,40.0,60.0,40.0,60.0,100.0,NEGATIVE_PARTICLE_LITHIUM_DELTA_OVER_FROZEN_Q_REF_V1,4.856838656432225,25,20.0,W10_80_PERCENT_DISCHARGE_WINDOW,14.55,3.0000000000000004,2.995775859412274,4.85,99.76127049715363,4.856838656432225,25,,,,0.9346752991251613,0.07881417579855943,0.11505723736860236,0.9713677312864448,,,,,-0.03683018177995907,0.03683018177995907,,,1.3096577498830642e-05,,,1.4825088274272868e-05,103.92568758323098,99.98526230244829,0.00010982795290248593,0.011750385722751297,0.011750385722751297,SOC_UPPER_BOUND_NOT_REACHED,1694457.719168216,1694796.519710256,338.80054203986765,0.0,0.9346752991251613,99.99999999999999,,,,,,,,,,,,,,,,,,,,,,,,,,,,,1,FIRST_UPWARD_CROSSING,charge_timeseries/cycle-055.csv,,,1694049.4419744557,1701884.9043591057,SOC_UPPER_BOUND_NOT_REACHED,SOC_UPPER_BOUND_NOT_REACHED;NON_MONOTONIC_SOC,False,False,3,charge-efficiency-v1
55,virtual,60-80,60.0,80.0,60.0,80.0,100.0,NEGATIVE_PARTICLE_LITHIUM_DELTA_OVER_FROZEN_Q_REF_V1,4.856838656432225,25,20.0,W10_80_PERCENT_DISCHARGE_WINDOW,14.55,3.0000000000000004,2.995775859412274,4.85,99.76127049715363,4.856838656432225,25,,,,0.889881225998923,0.11505723736860236,0.1513002989386453,0.9713677312864448,,,,,-0.08154236121809953,0.08154236121809953,,,1.8497222779590913e-05,,,5.2289499785043714e-05,109.15700914985034,99.99372321508244,-1.493079198688907e-05,-0.0016778409916591655,0.0016778409916591655,SOC_UPPER_BOUND_NOT_REACHED,1694796.519710256,1697882.3949535482,3085.875243292263,0.22477480336642644,0.6651064226324966,74.74103320764985,,,,,,,,,,,,,,,,,,,,,,,,,,,,,1,FIRST_UPWARD_CROSSING,charge_timeseries/cycle-055.csv,,,1694049.4419744557,1701884.9043591057,SOC_UPPER_BOUND_NOT_REACHED,SOC_UPPER_BOUND_NOT_REACHED;NON_MONOTONIC_SOC,False,False,3,charge-efficiency-v1
55,virtual,80-100,80.0,100.0,80.0,,0.0,NEGATIVE_PARTICLE_LITHIUM_DELTA_OVER_FROZEN_Q_REF_V1,4.856838656432225,25,20.0,W10_80_PERCENT_DISCHARGE_WINDOW,14.55,3.0000000000000004,2.995775859412274,4.85,99.76127049715363,4.856838656432225,25,,,,,,,,,,,,,,,,,,,,,,,,,,,,,,,,,,,,,,,,,,,,,,,,,,,,,,,,,,,,0,FIRST_UPWARD_CROSSING,charge_timeseries/cycle-055.csv,,,1694049.4419744557,1701884.9043591057,SOC_UPPER_BOUND_NOT_REACHED,SOC_UPPER_BOUND_NOT_REACHED;NON_MONOTONIC_SOC,False,False,3,charge-efficiency-v1
56,virtual,20-40,20.0,40.0,20.0,40.0,100.0,NEGATIVE_PARTICLE_LITHIUM_DELTA_OVER_FROZEN_Q_REF_V1,4.856838656432225,25,20.0,W10_80_PERCENT_DISCHARGE_WINDOW,14.55,3.0000000000000004,2.995775859412274,4.85,99.76127049715363,4.856838656432225,25,,,,1.1272763013449618,0.04256355995846053,0.07880662152850347,0.9713677312864452,,,,,0.15588154808053578,0.0,,,3.0215300264429742e-05,,,9.002215432915572e-06,86.16944489363425,99.99760289665022,-1.2195537716586102e-05,-0.00108185878670877,0.00108185878670877,SOC_UPPER_BOUND_NOT_REACHED,1725445.1146268859,1725864.7865769665,419.6719500805551,0.08175658282891535,1.0455197185160465,92.74742290498159,,,,,,,,,,,,,,,,,,,,,,,,,,,,,1,FIRST_UPWARD_CROSSING,charge_timeseries/cycle-056.csv,,,1725445.1146268859,1733298.9689105984,SOC_UPPER_BOUND_NOT_REACHED,SOC_UPPER_BOUND_NOT_REACHED;NON_MONOTONIC_SOC,False,False,3,charge-efficiency-v1
56,virtual,40-60,40.0,60.0,40.0,60.0,100.0,NEGATIVE_PARTICLE_LITHIUM_DELTA_OVER_FROZEN_Q_REF_V1,4.856838656432225,25,20.0,W10_80_PERCENT_DISCHARGE_WINDOW,14.55,3.0000000000000004,2.995775859412274,4.85,99.76127049715363,4.856838656432225,25,,,,0.9241756019448804,0.07880662152850347,0.11504968309854641,0.9713677312864448,,,,,-0.047320467681183254,0.047320467681183254,,,1.5019832197848623e-05,,,1.4752691433972398e-05,105.10640285701668,99.98611320842612,9.856581598688408e-05,0.010665269217176622,0.010665269217176622,SOC_UPPER_BOUND_NOT_REACHED,1725864.7865769665,1726208.3937244988,343.6071475323598,0.0,0.9241756019448804,100.0,,,,,,,,,,,,,,,,,,,,,,,,,,,,,1,FIRST_UPWARD_CROSSING,charge_timeseries/cycle-056.csv,,,1725445.1146268859,1733298.9689105984,SOC_UPPER_BOUND_NOT_REACHED,SOC_UPPER_BOUND_NOT_REACHED;NON_MONOTONIC_SOC,False,False,3,charge-efficiency-v1
56,virtual,60-80,60.0,80.0,60.0,80.0,100.0,NEGATIVE_PARTICLE_LITHIUM_DELTA_OVER_FROZEN_Q_REF_V1,4.856838656432225,25,20.0,W10_80_PERCENT_DISCHARGE_WINDOW,14.55,3.0000000000000004,2.995775859412274,4.85,99.76127049715363,4.856838656432225,25,,,,0.8782723866210674,0.11504968309854641,0.15129274466858933,0.9713677312864445,,,,,-0.09315427067507244,0.09315427067507244,,,1.9558892982109513e-05,,,5.142303614213278e-05,110.59982598605178,99.99329069083885,-1.2055919428877182e-05,-0.0013726856966617504,0.0013726856966617504,SOC_UPPER_BOUND_NOT_REACHED,1726208.3937244988,1729295.522230393,3087.1285058942753,0.22474355104929575,0.6535288355717717,74.41072331626636,,,,,,,,,,,,,,,,,,,,,,,,,,,,,1,FIRST_UPWARD_CROSSING,charge_timeseries/cycle-056.csv,,,1725445.1146268859,1733298.9689105984,SOC_UPPER_BOUND_NOT_REACHED,SOC_UPPER_BOUND_NOT_REACHED;NON_MONOTONIC_SOC,False,False,3,charge-efficiency-v1
56,virtual,80-100,80.0,100.0,80.0,,0.0,NEGATIVE_PARTICLE_LITHIUM_DELTA_OVER_FROZEN_Q_REF_V1,4.856838656432225,25,20.0,W10_80_PERCENT_DISCHARGE_WINDOW,14.55,3.0000000000000004,2.995775859412274,4.85,99.76127049715363,4.856838656432225,25,,,,,,,,,,,,,,,,,,,,,,,,,,,,,,,,,,,,,,,,,,,,,,,,,,,,,,,,,,,,0,FIRST_UPWARD_CROSSING,charge_timeseries/cycle-056.csv,,,1725445.1146268859,1733298.9689105984,SOC_UPPER_BOUND_NOT_REACHED,SOC_UPPER_BOUND_NOT_REACHED;NON_MONOTONIC_SOC,False,False,3,charge-efficiency-v1
57,virtual,20-40,20.0,40.0,20.0,40.0,100.0,NEGATIVE_PARTICLE_LITHIUM_DELTA_OVER_FROZEN_Q_REF_V1,4.856838656432225,25,20.0,W10_80_PERCENT_DISCHARGE_WINDOW,14.55,3.0000000000000004,2.995775859412274,4.85,99.76127049715363,4.856838656432225,25,,,,1.12644954328506,0.04255593770680514,0.07879899927684807,0.9713677312864447,,,,,0.1550543973968185,0.0,,,3.0193889340878258e-05,,,8.948757612585456e-06,86.23268898965942,99.99756628231063,-1.1728045156367273e-05,-0.0010411513969959829,0.0010411513969959829,SOC_UPPER_BOUND_NOT_REACHED,1756859.1793787144,1757280.3591340159,421.17975530155024,0.08146671938670906,1.044982823898351,92.76783235677578,,,,,,,,,,,,,,,,,,,,,,,,,,,,,1,FIRST_UPWARD_CROSSING,charge_timeseries/cycle-057.csv,,,1756859.1793787144,1764722.4087472095,SOC_UPPER_BOUND_NOT_REACHED,SOC_UPPER_BOUND_NOT_REACHED;NON_MONOTONIC_SOC,False,False,3,charge-efficiency-v1
57,virtual,40-60,40.0,60.0,40.0,60.0,100.0,NEGATIVE_PARTICLE_LITHIUM_DELTA_OVER_FROZEN_Q_REF_V1,4.856838656432225,25,20.0,W10_80_PERCENT_DISCHARGE_WINDOW,14.55,3.0000000000000004,2.995775859412274,4.85,99.76127049715363,4.856838656432225,25,,,,0.9245628402968522,0.07879899927684807,0.11504206084689103,0.9713677312864456,,,,,-0.04694793990816239,0.04694793990816239,,,1.4857925160033716e-05,,,1.4636005730934987e-05,105.06238072195997,99.98452793987232,0.00011355498767806615,0.012282019428945112,0.012282019428945112,SOC_UPPER_BOUND_NOT_REACHED,1757280.3591340159,1757624.6234305943,344.26429657833614,0.0,0.9245628402968522,100.0,,,,,,,,,,,,,,,,,,,,,,,,,,,,,1,FIRST_UPWARD_CROSSING,charge_timeseries/cycle-057.csv,,,1756859.1793787144,1764722.4087472095,SOC_UPPER_BOUND_NOT_REACHED,SOC_UPPER_BOUND_NOT_REACHED;NON_MONOTONIC_SOC,False,False,3,charge-efficiency-v1
57,virtual,60-80,60.0,80.0,60.0,80.0,100.0,NEGATIVE_PARTICLE_LITHIUM_DELTA_OVER_FROZEN_Q_REF_V1,4.856838656432225,25,20.0,W10_80_PERCENT_DISCHARGE_WINDOW,14.55,3.0000000000000004,2.995775859412274,4.85,99.76127049715363,4.856838656432225,25,,,,0.8787353925562209,0.11504206084689103,0.15128512241693395,0.9713677312864445,,,,,-0.09271128162990691,0.09271128162990691,,,1.936015986862133e-05,,,5.101260637509902e-05,110.54155090541627,99.9910163058923,8.570133439689265e-06,0.0009752803303801097,0.0009752803303801097,SOC_UPPER_BOUND_NOT_REACHED,1757624.6234305943,1760717.981144664,3093.357714069697,0.22470048482389013,0.6540349077323308,74.42910724578401,,,,,,,,,,,,,,,,,,,,,,,,,,,,,1,FIRST_UPWARD_CROSSING,charge_timeseries/cycle-057.csv,,,1756859.1793787144,1764722.4087472095,SOC_UPPER_BOUND_NOT_REACHED,SOC_UPPER_BOUND_NOT_REACHED;NON_MONOTONIC_SOC,False,False,3,charge-efficiency-v1
57,virtual,80-100,80.0,100.0,80.0,,0.0,NEGATIVE_PARTICLE_LITHIUM_DELTA_OVER_FROZEN_Q_REF_V1,4.856838656432225,25,20.0,W10_80_PERCENT_DISCHARGE_WINDOW,14.55,3.0000000000000004,2.995775859412274,4.85,99.76127049715363,4.856838656432225,25,,,,,,,,,,,,,,,,,,,,,,,,,,,,,,,,,,,,,,,,,,,,,,,,,,,,,,,,,,,,0,FIRST_UPWARD_CROSSING,charge_timeseries/cycle-057.csv,,,1756859.1793787144,1764722.4087472095,SOC_UPPER_BOUND_NOT_REACHED,SOC_UPPER_BOUND_NOT_REACHED;NON_MONOTONIC_SOC,False,False,3,charge-efficiency-v1
58,virtual,20-40,20.0,40.0,20.0,40.0,100.0,NEGATIVE_PARTICLE_LITHIUM_DELTA_OVER_FROZEN_Q_REF_V1,4.856838656432225,25,20.0,W10_80_PERCENT_DISCHARGE_WINDOW,14.55,3.0000000000000004,2.995775859412274,4.85,99.76127049715363,4.856838656432225,25,,,,1.125912147965812,0.04254838995826882,0.07879145152831177,0.9713677312864453,,,,,0.15451403266111838,0.0,,,3.1550085280267204e-05,,,9.010817146798411e-06,86.27384765689023,99.99730138640894,-1.0176884178703105e-05,-0.0009038790634855219,0.0009038790634855219,SOC_UPPER_BOUND_NOT_REACHED,1788282.6192095417,1788711.2626279972,428.6434184555604,0.08118017683155372,1.0447319711342584,92.78983027421614,,,,,,,,,,,,,,,,,,,,,,,,,,,,,1,FIRST_UPWARD_CROSSING,charge_timeseries/cycle-058.csv,,,1788282.6192095417,1796162.6910520364,SOC_UPPER_BOUND_NOT_REACHED,SOC_UPPER_BOUND_NOT_REACHED;NON_MONOTONIC_SOC,False,False,3,charge-efficiency-v1
58,virtual,40-60,40.0,60.0,40.0,60.0,100.0,NEGATIVE_PARTICLE_LITHIUM_DELTA_OVER_FROZEN_Q_REF_V1,4.856838656432225,25,20.0,W10_80_PERCENT_DISCHARGE_WINDOW,14.55,3.0000000000000004,2.995775859412274,4.85,99.76127049715363,4.856838656432225,25,,,,0.9248695370742926,0.07879145152831177,0.11503451309835469,0.9713677312864445,,,,,-0.04665510866161093,0.04665510866161093,,,1.4754664239424384e-05,,,1.4530637771306698e-05,105.0275408961185,99.983033882816,0.0001276291474483493,0.013799691992460677,0.013799691992460677,SOC_UPPER_BOUND_NOT_REACHED,1788711.2626279972,1789056.8300236624,345.56739566507287,0.0,0.9248695370742926,100.0,,,,,,,,,,,,,,,,,,,,,,,,,,,,,1,FIRST_UPWARD_CROSSING,charge_timeseries/cycle-058.csv,,,1788282.6192095417,1796162.6910520364,SOC_UPPER_BOUND_NOT_REACHED,SOC_UPPER_BOUND_NOT_REACHED;NON_MONOTONIC_SOC,False,False,3,charge-efficiency-v1
58,virtual,60-80,60.0,80.0,60.0,80.0,100.0,NEGATIVE_PARTICLE_LITHIUM_DELTA_OVER_FROZEN_Q_REF_V1,4.856838656432225,25,20.0,W10_80_PERCENT_DISCHARGE_WINDOW,14.55,3.0000000000000004,2.995775859412274,4.85,99.76127049715363,4.856838656432225,25,,,,0.8789467042584258,0.11503451309835469,0.1512775746683976,0.9713677312864445,,,,,-0.09247398328786555,0.09247398328786555,,,1.9199211453475515e-05,,,5.058860027017803e-05,110.51497509237434,99.99397503175219,-1.6831551876816953e-05,-0.0019149684270126327,0.0019149684270126327,SOC_UPPER_BOUND_NOT_REACHED,1789056.8300236624,1792157.264543043,3100.434519380567,0.22466218413114075,0.6542845201272851,74.43961243125771,,,,,,,,,,,,,,,,,,,,,,,,,,,,,1,FIRST_UPWARD_CROSSING,charge_timeseries/cycle-058.csv,,,1788282.6192095417,1796162.6910520364,SOC_UPPER_BOUND_NOT_REACHED,SOC_UPPER_BOUND_NOT_REACHED;NON_MONOTONIC_SOC,False,False,3,charge-efficiency-v1
58,virtual,80-100,80.0,100.0,80.0,,0.0,NEGATIVE_PARTICLE_LITHIUM_DELTA_OVER_FROZEN_Q_REF_V1,4.856838656432225,25,20.0,W10_80_PERCENT_DISCHARGE_WINDOW,14.55,3.0000000000000004,2.995775859412274,4.85,99.76127049715363,4.856838656432225,25,,,,,,,,,,,,,,,,,,,,,,,,,,,,,,,,,,,,,,,,,,,,,,,,,,,,,,,,,,,,0,FIRST_UPWARD_CROSSING,charge_timeseries/cycle-058.csv,,,1788282.6192095417,1796162.6910520364,SOC_UPPER_BOUND_NOT_REACHED,SOC_UPPER_BOUND_NOT_REACHED;NON_MONOTONIC_SOC,False,False,3,charge-efficiency-v1
59,virtual,20-40,20.0,40.0,20.0,40.0,100.0,NEGATIVE_PARTICLE_LITHIUM_DELTA_OVER_FROZEN_Q_REF_V1,4.856838656432225,25,20.0,W10_80_PERCENT_DISCHARGE_WINDOW,14.55,3.0000000000000004,2.995775859412274,4.85,99.76127049715363,4.856838656432225,25,,,,1.1425702689479191,0.04254086834191172,0.07878392991195465,0.9713677312864448,,,,,0.17116882158027674,0.0,,,3.4575639294103996e-05,,,9.379937298999164e-06,85.01601675500291,99.99704910217656,-1.0239495395580889e-05,-0.0008961808016420238,0.0008961808016420238,SOC_UPPER_BOUND_NOT_REACHED,1819722.9016545706,1820170.3850108827,447.48335631205515,0.08089692338958099,1.0616733455583383,92.9197419547709,,,,,,,,,,,,,,,,,,,,,,,,,,,,,1,FIRST_UPWARD_CROSSING,charge_timeseries/cycle-059.csv,,,1819722.9016545706,1827634.8268807153,SOC_UPPER_BOUND_NOT_REACHED,SOC_UPPER_BOUND_NOT_REACHED;NON_MONOTONIC_SOC,False,False,3,charge-efficiency-v1
59,virtual,40-60,40.0,60.0,40.0,60.0,100.0,NEGATIVE_PARTICLE_LITHIUM_DELTA_OVER_FROZEN_Q_REF_V1,4.856838656432225,25,20.0,W10_80_PERCENT_DISCHARGE_WINDOW,14.55,3.0000000000000004,2.995775859412274,4.85,99.76127049715363,4.856838656432225,25,,,,0.9167335640994229,0.07878392991195465,0.11502699148199759,0.9713677312864448,,,,,-0.054781318429837605,0.054781318429837605,,,1.6250774348707323e-05,,,1.4444215990359888e-05,105.95965603601448,99.98394830858405,0.00011645625247647118,0.01270339137095684,0.01270339137095684,SOC_UPPER_BOUND_NOT_REACHED,1820170.3850108827,1820521.4405146586,351.05550377586036,0.0,0.9167335640994229,100.0,,,,,,,,,,,,,,,,,,,,,,,,,,,,,1,FIRST_UPWARD_CROSSING,charge_timeseries/cycle-059.csv,,,1819722.9016545706,1827634.8268807153,SOC_UPPER_BOUND_NOT_REACHED,SOC_UPPER_BOUND_NOT_REACHED;NON_MONOTONIC_SOC,False,False,3,charge-efficiency-v1
59,virtual,60-80,60.0,80.0,60.0,80.0,100.0,NEGATIVE_PARTICLE_LITHIUM_DELTA_OVER_FROZEN_Q_REF_V1,4.856838656432225,25,20.0,W10_80_PERCENT_DISCHARGE_WINDOW,14.55,3.0000000000000004,2.995775859412274,4.85,99.76127049715363,4.856838656432225,25,,,,0.8704286623111853,0.11502699148199759,0.15127005305204053,0.9713677312864448,,,,,-0.10100549147877776,0.10100549147877776,,,1.9942491636736753e-05,,,4.9812270925458924e-05,111.59647807406104,99.99236898939634,-3.332259043919983e-06,-0.00038282965488200724,0.00038282965488200724,SOC_UPPER_BOUND_NOT_REACHED,1820521.4405146586,1823628.390652659,3106.9501380005718,0.22463979554668564,0.6457888667644996,74.19204981713078,,,,,,,,,,,,,,,,,,,,,,,,,,,,,1,FIRST_UPWARD_CROSSING,charge_timeseries/cycle-059.csv,,,1819722.9016545706,1827634.8268807153,SOC_UPPER_BOUND_NOT_REACHED,SOC_UPPER_BOUND_NOT_REACHED;NON_MONOTONIC_SOC,False,False,3,charge-efficiency-v1
59,virtual,80-100,80.0,100.0,80.0,,0.0,NEGATIVE_PARTICLE_LITHIUM_DELTA_OVER_FROZEN_Q_REF_V1,4.856838656432225,25,20.0,W10_80_PERCENT_DISCHARGE_WINDOW,14.55,3.0000000000000004,2.995775859412274,4.85,99.76127049715363,4.856838656432225,25,,,,,,,,,,,,,,,,,,,,,,,,,,,,,,,,,,,,,,,,,,,,,,,,,,,,,,,,,,,,0,FIRST_UPWARD_CROSSING,charge_timeseries/cycle-059.csv,,,1819722.9016545706,1827634.8268807153,SOC_UPPER_BOUND_NOT_REACHED,SOC_UPPER_BOUND_NOT_REACHED;NON_MONOTONIC_SOC,False,False,3,charge-efficiency-v1
60,virtual,20-40,20.0,40.0,20.0,40.0,100.0,NEGATIVE_PARTICLE_LITHIUM_DELTA_OVER_FROZEN_Q_REF_V1,4.856838656432225,25,20.0,W10_80_PERCENT_DISCHARGE_WINDOW,14.55,3.0000000000000004,2.995775859412274,4.85,99.76127049715363,4.856838656432225,25,,,,1.1232022936683537,0.042533249950254134,0.07877631152029707,0.9713677312864448,,,,,0.15180559629849227,0.0,,,3.090402066658997e-05,,,8.85267389089811e-06,86.48199320480191,99.99742111607324,-1.0790611140842898e-05,-0.0009607005970047481,0.0009607005970047481,SOC_UPPER_BOUND_NOT_REACHED,1851195.0375833064,1851623.9384663336,428.9008830271609,0.080616628066801,1.0425856656015526,92.82260831185548,,,,,,,,,,,,,,,,,,,,,,,,,,,,,1,FIRST_UPWARD_CROSSING,charge_timeseries/cycle-060.csv,,,1851195.0375833064,1859090.2434345104,SOC_UPPER_BOUND_NOT_REACHED,SOC_UPPER_BOUND_NOT_REACHED;NON_MONOTONIC_SOC,False,False,3,charge-efficiency-v1
60,virtual,40-60,40.0,60.0,40.0,60.0,100.0,NEGATIVE_PARTICLE_LITHIUM_DELTA_OVER_FROZEN_Q_REF_V1,4.856838656432225,25,20.0,W10_80_PERCENT_DISCHARGE_WINDOW,14.55,3.0000000000000004,2.995775859412274,4.85,99.76127049715363,4.856838656432225,25,,,,0.9260377775050594,0.07877631152029707,0.11501937309034001,0.9713677312864448,,,,,-0.045450534696856754,0.045450534696856754,,,1.4332062048941219e-05,,,1.4304946116795725e-05,104.8950436885538,99.9869788340821,9.194390730571378e-05,0.009928742599835397,0.009928742599835397,SOC_UPPER_BOUND_NOT_REACHED,1851623.9384663336,1851970.2255029285,346.2870365948996,0.0,0.9260377775050594,100.0,,,,,,,,,,,,,,,,,,,,,,,,,,,,,1,FIRST_UPWARD_CROSSING,charge_timeseries/cycle-060.csv,,,1851195.0375833064,1859090.2434345104,SOC_UPPER_BOUND_NOT_REACHED,SOC_UPPER_BOUND_NOT_REACHED;NON_MONOTONIC_SOC,False,False,3,charge-efficiency-v1
60,virtual,60-80,60.0,80.0,60.0,80.0,100.0,NEGATIVE_PARTICLE_LITHIUM_DELTA_OVER_FROZEN_Q_REF_V1,4.856838656432225,25,20.0,W10_80_PERCENT_DISCHARGE_WINDOW,14.55,3.0000000000000004,2.995775859412274,4.85,99.76127049715363,4.856838656432225,25,,,,0.8804074613296485,0.11501937309034001,0.15126243466038297,0.9713677312864456,,,,,-0.09099406022813779,0.09099406022813779,,,1.875434176562031e-05,,,4.9853605198935114e-05,110.33161052717828,99.99616197353784,-3.481767562374394e-05,-0.0039547229155872925,0.0039547229155872925,SOC_UPPER_BOUND_NOT_REACHED,1851970.2255029285,1855082.7107385644,3112.4852356357787,0.22457583318969462,0.6558316281399539,74.4918298567659,,,,,,,,,,,,,,,,,,,,,,,,,,,,,1,FIRST_UPWARD_CROSSING,charge_timeseries/cycle-060.csv,,,1851195.0375833064,1859090.2434345104,SOC_UPPER_BOUND_NOT_REACHED,SOC_UPPER_BOUND_NOT_REACHED;NON_MONOTONIC_SOC,False,False,3,charge-efficiency-v1
60,virtual,80-100,80.0,100.0,80.0,,0.0,NEGATIVE_PARTICLE_LITHIUM_DELTA_OVER_FROZEN_Q_REF_V1,4.856838656432225,25,20.0,W10_80_PERCENT_DISCHARGE_WINDOW,14.55,3.0000000000000004,2.995775859412274,4.85,99.76127049715363,4.856838656432225,25,,,,,,,,,,,,,,,,,,,,,,,,,,,,,,,,,,,,,,,,,,,,,,,,,,,,,,,,,,,,0,FIRST_UPWARD_CROSSING,charge_timeseries/cycle-060.csv,,,1851195.0375833064,1859090.2434345104,SOC_UPPER_BOUND_NOT_REACHED,SOC_UPPER_BOUND_NOT_REACHED;NON_MONOTONIC_SOC,False,False,3,charge-efficiency-v1
