cycle,mode,soc_bin_id,soc_start_pct,soc_end_pct,actual_soc_start_pct,actual_soc_end_pct,soc_coverage_pct,soc_definition,soc_reference_capacity_ah,capacity_reference_node,soc_anchor_pct,soc_anchor_source,configured_charge_current_a,configured_nominal_charge_rate_c,effective_charge_rate_c,nominal_capacity_ah,soh_pct,q_ref_ah,q_ref_node,lli_pct,negative_lam_pct,positive_lam_pct,external_charge_ah,negative_particle_lithium_mol_start,negative_particle_lithium_mol_end,intercalated_charge_increment_ah,total_plating_inventory_start_ah,total_plating_inventory_end_ah,reversible_plating_inventory_start_ah,reversible_plating_inventory_end_ah,reversible_plating_increment_ah,reversible_plating_depletion_ah,dead_lithium_inventory_start_ah,dead_lithium_inventory_end_ah,dead_lithium_increment_ah,sei_inventory_start_ah,sei_inventory_end_ah,sei_increment_ah,useful_charge_efficiency_pct,reversible_retention_pct,charge_balance_error_ah,charge_balance_error_pct,charge_balance_abs_error_pct,charge_balance_status,time_start_s,time_end_s,duration_s,cc_charge_ah,cv_charge_ah,cv_charge_fraction_pct,mean_current_a,mean_voltage_v,maximum_voltage_v,temperature_start_k,temperature_end_k,temperature_mean_k,temperature_max_k,temperature_rise_k,negative_surface_stoichiometry,negative_average_stoichiometry,negative_particle_radial_stoichiometry_gradient,minimum_electrolyte_concentration_mol_m3,negative_reaction_overpotential_v,plating_reaction_overpotential_v,negative_intercalation_current_density_mean_a_m2,negative_intercalation_current_density_max_a_m2,negative_plating_current_density_mean_a_m2,negative_plating_current_density_extreme_a_m2,negative_sei_current_density_mean_a_m2,negative_sei_current_density_max_a_m2,electrolyte_ohmic_loss_mean_v,electrolyte_ohmic_loss_max_v,negative_particle_concentration_overpotential_mean_v,negative_particle_concentration_overpotential_max_v,irreversible_heating_energy_wh,ohmic_heating_energy_wh,reversible_heating_energy_wh,total_heating_energy_wh,soc_crossing_count,soc_crossing_selection_rule,charge_trace_path,trace_start_row,trace_end_row,trace_start_time_s,trace_end_time_s,primary_status,status_flags,is_valid_for_efficiency_analysis,is_valid_for_mechanism_analysis,output_schema_version,charge_efficiency_algorithm_version
1,virtual,20-40,20.0,40.0,20.0,40.0,100.0,NEGATIVE_PARTICLE_LITHIUM_DELTA_OVER_FROZEN_Q_REF_V1,4.8685080428538905,0,20.0,INITIAL_SOC_CONFIGURATION,14.55,3.0000000000000004,2.98859524764611,4.85,100.0,4.8685080428538905,0,,,,1.0916958400173071,0.04274926258206297,0.07907940431277893,0.9737016085707783,,,,,0.11797978819976791,0.0,,,2.5049905453782854e-05,,,0.00048177189650778417,89.19165695046907,99.99867698985088,-0.0004923785552004567,-0.04510217380627289,0.04510217380627289,SOC_UPPER_BOUND_NOT_REACHED,0.0,312.1302808568858,312.1302808568858,0.11050896418347958,0.9811868758338276,89.87731196431713,,,,,,,,,,,,,,,,,,,,,,,,,,,,,1,FIRST_UPWARD_CROSSING,charge_timeseries/cycle-001.csv,,,0.0,7478.162628994267,SOC_UPPER_BOUND_NOT_REACHED,SOC_UPPER_BOUND_NOT_REACHED,False,False,3,charge-efficiency-v1
1,virtual,40-60,40.0,60.0,40.0,60.0,100.0,NEGATIVE_PARTICLE_LITHIUM_DELTA_OVER_FROZEN_Q_REF_V1,4.8685080428538905,0,20.0,INITIAL_SOC_CONFIGURATION,14.55,3.0000000000000004,2.98859524764611,4.85,100.0,4.8685080428538905,0,,,,0.9596111901234066,0.07907940431277893,0.11540954604349489,0.973701608570778,,,,,-0.014149660870935152,0.014149660870935152,,,3.497947104401356e-05,,,0.0003674831106385852,101.46834661708765,99.99382641384621,-0.0003432201581189398,-0.035766585639210965,0.035766585639210965,SOC_UPPER_BOUND_NOT_REACHED,312.1302808568858,618.9088576323851,306.7785767754993,0.0,0.9596111901234066,100.0,,,,,,,,,,,,,,,,,,,,,,,,,,,,,1,FIRST_UPWARD_CROSSING,charge_timeseries/cycle-001.csv,,,0.0,7478.162628994267,SOC_UPPER_BOUND_NOT_REACHED,SOC_UPPER_BOUND_NOT_REACHED,False,False,3,charge-efficiency-v1
1,virtual,60-80,60.0,80.0,60.0,80.0,100.0,NEGATIVE_PARTICLE_LITHIUM_DELTA_OVER_FROZEN_Q_REF_V1,4.8685080428538905,0,20.0,INITIAL_SOC_CONFIGURATION,14.55,3.0000000000000004,2.98859524764611,4.85,100.0,4.8685080428538905,0,,,,0.8845000693527005,0.11540954604349489,0.15173968777421085,0.973701608570778,,,,,-0.08936306613236952,0.08936306613236952,,,8.951362022746297e-05,,,0.0007828841140912199,110.08496689925163,99.98173805521459,-0.0007108708200266323,-0.08036978680475011,0.08036978680475011,SOC_UPPER_BOUND_NOT_REACHED,618.9088576323851,3461.7403763150096,2842.8315186826244,0.215475125982037,0.6690249433706635,75.63876663800296,,,,,,,,,,,,,,,,,,,,,,,,,,,,,1,FIRST_UPWARD_CROSSING,charge_timeseries/cycle-001.csv,,,0.0,7478.162628994267,SOC_UPPER_BOUND_NOT_REACHED,SOC_UPPER_BOUND_NOT_REACHED,False,False,3,charge-efficiency-v1
1,virtual,80-100,80.0,100.0,80.0,,0.0,NEGATIVE_PARTICLE_LITHIUM_DELTA_OVER_FROZEN_Q_REF_V1,4.8685080428538905,0,20.0,INITIAL_SOC_CONFIGURATION,14.55,3.0000000000000004,2.98859524764611,4.85,100.0,4.8685080428538905,0,,,,,,,,,,,,,,,,,,,,,,,,,,,,,,,,,,,,,,,,,,,,,,,,,,,,,,,,,,,,0,FIRST_UPWARD_CROSSING,charge_timeseries/cycle-001.csv,,,0.0,7478.162628994267,SOC_UPPER_BOUND_NOT_REACHED,SOC_UPPER_BOUND_NOT_REACHED,False,False,3,charge-efficiency-v1
2,virtual,20-40,20.0,40.0,20.0,40.0,100.0,NEGATIVE_PARTICLE_LITHIUM_DELTA_OVER_FROZEN_Q_REF_V1,4.8685080428538905,0,20.0,W10_80_PERCENT_DISCHARGE_WINDOW,14.55,3.0000000000000004,2.98859524764611,4.85,100.0,4.8685080428538905,0,,,,1.0965713446962326,0.042986447478632075,0.07931658920934805,0.9737016085707784,,,,,0.12285038300791501,0.0,,,2.3661687590358798e-05,,,4.010837681304308e-05,88.79509876673906,99.99823512463345,-4.4416946864300755e-05,-0.00405052959655853,0.00405052959655853,SOC_UPPER_BOUND_NOT_REACHED,31074.339034327535,31386.950882180925,312.6118478533882,0.11497010228706671,0.9816012424091659,89.51549273623274,,,,,,,,,,,,,,,,,,,,,,,,,,,,,1,FIRST_UPWARD_CROSSING,charge_timeseries/cycle-002.csv,,,31074.339034327535,38547.53355210076,SOC_UPPER_BOUND_NOT_REACHED,SOC_UPPER_BOUND_NOT_REACHED,False,False,3,charge-efficiency-v1
2,virtual,40-60,40.0,60.0,40.0,60.0,100.0,NEGATIVE_PARTICLE_LITHIUM_DELTA_OVER_FROZEN_Q_REF_V1,4.8685080428538905,0,20.0,W10_80_PERCENT_DISCHARGE_WINDOW,14.55,3.0000000000000004,2.98859524764611,4.85,100.0,4.8685080428538905,0,,,,0.9579935715512738,0.07931658920934805,0.115646730940064,0.973701608570778,,,,,-0.015771661045581656,0.015771661045581656,,,3.388485573508937e-05,,,7.970269950559935e-05,101.63968083773968,99.99335861659546,-4.996352916319946e-05,-0.005215434700912845,0.005215434700912845,SOC_UPPER_BOUND_NOT_REACHED,31386.950882180925,31696.417919794938,309.4670376140132,0.0,0.9579935715512738,100.0,,,,,,,,,,,,,,,,,,,,,,,,,,,,,1,FIRST_UPWARD_CROSSING,charge_timeseries/cycle-002.csv,,,31074.339034327535,38547.53355210076,SOC_UPPER_BOUND_NOT_REACHED,SOC_UPPER_BOUND_NOT_REACHED,False,False,3,charge-efficiency-v1
2,virtual,60-80,60.0,80.0,60.0,80.0,100.0,NEGATIVE_PARTICLE_LITHIUM_DELTA_OVER_FROZEN_Q_REF_V1,4.8685080428538905,0,20.0,W10_80_PERCENT_DISCHARGE_WINDOW,14.55,3.0000000000000004,2.98859524764611,4.85,100.0,4.8685080428538905,0,,,,0.8813347466320585,0.115646730940064,0.15197687267077994,0.9737016085707776,,,,,-0.09258298696123204,0.09258298696123204,,,8.480770402719115e-05,,,0.0002852240761995655,110.4803381793003,99.97547753298747,-0.00015390675771387308,-0.01746291727428357,0.01746291727428357,SOC_UPPER_BOUND_NOT_REACHED,31696.417919794938,34547.48001205847,2851.062092263533,0.2226930406056768,0.6586417060263817,74.73229763643403,,,,,,,,,,,,,,,,,,,,,,,,,,,,,1,FIRST_UPWARD_CROSSING,charge_timeseries/cycle-002.csv,,,31074.339034327535,38547.53355210076,SOC_UPPER_BOUND_NOT_REACHED,SOC_UPPER_BOUND_NOT_REACHED,False,False,3,charge-efficiency-v1
2,virtual,80-100,80.0,100.0,80.0,,0.0,NEGATIVE_PARTICLE_LITHIUM_DELTA_OVER_FROZEN_Q_REF_V1,4.8685080428538905,0,20.0,W10_80_PERCENT_DISCHARGE_WINDOW,14.55,3.0000000000000004,2.98859524764611,4.85,100.0,4.8685080428538905,0,,,,,,,,,,,,,,,,,,,,,,,,,,,,,,,,,,,,,,,,,,,,,,,,,,,,,,,,,,,,0,FIRST_UPWARD_CROSSING,charge_timeseries/cycle-002.csv,,,31074.339034327535,38547.53355210076,SOC_UPPER_BOUND_NOT_REACHED,SOC_UPPER_BOUND_NOT_REACHED,False,False,3,charge-efficiency-v1
3,virtual,20-40,20.0,40.0,20.0,40.0,100.0,NEGATIVE_PARTICLE_LITHIUM_DELTA_OVER_FROZEN_Q_REF_V1,4.8685080428538905,0,20.0,W10_80_PERCENT_DISCHARGE_WINDOW,14.55,3.0000000000000004,2.98859524764611,4.85,100.0,4.8685080428538905,0,,,,1.1008581950901382,0.042963021180134814,0.07929316291085077,0.973701608570778,,,,,0.12714371395454332,0.0,,,2.3273726642112562e-05,,,3.0315882916395753e-05,88.44932189391128,99.99883067911252,-4.071704474184479e-05,-0.0036986639081622026,0.0036986639081622026,SOC_UPPER_BOUND_NOT_REACHED,62143.711392058,62459.89424056441,316.1828485064097,0.11271026152725978,0.9881479335628783,89.76160035598126,,,,,,,,,,,,,,,,,,,,,,,,,,,,,1,FIRST_UPWARD_CROSSING,charge_timeseries/cycle-003.csv,,,62143.711392058,69621.83002177185,SOC_UPPER_BOUND_NOT_REACHED,SOC_UPPER_BOUND_NOT_REACHED,False,False,3,charge-efficiency-v1
3,virtual,40-60,40.0,60.0,40.0,60.0,100.0,NEGATIVE_PARTICLE_LITHIUM_DELTA_OVER_FROZEN_Q_REF_V1,4.8685080428538905,0,20.0,W10_80_PERCENT_DISCHARGE_WINDOW,14.55,3.0000000000000004,2.98859524764611,4.85,100.0,4.8685080428538905,0,,,,0.9569187903690565,0.07929316291085077,0.11562330464156673,0.973701608570778,,,,,-0.016889827993033124,0.016889827993033124,,,3.30072393527949e-05,,,6.015352199355631e-05,101.7538393404574,99.98881725467318,1.3849029965151693e-05,0.0014472523796727323,0.0014472523796727323,SOC_UPPER_BOUND_NOT_REACHED,62459.89424056441,62771.89144658949,311.9972060250836,0.0,0.9569187903690565,100.0,,,,,,,,,,,,,,,,,,,,,,,,,,,,,1,FIRST_UPWARD_CROSSING,charge_timeseries/cycle-003.csv,,,62143.711392058,69621.83002177185,SOC_UPPER_BOUND_NOT_REACHED,SOC_UPPER_BOUND_NOT_REACHED,False,False,3,charge-efficiency-v1
3,virtual,60-80,60.0,80.0,60.0,80.0,100.0,NEGATIVE_PARTICLE_LITHIUM_DELTA_OVER_FROZEN_Q_REF_V1,4.8685080428538905,0,20.0,W10_80_PERCENT_DISCHARGE_WINDOW,14.55,3.0000000000000004,2.98859524764611,4.85,100.0,4.8685080428538905,0,,,,0.8780508571920386,0.11562330464156673,0.15195344637228267,0.9737016085707776,,,,,-0.09578988694335049,0.09578988694335049,,,8.107892188446769e-05,,,0.0002170656864843301,110.89353203123396,99.98415404261931,-0.00015900904375742986,-0.018109320485823862,0.018109320485823862,SOC_UPPER_BOUND_NOT_REACHED,62771.89144658949,65619.19387636993,2847.3024297804377,0.22277476536289356,0.655276091829145,74.62848950739416,,,,,,,,,,,,,,,,,,,,,,,,,,,,,1,FIRST_UPWARD_CROSSING,charge_timeseries/cycle-003.csv,,,62143.711392058,69621.83002177185,SOC_UPPER_BOUND_NOT_REACHED,SOC_UPPER_BOUND_NOT_REACHED,False,False,3,charge-efficiency-v1
3,virtual,80-100,80.0,100.0,80.0,,0.0,NEGATIVE_PARTICLE_LITHIUM_DELTA_OVER_FROZEN_Q_REF_V1,4.8685080428538905,0,20.0,W10_80_PERCENT_DISCHARGE_WINDOW,14.55,3.0000000000000004,2.98859524764611,4.85,100.0,4.8685080428538905,0,,,,,,,,,,,,,,,,,,,,,,,,,,,,,,,,,,,,,,,,,,,,,,,,,,,,,,,,,,,,0,FIRST_UPWARD_CROSSING,charge_timeseries/cycle-003.csv,,,62143.711392058,69621.83002177185,SOC_UPPER_BOUND_NOT_REACHED,SOC_UPPER_BOUND_NOT_REACHED,False,False,3,charge-efficiency-v1
4,virtual,20-40,20.0,40.0,20.0,40.0,100.0,NEGATIVE_PARTICLE_LITHIUM_DELTA_OVER_FROZEN_Q_REF_V1,4.8685080428538905,0,20.0,W10_80_PERCENT_DISCHARGE_WINDOW,14.55,3.0000000000000004,2.98859524764611,4.85,100.0,4.8685080428538905,0,,,,1.1015925720967739,0.04294128838247531,0.07927143011319127,0.973701608570778,,,,,0.12788370982147926,0.0,,,2.2299051629761052e-05,,,2.572449660030729e-05,88.39035712790185,99.9993415256511,-4.076984371348402e-05,-0.0037009911600876725,0.0037009911600876725,SOC_UPPER_BOUND_NOT_REACHED,93218.00877256268,93536.07252498876,318.0637524260776,0.11098511799543556,0.9906074541013382,89.92503028736057,,,,,,,,,,,,,,,,,,,,,,,,,,,,,1,FIRST_UPWARD_CROSSING,charge_timeseries/cycle-004.csv,,,93218.00877256268,100700.9946150818,SOC_UPPER_BOUND_NOT_REACHED,SOC_UPPER_BOUND_NOT_REACHED,False,False,3,charge-efficiency-v1
4,virtual,40-60,40.0,60.0,40.0,60.0,100.0,NEGATIVE_PARTICLE_LITHIUM_DELTA_OVER_FROZEN_Q_REF_V1,4.8685080428538905,0,20.0,W10_80_PERCENT_DISCHARGE_WINDOW,14.55,3.0000000000000004,2.98859524764611,4.85,100.0,4.8685080428538905,0,,,,0.956662084059324,0.07927143011319127,0.11560157184390722,0.973701608570778,,,,,-0.017135439296302443,0.017135439296302443,,,3.144817140650043e-05,,,5.097129724203429e-05,101.78114349835542,99.98997401627528,1.3495316199763074e-05,0.0014106669872918482,0.0014106669872918482,SOC_UPPER_BOUND_NOT_REACHED,93536.07252498876,93849.5392014208,313.4666764320449,0.0,0.956662084059324,100.0,,,,,,,,,,,,,,,,,,,,,,,,,,,,,1,FIRST_UPWARD_CROSSING,charge_timeseries/cycle-004.csv,,,93218.00877256268,100700.9946150818,SOC_UPPER_BOUND_NOT_REACHED,SOC_UPPER_BOUND_NOT_REACHED,False,False,3,charge-efficiency-v1
4,virtual,60-80,60.0,80.0,60.0,80.0,100.0,NEGATIVE_PARTICLE_LITHIUM_DELTA_OVER_FROZEN_Q_REF_V1,4.8685080428538905,0,20.0,W10_80_PERCENT_DISCHARGE_WINDOW,14.55,3.0000000000000004,2.98859524764611,4.85,100.0,4.8685080428538905,0,,,,0.8775065162702802,0.11560157184390722,0.1519317135746232,0.9737016085707787,,,,,-0.09633252899107568,0.09633252899107568,,,7.672469086329378e-05,,,0.0001842056514732935,110.96232227532194,99.98433781538611,-0.00012349365175934324,-0.014073246120636903,0.014073246120636903,SOC_UPPER_BOUND_NOT_REACHED,93849.5392014208,96696.42489568316,2846.8856942623524,0.22281795965035556,0.6546885566199246,74.607828486857,,,,,,,,,,,,,,,,,,,,,,,,,,,,,1,FIRST_UPWARD_CROSSING,charge_timeseries/cycle-004.csv,,,93218.00877256268,100700.9946150818,SOC_UPPER_BOUND_NOT_REACHED,SOC_UPPER_BOUND_NOT_REACHED,False,False,3,charge-efficiency-v1
4,virtual,80-100,80.0,100.0,80.0,,0.0,NEGATIVE_PARTICLE_LITHIUM_DELTA_OVER_FROZEN_Q_REF_V1,4.8685080428538905,0,20.0,W10_80_PERCENT_DISCHARGE_WINDOW,14.55,3.0000000000000004,2.98859524764611,4.85,100.0,4.8685080428538905,0,,,,,,,,,,,,,,,,,,,,,,,,,,,,,,,,,,,,,,,,,,,,,,,,,,,,,,,,,,,,0,FIRST_UPWARD_CROSSING,charge_timeseries/cycle-004.csv,,,93218.00877256268,100700.9946150818,SOC_UPPER_BOUND_NOT_REACHED,SOC_UPPER_BOUND_NOT_REACHED,False,False,3,charge-efficiency-v1
5,virtual,20-40,20.0,40.0,20.0,40.0,100.0,NEGATIVE_PARTICLE_LITHIUM_DELTA_OVER_FROZEN_Q_REF_V1,4.8685080428538905,0,20.0,W10_80_PERCENT_DISCHARGE_WINDOW,14.55,3.0000000000000004,2.98859524764611,4.85,100.0,4.8685080428538905,0,,,,1.1029982324085632,0.042920867981898536,0.07925100971261449,0.973701608570778,,,,,0.12928841895389,0.0,,,2.1609503712289452e-05,,,2.2930483542578373e-05,88.27771250771214,99.99925612900782,-3.633510335965262e-05,-0.003294212292644335,0.003294212292644335,SOC_UPPER_BOUND_NOT_REACHED,124297.17404797082,124617.18371871619,320.009670745363,0.10953975034698774,0.9934584820615754,90.06890971096199,,,,,,,,,,,,,,,,,,,,,,,,,,,,,1,FIRST_UPWARD_CROSSING,charge_timeseries/cycle-005.csv,,,124297.17404797082,131783.87999367132,SOC_UPPER_BOUND_NOT_REACHED,SOC_UPPER_BOUND_NOT_REACHED,False,False,3,charge-efficiency-v1
5,virtual,40-60,40.0,60.0,40.0,60.0,100.0,NEGATIVE_PARTICLE_LITHIUM_DELTA_OVER_FROZEN_Q_REF_V1,4.8685080428538905,0,20.0,W10_80_PERCENT_DISCHARGE_WINDOW,14.55,3.0000000000000004,2.98859524764611,4.85,100.0,4.8685080428538905,0,,,,0.9562065803801245,0.07925100971261449,0.11558115144333045,0.973701608570778,,,,,-0.017544531713284267,0.017544531713284267,,,3.0289831197085303e-05,,,4.5312538614054876e-05,101.82962850806764,99.99482292596113,-2.6098847180411333e-05,-0.0027294151406107407,0.0027294151406107407,SOC_UPPER_BOUND_NOT_REACHED,124617.18371871619,124932.13400704841,314.95028833222557,0.0,0.9562065803801245,100.0,,,,,,,,,,,,,,,,,,,,,,,,,,,,,1,FIRST_UPWARD_CROSSING,charge_timeseries/cycle-005.csv,,,124297.17404797082,131783.87999367132,SOC_UPPER_BOUND_NOT_REACHED,SOC_UPPER_BOUND_NOT_REACHED,False,False,3,charge-efficiency-v1
5,virtual,60-80,60.0,80.0,60.0,80.0,100.0,NEGATIVE_PARTICLE_LITHIUM_DELTA_OVER_FROZEN_Q_REF_V1,4.8685080428538905,0,20.0,W10_80_PERCENT_DISCHARGE_WINDOW,14.55,3.0000000000000004,2.98859524764611,4.85,100.0,4.8685080428538905,0,,,,0.8765252458906188,0.11558115144333045,0.1519112931740464,0.9737016085707776,,,,,-0.09736240744383952,0.09736240744383952,,,7.328687306879357e-05,,,0.00016346611387376558,111.08654464155451,99.97877473985457,-5.070822326191937e-05,-0.0057851412152305805,0.0057851412152305805,SOC_UPPER_BOUND_NOT_REACHED,124932.13400704841,127777.88337762584,2845.749370577426,0.22286448900171774,0.653660756888901,74.57409355331576,,,,,,,,,,,,,,,,,,,,,,,,,,,,,1,FIRST_UPWARD_CROSSING,charge_timeseries/cycle-005.csv,,,124297.17404797082,131783.87999367132,SOC_UPPER_BOUND_NOT_REACHED,SOC_UPPER_BOUND_NOT_REACHED,False,False,3,charge-efficiency-v1
5,virtual,80-100,80.0,100.0,80.0,,0.0,NEGATIVE_PARTICLE_LITHIUM_DELTA_OVER_FROZEN_Q_REF_V1,4.8685080428538905,0,20.0,W10_80_PERCENT_DISCHARGE_WINDOW,14.55,3.0000000000000004,2.98859524764611,4.85,100.0,4.8685080428538905,0,,,,,,,,,,,,,,,,,,,,,,,,,,,,,,,,,,,,,,,,,,,,,,,,,,,,,,,,,,,,0,FIRST_UPWARD_CROSSING,charge_timeseries/cycle-005.csv,,,124297.17404797082,131783.87999367132,SOC_UPPER_BOUND_NOT_REACHED,SOC_UPPER_BOUND_NOT_REACHED,False,False,3,charge-efficiency-v1
6,virtual,20-40,20.0,40.0,20.0,40.0,100.0,NEGATIVE_PARTICLE_LITHIUM_DELTA_OVER_FROZEN_Q_REF_V1,4.8685080428538905,0,20.0,W10_80_PERCENT_DISCHARGE_WINDOW,14.55,3.0000000000000004,2.98859524764611,4.85,100.0,4.8685080428538905,0,,,,1.1038279118508991,0.04290143357622888,0.07923157530694484,0.9737016085707783,,,,,0.13012932767156643,0.0,,,2.089622549593319e-05,,,2.0960927338628185e-05,88.21135958938336,100.00027399120941,-4.48815442801731e-05,-0.004065991066027286,0.004065991066027286,SOC_UPPER_BOUND_NOT_REACHED,155380.06000079628,155701.6525105963,321.59250980001616,0.10827431977050961,0.9955535920803896,90.19101450433926,,,,,,,,,,,,,,,,,,,,,,,,,,,,,1,FIRST_UPWARD_CROSSING,charge_timeseries/cycle-006.csv,,,155380.06000079628,162870.48515942416,SOC_UPPER_BOUND_NOT_REACHED,SOC_UPPER_BOUND_NOT_REACHED,False,False,3,charge-efficiency-v1
6,virtual,40-60,40.0,60.0,40.0,60.0,100.0,NEGATIVE_PARTICLE_LITHIUM_DELTA_OVER_FROZEN_Q_REF_V1,4.8685080428538905,0,20.0,W10_80_PERCENT_DISCHARGE_WINDOW,14.55,3.0000000000000004,2.98859524764611,4.85,100.0,4.8685080428538905,0,,,,0.9559617527739541,0.07923157530694484,0.11556171703766081,0.9737016085707784,,,,,-0.01781809794454625,0.01781809794454625,,,2.9180750472071384e-05,,,4.132726182684912e-05,101.85570769388501,99.99181534747652,7.734135423098643e-06,0.0008090423493048942,0.0008090423493048942,SOC_UPPER_BOUND_NOT_REACHED,155701.6525105963,156017.91487274662,316.2623621503368,0.0,0.9559617527739541,100.0,,,,,,,,,,,,,,,,,,,,,,,,,,,,,1,FIRST_UPWARD_CROSSING,charge_timeseries/cycle-006.csv,,,155380.06000079628,162870.48515942416,SOC_UPPER_BOUND_NOT_REACHED,SOC_UPPER_BOUND_NOT_REACHED,False,False,3,charge-efficiency-v1
6,virtual,60-80,60.0,80.0,60.0,80.0,100.0,NEGATIVE_PARTICLE_LITHIUM_DELTA_OVER_FROZEN_Q_REF_V1,4.8685080428538905,0,20.0,W10_80_PERCENT_DISCHARGE_WINDOW,14.55,3.0000000000000004,2.98859524764611,4.85,100.0,4.8685080428538905,0,,,,0.8758529037874814,0.11556171703766081,0.15189185876837674,0.9737016085707773,,,,,-0.09796458416255197,0.09796458416255197,,,7.015241543256441e-05,,,0.00014878174142501054,111.17181941855365,99.98676953872562,-0.00010305477760141901,-0.01176621977911766,0.01176621977911766,SOC_UPPER_BOUND_NOT_REACHED,156017.91487274662,158863.3289749357,2845.4141021890587,0.2228947763753019,0.6529581274121795,74.55111749799194,,,,,,,,,,,,,,,,,,,,,,,,,,,,,1,FIRST_UPWARD_CROSSING,charge_timeseries/cycle-006.csv,,,155380.06000079628,162870.48515942416,SOC_UPPER_BOUND_NOT_REACHED,SOC_UPPER_BOUND_NOT_REACHED,False,False,3,charge-efficiency-v1
6,virtual,80-100,80.0,100.0,80.0,,0.0,NEGATIVE_PARTICLE_LITHIUM_DELTA_OVER_FROZEN_Q_REF_V1,4.8685080428538905,0,20.0,W10_80_PERCENT_DISCHARGE_WINDOW,14.55,3.0000000000000004,2.98859524764611,4.85,100.0,4.8685080428538905,0,,,,,,,,,,,,,,,,,,,,,,,,,,,,,,,,,,,,,,,,,,,,,,,,,,,,,,,,,,,,0,FIRST_UPWARD_CROSSING,charge_timeseries/cycle-006.csv,,,155380.06000079628,162870.48515942416,SOC_UPPER_BOUND_NOT_REACHED,SOC_UPPER_BOUND_NOT_REACHED,False,False,3,charge-efficiency-v1
7,virtual,20-40,20.0,40.0,20.0,40.0,100.0,NEGATIVE_PARTICLE_LITHIUM_DELTA_OVER_FROZEN_Q_REF_V1,4.8685080428538905,0,20.0,W10_80_PERCENT_DISCHARGE_WINDOW,14.55,3.0000000000000004,2.98859524764611,4.85,100.0,4.8685080428538905,0,,,,1.1052220249492615,0.04288286122032366,0.07921300295103963,0.9737016085707783,,,,,0.13150793396883775,0.0,,,2.0386066548927885e-05,,,1.9492950876866255e-05,88.10009089490221,99.998870597096,-2.739660778017239e-05,-0.0024788329549829693,0.0024788329549829693,SOC_UPPER_BOUND_NOT_REACHED,186466.66580065925,186789.97311887325,323.3073182140131,0.1071377985149844,0.9980842264342771,90.30621937525152,,,,,,,,,,,,,,,,,,,,,,,,,,,,,1,FIRST_UPWARD_CROSSING,charge_timeseries/cycle-007.csv,,,186466.66580065925,193960.47111012065,SOC_UPPER_BOUND_NOT_REACHED,SOC_UPPER_BOUND_NOT_REACHED,False,False,3,charge-efficiency-v1
7,virtual,40-60,40.0,60.0,40.0,60.0,100.0,NEGATIVE_PARTICLE_LITHIUM_DELTA_OVER_FROZEN_Q_REF_V1,4.8685080428538905,0,20.0,W10_80_PERCENT_DISCHARGE_WINDOW,14.55,3.0000000000000004,2.98859524764611,4.85,100.0,4.8685080428538905,0,,,,0.9555454882493065,0.07921300295103963,0.11554314468175557,0.9737016085707776,,,,,-0.01822513516958517,0.01822513516958517,,,2.833647892718752e-05,,,3.832674364281051e-05,101.90007912179416,99.99277743980137,2.351625544072533e-06,0.000246102940466083,0.000246102940466083,SOC_UPPER_BOUND_NOT_REACHED,186789.97311887325,187107.58230631935,317.6091874460925,0.0,0.9555454882493065,100.0,,,,,,,,,,,,,,,,,,,,,,,,,,,,,1,FIRST_UPWARD_CROSSING,charge_timeseries/cycle-007.csv,,,186466.66580065925,193960.47111012065,SOC_UPPER_BOUND_NOT_REACHED,SOC_UPPER_BOUND_NOT_REACHED,False,False,3,charge-efficiency-v1
7,virtual,60-80,60.0,80.0,60.0,80.0,100.0,NEGATIVE_PARTICLE_LITHIUM_DELTA_OVER_FROZEN_Q_REF_V1,4.8685080428538905,0,20.0,W10_80_PERCENT_DISCHARGE_WINDOW,14.55,3.0000000000000004,2.98859524764611,4.85,100.0,4.8685080428538905,0,,,,0.8748607442405998,0.11554314468175557,0.15187328641247153,0.973701608570778,,,,,-0.0989629966162194,0.0989629966162194,,,6.76032680362031e-05,,,0.0001375702165743991,111.29789683453845,99.98603980269486,-8.304119856938907e-05,-0.009491933329511868,0.009491933329511868,SOC_UPPER_BOUND_NOT_REACHED,187107.58230631935,189952.36748045767,2844.7851741383265,0.2229223042376019,0.6519384400029978,74.51910996062534,,,,,,,,,,,,,,,,,,,,,,,,,,,,,1,FIRST_UPWARD_CROSSING,charge_timeseries/cycle-007.csv,,,186466.66580065925,193960.47111012065,SOC_UPPER_BOUND_NOT_REACHED,SOC_UPPER_BOUND_NOT_REACHED,False,False,3,charge-efficiency-v1
7,virtual,80-100,80.0,100.0,80.0,,0.0,NEGATIVE_PARTICLE_LITHIUM_DELTA_OVER_FROZEN_Q_REF_V1,4.8685080428538905,0,20.0,W10_80_PERCENT_DISCHARGE_WINDOW,14.55,3.0000000000000004,2.98859524764611,4.85,100.0,4.8685080428538905,0,,,,,,,,,,,,,,,,,,,,,,,,,,,,,,,,,,,,,,,,,,,,,,,,,,,,,,,,,,,,0,FIRST_UPWARD_CROSSING,charge_timeseries/cycle-007.csv,,,186466.66580065925,193960.47111012065,SOC_UPPER_BOUND_NOT_REACHED,SOC_UPPER_BOUND_NOT_REACHED,False,False,3,charge-efficiency-v1
8,virtual,20-40,20.0,40.0,20.0,40.0,100.0,NEGATIVE_PARTICLE_LITHIUM_DELTA_OVER_FROZEN_Q_REF_V1,4.8685080428538905,0,20.0,W10_80_PERCENT_DISCHARGE_WINDOW,14.55,3.0000000000000004,2.98859524764611,4.85,100.0,4.8685080428538905,0,,,,0.9979567070273683,0.04286502329515091,0.07919516502586688,0.9737016085707783,,,,,0.02424444409875842,0.0,,,1.1908280460521704e-05,,,1.565631664301667e-05,97.5695239797687,99.99893238276204,-1.6910239271861194e-05,-0.0016944862590514602,0.0016944862590514602,SOC_UPPER_BOUND_NOT_REACHED,217556.6521473194,217847.3233979983,290.6712506788866,0.10609924898989356,0.8918574580374747,89.36835152840115,,,,,,,,,,,,,,,,,,,,,,,,,,,,,1,FIRST_UPWARD_CROSSING,charge_timeseries/cycle-008.csv,,,217556.6521473194,225096.08066590835,SOC_UPPER_BOUND_NOT_REACHED,SOC_UPPER_BOUND_NOT_REACHED,False,False,3,charge-efficiency-v1
8,virtual,40-60,40.0,60.0,40.0,60.0,100.0,NEGATIVE_PARTICLE_LITHIUM_DELTA_OVER_FROZEN_Q_REF_V1,4.8685080428538905,0,20.0,W10_80_PERCENT_DISCHARGE_WINDOW,14.55,3.0000000000000004,2.98859524764611,4.85,100.0,4.8685080428538905,0,,,,0.9790547837617782,0.07919516502586688,0.11552530675658283,0.973701608570778,,,,,0.005277504773711701,0.0,,,5.7845573238261925e-06,,,3.422534110085647e-05,99.453230270687,99.99227107425003,3.56605188638337e-05,0.0036423415170718934,0.0036423415170718934,SOC_UPPER_BOUND_NOT_REACHED,217847.3233979983,218139.61199184696,292.2885938486703,0.0,0.9790547837617782,100.0,,,,,,,,,,,,,,,,,,,,,,,,,,,,,1,FIRST_UPWARD_CROSSING,charge_timeseries/cycle-008.csv,,,217556.6521473194,225096.08066590835,SOC_UPPER_BOUND_NOT_REACHED,SOC_UPPER_BOUND_NOT_REACHED,False,False,3,charge-efficiency-v1
8,virtual,60-80,60.0,80.0,60.0,80.0,100.0,NEGATIVE_PARTICLE_LITHIUM_DELTA_OVER_FROZEN_Q_REF_V1,4.8685080428538905,0,20.0,W10_80_PERCENT_DISCHARGE_WINDOW,14.55,3.0000000000000004,2.98859524764611,4.85,100.0,4.8685080428538905,0,,,,0.9576551367284671,0.11552530675658283,0.1518554484872988,0.973701608570778,,,,,-0.016122669384524904,0.016122669384524904,,,2.8329057131959217e-05,,,0.0001373091267211149,101.67560024761406,99.99204332130726,-8.94406416390714e-05,-0.009339545960628136,0.009339545960628136,SOC_UPPER_BOUND_NOT_REACHED,218139.61199184696,221083.8606343101,2944.248642463159,0.22185755563713885,0.7357975810913283,76.83325164473646,,,,,,,,,,,,,,,,,,,,,,,,,,,,,1,FIRST_UPWARD_CROSSING,charge_timeseries/cycle-008.csv,,,217556.6521473194,225096.08066590835,SOC_UPPER_BOUND_NOT_REACHED,SOC_UPPER_BOUND_NOT_REACHED,False,False,3,charge-efficiency-v1
8,virtual,80-100,80.0,100.0,80.0,,0.0,NEGATIVE_PARTICLE_LITHIUM_DELTA_OVER_FROZEN_Q_REF_V1,4.8685080428538905,0,20.0,W10_80_PERCENT_DISCHARGE_WINDOW,14.55,3.0000000000000004,2.98859524764611,4.85,100.0,4.8685080428538905,0,,,,,,,,,,,,,,,,,,,,,,,,,,,,,,,,,,,,,,,,,,,,,,,,,,,,,,,,,,,,0,FIRST_UPWARD_CROSSING,charge_timeseries/cycle-008.csv,,,217556.6521473194,225096.08066590835,SOC_UPPER_BOUND_NOT_REACHED,SOC_UPPER_BOUND_NOT_REACHED,False,False,3,charge-efficiency-v1
9,virtual,20-40,20.0,40.0,20.0,40.0,100.0,NEGATIVE_PARTICLE_LITHIUM_DELTA_OVER_FROZEN_Q_REF_V1,4.8685080428538905,0,20.0,W10_80_PERCENT_DISCHARGE_WINDOW,14.55,3.0000000000000004,2.98859524764611,4.85,100.0,4.8685080428538905,0,,,,1.1095831998010524,0.04285019989531501,0.07918034162603096,0.973701608570778,,,,,0.1358833993832989,0.0,,,1.9776600350740036e-05,,,1.7422669277161046e-05,87.75381681566215,100.00016295785886,-3.9007422652392876e-05,-0.003515502276835742,0.003515502276835742,SOC_UPPER_BOUND_NOT_REACHED,248692.2621358042,249019.40245489552,327.140319091328,0.10513603644237236,1.00444716335868,90.5247270811938,,,,,,,,,,,,,,,,,,,,,,,,,,,,,1,FIRST_UPWARD_CROSSING,charge_timeseries/cycle-009.csv,,,248692.2621358042,256193.63018978658,SOC_UPPER_BOUND_NOT_REACHED,SOC_UPPER_BOUND_NOT_REACHED,False,False,3,charge-efficiency-v1
9,virtual,40-60,40.0,60.0,40.0,60.0,100.0,NEGATIVE_PARTICLE_LITHIUM_DELTA_OVER_FROZEN_Q_REF_V1,4.8685080428538905,0,20.0,W10_80_PERCENT_DISCHARGE_WINDOW,14.55,3.0000000000000004,2.98859524764611,4.85,100.0,4.8685080428538905,0,,,,0.9543255667233144,0.07918034162603096,0.1155104833567469,0.9737016085707776,,,,,-0.01945691552081688,0.01945691552081688,,,2.7296040153330318e-05,,,3.401373340855031e-05,102.03033875682395,99.99152556777544,1.9563899791852357e-05,0.002050023647488057,0.002050023647488057,SOC_UPPER_BOUND_NOT_REACHED,249019.40245489552,249340.00511360005,320.6026587045195,0.0,0.9543255667233144,99.99999999999999,,,,,,,,,,,,,,,,,,,,,,,,,,,,,1,FIRST_UPWARD_CROSSING,charge_timeseries/cycle-009.csv,,,248692.2621358042,256193.63018978658,SOC_UPPER_BOUND_NOT_REACHED,SOC_UPPER_BOUND_NOT_REACHED,False,False,3,charge-efficiency-v1
9,virtual,60-80,60.0,80.0,60.0,80.0,100.0,NEGATIVE_PARTICLE_LITHIUM_DELTA_OVER_FROZEN_Q_REF_V1,4.8685080428538905,0,20.0,W10_80_PERCENT_DISCHARGE_WINDOW,14.55,3.0000000000000004,2.98859524764611,4.85,100.0,4.8685080428538905,0,,,,0.8716868199270862,0.1155104833567469,0.1518406250874629,0.9737016085707791,,,,,-0.10214161645806366,0.10214161645806366,,,6.38762567226395e-05,,,0.00012115112445274141,111.70314685407612,99.98545030032905,-5.81995668047508e-05,-0.006676660180501411,0.006676660180501411,SOC_UPPER_BOUND_NOT_REACHED,249340.00511360005,252183.802827444,2843.7977138439555,0.22296147382310194,0.6487253461039842,74.42183720963546,,,,,,,,,,,,,,,,,,,,,,,,,,,,,1,FIRST_UPWARD_CROSSING,charge_timeseries/cycle-009.csv,,,248692.2621358042,256193.63018978658,SOC_UPPER_BOUND_NOT_REACHED,SOC_UPPER_BOUND_NOT_REACHED,False,False,3,charge-efficiency-v1
9,virtual,80-100,80.0,100.0,80.0,,0.0,NEGATIVE_PARTICLE_LITHIUM_DELTA_OVER_FROZEN_Q_REF_V1,4.8685080428538905,0,20.0,W10_80_PERCENT_DISCHARGE_WINDOW,14.55,3.0000000000000004,2.98859524764611,4.85,100.0,4.8685080428538905,0,,,,,,,,,,,,,,,,,,,,,,,,,,,,,,,,,,,,,,,,,,,,,,,,,,,,,,,,,,,,0,FIRST_UPWARD_CROSSING,charge_timeseries/cycle-009.csv,,,248692.2621358042,256193.63018978658,SOC_UPPER_BOUND_NOT_REACHED,SOC_UPPER_BOUND_NOT_REACHED,False,False,3,charge-efficiency-v1
10,virtual,20-40,20.0,40.0,20.0,40.0,100.0,NEGATIVE_PARTICLE_LITHIUM_DELTA_OVER_FROZEN_Q_REF_V1,4.8685080428538905,0,20.0,W10_80_PERCENT_DISCHARGE_WINDOW,14.55,3.0000000000000004,2.98859524764611,4.85,100.0,4.8685080428538905,0,,,,1.1101294797725705,0.042833541294128044,0.079163683024844,0.973701608570778,,,,,0.1364233779442049,0.0,,,1.930343654727687e-05,,,1.66083770240244e-05,87.71063432801171,99.99959524923268,-3.141855598376431e-05,-0.002830170404104659,0.002830170404104659,SOC_UPPER_BOUND_NOT_REACHED,279789.81173427805,280118.1803421177,328.3686078396385,0.10423946808635426,1.0058900116862162,90.61015224028556,,,,,,,,,,,,,,,,,,,,,,,,,,,,,1,FIRST_UPWARD_CROSSING,charge_timeseries/cycle-010.csv,,,279789.81173427805,287295.06936802313,SOC_UPPER_BOUND_NOT_REACHED,SOC_UPPER_BOUND_NOT_REACHED,False,False,3,charge-efficiency-v1
10,virtual,40-60,40.0,60.0,40.0,60.0,100.0,NEGATIVE_PARTICLE_LITHIUM_DELTA_OVER_FROZEN_Q_REF_V1,4.8685080428538905,0,20.0,W10_80_PERCENT_DISCHARGE_WINDOW,14.55,3.0000000000000004,2.98859524764611,4.85,100.0,4.8685080428538905,0,,,,0.9540993452405526,0.079163683024844,0.11549382475555996,0.973701608570778,,,,,-0.019652042640216347,0.019652042640216347,,,2.6552505989950025e-05,,,3.236115780456787e-05,102.05453063436316,99.99478258629573,-9.134353803563755e-06,-0.000957379737144747,0.000957379737144747,SOC_UPPER_BOUND_NOT_REACHED,280118.1803421177,280439.796694418,321.61635230031885,0.0,0.9540993452405526,100.0,,,,,,,,,,,,,,,,,,,,,,,,,,,,,1,FIRST_UPWARD_CROSSING,charge_timeseries/cycle-010.csv,,,279789.81173427805,287295.06936802313,SOC_UPPER_BOUND_NOT_REACHED,SOC_UPPER_BOUND_NOT_REACHED,False,False,3,charge-efficiency-v1
10,virtual,60-80,60.0,80.0,60.0,80.0,100.0,NEGATIVE_PARTICLE_LITHIUM_DELTA_OVER_FROZEN_Q_REF_V1,4.8685080428538905,0,20.0,W10_80_PERCENT_DISCHARGE_WINDOW,14.55,3.0000000000000004,2.98859524764611,4.85,100.0,4.8685080428538905,0,,,,0.8713513351870922,0.11549382475555996,0.1518239664862759,0.973701608570778,,,,,-0.10251611694529203,0.10251611694529203,,,6.185220394114418e-05,,,0.00011501816694150548,111.7461544213632,99.98096708469834,-1.1026809276448724e-05,-0.0012654837183535275,0.0012654837183535275,SOC_UPPER_BOUND_NOT_REACHED,280439.796694418,283284.67540186056,2844.878707442571,0.22295681702799894,0.6483945181590932,74.41252362571674,,,,,,,,,,,,,,,,,,,,,,,,,,,,,1,FIRST_UPWARD_CROSSING,charge_timeseries/cycle-010.csv,,,279789.81173427805,287295.06936802313,SOC_UPPER_BOUND_NOT_REACHED,SOC_UPPER_BOUND_NOT_REACHED,False,False,3,charge-efficiency-v1
10,virtual,80-100,80.0,100.0,80.0,,0.0,NEGATIVE_PARTICLE_LITHIUM_DELTA_OVER_FROZEN_Q_REF_V1,4.8685080428538905,0,20.0,W10_80_PERCENT_DISCHARGE_WINDOW,14.55,3.0000000000000004,2.98859524764611,4.85,100.0,4.8685080428538905,0,,,,,,,,,,,,,,,,,,,,,,,,,,,,,,,,,,,,,,,,,,,,,,,,,,,,,,,,,,,,0,FIRST_UPWARD_CROSSING,charge_timeseries/cycle-010.csv,,,279789.81173427805,287295.06936802313,SOC_UPPER_BOUND_NOT_REACHED,SOC_UPPER_BOUND_NOT_REACHED,False,False,3,charge-efficiency-v1
11,virtual,20-40,20.0,40.0,20.0,40.0,100.0,NEGATIVE_PARTICLE_LITHIUM_DELTA_OVER_FROZEN_Q_REF_V1,4.8685080428538905,0,20.0,W10_80_PERCENT_DISCHARGE_WINDOW,14.55,3.0000000000000004,2.98859524764611,4.85,100.0,4.8685080428538905,0,,,,1.0712141140114073,0.042817390476454845,0.0791475322071708,0.973701608570778,,,,,0.09749399773835346,0.0,,,1.681472143665345e-05,,,1.4873969701232823e-05,90.89701076888622,99.9982722686311,-1.3180988861938303e-05,-0.0012304719186885115,0.0012304719186885115,SOC_UPPER_BOUND_NOT_REACHED,310891.25134429085,311206.33578974317,315.08444545231424,0.103396663130501,0.9678174508809062,90.34771277020347,,,,,,,,,,,,,,,,,,,,,,,,,,,,,1,FIRST_UPWARD_CROSSING,charge_timeseries/cycle-011.csv,,,310891.25134429085,318409.0289456595,SOC_UPPER_BOUND_NOT_REACHED,SOC_UPPER_BOUND_NOT_REACHED,False,False,3,charge-efficiency-v1
11,virtual,40-60,40.0,60.0,40.0,60.0,100.0,NEGATIVE_PARTICLE_LITHIUM_DELTA_OVER_FROZEN_Q_REF_V1,4.8685080428538905,0,20.0,W10_80_PERCENT_DISCHARGE_WINDOW,14.55,3.0000000000000004,2.98859524764611,4.85,100.0,4.8685080428538905,0,,,,0.9437491572298896,0.0791475322071708,0.11547767393788676,0.973701608570778,,,,,-0.029993851379499156,0.029993851379499156,,,1.3464825701758627e-05,,,2.9567813662246395e-05,103.17377251268816,99.99561323702453,-1.6326007532541098e-06,-0.00017299096277300532,0.00017299096277300532,SOC_UPPER_BOUND_NOT_REACHED,311206.33578974317,311502.2727776133,295.9369878701396,0.0,0.9437491572298896,100.0,,,,,,,,,,,,,,,,,,,,,,,,,,,,,1,FIRST_UPWARD_CROSSING,charge_timeseries/cycle-011.csv,,,310891.25134429085,318409.0289456595,SOC_UPPER_BOUND_NOT_REACHED,SOC_UPPER_BOUND_NOT_REACHED,False,False,3,charge-efficiency-v1
11,virtual,60-80,60.0,80.0,60.0,80.0,100.0,NEGATIVE_PARTICLE_LITHIUM_DELTA_OVER_FROZEN_Q_REF_V1,4.8685080428538905,0,20.0,W10_80_PERCENT_DISCHARGE_WINDOW,14.55,3.0000000000000004,2.98859524764611,4.85,100.0,4.8685080428538905,0,,,,0.9199622036599155,0.11547767393788676,0.1518078156686027,0.973701608570778,,,,,-0.0538249614939769,0.0538249614939769,,,4.0649981868970484e-05,,,0.00011447317353080119,105.84147964960619,99.99069998932846,-6.956657228529561e-05,-0.007561894609206406,0.007561894609206406,SOC_UPPER_BOUND_NOT_REACHED,311502.2727776133,314396.1800891238,2893.907311510444,0.22234250861474542,0.6976196950451702,75.83134309972812,,,,,,,,,,,,,,,,,,,,,,,,,,,,,1,FIRST_UPWARD_CROSSING,charge_timeseries/cycle-011.csv,,,310891.25134429085,318409.0289456595,SOC_UPPER_BOUND_NOT_REACHED,SOC_UPPER_BOUND_NOT_REACHED,False,False,3,charge-efficiency-v1
11,virtual,80-100,80.0,100.0,80.0,,0.0,NEGATIVE_PARTICLE_LITHIUM_DELTA_OVER_FROZEN_Q_REF_V1,4.8685080428538905,0,20.0,W10_80_PERCENT_DISCHARGE_WINDOW,14.55,3.0000000000000004,2.98859524764611,4.85,100.0,4.8685080428538905,0,,,,,,,,,,,,,,,,,,,,,,,,,,,,,,,,,,,,,,,,,,,,,,,,,,,,,,,,,,,,0,FIRST_UPWARD_CROSSING,charge_timeseries/cycle-011.csv,,,310891.25134429085,318409.0289456595,SOC_UPPER_BOUND_NOT_REACHED,SOC_UPPER_BOUND_NOT_REACHED,False,False,3,charge-efficiency-v1
12,virtual,20-40,20.0,40.0,20.0,40.0,100.0,NEGATIVE_PARTICLE_LITHIUM_DELTA_OVER_FROZEN_Q_REF_V1,4.8685080428538905,0,20.0,W10_80_PERCENT_DISCHARGE_WINDOW,14.55,3.0000000000000004,2.98859524764611,4.85,100.0,4.8685080428538905,0,,,,1.11226144996406,0.04280291129226874,0.0791330530229847,0.9737016085707783,,,,,0.13856306993381193,0.0,,,1.865174618943463e-05,,,1.532736126206441e-05,87.54251157425631,100.00029026813168,-3.7207647981762904e-05,-0.003345224990308275,0.003345224990308275,SOC_UPPER_BOUND_NOT_REACHED,342005.21123908216,342336.3291815222,331.11794244005216,0.10259823716679166,1.0096632127972682,90.77570860968822,,,,,,,,,,,,,,,,,,,,,,,,,,,,,1,FIRST_UPWARD_CROSSING,charge_timeseries/cycle-012.csv,,,342005.21123908216,349518.7637006279,SOC_UPPER_BOUND_NOT_REACHED,SOC_UPPER_BOUND_NOT_REACHED,False,False,3,charge-efficiency-v1
12,virtual,40-60,40.0,60.0,40.0,60.0,100.0,NEGATIVE_PARTICLE_LITHIUM_DELTA_OVER_FROZEN_Q_REF_V1,4.8685080428538905,0,20.0,W10_80_PERCENT_DISCHARGE_WINDOW,14.55,3.0000000000000004,2.98859524764611,4.85,100.0,4.8685080428538905,0,,,,0.9534304650750219,0.0791330530229847,0.11546319475370066,0.973701608570778,,,,,-0.02031655299100378,0.02031655299100378,,,2.547729305748701e-05,,,2.9724715052938805e-05,102.12612709980492,99.99523725149227,-9.792512862705216e-06,-0.0010270820181873127,0.0010270820181873127,SOC_UPPER_BOUND_NOT_REACHED,342336.3291815222,342660.1737250206,323.8445434984137,0.0,0.9534304650750219,100.0,,,,,,,,,,,,,,,,,,,,,,,,,,,,,1,FIRST_UPWARD_CROSSING,charge_timeseries/cycle-012.csv,,,342005.21123908216,349518.7637006279,SOC_UPPER_BOUND_NOT_REACHED,SOC_UPPER_BOUND_NOT_REACHED,False,False,3,charge-efficiency-v1
12,virtual,60-80,60.0,80.0,60.0,80.0,100.0,NEGATIVE_PARTICLE_LITHIUM_DELTA_OVER_FROZEN_Q_REF_V1,4.8685080428538905,0,20.0,W10_80_PERCENT_DISCHARGE_WINDOW,14.55,3.0000000000000004,2.98859524764611,4.85,100.0,4.8685080428538905,0,,,,0.869860680933652,0.11546319475370066,0.15179333648441662,0.973701608570778,,,,,-0.10403935835997445,0.10403935835997445,,,5.8649975297822565e-05,,,0.00010509710480937143,111.93765046670117,99.97718821792986,3.468364274128444e-05,0.003987264110392628,0.003987264110392628,SOC_UPPER_BOUND_NOT_REACHED,342660.1737250206,345507.3304885845,2847.1567635638953,0.22293460062216727,0.6469260803114847,74.37122915098499,,,,,,,,,,,,,,,,,,,,,,,,,,,,,1,FIRST_UPWARD_CROSSING,charge_timeseries/cycle-012.csv,,,342005.21123908216,349518.7637006279,SOC_UPPER_BOUND_NOT_REACHED,SOC_UPPER_BOUND_NOT_REACHED,False,False,3,charge-efficiency-v1
12,virtual,80-100,80.0,100.0,80.0,,0.0,NEGATIVE_PARTICLE_LITHIUM_DELTA_OVER_FROZEN_Q_REF_V1,4.8685080428538905,0,20.0,W10_80_PERCENT_DISCHARGE_WINDOW,14.55,3.0000000000000004,2.98859524764611,4.85,100.0,4.8685080428538905,0,,,,,,,,,,,,,,,,,,,,,,,,,,,,,,,,,,,,,,,,,,,,,,,,,,,,,,,,,,,,0,FIRST_UPWARD_CROSSING,charge_timeseries/cycle-012.csv,,,342005.21123908216,349518.7637006279,SOC_UPPER_BOUND_NOT_REACHED,SOC_UPPER_BOUND_NOT_REACHED,False,False,3,charge-efficiency-v1
13,virtual,20-40,20.0,40.0,20.0,40.0,100.0,NEGATIVE_PARTICLE_LITHIUM_DELTA_OVER_FROZEN_Q_REF_V1,4.8685080428538905,0,20.0,W10_80_PERCENT_DISCHARGE_WINDOW,14.55,3.0000000000000004,2.98859524764611,4.85,100.0,4.8685080428538905,0,,,,1.1130824271280997,0.04278765948455888,0.07911780121527484,0.9737016085707783,,,,,0.1393868245555288,0.0,,,1.831852345225704e-05,,,1.4799543280836353e-05,87.47794276862834,100.00053958251978,-3.912406494066545e-05,-0.003514929711145537,0.003514929711145537,SOC_UPPER_BOUND_NOT_REACHED,373114.94626593683,373447.282376289,332.33611035216956,0.10184116961588942,1.0112412575122103,90.85052758593511,,,,,,,,,,,,,,,,,,,,,,,,,,,,,1,FIRST_UPWARD_CROSSING,charge_timeseries/cycle-013.csv,,,373114.94626593683,380632.49895603216,SOC_UPPER_BOUND_NOT_REACHED,SOC_UPPER_BOUND_NOT_REACHED,False,False,3,charge-efficiency-v1
13,virtual,40-60,40.0,60.0,40.0,60.0,100.0,NEGATIVE_PARTICLE_LITHIUM_DELTA_OVER_FROZEN_Q_REF_V1,4.8685080428538905,0,20.0,W10_80_PERCENT_DISCHARGE_WINDOW,14.55,3.0000000000000004,2.98859524764611,4.85,100.0,4.8685080428538905,0,,,,0.9531808908470119,0.07911780121527484,0.11544794294599078,0.9737016085707776,,,,,-0.02058866692497127,0.02058866692497127,,,2.497485777315251e-05,,,2.8642360585418025e-05,102.15286709173647,99.99287132150276,1.4331982846949032e-05,0.001503595276046019,0.001503595276046019,SOC_UPPER_BOUND_NOT_REACHED,373447.282376289,373772.16793936933,324.8855630803386,0.0,0.9531808908470119,100.0,,,,,,,,,,,,,,,,,,,,,,,,,,,,,1,FIRST_UPWARD_CROSSING,charge_timeseries/cycle-013.csv,,,373114.94626593683,380632.49895603216,SOC_UPPER_BOUND_NOT_REACHED,SOC_UPPER_BOUND_NOT_REACHED,False,False,3,charge-efficiency-v1
13,virtual,60-80,60.0,80.0,60.0,80.0,100.0,NEGATIVE_PARTICLE_LITHIUM_DELTA_OVER_FROZEN_Q_REF_V1,4.8685080428538905,0,20.0,W10_80_PERCENT_DISCHARGE_WINDOW,14.55,3.0000000000000004,2.98859524764611,4.85,100.0,4.8685080428538905,0,,,,0.869173362878648,0.11544794294599078,0.15177808467670673,0.9737016085707776,,,,,-0.10461595853092265,0.10461595853092265,,,5.7199572008830024e-05,,,0.00010103565324051655,112.02616763886304,99.98990847596819,-7.052238645621767e-05,-0.00811373075477738,0.00811373075477738,SOC_UPPER_BOUND_NOT_REACHED,373772.16793936933,376620.74970342277,2848.5817640534215,0.22291327123536586,0.6462600916432821,74.35341661908609,,,,,,,,,,,,,,,,,,,,,,,,,,,,,1,FIRST_UPWARD_CROSSING,charge_timeseries/cycle-013.csv,,,373114.94626593683,380632.49895603216,SOC_UPPER_BOUND_NOT_REACHED,SOC_UPPER_BOUND_NOT_REACHED,False,False,3,charge-efficiency-v1
13,virtual,80-100,80.0,100.0,80.0,,0.0,NEGATIVE_PARTICLE_LITHIUM_DELTA_OVER_FROZEN_Q_REF_V1,4.8685080428538905,0,20.0,W10_80_PERCENT_DISCHARGE_WINDOW,14.55,3.0000000000000004,2.98859524764611,4.85,100.0,4.8685080428538905,0,,,,,,,,,,,,,,,,,,,,,,,,,,,,,,,,,,,,,,,,,,,,,,,,,,,,,,,,,,,,0,FIRST_UPWARD_CROSSING,charge_timeseries/cycle-013.csv,,,373114.94626593683,380632.49895603216,SOC_UPPER_BOUND_NOT_REACHED,SOC_UPPER_BOUND_NOT_REACHED,False,False,3,charge-efficiency-v1
14,virtual,20-40,20.0,40.0,20.0,40.0,100.0,NEGATIVE_PARTICLE_LITHIUM_DELTA_OVER_FROZEN_Q_REF_V1,4.8685080428538905,0,20.0,W10_80_PERCENT_DISCHARGE_WINDOW,14.55,3.0000000000000004,2.98859524764611,4.85,100.0,4.8685080428538905,0,,,,1.114751051848006,0.04277277750332847,0.07910291923404442,0.9737016085707778,,,,,0.14104965103080272,0.0,,,1.813464756191289e-05,,,1.4348306527203758e-05,87.34700065602988,100.00001863676866,-3.2690707663540763e-05,-0.0029325567900875212,0.0029325567900875212,SOC_UPPER_BOUND_NOT_REACHED,404228.6818717323,404562.54992835043,333.8680566181415,0.10111910514372326,1.0136319467042827,90.92899666018789,,,,,,,,,,,,,,,,,,,,,,,,,,,,,1,FIRST_UPWARD_CROSSING,charge_timeseries/cycle-014.csv,,,404228.6818717323,411750.30597841146,SOC_UPPER_BOUND_NOT_REACHED,SOC_UPPER_BOUND_NOT_REACHED,False,False,3,charge-efficiency-v1
14,virtual,40-60,40.0,60.0,40.0,60.0,100.0,NEGATIVE_PARTICLE_LITHIUM_DELTA_OVER_FROZEN_Q_REF_V1,4.8685080428538905,0,20.0,W10_80_PERCENT_DISCHARGE_WINDOW,14.55,3.0000000000000004,2.98859524764611,4.85,100.0,4.8685080428538905,0,,,,0.9526715719724924,0.07910291923404442,0.11543306096476039,0.9737016085707784,,,,,-0.021075532717586457,0.021075532717586457,,,2.4668369491475002e-05,,,2.7689459669605343e-05,102.20748022896743,99.99522436476127,-6.861709860528364e-06,-0.0007202597476821204,0.0007202597476821204,SOC_UPPER_BOUND_NOT_REACHED,404562.54992835043,404888.64354874135,326.093620390919,0.0,0.9526715719724924,100.0,,,,,,,,,,,,,,,,,,,,,,,,,,,,,1,FIRST_UPWARD_CROSSING,charge_timeseries/cycle-014.csv,,,404228.6818717323,411750.30597841146,SOC_UPPER_BOUND_NOT_REACHED,SOC_UPPER_BOUND_NOT_REACHED,False,False,3,charge-efficiency-v1
14,virtual,60-80,60.0,80.0,60.0,80.0,100.0,NEGATIVE_PARTICLE_LITHIUM_DELTA_OVER_FROZEN_Q_REF_V1,4.8685080428538905,0,20.0,W10_80_PERCENT_DISCHARGE_WINDOW,14.55,3.0000000000000004,2.98859524764611,4.85,100.0,4.8685080428538905,0,,,,0.8679848307172732,0.11543306096476039,0.15176320269547636,0.9737016085707784,,,,,-0.1058093049365934,0.1058093049365934,,,5.608897839202206e-05,,,9.737683513462783e-05,112.17956513896037,99.98934001150553,-6.093873043855336e-05,-0.007020713759271076,0.007020713759271076,SOC_UPPER_BOUND_NOT_REACHED,404888.64354874135,407738.3141711907,2849.670622449366,0.222892432048997,0.6450923986682762,74.32069960660415,,,,,,,,,,,,,,,,,,,,,,,,,,,,,1,FIRST_UPWARD_CROSSING,charge_timeseries/cycle-014.csv,,,404228.6818717323,411750.30597841146,SOC_UPPER_BOUND_NOT_REACHED,SOC_UPPER_BOUND_NOT_REACHED,False,False,3,charge-efficiency-v1
14,virtual,80-100,80.0,100.0,80.0,,0.0,NEGATIVE_PARTICLE_LITHIUM_DELTA_OVER_FROZEN_Q_REF_V1,4.8685080428538905,0,20.0,W10_80_PERCENT_DISCHARGE_WINDOW,14.55,3.0000000000000004,2.98859524764611,4.85,100.0,4.8685080428538905,0,,,,,,,,,,,,,,,,,,,,,,,,,,,,,,,,,,,,,,,,,,,,,,,,,,,,,,,,,,,,0,FIRST_UPWARD_CROSSING,charge_timeseries/cycle-014.csv,,,404228.6818717323,411750.30597841146,SOC_UPPER_BOUND_NOT_REACHED,SOC_UPPER_BOUND_NOT_REACHED,False,False,3,charge-efficiency-v1
15,virtual,20-40,20.0,40.0,20.0,40.0,100.0,NEGATIVE_PARTICLE_LITHIUM_DELTA_OVER_FROZEN_Q_REF_V1,4.8685080428538905,0,20.0,W10_80_PERCENT_DISCHARGE_WINDOW,14.55,3.0000000000000004,2.98859524764611,4.85,100.0,4.8685080428538905,0,,,,1.114459432140394,0.04275824270027234,0.07908838443098831,0.9737016085707784,,,,,0.14075738990964615,0.0,,,1.772358444995445e-05,,,1.3905107767483993e-05,87.3698566757804,99.99996108786404,-3.1195032247799404e-05,-0.0027991177918326965,0.0027991177918326965,SOC_UPPER_BOUND_NOT_REACHED,435346.48940463405,435681.1089526578,334.6195480237569,0.10042816810043147,1.0140312640399625,90.98862056310543,,,,,,,,,,,,,,,,,,,,,,,,,,,,,1,FIRST_UPWARD_CROSSING,charge_timeseries/cycle-015.csv,,,435346.48940463405,442872.7683082623,SOC_UPPER_BOUND_NOT_REACHED,SOC_UPPER_BOUND_NOT_REACHED,False,False,3,charge-efficiency-v1
15,virtual,40-60,40.0,60.0,40.0,60.0,100.0,NEGATIVE_PARTICLE_LITHIUM_DELTA_OVER_FROZEN_Q_REF_V1,4.8685080428538905,0,20.0,W10_80_PERCENT_DISCHARGE_WINDOW,14.55,3.0000000000000004,2.98859524764611,4.85,100.0,4.8685080428538905,0,,,,0.952714953770871,0.07908838443098831,0.11541852616170425,0.9737016085707776,,,,,-0.021054292746512424,0.021054292746512424,,,2.404847061074182e-05,,,2.681014743336277e-05,102.20282621962014,99.99290050540951,1.677932856170017e-05,0.0017612118394160963,0.0017612118394160963,SOC_UPPER_BOUND_NOT_REACHED,435681.1089526578,436007.91409522353,326.8051425657284,0.0,0.952714953770871,100.0,,,,,,,,,,,,,,,,,,,,,,,,,,,,,1,FIRST_UPWARD_CROSSING,charge_timeseries/cycle-015.csv,,,435346.48940463405,442872.7683082623,SOC_UPPER_BOUND_NOT_REACHED,SOC_UPPER_BOUND_NOT_REACHED,False,False,3,charge-efficiency-v1
15,virtual,60-80,60.0,80.0,60.0,80.0,100.0,NEGATIVE_PARTICLE_LITHIUM_DELTA_OVER_FROZEN_Q_REF_V1,4.8685080428538905,0,20.0,W10_80_PERCENT_DISCHARGE_WINDOW,14.55,3.0000000000000004,2.98859524764611,4.85,100.0,4.8685080428538905,0,,,,0.8682195954410042,0.11541852616170425,0.15174866789242022,0.9737016085707784,,,,,-0.10557232030402704,0.10557232030402704,,,5.4580591671975556e-05,,,9.418871688186489e-05,112.14923202420874,99.98959857912364,-5.846213430082958e-05,-0.006733565403016995,0.006733565403016995,SOC_UPPER_BOUND_NOT_REACHED,436007.91409522353,438860.51907045697,2852.60497523345,0.22285230804430797,0.6453672873966962,74.33226464658263,,,,,,,,,,,,,,,,,,,,,,,,,,,,,1,FIRST_UPWARD_CROSSING,charge_timeseries/cycle-015.csv,,,435346.48940463405,442872.7683082623,SOC_UPPER_BOUND_NOT_REACHED,SOC_UPPER_BOUND_NOT_REACHED,False,False,3,charge-efficiency-v1
15,virtual,80-100,80.0,100.0,80.0,,0.0,NEGATIVE_PARTICLE_LITHIUM_DELTA_OVER_FROZEN_Q_REF_V1,4.8685080428538905,0,20.0,W10_80_PERCENT_DISCHARGE_WINDOW,14.55,3.0000000000000004,2.98859524764611,4.85,100.0,4.8685080428538905,0,,,,,,,,,,,,,,,,,,,,,,,,,,,,,,,,,,,,,,,,,,,,,,,,,,,,,,,,,,,,0,FIRST_UPWARD_CROSSING,charge_timeseries/cycle-015.csv,,,435346.48940463405,442872.7683082623,SOC_UPPER_BOUND_NOT_REACHED,SOC_UPPER_BOUND_NOT_REACHED,False,False,3,charge-efficiency-v1
16,virtual,20-40,20.0,40.0,20.0,40.0,100.0,NEGATIVE_PARTICLE_LITHIUM_DELTA_OVER_FROZEN_Q_REF_V1,4.8685080428538905,0,20.0,W10_80_PERCENT_DISCHARGE_WINDOW,14.55,3.0000000000000004,2.98859524764611,4.85,100.0,4.8685080428538905,0,,,,1.1151321298131742,0.04274406800794134,0.0790742097386573,0.973701608570778,,,,,0.14141014058621115,0.0,,,1.7511770195790827e-05,,,1.3523969893250443e-05,87.31715126295474,99.99817235503845,-1.065508390385439e-05,-0.0009554996774812245,0.0009554996774812245,SOC_UPPER_BOUND_NOT_REACHED,466468.9519065566,466804.7233708494,335.7714642927878,0.09976485964141317,1.015367270171761,91.05353913010045,,,,,,,,,,,,,,,,,,,,,,,,,,,,,1,FIRST_UPWARD_CROSSING,charge_timeseries/cycle-016.csv,,,466468.9519065566,473999.6099032838,SOC_UPPER_BOUND_NOT_REACHED,SOC_UPPER_BOUND_NOT_REACHED,False,False,3,charge-efficiency-v1
16,virtual,40-60,40.0,60.0,40.0,60.0,100.0,NEGATIVE_PARTICLE_LITHIUM_DELTA_OVER_FROZEN_Q_REF_V1,4.8685080428538905,0,20.0,W10_80_PERCENT_DISCHARGE_WINDOW,14.55,3.0000000000000004,2.98859524764611,4.85,100.0,4.8685080428538905,0,,,,0.9524903763338524,0.0790742097386573,0.11540435146937325,0.973701608570778,,,,,-0.021277599136730593,0.021277599136730593,,,2.3632647818420862e-05,,,2.6029046107500092e-05,102.22692352216387,99.99303227607817,1.6705205878930762e-05,0.0017538451089899,0.0017538451089899,SOC_UPPER_BOUND_NOT_REACHED,466804.7233708494,467132.4189562977,327.69558544828845,0.0,0.9524903763338524,100.0,,,,,,,,,,,,,,,,,,,,,,,,,,,,,1,FIRST_UPWARD_CROSSING,charge_timeseries/cycle-016.csv,,,466468.9519065566,473999.6099032838,SOC_UPPER_BOUND_NOT_REACHED,SOC_UPPER_BOUND_NOT_REACHED,False,False,3,charge-efficiency-v1
16,virtual,60-80,60.0,80.0,60.0,80.0,100.0,NEGATIVE_PARTICLE_LITHIUM_DELTA_OVER_FROZEN_Q_REF_V1,4.8685080428538905,0,20.0,W10_80_PERCENT_DISCHARGE_WINDOW,14.55,3.0000000000000004,2.98859524764611,4.85,100.0,4.8685080428538905,0,,,,0.8677689178107661,0.11540435146937325,0.15173449320008922,0.9737016085707784,,,,,-0.10602718116944071,0.10602718116944071,,,5.341050440806289e-05,,,9.126513779293341e-05,112.20747696601791,99.98911110924936,-5.0185232772559374e-05,-0.005783248482691476,0.005783248482691476,SOC_UPPER_BOUND_NOT_REACHED,467132.4189562977,469987.22557478223,2854.806618484547,0.22281443677854434,0.6449544810322217,74.32329826462701,,,,,,,,,,,,,,,,,,,,,,,,,,,,,1,FIRST_UPWARD_CROSSING,charge_timeseries/cycle-016.csv,,,466468.9519065566,473999.6099032838,SOC_UPPER_BOUND_NOT_REACHED,SOC_UPPER_BOUND_NOT_REACHED,False,False,3,charge-efficiency-v1
16,virtual,80-100,80.0,100.0,80.0,,0.0,NEGATIVE_PARTICLE_LITHIUM_DELTA_OVER_FROZEN_Q_REF_V1,4.8685080428538905,0,20.0,W10_80_PERCENT_DISCHARGE_WINDOW,14.55,3.0000000000000004,2.98859524764611,4.85,100.0,4.8685080428538905,0,,,,,,,,,,,,,,,,,,,,,,,,,,,,,,,,,,,,,,,,,,,,,,,,,,,,,,,,,,,,0,FIRST_UPWARD_CROSSING,charge_timeseries/cycle-016.csv,,,466468.9519065566,473999.6099032838,SOC_UPPER_BOUND_NOT_REACHED,SOC_UPPER_BOUND_NOT_REACHED,False,False,3,charge-efficiency-v1
17,virtual,20-40,20.0,40.0,20.0,40.0,100.0,NEGATIVE_PARTICLE_LITHIUM_DELTA_OVER_FROZEN_Q_REF_V1,4.8685080428538905,0,20.0,W10_80_PERCENT_DISCHARGE_WINDOW,14.55,3.0000000000000004,2.98859524764611,4.85,100.0,4.8685080428538905,0,,,,1.1167242223387222,0.04273017816454672,0.07906031989526267,0.973701608570778,,,,,0.14302642995400447,0.0,,,1.7349713143930898e-05,,,1.3193983052942754e-05,87.19266485789875,100.0003417303918,-3.435988225719555e-05,-0.003076845793246669,0.003076845793246669,SOC_UPPER_BOUND_NOT_REACHED,497595.79394660826,497932.9878320903,337.19388548204944,0.0991267256689978,1.0175974966697243,91.12343731011764,,,,,,,,,,,,,,,,,,,,,,,,,,,,,1,FIRST_UPWARD_CROSSING,charge_timeseries/cycle-017.csv,,,497595.79394660826,505131.0309553972,SOC_UPPER_BOUND_NOT_REACHED,SOC_UPPER_BOUND_NOT_REACHED,False,False,3,charge-efficiency-v1
17,virtual,40-60,40.0,60.0,40.0,60.0,100.0,NEGATIVE_PARTICLE_LITHIUM_DELTA_OVER_FROZEN_Q_REF_V1,4.8685080428538905,0,20.0,W10_80_PERCENT_DISCHARGE_WINDOW,14.55,3.0000000000000004,2.98859524764611,4.85,100.0,4.8685080428538905,0,,,,0.952033409694589,0.07906031989526267,0.11539046162597863,0.973701608570778,,,,,-0.021759035358180454,0.021759035358180454,,,2.3417115080266466e-05,,,2.5323629054632008e-05,102.27599143638669,99.99045868757688,4.20957378566289e-05,0.004421666028520276,0.004421666028520276,SOC_UPPER_BOUND_NOT_REACHED,497932.9878320903,498261.8794589445,328.891626854162,0.0,0.952033409694589,100.0,,,,,,,,,,,,,,,,,,,,,,,,,,,,,1,FIRST_UPWARD_CROSSING,charge_timeseries/cycle-017.csv,,,497595.79394660826,505131.0309553972,SOC_UPPER_BOUND_NOT_REACHED,SOC_UPPER_BOUND_NOT_REACHED,False,False,3,charge-efficiency-v1
17,virtual,60-80,60.0,80.0,60.0,80.0,100.0,NEGATIVE_PARTICLE_LITHIUM_DELTA_OVER_FROZEN_Q_REF_V1,4.8685080428538905,0,20.0,W10_80_PERCENT_DISCHARGE_WINDOW,14.55,3.0000000000000004,2.98859524764611,4.85,100.0,4.8685080428538905,0,,,,0.8666023687441693,0.11539046162597863,0.1517206033566946,0.9737016085707784,,,,,-0.10717932032385849,0.10717932032385849,,,5.255640425460076e-05,,,8.854494340933619e-05,112.35852147298087,99.99075925705517,-6.102085041459482e-05,-0.007041389755606455,0.007041389755606455,SOC_UPPER_BOUND_NOT_REACHED,498261.8794589445,501118.5740913534,2856.694632408934,0.22277896290589833,0.643823405838271,74.29282783651551,,,,,,,,,,,,,,,,,,,,,,,,,,,,,1,FIRST_UPWARD_CROSSING,charge_timeseries/cycle-017.csv,,,497595.79394660826,505131.0309553972,SOC_UPPER_BOUND_NOT_REACHED,SOC_UPPER_BOUND_NOT_REACHED,False,False,3,charge-efficiency-v1
17,virtual,80-100,80.0,100.0,80.0,,0.0,NEGATIVE_PARTICLE_LITHIUM_DELTA_OVER_FROZEN_Q_REF_V1,4.8685080428538905,0,20.0,W10_80_PERCENT_DISCHARGE_WINDOW,14.55,3.0000000000000004,2.98859524764611,4.85,100.0,4.8685080428538905,0,,,,,,,,,,,,,,,,,,,,,,,,,,,,,,,,,,,,,,,,,,,,,,,,,,,,,,,,,,,,0,FIRST_UPWARD_CROSSING,charge_timeseries/cycle-017.csv,,,497595.79394660826,505131.0309553972,SOC_UPPER_BOUND_NOT_REACHED,SOC_UPPER_BOUND_NOT_REACHED,False,False,3,charge-efficiency-v1
18,virtual,20-40,20.0,40.0,20.0,40.0,100.0,NEGATIVE_PARTICLE_LITHIUM_DELTA_OVER_FROZEN_Q_REF_V1,4.8685080428538905,0,20.0,W10_80_PERCENT_DISCHARGE_WINDOW,14.55,3.0000000000000004,2.98859524764611,4.85,100.0,4.8685080428538905,0,,,,1.118325298145209,0.042716565891122306,0.07904670762183827,0.9737016085707783,,,,,0.14461763566268665,0.0,,,1.7255591068982695e-05,,,1.2893973978789913e-05,87.06783349940349,99.99945866272057,-2.4095653303524145e-05,-0.0021546193530172153,0.0021546193530172153,SOC_UPPER_BOUND_NOT_REACHED,528727.2149947621,529065.8685141847,338.6535194225973,0.09851116284277361,1.0198141353024355,91.19118891380187,,,,,,,,,,,,,,,,,,,,,,,,,,,,,1,FIRST_UPWARD_CROSSING,charge_timeseries/cycle-018.csv,,,528727.2149947621,536266.9723746225,SOC_UPPER_BOUND_NOT_REACHED,SOC_UPPER_BOUND_NOT_REACHED,False,False,3,charge-efficiency-v1
18,virtual,40-60,40.0,60.0,40.0,60.0,100.0,NEGATIVE_PARTICLE_LITHIUM_DELTA_OVER_FROZEN_Q_REF_V1,4.8685080428538905,0,20.0,W10_80_PERCENT_DISCHARGE_WINDOW,14.55,3.0000000000000004,2.98859524764611,4.85,100.0,4.8685080428538905,0,,,,0.9515339236661093,0.07904670762183827,0.11537684935255423,0.973701608570778,,,,,-0.022231882177488005,0.022231882177488005,,,2.3215524781449674e-05,,,2.4680500894828233e-05,102.3296788851479,99.99325328596044,1.630124714291359e-05,0.0017131545956982246,0.0017131545956982246,SOC_UPPER_BOUND_NOT_REACHED,529065.8685141847,529395.8751123132,330.0065981285598,0.0,0.9515339236661093,100.0,,,,,,,,,,,,,,,,,,,,,,,,,,,,,1,FIRST_UPWARD_CROSSING,charge_timeseries/cycle-018.csv,,,528727.2149947621,536266.9723746225,SOC_UPPER_BOUND_NOT_REACHED,SOC_UPPER_BOUND_NOT_REACHED,False,False,3,charge-efficiency-v1
18,virtual,60-80,60.0,80.0,60.0,80.0,100.0,NEGATIVE_PARTICLE_LITHIUM_DELTA_OVER_FROZEN_Q_REF_V1,4.8685080428538905,0,20.0,W10_80_PERCENT_DISCHARGE_WINDOW,14.55,3.0000000000000004,2.98859524764611,4.85,100.0,4.8685080428538905,0,,,,0.8654928836851036,0.11537684935255423,0.15170699108327018,0.973701608570778,,,,,-0.10831483246923043,0.10831483246923043,,,5.176030839902602e-05,,,8.60624687537212e-05,112.5025551249991,99.98774021305593,-3.171519359679298e-05,-0.003664408361366963,0.003664408361366963,SOC_UPPER_BOUND_NOT_REACHED,529395.8751123132,532254.4894365186,2858.614324205375,0.22273947366889912,0.6427534100162045,74.26443615336073,,,,,,,,,,,,,,,,,,,,,,,,,,,,,1,FIRST_UPWARD_CROSSING,charge_timeseries/cycle-018.csv,,,528727.2149947621,536266.9723746225,SOC_UPPER_BOUND_NOT_REACHED,SOC_UPPER_BOUND_NOT_REACHED,False,False,3,charge-efficiency-v1
18,virtual,80-100,80.0,100.0,80.0,,0.0,NEGATIVE_PARTICLE_LITHIUM_DELTA_OVER_FROZEN_Q_REF_V1,4.8685080428538905,0,20.0,W10_80_PERCENT_DISCHARGE_WINDOW,14.55,3.0000000000000004,2.98859524764611,4.85,100.0,4.8685080428538905,0,,,,,,,,,,,,,,,,,,,,,,,,,,,,,,,,,,,,,,,,,,,,,,,,,,,,,,,,,,,,0,FIRST_UPWARD_CROSSING,charge_timeseries/cycle-018.csv,,,528727.2149947621,536266.9723746225,SOC_UPPER_BOUND_NOT_REACHED,SOC_UPPER_BOUND_NOT_REACHED,False,False,3,charge-efficiency-v1
19,virtual,20-40,20.0,40.0,20.0,40.0,100.0,NEGATIVE_PARTICLE_LITHIUM_DELTA_OVER_FROZEN_Q_REF_V1,4.8685080428538905,0,20.0,W10_80_PERCENT_DISCHARGE_WINDOW,14.55,3.0000000000000004,2.98859524764611,4.85,100.0,4.8685080428538905,0,,,,1.0740836524066537,0.04270320562815368,0.07903334735886963,0.9737016085707778,,,,,0.10036602555450544,0.0,,,1.5013025236685056e-05,,,1.1687365951966455e-05,90.65416891776034,99.99850865606841,-1.0682109818249685e-05,-0.000994532389941392,0.000994532389941392,SOC_UPPER_BOUND_NOT_REACHED,559863.1565506246,560186.1704645827,323.0139139581499,0.09791645809701284,0.9761671943096408,90.88372140497478,,,,,,,,,,,,,,,,,,,,,,,,,,,,,1,FIRST_UPWARD_CROSSING,charge_timeseries/cycle-019.csv,,,559863.1565506246,567405.6040483959,SOC_UPPER_BOUND_NOT_REACHED,SOC_UPPER_BOUND_NOT_REACHED,False,False,3,charge-efficiency-v1
19,virtual,40-60,40.0,60.0,40.0,60.0,100.0,NEGATIVE_PARTICLE_LITHIUM_DELTA_OVER_FROZEN_Q_REF_V1,4.8685080428538905,0,20.0,W10_80_PERCENT_DISCHARGE_WINDOW,14.55,3.0000000000000004,2.98859524764611,4.85,100.0,4.8685080428538905,0,,,,0.9301347602651449,0.07903334735886963,0.1153634890895856,0.9737016085707784,,,,,-0.0436049570278099,0.0436049570278099,,,9.399471557373657e-06,,,2.245956692813189e-05,104.68392862698887,99.99590288162487,6.24968369078438e-06,0.0006719116366539018,0.0006719116366539018,SOC_UPPER_BOUND_NOT_REACHED,560186.1704645827,560477.350883344,291.1804187611555,0.0,0.9301347602651449,100.0,,,,,,,,,,,,,,,,,,,,,,,,,,,,,1,FIRST_UPWARD_CROSSING,charge_timeseries/cycle-019.csv,,,559863.1565506246,567405.6040483959,SOC_UPPER_BOUND_NOT_REACHED,SOC_UPPER_BOUND_NOT_REACHED,False,False,3,charge-efficiency-v1
19,virtual,60-80,60.0,80.0,60.0,80.0,100.0,NEGATIVE_PARTICLE_LITHIUM_DELTA_OVER_FROZEN_Q_REF_V1,4.8685080428538905,0,20.0,W10_80_PERCENT_DISCHARGE_WINDOW,14.55,3.0000000000000004,2.98859524764611,4.85,100.0,4.8685080428538905,0,,,,0.9303635432906185,0.1153634890895856,0.15169363082030157,0.9737016085707784,,,,,-0.04341541287164053,0.04341541287164053,,,2.9581692184658427e-05,,,8.856960339593753e-05,104.65818610291593,99.99168630455928,-4.080370409997869e-05,-0.004385780633198435,0.004385780633198435,SOC_UPPER_BOUND_NOT_REACHED,560477.350883344,563390.6347315565,2913.2838482125185,0.22207881367626367,0.7082847296143548,76.12988865720281,,,,,,,,,,,,,,,,,,,,,,,,,,,,,1,FIRST_UPWARD_CROSSING,charge_timeseries/cycle-019.csv,,,559863.1565506246,567405.6040483959,SOC_UPPER_BOUND_NOT_REACHED,SOC_UPPER_BOUND_NOT_REACHED,False,False,3,charge-efficiency-v1
19,virtual,80-100,80.0,100.0,80.0,,0.0,NEGATIVE_PARTICLE_LITHIUM_DELTA_OVER_FROZEN_Q_REF_V1,4.8685080428538905,0,20.0,W10_80_PERCENT_DISCHARGE_WINDOW,14.55,3.0000000000000004,2.98859524764611,4.85,100.0,4.8685080428538905,0,,,,,,,,,,,,,,,,,,,,,,,,,,,,,,,,,,,,,,,,,,,,,,,,,,,,,,,,,,,,0,FIRST_UPWARD_CROSSING,charge_timeseries/cycle-019.csv,,,559863.1565506246,567405.6040483959,SOC_UPPER_BOUND_NOT_REACHED,SOC_UPPER_BOUND_NOT_REACHED,False,False,3,charge-efficiency-v1
20,virtual,20-40,20.0,40.0,20.0,40.0,100.0,NEGATIVE_PARTICLE_LITHIUM_DELTA_OVER_FROZEN_Q_REF_V1,4.8685080428538905,0,20.0,W10_80_PERCENT_DISCHARGE_WINDOW,14.55,3.0000000000000004,2.98859524764611,4.85,100.0,4.8685080428538905,0,,,,1.119040963766626,0.042691398244145674,0.07902153997486164,0.9737016085707783,,,,,0.14535110677561028,0.0,,,1.6762229833009422e-05,,,1.231875134168059e-05,87.01215059128451,100.00105014741578,-4.083256093712073e-05,-0.003648888848508345,0.003648888848508345,SOC_UPPER_BOUND_NOT_REACHED,591001.7885922067,591342.295502576,340.50691036932614,0.097339583693086,1.0217013800735402,91.30151738454268,,,,,,,,,,,,,,,,,,,,,,,,,,,,,1,FIRST_UPWARD_CROSSING,charge_timeseries/cycle-020.csv,,,591001.7885922067,598551.8881198732,SOC_UPPER_BOUND_NOT_REACHED,SOC_UPPER_BOUND_NOT_REACHED,False,False,3,charge-efficiency-v1
20,virtual,40-60,40.0,60.0,40.0,60.0,100.0,NEGATIVE_PARTICLE_LITHIUM_DELTA_OVER_FROZEN_Q_REF_V1,4.8685080428538905,0,20.0,W10_80_PERCENT_DISCHARGE_WINDOW,14.55,3.0000000000000004,2.98859524764611,4.85,100.0,4.8685080428538905,0,,,,0.9512333041747646,0.07902153997486164,0.11535168170557758,0.9737016085707776,,,,,-0.02252961049845341,0.02252961049845341,,,2.2476916061918168e-05,,,2.351086258172916e-05,102.36201826590852,99.99355509293343,1.5318323796753575e-05,0.001610364537230209,0.001610364537230209,SOC_UPPER_BOUND_NOT_REACHED,591342.295502576,591673.9262913084,331.6307887323267,0.0,0.9512333041747646,100.0,,,,,,,,,,,,,,,,,,,,,,,,,,,,,1,FIRST_UPWARD_CROSSING,charge_timeseries/cycle-020.csv,,,591001.7885922067,598551.8881198732,SOC_UPPER_BOUND_NOT_REACHED,SOC_UPPER_BOUND_NOT_REACHED,False,False,3,charge-efficiency-v1
20,virtual,60-80,60.0,80.0,60.0,80.0,100.0,NEGATIVE_PARTICLE_LITHIUM_DELTA_OVER_FROZEN_Q_REF_V1,4.8685080428538905,0,20.0,W10_80_PERCENT_DISCHARGE_WINDOW,14.55,3.0000000000000004,2.98859524764611,4.85,100.0,4.8685080428538905,0,,,,0.8650986942694874,0.11535168170557758,0.15168182343629355,0.9737016085707784,,,,,-0.10880547846899104,0.10880547846899104,,,4.9785453457578885e-05,,,8.17626202515645e-05,112.55381784999666,99.97658484875288,7.101609399084996e-05,0.008209016434918776,0.008209016434918776,SOC_UPPER_BOUND_NOT_REACHED,591673.9262913084,594539.2145584056,2865.288267097291,0.22263735049090322,0.6424613437785842,74.26451433048294,,,,,,,,,,,,,,,,,,,,,,,,,,,,,1,FIRST_UPWARD_CROSSING,charge_timeseries/cycle-020.csv,,,591001.7885922067,598551.8881198732,SOC_UPPER_BOUND_NOT_REACHED,SOC_UPPER_BOUND_NOT_REACHED,False,False,3,charge-efficiency-v1
20,virtual,80-100,80.0,100.0,80.0,,0.0,NEGATIVE_PARTICLE_LITHIUM_DELTA_OVER_FROZEN_Q_REF_V1,4.8685080428538905,0,20.0,W10_80_PERCENT_DISCHARGE_WINDOW,14.55,3.0000000000000004,2.98859524764611,4.85,100.0,4.8685080428538905,0,,,,,,,,,,,,,,,,,,,,,,,,,,,,,,,,,,,,,,,,,,,,,,,,,,,,,,,,,,,,0,FIRST_UPWARD_CROSSING,charge_timeseries/cycle-020.csv,,,591001.7885922067,598551.8881198732,SOC_UPPER_BOUND_NOT_REACHED,SOC_UPPER_BOUND_NOT_REACHED,False,False,3,charge-efficiency-v1
21,virtual,20-40,20.0,40.0,20.0,40.0,100.0,NEGATIVE_PARTICLE_LITHIUM_DELTA_OVER_FROZEN_Q_REF_V1,4.8685080428538905,0,20.0,W10_80_PERCENT_DISCHARGE_WINDOW,14.55,3.0000000000000004,2.98859524764611,4.85,100.0,4.8685080428538905,0,,,,1.1212316348442048,0.04267853226551719,0.07900867399623315,0.9737016085707783,,,,,0.14752489023755824,0.0,,,1.6769762869216828e-05,,,1.2095700260662118e-05,86.84214557557272,99.99954192909755,-2.3729427261587333e-05,-0.0021163715439481458,0.0021163715439481458,SOC_UPPER_BOUND_NOT_REACHED,622148.0730397229,622490.2392459126,342.1662061898198,0.09678176814410192,1.024449866700103,91.36826279811935,,,,,,,,,,,,,,,,,,,,,,,,,,,,,1,FIRST_UPWARD_CROSSING,charge_timeseries/cycle-021.csv,,,622148.0730397229,629702.6820699364,SOC_UPPER_BOUND_NOT_REACHED,SOC_UPPER_BOUND_NOT_REACHED,False,False,3,charge-efficiency-v1
21,virtual,40-60,40.0,60.0,40.0,60.0,100.0,NEGATIVE_PARTICLE_LITHIUM_DELTA_OVER_FROZEN_Q_REF_V1,4.8685080428538905,0,20.0,W10_80_PERCENT_DISCHARGE_WINDOW,14.55,3.0000000000000004,2.98859524764611,4.85,100.0,4.8685080428538905,0,,,,0.9506000818873545,0.07900867399623315,0.1153388157269491,0.9737016085707776,,,,,-0.023162926015200133,0.023162926015200133,,,2.2428233949097192e-05,,,2.301108999581969e-05,102.43020457536218,99.9935409923745,1.5960007832105383e-05,0.0016789402963670935,0.0016789402963670935,SOC_UPPER_BOUND_NOT_REACHED,622490.2392459126,622823.1189699421,332.87972402944916,0.0,0.9506000818873545,100.0,,,,,,,,,,,,,,,,,,,,,,,,,,,,,1,FIRST_UPWARD_CROSSING,charge_timeseries/cycle-021.csv,,,622148.0730397229,629702.6820699364,SOC_UPPER_BOUND_NOT_REACHED,SOC_UPPER_BOUND_NOT_REACHED,False,False,3,charge-efficiency-v1
21,virtual,60-80,60.0,80.0,60.0,80.0,100.0,NEGATIVE_PARTICLE_LITHIUM_DELTA_OVER_FROZEN_Q_REF_V1,4.8685080428538905,0,20.0,W10_80_PERCENT_DISCHARGE_WINDOW,14.55,3.0000000000000004,2.98859524764611,4.85,100.0,4.8685080428538905,0,,,,0.8634184546859038,0.1153388157269491,0.15166895745766504,0.9737016085707776,,,,,-0.11035776927015552,0.11035776927015552,,,4.92825808419404e-05,,,7.977124343771722e-05,112.77285113450498,99.991358143334,-5.443843899788359e-05,-0.006304989047018611,0.006304989047018611,SOC_UPPER_BOUND_NOT_REACHED,622823.1189699421,625690.1096614014,2866.990691459271,0.2225912686754448,0.6408271860104591,74.21976939832501,,,,,,,,,,,,,,,,,,,,,,,,,,,,,1,FIRST_UPWARD_CROSSING,charge_timeseries/cycle-021.csv,,,622148.0730397229,629702.6820699364,SOC_UPPER_BOUND_NOT_REACHED,SOC_UPPER_BOUND_NOT_REACHED,False,False,3,charge-efficiency-v1
21,virtual,80-100,80.0,100.0,80.0,,0.0,NEGATIVE_PARTICLE_LITHIUM_DELTA_OVER_FROZEN_Q_REF_V1,4.8685080428538905,0,20.0,W10_80_PERCENT_DISCHARGE_WINDOW,14.55,3.0000000000000004,2.98859524764611,4.85,100.0,4.8685080428538905,0,,,,,,,,,,,,,,,,,,,,,,,,,,,,,,,,,,,,,,,,,,,,,,,,,,,,,,,,,,,,0,FIRST_UPWARD_CROSSING,charge_timeseries/cycle-021.csv,,,622148.0730397229,629702.6820699364,SOC_UPPER_BOUND_NOT_REACHED,SOC_UPPER_BOUND_NOT_REACHED,False,False,3,charge-efficiency-v1
22,virtual,20-40,20.0,40.0,20.0,40.0,100.0,NEGATIVE_PARTICLE_LITHIUM_DELTA_OVER_FROZEN_Q_REF_V1,4.8685080428538905,0,20.0,W10_80_PERCENT_DISCHARGE_WINDOW,14.55,3.0000000000000004,2.98859524764611,4.85,100.0,4.8685080428538905,0,,,,1.1223692964022867,0.04266587315014338,0.07899601488085933,0.973701608570778,,,,,0.14867099177379026,0.0,,,1.6648229137252758e-05,,,1.1871064409411936e-05,86.7541202073099,100.00029437211907,-3.182323582828772e-05,-0.0028353622938809826,0.0028353622938809826,SOC_UPPER_BOUND_NOT_REACHED,653298.8673111891,653642.2538059583,343.38649476920705,0.09624022526663217,1.0261290711356545,91.42526211514101,,,,,,,,,,,,,,,,,,,,,,,,,,,,,1,FIRST_UPWARD_CROSSING,charge_timeseries/cycle-022.csv,,,653298.8673111891,660858.54642198,SOC_UPPER_BOUND_NOT_REACHED,SOC_UPPER_BOUND_NOT_REACHED,False,False,3,charge-efficiency-v1
22,virtual,40-60,40.0,60.0,40.0,60.0,100.0,NEGATIVE_PARTICLE_LITHIUM_DELTA_OVER_FROZEN_Q_REF_V1,4.8685080428538905,0,20.0,W10_80_PERCENT_DISCHARGE_WINDOW,14.55,3.0000000000000004,2.98859524764611,4.85,100.0,4.8685080428538905,0,,,,0.9502677770768108,0.07899601488085933,0.11532615661157528,0.9737016085707776,,,,,-0.023526059907270136,0.023526059907270136,,,2.223180959221244e-05,,,2.253414335880513e-05,102.46602400494453,99.99029448166843,4.746246035214341e-05,0.004994640615737409,0.004994640615737409,SOC_UPPER_BOUND_NOT_REACHED,653642.2538059583,653976.1368969689,333.8830910106102,0.0,0.9502677770768108,100.0,,,,,,,,,,,,,,,,,,,,,,,,,,,,,1,FIRST_UPWARD_CROSSING,charge_timeseries/cycle-022.csv,,,653298.8673111891,660858.54642198,SOC_UPPER_BOUND_NOT_REACHED,SOC_UPPER_BOUND_NOT_REACHED,False,False,3,charge-efficiency-v1
22,virtual,60-80,60.0,80.0,60.0,80.0,100.0,NEGATIVE_PARTICLE_LITHIUM_DELTA_OVER_FROZEN_Q_REF_V1,4.8685080428538905,0,20.0,W10_80_PERCENT_DISCHARGE_WINDOW,14.55,3.0000000000000004,2.98859524764611,4.85,100.0,4.8685080428538905,0,,,,0.862625793844497,0.11532615661157528,0.15165629834229127,0.9737016085707791,,,,,-0.11116146547985285,0.11116146547985285,,,4.859587170557298e-05,,,7.795808211569916e-05,112.87647732294747,99.99007092598181,-4.0903200250630434e-05,-0.004741708460668165,0.004741708460668165,SOC_UPPER_BOUND_NOT_REACHED,653976.1368969689,656846.1226962075,2869.9857992386383,0.22253633350872493,0.6400894603357721,74.20244848963549,,,,,,,,,,,,,,,,,,,,,,,,,,,,,1,FIRST_UPWARD_CROSSING,charge_timeseries/cycle-022.csv,,,653298.8673111891,660858.54642198,SOC_UPPER_BOUND_NOT_REACHED,SOC_UPPER_BOUND_NOT_REACHED,False,False,3,charge-efficiency-v1
22,virtual,80-100,80.0,100.0,80.0,,0.0,NEGATIVE_PARTICLE_LITHIUM_DELTA_OVER_FROZEN_Q_REF_V1,4.8685080428538905,0,20.0,W10_80_PERCENT_DISCHARGE_WINDOW,14.55,3.0000000000000004,2.98859524764611,4.85,100.0,4.8685080428538905,0,,,,,,,,,,,,,,,,,,,,,,,,,,,,,,,,,,,,,,,,,,,,,,,,,,,,,,,,,,,,0,FIRST_UPWARD_CROSSING,charge_timeseries/cycle-022.csv,,,653298.8673111891,660858.54642198,SOC_UPPER_BOUND_NOT_REACHED,SOC_UPPER_BOUND_NOT_REACHED,False,False,3,charge-efficiency-v1
23,virtual,20-40,20.0,40.0,20.0,40.0,100.0,NEGATIVE_PARTICLE_LITHIUM_DELTA_OVER_FROZEN_Q_REF_V1,4.8685080428538905,0,20.0,W10_80_PERCENT_DISCHARGE_WINDOW,14.55,3.0000000000000004,2.98859524764611,4.85,100.0,4.8685080428538905,0,,,,1.1232631233088217,0.04265339765768514,0.0789835393884011,0.973701608570778,,,,,0.1495617546122008,0.0,,,1.654044381674269e-05,,,1.1658310048658083e-05,86.68508636716597,100.00002135511727,-2.843862802270891e-05,-0.002531786847852407,0.002531786847852407,SOC_UPPER_BOUND_NOT_REACHED,684454.7318359696,684799.2570797428,344.5252437732266,0.09571376350129289,1.027549359807529,91.47895435048677,,,,,,,,,,,,,,,,,,,,,,,,,,,,,1,FIRST_UPWARD_CROSSING,charge_timeseries/cycle-023.csv,,,684454.7318359696,692019.4472801208,SOC_UPPER_BOUND_NOT_REACHED,SOC_UPPER_BOUND_NOT_REACHED,False,False,3,charge-efficiency-v1
23,virtual,40-60,40.0,60.0,40.0,60.0,100.0,NEGATIVE_PARTICLE_LITHIUM_DELTA_OVER_FROZEN_Q_REF_V1,4.8685080428538905,0,20.0,W10_80_PERCENT_DISCHARGE_WINDOW,14.55,3.0000000000000004,2.98859524764611,4.85,100.0,4.8685080428538905,0,,,,0.9499222089306792,0.0789835393884011,0.11531368111911706,0.9737016085707784,,,,,-0.023813323510500556,0.023813323510500556,,,2.2007967765582184e-05,,,2.2086754580673273e-05,102.50329968249373,99.99642877384247,-1.0170851944879544e-05,-0.0010707036691276859,0.0010707036691276859,SOC_UPPER_BOUND_NOT_REACHED,684799.2570797428,685134.0069049286,334.74982518574683,0.0,0.9499222089306792,100.0,,,,,,,,,,,,,,,,,,,,,,,,,,,,,1,FIRST_UPWARD_CROSSING,charge_timeseries/cycle-023.csv,,,684454.7318359696,692019.4472801208,SOC_UPPER_BOUND_NOT_REACHED,SOC_UPPER_BOUND_NOT_REACHED,False,False,3,charge-efficiency-v1
23,virtual,60-80,60.0,80.0,60.0,80.0,100.0,NEGATIVE_PARTICLE_LITHIUM_DELTA_OVER_FROZEN_Q_REF_V1,4.8685080428538905,0,20.0,W10_80_PERCENT_DISCHARGE_WINDOW,14.55,3.0000000000000004,2.98859524764611,4.85,100.0,4.8685080428538905,0,,,,0.8620386697063636,0.11531368111911706,0.15164382284983302,0.973701608570778,,,,,-0.11178757108870727,0.11178757108870727,,,4.789808127148021e-05,,,7.628111287972736e-05,112.95335612988804,99.98554215388792,4.5303014162279e-07,5.2553343317777815e-05,5.2553343317777815e-05,SOC_UPPER_BOUND_NOT_REACHED,685134.0069049286,688007.1844658792,2873.177560950679,0.22247620887012579,0.6395624608362378,74.19185279171897,,,,,,,,,,,,,,,,,,,,,,,,,,,,,1,FIRST_UPWARD_CROSSING,charge_timeseries/cycle-023.csv,,,684454.7318359696,692019.4472801208,SOC_UPPER_BOUND_NOT_REACHED,SOC_UPPER_BOUND_NOT_REACHED,False,False,3,charge-efficiency-v1
23,virtual,80-100,80.0,100.0,80.0,,0.0,NEGATIVE_PARTICLE_LITHIUM_DELTA_OVER_FROZEN_Q_REF_V1,4.8685080428538905,0,20.0,W10_80_PERCENT_DISCHARGE_WINDOW,14.55,3.0000000000000004,2.98859524764611,4.85,100.0,4.8685080428538905,0,,,,,,,,,,,,,,,,,,,,,,,,,,,,,,,,,,,,,,,,,,,,,,,,,,,,,,,,,,,,0,FIRST_UPWARD_CROSSING,charge_timeseries/cycle-023.csv,,,684454.7318359696,692019.4472801208,SOC_UPPER_BOUND_NOT_REACHED,SOC_UPPER_BOUND_NOT_REACHED,False,False,3,charge-efficiency-v1
24,virtual,20-40,20.0,40.0,20.0,40.0,100.0,NEGATIVE_PARTICLE_LITHIUM_DELTA_OVER_FROZEN_Q_REF_V1,4.8685080428538905,0,20.0,W10_80_PERCENT_DISCHARGE_WINDOW,14.55,3.0000000000000004,2.98859524764611,4.85,100.0,4.8685080428538905,0,,,,1.126847981748591,0.042641125707578824,0.07897126743829479,0.9737016085707783,,,,,0.15314611445023954,0.0,,,1.674811844483686e-05,,,1.1505282157733138e-05,86.40931379757478,99.99997703970924,-2.7994673029274608e-05,-0.002484334487233474,0.002484334487233474,SOC_UPPER_BOUND_NOT_REACHED,715615.6329724283,715962.390065993,346.75709356456133,0.09520153218745839,1.0316464495611326,91.5515194836016,,,,,,,,,,,,,,,,,,,,,,,,,,,,,1,FIRST_UPWARD_CROSSING,charge_timeseries/cycle-024.csv,,,715615.6329724283,723185.2789132782,SOC_UPPER_BOUND_NOT_REACHED,SOC_UPPER_BOUND_NOT_REACHED,False,False,3,charge-efficiency-v1
24,virtual,40-60,40.0,60.0,40.0,60.0,100.0,NEGATIVE_PARTICLE_LITHIUM_DELTA_OVER_FROZEN_Q_REF_V1,4.8685080428538905,0,20.0,W10_80_PERCENT_DISCHARGE_WINDOW,14.55,3.0000000000000004,2.98859524764611,4.85,100.0,4.8685080428538905,0,,,,0.9489508632752874,0.07897126743829479,0.11530140916901074,0.973701608570778,,,,,-0.024846264410848196,0.024846264410848196,,,2.2209211123143738e-05,,,2.1696686072464333e-05,102.60822201162912,99.98993424011147,5.161321816193887e-05,0.005438976891152903,0.005438976891152903,SOC_UPPER_BOUND_NOT_REACHED,715962.390065993,716298.755821255,336.3657552621659,0.0,0.9489508632752874,100.0,,,,,,,,,,,,,,,,,,,,,,,,,,,,,1,FIRST_UPWARD_CROSSING,charge_timeseries/cycle-024.csv,,,715615.6329724283,723185.2789132782,SOC_UPPER_BOUND_NOT_REACHED,SOC_UPPER_BOUND_NOT_REACHED,False,False,3,charge-efficiency-v1
24,virtual,60-80,60.0,80.0,60.0,80.0,100.0,NEGATIVE_PARTICLE_LITHIUM_DELTA_OVER_FROZEN_Q_REF_V1,4.8685080428538905,0,20.0,W10_80_PERCENT_DISCHARGE_WINDOW,14.55,3.0000000000000004,2.98859524764611,4.85,100.0,4.8685080428538905,0,,,,0.8594923952031046,0.11530140916901074,0.15163155089972669,0.9737016085707776,,,,,-0.11433999821956646,0.11433999821956646,,,4.779043057973661e-05,,,7.460033228375018e-05,113.28798416426763,99.98478347771041,8.394089029861718e-06,0.0009766333101618812,0.0009766333101618812,SOC_UPPER_BOUND_NOT_REACHED,716298.755821255,719173.3226372909,2874.5668160358737,0.22242855073392787,0.6370638444691767,74.12094022293631,,,,,,,,,,,,,,,,,,,,,,,,,,,,,1,FIRST_UPWARD_CROSSING,charge_timeseries/cycle-024.csv,,,715615.6329724283,723185.2789132782,SOC_UPPER_BOUND_NOT_REACHED,SOC_UPPER_BOUND_NOT_REACHED,False,False,3,charge-efficiency-v1
24,virtual,80-100,80.0,100.0,80.0,,0.0,NEGATIVE_PARTICLE_LITHIUM_DELTA_OVER_FROZEN_Q_REF_V1,4.8685080428538905,0,20.0,W10_80_PERCENT_DISCHARGE_WINDOW,14.55,3.0000000000000004,2.98859524764611,4.85,100.0,4.8685080428538905,0,,,,,,,,,,,,,,,,,,,,,,,,,,,,,,,,,,,,,,,,,,,,,,,,,,,,,,,,,,,,0,FIRST_UPWARD_CROSSING,charge_timeseries/cycle-024.csv,,,715615.6329724283,723185.2789132782,SOC_UPPER_BOUND_NOT_REACHED,SOC_UPPER_BOUND_NOT_REACHED,False,False,3,charge-efficiency-v1
25,virtual,20-40,20.0,40.0,20.0,40.0,100.0,NEGATIVE_PARTICLE_LITHIUM_DELTA_OVER_FROZEN_Q_REF_V1,4.8685080428538905,0,20.0,W10_80_PERCENT_DISCHARGE_WINDOW,14.55,3.0000000000000004,2.98859524764611,4.85,100.0,4.8685080428538905,0,,,,1.1254036262951421,0.042628977379056646,0.0789591191097726,0.973701608570778,,,,,0.15169560358830114,0.0,,,1.634659298806445e-05,,,1.1277472075924e-05,86.52021246601355,99.99943005905499,-2.1209929001120287e-05,-0.0018846508493085207,0.0018846508493085207,SOC_UPPER_BOUND_NOT_REACHED,746781.4647937177,747128.3559323399,346.891138622214,0.09470231917696607,1.030701307118176,91.58503518522252,,,,,,,,,,,,,,,,,,,,,,,,,,,,,1,FIRST_UPWARD_CROSSING,charge_timeseries/cycle-025.csv,,,746781.4647937177,754356.4429407796,SOC_UPPER_BOUND_NOT_REACHED,SOC_UPPER_BOUND_NOT_REACHED,False,False,3,charge-efficiency-v1
25,virtual,40-60,40.0,60.0,40.0,60.0,100.0,NEGATIVE_PARTICLE_LITHIUM_DELTA_OVER_FROZEN_Q_REF_V1,4.8685080428538905,0,20.0,W10_80_PERCENT_DISCHARGE_WINDOW,14.55,3.0000000000000004,2.98859524764611,4.85,100.0,4.8685080428538905,0,,,,0.9492508387364283,0.0789591191097726,0.11528926084048857,0.9737016085707784,,,,,-0.02449457173823566,0.02449457173823566,,,2.165988876312152e-05,,,2.127639270256554e-05,102.57579649514949,99.99538563442894,8.656224199654616e-07,9.119006111363709e-05,9.119006111363709e-05,SOC_UPPER_BOUND_NOT_REACHED,747128.3559323399,747464.992006466,336.63607412609275,0.0,0.9492508387364283,100.0,,,,,,,,,,,,,,,,,,,,,,,,,,,,,1,FIRST_UPWARD_CROSSING,charge_timeseries/cycle-025.csv,,,746781.4647937177,754356.4429407796,SOC_UPPER_BOUND_NOT_REACHED,SOC_UPPER_BOUND_NOT_REACHED,False,False,3,charge-efficiency-v1
25,virtual,60-80,60.0,80.0,60.0,80.0,100.0,NEGATIVE_PARTICLE_LITHIUM_DELTA_OVER_FROZEN_Q_REF_V1,4.8685080428538905,0,20.0,W10_80_PERCENT_DISCHARGE_WINDOW,14.55,3.0000000000000004,2.98859524764611,4.85,100.0,4.8685080428538905,0,,,,0.8605034385213064,0.11528926084048857,0.15161940257120451,0.9737016085707776,,,,,-0.11328249161003343,0.11328249161003343,,,4.668655117682618e-05,,,7.321234251054382e-05,113.15487713146058,99.99020090370502,-3.5577333125091926e-05,-0.004134478902981283,0.004134478902981283,SOC_UPPER_BOUND_NOT_REACHED,747464.992006466,750344.684582701,2879.6925762348696,0.2223512415457791,0.6381521969755273,74.16033084912843,,,,,,,,,,,,,,,,,,,,,,,,,,,,,1,FIRST_UPWARD_CROSSING,charge_timeseries/cycle-025.csv,,,746781.4647937177,754356.4429407796,SOC_UPPER_BOUND_NOT_REACHED,SOC_UPPER_BOUND_NOT_REACHED,False,False,3,charge-efficiency-v1
25,virtual,80-100,80.0,100.0,80.0,,0.0,NEGATIVE_PARTICLE_LITHIUM_DELTA_OVER_FROZEN_Q_REF_V1,4.8685080428538905,0,20.0,W10_80_PERCENT_DISCHARGE_WINDOW,14.55,3.0000000000000004,2.98859524764611,4.85,100.0,4.8685080428538905,0,,,,,,,,,,,,,,,,,,,,,,,,,,,,,,,,,,,,,,,,,,,,,,,,,,,,,,,,,,,,0,FIRST_UPWARD_CROSSING,charge_timeseries/cycle-025.csv,,,746781.4647937177,754356.4429407796,SOC_UPPER_BOUND_NOT_REACHED,SOC_UPPER_BOUND_NOT_REACHED,False,False,3,charge-efficiency-v1
26,virtual,20-40,20.0,40.0,20.0,40.0,100.0,NEGATIVE_PARTICLE_LITHIUM_DELTA_OVER_FROZEN_Q_REF_V1,4.858503020050297,25,20.0,W10_80_PERCENT_DISCHARGE_WINDOW,14.55,3.0000000000000004,2.9947496049615245,4.85,99.79449509550922,4.858503020050297,25,,,,1.1232187372965223,0.042617045471290034,0.07887252697894093,0.9717006040100598,,,,,0.15152217917429103,0.0,,,1.6079449323660316e-05,,,1.1054807204476796e-05,86.5103627409963,100.00036020480198,-3.118014435665728e-05,-0.0027759636944541042,0.0027759636944541042,SOC_UPPER_BOUND_NOT_REACHED,777952.628970796,778299.6145069409,346.9855361449537,0.09421580366806236,1.02900293362846,91.611980771009,,,,,,,,,,,,,,,,,,,,,,,,,,,,,1,FIRST_UPWARD_CROSSING,charge_timeseries/cycle-026.csv,,,777952.628970796,785533.0148183164,SOC_UPPER_BOUND_NOT_REACHED,SOC_UPPER_BOUND_NOT_REACHED,False,False,3,charge-efficiency-v1
26,virtual,40-60,40.0,60.0,40.0,60.0,100.0,NEGATIVE_PARTICLE_LITHIUM_DELTA_OVER_FROZEN_Q_REF_V1,4.858503020050297,25,20.0,W10_80_PERCENT_DISCHARGE_WINDOW,14.55,3.0000000000000004,2.9947496049615245,4.85,99.79449509550922,4.858503020050297,25,,,,0.947502331401759,0.07887252697894093,0.11512800848659181,0.9717006040100595,,,,,-0.02423903587255935,0.02423903587255935,,,2.1250968808022956e-05,,,2.080284473561858e-05,102.55390111520897,99.99569781910736,-1.2905492847714584e-06,-0.00013620539411889225,0.00013620539411889225,SOC_UPPER_BOUND_NOT_REACHED,778299.6145069409,778635.4640293359,335.84952239488166,0.0,0.947502331401759,100.0,,,,,,,,,,,,,,,,,,,,,,,,,,,,,1,FIRST_UPWARD_CROSSING,charge_timeseries/cycle-026.csv,,,777952.628970796,785533.0148183164,SOC_UPPER_BOUND_NOT_REACHED,SOC_UPPER_BOUND_NOT_REACHED,False,False,3,charge-efficiency-v1
26,virtual,60-80,60.0,80.0,60.0,80.0,100.0,NEGATIVE_PARTICLE_LITHIUM_DELTA_OVER_FROZEN_Q_REF_V1,4.858503020050297,25,20.0,W10_80_PERCENT_DISCHARGE_WINDOW,14.55,3.0000000000000004,2.9947496049615245,4.85,99.79449509550922,4.858503020050297,25,,,,0.8583279962614907,0.11512800848659181,0.15138348999424267,0.9717006040100588,,,,,-0.11350442528756996,0.11350442528756996,,,4.588670257368258e-05,,,7.169858677022467e-05,113.20854128519291,99.9846425213233,1.4232249658019391e-05,0.0016581364839558977,0.0016581364839558977,SOC_UPPER_BOUND_NOT_REACHED,778635.4640293359,781503.3774556486,2867.9134263127958,0.21616796449436151,0.6421600317671292,74.81522617974753,,,,,,,,,,,,,,,,,,,,,,,,,,,,,1,FIRST_UPWARD_CROSSING,charge_timeseries/cycle-026.csv,,,777952.628970796,785533.0148183164,SOC_UPPER_BOUND_NOT_REACHED,SOC_UPPER_BOUND_NOT_REACHED,False,False,3,charge-efficiency-v1
26,virtual,80-100,80.0,100.0,80.0,,0.0,NEGATIVE_PARTICLE_LITHIUM_DELTA_OVER_FROZEN_Q_REF_V1,4.858503020050297,25,20.0,W10_80_PERCENT_DISCHARGE_WINDOW,14.55,3.0000000000000004,2.9947496049615245,4.85,99.79449509550922,4.858503020050297,25,,,,,,,,,,,,,,,,,,,,,,,,,,,,,,,,,,,,,,,,,,,,,,,,,,,,,,,,,,,,0,FIRST_UPWARD_CROSSING,charge_timeseries/cycle-026.csv,,,777952.628970796,785533.0148183164,SOC_UPPER_BOUND_NOT_REACHED,SOC_UPPER_BOUND_NOT_REACHED,False,False,3,charge-efficiency-v1
27,virtual,20-40,20.0,40.0,20.0,40.0,100.0,NEGATIVE_PARTICLE_LITHIUM_DELTA_OVER_FROZEN_Q_REF_V1,4.858503020050297,25,20.0,W10_80_PERCENT_DISCHARGE_WINDOW,14.55,3.0000000000000004,2.9947496049615245,4.85,99.79449509550922,4.858503020050297,25,,,,1.122867880416454,0.04290392519357288,0.07915940670122378,0.9717006040100598,,,,,0.1511728234783735,0.0,,,1.5879877603449874e-05,,,1.0859045270275591e-05,86.53739419901042,100.00049400931988,-3.228599485316508e-05,-0.002875315557266694,0.002875315557266694,SOC_UPPER_BOUND_NOT_REACHED,809096.0205829391,809444.3066265712,348.2860436320962,0.09303516818873926,1.0298327122277147,91.71450445672788,,,,,,,,,,,,,,,,,,,,,,,,,,,,,1,FIRST_UPWARD_CROSSING,charge_timeseries/cycle-027.csv,,,809096.0205829391,816687.7328874501,SOC_UPPER_BOUND_NOT_REACHED,SOC_UPPER_BOUND_NOT_REACHED,False,False,3,charge-efficiency-v1
27,virtual,40-60,40.0,60.0,40.0,60.0,100.0,NEGATIVE_PARTICLE_LITHIUM_DELTA_OVER_FROZEN_Q_REF_V1,4.858503020050297,25,20.0,W10_80_PERCENT_DISCHARGE_WINDOW,14.55,3.0000000000000004,2.9947496049615245,4.85,99.79449509550922,4.858503020050297,25,,,,0.9470330828470704,0.07915940670122378,0.11541488820887465,0.9717006040100591,,,,,-0.02473636340472321,0.02473636340472321,,,2.1057546853706956e-05,,,2.0455591346665164e-05,102.60471588688651,99.9927307458439,2.7329103534201593e-05,0.0028857601734505376,0.0028857601734505376,SOC_UPPER_BOUND_NOT_REACHED,809444.3066265712,809783.8223781295,339.51575155821655,0.0,0.9470330828470704,100.0,,,,,,,,,,,,,,,,,,,,,,,,,,,,,1,FIRST_UPWARD_CROSSING,charge_timeseries/cycle-027.csv,,,809096.0205829391,816687.7328874501,SOC_UPPER_BOUND_NOT_REACHED,SOC_UPPER_BOUND_NOT_REACHED,False,False,3,charge-efficiency-v1
27,virtual,60-80,60.0,80.0,60.0,80.0,100.0,NEGATIVE_PARTICLE_LITHIUM_DELTA_OVER_FROZEN_Q_REF_V1,4.858503020050297,25,20.0,W10_80_PERCENT_DISCHARGE_WINDOW,14.55,3.0000000000000004,2.9947496049615245,4.85,99.79449509550922,4.858503020050297,25,,,,0.85921700400749,0.11541488820887465,0.15167036971652553,0.9717006040100595,,,,,-0.11255159377955799,0.11255159377955799,,,4.505147736393392e-05,,,7.039175427222752e-05,113.0914075813133,99.99208654197119,-4.744945464763006e-05,-0.005522406380032073,0.005522406380032073,SOC_UPPER_BOUND_NOT_REACHED,809783.8223781295,812682.5652259329,2898.74284780338,0.2242513923104097,0.6349656116970803,73.90049414007467,,,,,,,,,,,,,,,,,,,,,,,,,,,,,1,FIRST_UPWARD_CROSSING,charge_timeseries/cycle-027.csv,,,809096.0205829391,816687.7328874501,SOC_UPPER_BOUND_NOT_REACHED,SOC_UPPER_BOUND_NOT_REACHED,False,False,3,charge-efficiency-v1
27,virtual,80-100,80.0,100.0,80.0,,0.0,NEGATIVE_PARTICLE_LITHIUM_DELTA_OVER_FROZEN_Q_REF_V1,4.858503020050297,25,20.0,W10_80_PERCENT_DISCHARGE_WINDOW,14.55,3.0000000000000004,2.9947496049615245,4.85,99.79449509550922,4.858503020050297,25,,,,,,,,,,,,,,,,,,,,,,,,,,,,,,,,,,,,,,,,,,,,,,,,,,,,,,,,,,,,0,FIRST_UPWARD_CROSSING,charge_timeseries/cycle-027.csv,,,809096.0205829391,816687.7328874501,SOC_UPPER_BOUND_NOT_REACHED,SOC_UPPER_BOUND_NOT_REACHED,False,False,3,charge-efficiency-v1
28,virtual,20-40,20.0,40.0,20.0,40.0,100.0,NEGATIVE_PARTICLE_LITHIUM_DELTA_OVER_FROZEN_Q_REF_V1,4.858503020050297,25,20.0,W10_80_PERCENT_DISCHARGE_WINDOW,14.55,3.0000000000000004,2.9947496049615245,4.85,99.79449509550922,4.858503020050297,25,,,,1.1223687535493068,0.04289235791115253,0.0791478394188034,0.9717006040100594,,,,,0.15068056374379576,0.0,,,1.5621903627692155e-05,,,1.0681591632859255e-05,86.57587810933046,100.00110607182435,-3.87176998086769e-05,-0.0034496416339316765,0.0034496416339316765,SOC_UPPER_BOUND_NOT_REACHED,840250.7388740008,840599.5066790461,348.7678050452128,0.09257346239676553,1.0297952911525412,91.75195655580956,,,,,,,,,,,,,,,,,,,,,,,,,,,,,1,FIRST_UPWARD_CROSSING,charge_timeseries/cycle-028.csv,,,840250.7388740008,847847.901212061,SOC_UPPER_BOUND_NOT_REACHED,SOC_UPPER_BOUND_NOT_REACHED,False,False,3,charge-efficiency-v1
28,virtual,40-60,40.0,60.0,40.0,60.0,100.0,NEGATIVE_PARTICLE_LITHIUM_DELTA_OVER_FROZEN_Q_REF_V1,4.858503020050297,25,20.0,W10_80_PERCENT_DISCHARGE_WINDOW,14.55,3.0000000000000004,2.9947496049615245,4.85,99.79449509550922,4.858503020050297,25,,,,0.9471101724524892,0.0791478394188034,0.11540332092645429,0.9717006040100595,,,,,-0.024646562928333227,0.024646562928333227,,,2.0702937507065082e-05,,,2.0111897961690856e-05,102.59636442230314,99.99407340641083,1.5316535294074285e-05,0.0016171862302368654,0.0016171862302368654,SOC_UPPER_BOUND_NOT_REACHED,840599.5066790461,840939.5319147737,340.02523572763886,0.0,0.9471101724524892,100.0,,,,,,,,,,,,,,,,,,,,,,,,,,,,,1,FIRST_UPWARD_CROSSING,charge_timeseries/cycle-028.csv,,,840250.7388740008,847847.901212061,SOC_UPPER_BOUND_NOT_REACHED,SOC_UPPER_BOUND_NOT_REACHED,False,False,3,charge-efficiency-v1
28,virtual,60-80,60.0,80.0,60.0,80.0,100.0,NEGATIVE_PARTICLE_LITHIUM_DELTA_OVER_FROZEN_Q_REF_V1,4.858503020050297,25,20.0,W10_80_PERCENT_DISCHARGE_WINDOW,14.55,3.0000000000000004,2.9947496049615245,4.85,99.79449509550922,4.858503020050297,25,,,,0.8596335756783191,0.11540332092645429,0.15165880243410518,0.9717006040100595,,,,,-0.1121818874802862,0.1121818874802862,,,4.426318421896572e-05,,,6.920193182256146e-05,113.0366043745221,99.98663859209371,1.3940325042094415e-06,0.00016216589761625344,0.00016216589761625344,SOC_UPPER_BOUND_NOT_REACHED,840939.5319147737,843843.0973354089,2903.5654206352046,0.22417546589082954,0.6354581097874896,73.92197417208405,,,,,,,,,,,,,,,,,,,,,,,,,,,,,1,FIRST_UPWARD_CROSSING,charge_timeseries/cycle-028.csv,,,840250.7388740008,847847.901212061,SOC_UPPER_BOUND_NOT_REACHED,SOC_UPPER_BOUND_NOT_REACHED,False,False,3,charge-efficiency-v1
28,virtual,80-100,80.0,100.0,80.0,,0.0,NEGATIVE_PARTICLE_LITHIUM_DELTA_OVER_FROZEN_Q_REF_V1,4.858503020050297,25,20.0,W10_80_PERCENT_DISCHARGE_WINDOW,14.55,3.0000000000000004,2.9947496049615245,4.85,99.79449509550922,4.858503020050297,25,,,,,,,,,,,,,,,,,,,,,,,,,,,,,,,,,,,,,,,,,,,,,,,,,,,,,,,,,,,,0,FIRST_UPWARD_CROSSING,charge_timeseries/cycle-028.csv,,,840250.7388740008,847847.901212061,SOC_UPPER_BOUND_NOT_REACHED,SOC_UPPER_BOUND_NOT_REACHED,False,False,3,charge-efficiency-v1
29,virtual,20-40,20.0,40.0,20.0,40.0,100.0,NEGATIVE_PARTICLE_LITHIUM_DELTA_OVER_FROZEN_Q_REF_V1,4.858503020050297,25,20.0,W10_80_PERCENT_DISCHARGE_WINDOW,14.55,3.0000000000000004,2.9947496049615245,4.85,99.79449509550922,4.858503020050297,25,,,,1.1230841549741013,0.04288095092796791,0.07913643243561878,0.9717006040100591,,,,,0.15138750869654077,0.0,,,1.5491168126869487e-05,,,1.0531200628445536e-05,86.52072952026172,100.00035239856969,-2.99801012539902e-05,-0.0026694438810492835,0.0026694438810492835,SOC_UPPER_BOUND_NOT_REACHED,871410.9072457029,871760.6412373293,349.73399162642914,0.09212198334630349,1.030962171627798,91.79741046667802,,,,,,,,,,,,,,,,,,,,,,,,,,,,,1,FIRST_UPWARD_CROSSING,charge_timeseries/cycle-029.csv,,,871410.9072457029,879013.3785932625,SOC_UPPER_BOUND_NOT_REACHED,SOC_UPPER_BOUND_NOT_REACHED,False,False,3,charge-efficiency-v1
29,virtual,40-60,40.0,60.0,40.0,60.0,100.0,NEGATIVE_PARTICLE_LITHIUM_DELTA_OVER_FROZEN_Q_REF_V1,4.858503020050297,25,20.0,W10_80_PERCENT_DISCHARGE_WINDOW,14.55,3.0000000000000004,2.9947496049615245,4.85,99.79449509550922,4.858503020050297,25,,,,0.9468722473902802,0.07913643243561878,0.11539191394326968,0.9717006040100599,,,,,-0.02488934690152353,0.02488934690152353,,,2.053350613327818e-05,,,1.9796487633606114e-05,102.62214429541157,99.99355876340108,2.0660287976981273e-05,0.0021819509478627217,0.0021819509478627217,SOC_UPPER_BOUND_NOT_REACHED,871760.6412373293,872101.5021413767,340.86090404733915,0.0,0.9468722473902802,100.0,,,,,,,,,,,,,,,,,,,,,,,,,,,,,1,FIRST_UPWARD_CROSSING,charge_timeseries/cycle-029.csv,,,871410.9072457029,879013.3785932625,SOC_UPPER_BOUND_NOT_REACHED,SOC_UPPER_BOUND_NOT_REACHED,False,False,3,charge-efficiency-v1
29,virtual,60-80,60.0,80.0,60.0,80.0,100.0,NEGATIVE_PARTICLE_LITHIUM_DELTA_OVER_FROZEN_Q_REF_V1,4.858503020050297,25,20.0,W10_80_PERCENT_DISCHARGE_WINDOW,14.55,3.0000000000000004,2.9947496049615245,4.85,99.79449509550922,4.858503020050297,25,,,,0.8591052892369675,0.11539191394326968,0.15164739545092057,0.9717006040100595,,,,,-0.11266931230831535,0.11266931230831535,,,4.373436538061479e-05,,,6.802969452021981e-05,113.10611355601081,99.99138667446816,-3.77665246775738e-05,-0.004396029817383261,0.004396029817383261,SOC_UPPER_BOUND_NOT_REACHED,872101.5021413767,875008.9611035769,2907.45896220022,0.22410431024942423,0.6350009789875433,73.91422063662684,,,,,,,,,,,,,,,,,,,,,,,,,,,,,1,FIRST_UPWARD_CROSSING,charge_timeseries/cycle-029.csv,,,871410.9072457029,879013.3785932625,SOC_UPPER_BOUND_NOT_REACHED,SOC_UPPER_BOUND_NOT_REACHED,False,False,3,charge-efficiency-v1
29,virtual,80-100,80.0,100.0,80.0,,0.0,NEGATIVE_PARTICLE_LITHIUM_DELTA_OVER_FROZEN_Q_REF_V1,4.858503020050297,25,20.0,W10_80_PERCENT_DISCHARGE_WINDOW,14.55,3.0000000000000004,2.9947496049615245,4.85,99.79449509550922,4.858503020050297,25,,,,,,,,,,,,,,,,,,,,,,,,,,,,,,,,,,,,,,,,,,,,,,,,,,,,,,,,,,,,0,FIRST_UPWARD_CROSSING,charge_timeseries/cycle-029.csv,,,871410.9072457029,879013.3785932625,SOC_UPPER_BOUND_NOT_REACHED,SOC_UPPER_BOUND_NOT_REACHED,False,False,3,charge-efficiency-v1
30,virtual,20-40,20.0,40.0,20.0,40.0,100.0,NEGATIVE_PARTICLE_LITHIUM_DELTA_OVER_FROZEN_Q_REF_V1,4.858503020050297,25,20.0,W10_80_PERCENT_DISCHARGE_WINDOW,14.55,3.0000000000000004,2.9947496049615245,4.85,99.79449509550922,4.858503020050297,25,,,,1.1222777285724794,0.042869712860906205,0.07912519436855708,0.9717006040100594,,,,,0.15057148137187382,0.0,,,1.5237226002473223e-05,,,1.0366170755757992e-05,86.58290004970945,99.9994971663072,-1.9960206212088494e-05,-0.0017785442679574136,0.0017785442679574136,SOC_UPPER_BOUND_NOT_REACHED,902576.3846231869,902926.4757522495,350.09112906258446,0.09168023383741748,1.030597494735062,91.83087826628856,,,,,,,,,,,,,,,,,,,,,,,,,,,,,1,FIRST_UPWARD_CROSSING,charge_timeseries/cycle-030.csv,,,902576.3846231869,910184.2455668305,SOC_UPPER_BOUND_NOT_REACHED,SOC_UPPER_BOUND_NOT_REACHED,False,False,3,charge-efficiency-v1
30,virtual,40-60,40.0,60.0,40.0,60.0,100.0,NEGATIVE_PARTICLE_LITHIUM_DELTA_OVER_FROZEN_Q_REF_V1,4.858503020050297,25,20.0,W10_80_PERCENT_DISCHARGE_WINDOW,14.55,3.0000000000000004,2.9947496049615245,4.85,99.79449509550922,4.858503020050297,25,,,,0.9470708294675898,0.07912519436855708,0.11538067587620797,0.9717006040100595,,,,,-0.02471108541496797,0.02471108541496797,,,2.015912555615538e-05,,,1.9484800959434362e-05,102.60062645539571,99.99141448876175,4.1666945982510306e-05,0.00439955964074345,0.00439955964074345,SOC_UPPER_BOUND_NOT_REACHED,902926.4757522495,903267.7473887332,341.27163648368713,0.0,0.9470708294675898,100.00000000000001,,,,,,,,,,,,,,,,,,,,,,,,,,,,,1,FIRST_UPWARD_CROSSING,charge_timeseries/cycle-030.csv,,,902576.3846231869,910184.2455668305,SOC_UPPER_BOUND_NOT_REACHED,SOC_UPPER_BOUND_NOT_REACHED,False,False,3,charge-efficiency-v1
30,virtual,60-80,60.0,80.0,60.0,80.0,100.0,NEGATIVE_PARTICLE_LITHIUM_DELTA_OVER_FROZEN_Q_REF_V1,4.858503020050297,25,20.0,W10_80_PERCENT_DISCHARGE_WINDOW,14.55,3.0000000000000004,2.9947496049615245,4.85,99.79449509550922,4.858503020050297,25,,,,0.8597052398600272,0.11538067587620797,0.15163615738385886,0.9717006040100595,,,,,-0.11206613866637938,0.11206613866637938,,,4.2945875906982324e-05,,,6.697227490040647e-05,113.02718175455891,99.99176758346168,-3.914363446033686e-05,-0.00455314596741437,0.00455314596741437,SOC_UPPER_BOUND_NOT_REACHED,903267.7473887332,906180.2614854926,2912.514096759469,0.22402524203050642,0.6356799978295208,73.9416218904306,,,,,,,,,,,,,,,,,,,,,,,,,,,,,1,FIRST_UPWARD_CROSSING,charge_timeseries/cycle-030.csv,,,902576.3846231869,910184.2455668305,SOC_UPPER_BOUND_NOT_REACHED,SOC_UPPER_BOUND_NOT_REACHED,False,False,3,charge-efficiency-v1
30,virtual,80-100,80.0,100.0,80.0,,0.0,NEGATIVE_PARTICLE_LITHIUM_DELTA_OVER_FROZEN_Q_REF_V1,4.858503020050297,25,20.0,W10_80_PERCENT_DISCHARGE_WINDOW,14.55,3.0000000000000004,2.9947496049615245,4.85,99.79449509550922,4.858503020050297,25,,,,,,,,,,,,,,,,,,,,,,,,,,,,,,,,,,,,,,,,,,,,,,,,,,,,,,,,,,,,0,FIRST_UPWARD_CROSSING,charge_timeseries/cycle-030.csv,,,902576.3846231869,910184.2455668305,SOC_UPPER_BOUND_NOT_REACHED,SOC_UPPER_BOUND_NOT_REACHED,False,False,3,charge-efficiency-v1
31,virtual,20-40,20.0,40.0,20.0,40.0,100.0,NEGATIVE_PARTICLE_LITHIUM_DELTA_OVER_FROZEN_Q_REF_V1,4.858503020050297,25,20.0,W10_80_PERCENT_DISCHARGE_WINDOW,14.55,3.0000000000000004,2.9947496049615245,4.85,99.79449509550922,4.858503020050297,25,,,,1.1266119637509182,0.042858610856815624,0.0791140923644665,0.9717006040100591,,,,,0.15490776420106891,0.0,,,1.5603946849861855e-05,,,1.0289519444688783e-05,86.24980341722092,99.99968085375393,-2.2297926504544208e-05,-0.001979201998734858,0.001979201998734858,SOC_UPPER_BOUND_NOT_REACHED,933747.2516718181,934099.9380827735,352.686410955414,0.0912477352658431,1.035364228485075,91.90069534127394,,,,,,,,,,,,,,,,,,,,,,,,,,,,,1,FIRST_UPWARD_CROSSING,charge_timeseries/cycle-031.csv,,,933747.2516718181,941360.2373433243,SOC_UPPER_BOUND_NOT_REACHED,SOC_UPPER_BOUND_NOT_REACHED,False,False,3,charge-efficiency-v1
31,virtual,40-60,40.0,60.0,40.0,60.0,100.0,NEGATIVE_PARTICLE_LITHIUM_DELTA_OVER_FROZEN_Q_REF_V1,4.858503020050297,25,20.0,W10_80_PERCENT_DISCHARGE_WINDOW,14.55,3.0000000000000004,2.9947496049615245,4.85,99.79449509550922,4.858503020050297,25,,,,0.9458038300086233,0.0791140923644665,0.1153695738721174,0.9717006040100599,,,,,-0.025966716218608937,0.025966716218608937,,,2.0508592055700284e-05,,,1.9235881370531505e-05,102.73807032492144,99.99260499746848,3.0197743746129824e-05,0.0031928125884047747,0.0031928125884047747,SOC_UPPER_BOUND_NOT_REACHED,934099.9380827735,934442.9382247495,343.0001419760807,0.0,0.9458038300086233,99.99999999999999,,,,,,,,,,,,,,,,,,,,,,,,,,,,,1,FIRST_UPWARD_CROSSING,charge_timeseries/cycle-031.csv,,,933747.2516718181,941360.2373433243,SOC_UPPER_BOUND_NOT_REACHED,SOC_UPPER_BOUND_NOT_REACHED,False,False,3,charge-efficiency-v1
31,virtual,60-80,60.0,80.0,60.0,80.0,100.0,NEGATIVE_PARTICLE_LITHIUM_DELTA_OVER_FROZEN_Q_REF_V1,4.858503020050297,25,20.0,W10_80_PERCENT_DISCHARGE_WINDOW,14.55,3.0000000000000004,2.9947496049615245,4.85,99.79449509550922,4.858503020050297,25,,,,0.8566222521385198,0.1153695738721174,0.15162505537976828,0.9717006040100595,,,,,-0.11514286923451851,0.11514286923451851,,,4.313235717115071e-05,,,6.57973171199755e-05,113.43396714062139,99.99246839983226,-4.441231131224743e-05,-0.00518458529432011,0.00518458529432011,SOC_UPPER_BOUND_NOT_REACHED,934442.9382247495,937356.8289470078,2913.890722258249,0.2239667901784244,0.6326554619600954,73.85466118591933,,,,,,,,,,,,,,,,,,,,,,,,,,,,,1,FIRST_UPWARD_CROSSING,charge_timeseries/cycle-031.csv,,,933747.2516718181,941360.2373433243,SOC_UPPER_BOUND_NOT_REACHED,SOC_UPPER_BOUND_NOT_REACHED,False,False,3,charge-efficiency-v1
31,virtual,80-100,80.0,100.0,80.0,,0.0,NEGATIVE_PARTICLE_LITHIUM_DELTA_OVER_FROZEN_Q_REF_V1,4.858503020050297,25,20.0,W10_80_PERCENT_DISCHARGE_WINDOW,14.55,3.0000000000000004,2.9947496049615245,4.85,99.79449509550922,4.858503020050297,25,,,,,,,,,,,,,,,,,,,,,,,,,,,,,,,,,,,,,,,,,,,,,,,,,,,,,,,,,,,,0,FIRST_UPWARD_CROSSING,charge_timeseries/cycle-031.csv,,,933747.2516718181,941360.2373433243,SOC_UPPER_BOUND_NOT_REACHED,SOC_UPPER_BOUND_NOT_REACHED,False,False,3,charge-efficiency-v1
32,virtual,20-40,20.0,40.0,20.0,40.0,100.0,NEGATIVE_PARTICLE_LITHIUM_DELTA_OVER_FROZEN_Q_REF_V1,4.858503020050297,25,20.0,W10_80_PERCENT_DISCHARGE_WINDOW,14.55,3.0000000000000004,2.9947496049615245,4.85,99.79449509550922,4.858503020050297,25,,,,1.1259969005561612,0.04284759978881272,0.0791030812964636,0.9717006040100594,,,,,0.15430148537733585,0.0,,,1.5323822715422077e-05,,,1.0139795669827922e-05,86.29691640626271,100.00046082109387,-3.065244961919511e-05,-0.002722249910639631,0.002722249910639631,SOC_UPPER_BOUND_NOT_REACHED,964923.2436182079,965276.2873150678,353.0436968600036,0.09082407539984795,1.0351728251563133,91.93389650051546,,,,,,,,,,,,,,,,,,,,,,,,,,,,,1,FIRST_UPWARD_CROSSING,charge_timeseries/cycle-032.csv,,,964923.2436182079,972541.7797010822,SOC_UPPER_BOUND_NOT_REACHED,SOC_UPPER_BOUND_NOT_REACHED,False,False,3,charge-efficiency-v1
32,virtual,40-60,40.0,60.0,40.0,60.0,100.0,NEGATIVE_PARTICLE_LITHIUM_DELTA_OVER_FROZEN_Q_REF_V1,4.858503020050297,25,20.0,W10_80_PERCENT_DISCHARGE_WINDOW,14.55,3.0000000000000004,2.9947496049615245,4.85,99.79449509550922,4.858503020050297,25,,,,0.9459287669284598,0.0791030812964636,0.11535856280411448,0.9717006040100595,,,,,-0.025842221413820615,0.025842221413820615,,,2.0183061446976854e-05,,,1.895097878973004e-05,102.72450082740203,99.99255923546447,3.1250291984252776e-05,0.0033036622922174245,0.0033036622922174245,SOC_UPPER_BOUND_NOT_REACHED,965276.2873150678,965619.7746138301,343.487298762249,0.0,0.9459287669284598,100.0,,,,,,,,,,,,,,,,,,,,,,,,,,,,,1,FIRST_UPWARD_CROSSING,charge_timeseries/cycle-032.csv,,,964923.2436182079,972541.7797010822,SOC_UPPER_BOUND_NOT_REACHED,SOC_UPPER_BOUND_NOT_REACHED,False,False,3,charge-efficiency-v1
32,virtual,60-80,60.0,80.0,60.0,80.0,100.0,NEGATIVE_PARTICLE_LITHIUM_DELTA_OVER_FROZEN_Q_REF_V1,4.858503020050297,25,20.0,W10_80_PERCENT_DISCHARGE_WINDOW,14.55,3.0000000000000004,2.9947496049615245,4.85,99.79449509550922,4.858503020050297,25,,,,0.8570701457688616,0.11535856280411448,0.1516140443117654,0.9717006040100603,,,,,-0.11469402718497804,0.11469402718497804,,,4.243157480309911e-05,,,6.483279109786508e-05,113.37468803540763,99.99258299404161,-4.369542212157018e-05,-0.005098231730189579,0.005098231730189579,SOC_UPPER_BOUND_NOT_REACHED,965619.7746138301,968538.857145172,2919.082531341801,0.22388633448046633,0.6331838112883953,73.87771169189166,,,,,,,,,,,,,,,,,,,,,,,,,,,,,1,FIRST_UPWARD_CROSSING,charge_timeseries/cycle-032.csv,,,964923.2436182079,972541.7797010822,SOC_UPPER_BOUND_NOT_REACHED,SOC_UPPER_BOUND_NOT_REACHED,False,False,3,charge-efficiency-v1
32,virtual,80-100,80.0,100.0,80.0,,0.0,NEGATIVE_PARTICLE_LITHIUM_DELTA_OVER_FROZEN_Q_REF_V1,4.858503020050297,25,20.0,W10_80_PERCENT_DISCHARGE_WINDOW,14.55,3.0000000000000004,2.9947496049615245,4.85,99.79449509550922,4.858503020050297,25,,,,,,,,,,,,,,,,,,,,,,,,,,,,,,,,,,,,,,,,,,,,,,,,,,,,,,,,,,,,0,FIRST_UPWARD_CROSSING,charge_timeseries/cycle-032.csv,,,964923.2436182079,972541.7797010822,SOC_UPPER_BOUND_NOT_REACHED,SOC_UPPER_BOUND_NOT_REACHED,False,False,3,charge-efficiency-v1
33,virtual,20-40,20.0,40.0,20.0,40.0,100.0,NEGATIVE_PARTICLE_LITHIUM_DELTA_OVER_FROZEN_Q_REF_V1,4.858503020050297,25,20.0,W10_80_PERCENT_DISCHARGE_WINDOW,14.55,3.0000000000000004,2.9947496049615245,4.85,99.79449509550922,4.858503020050297,25,,,,1.1252870241088597,0.04283673826554397,0.07909221977319485,0.9717006040100594,,,,,0.15361082142959473,0.0,,,1.5091181788866141e-05,,,9.997042382886567e-06,86.35135598222783,100.00216845393857,-4.948955496608676e-05,-0.004397949492510914,0.004397949492510914,SOC_UPPER_BOUND_NOT_REACHED,996104.7861506355,996458.2075695123,353.4214188767973,0.0904087816307614,1.0348782424780982,91.9657136629334,,,,,,,,,,,,,,,,,,,,,,,,,,,,,1,FIRST_UPWARD_CROSSING,charge_timeseries/cycle-033.csv,,,996104.7861506355,1003728.8387735389,SOC_UPPER_BOUND_NOT_REACHED,SOC_UPPER_BOUND_NOT_REACHED,False,False,3,charge-efficiency-v1
33,virtual,40-60,40.0,60.0,40.0,60.0,100.0,NEGATIVE_PARTICLE_LITHIUM_DELTA_OVER_FROZEN_Q_REF_V1,4.858503020050297,25,20.0,W10_80_PERCENT_DISCHARGE_WINDOW,14.55,3.0000000000000004,2.9947496049615245,4.85,99.79449509550922,4.858503020050297,25,,,,0.946082245861507,0.07909221977319485,0.11534770128084573,0.9717006040100595,,,,,-0.02569531305376771,0.02569531305376771,,,1.9856321715924254e-05,,,1.8679696086619513e-05,102.70783626482964,99.99186593918745,3.841888741262789e-05,0.004060840120474247,0.004060840120474247,SOC_UPPER_BOUND_NOT_REACHED,996458.2075695123,996802.1320726326,343.9245031202477,0.0,0.946082245861507,100.0,,,,,,,,,,,,,,,,,,,,,,,,,,,,,1,FIRST_UPWARD_CROSSING,charge_timeseries/cycle-033.csv,,,996104.7861506355,1003728.8387735389,SOC_UPPER_BOUND_NOT_REACHED,SOC_UPPER_BOUND_NOT_REACHED,False,False,3,charge-efficiency-v1
33,virtual,60-80,60.0,80.0,60.0,80.0,100.0,NEGATIVE_PARTICLE_LITHIUM_DELTA_OVER_FROZEN_Q_REF_V1,4.858503020050297,25,20.0,W10_80_PERCENT_DISCHARGE_WINDOW,14.55,3.0000000000000004,2.9947496049615245,4.85,99.79449509550922,4.858503020050297,25,,,,0.8575909617245728,0.11534770128084573,0.1516031827884966,0.9717006040100591,,,,,-0.11418336779957183,0.11418336779957183,,,4.174090033053253e-05,,,6.39178425389797e-05,113.30583545983478,99.99140318434125,-3.193322878392024e-05,-0.0037235967039232903,0.0037235967039232903,SOC_UPPER_BOUND_NOT_REACHED,996802.1320726326,999726.3964315171,2924.2643588845417,0.22380593356146186,0.633785028163111,73.90295099293033,,,,,,,,,,,,,,,,,,,,,,,,,,,,,1,FIRST_UPWARD_CROSSING,charge_timeseries/cycle-033.csv,,,996104.7861506355,1003728.8387735389,SOC_UPPER_BOUND_NOT_REACHED,SOC_UPPER_BOUND_NOT_REACHED,False,False,3,charge-efficiency-v1
33,virtual,80-100,80.0,100.0,80.0,,0.0,NEGATIVE_PARTICLE_LITHIUM_DELTA_OVER_FROZEN_Q_REF_V1,4.858503020050297,25,20.0,W10_80_PERCENT_DISCHARGE_WINDOW,14.55,3.0000000000000004,2.9947496049615245,4.85,99.79449509550922,4.858503020050297,25,,,,,,,,,,,,,,,,,,,,,,,,,,,,,,,,,,,,,,,,,,,,,,,,,,,,,,,,,,,,0,FIRST_UPWARD_CROSSING,charge_timeseries/cycle-033.csv,,,996104.7861506355,1003728.8387735389,SOC_UPPER_BOUND_NOT_REACHED,SOC_UPPER_BOUND_NOT_REACHED,False,False,3,charge-efficiency-v1
34,virtual,20-40,20.0,40.0,20.0,40.0,100.0,NEGATIVE_PARTICLE_LITHIUM_DELTA_OVER_FROZEN_Q_REF_V1,4.858503020050297,25,20.0,W10_80_PERCENT_DISCHARGE_WINDOW,14.55,3.0000000000000004,2.9947496049615245,4.85,99.79449509550922,4.858503020050297,25,,,,1.1260534614415723,0.04282603920256139,0.07908152071021228,0.9717006040100598,,,,,0.15435980038647107,0.0,,,1.5031726175647811e-05,,,9.88170836086627e-06,86.29258177192492,100.00061657418553,-3.185638949498859e-05,-0.002829029933819135,0.002829029933819135,SOC_UPPER_BOUND_NOT_REACHED,1027291.8455456442,1027646.2756932987,354.43014765450897,0.09000153543972478,1.0360519260018475,92.00734791716684,,,,,,,,,,,,,,,,,,,,,,,,,,,,,1,FIRST_UPWARD_CROSSING,charge_timeseries/cycle-034.csv,,,1027291.8455456442,1034921.269466942,SOC_UPPER_BOUND_NOT_REACHED,SOC_UPPER_BOUND_NOT_REACHED,False,False,3,charge-efficiency-v1
34,virtual,40-60,40.0,60.0,40.0,60.0,100.0,NEGATIVE_PARTICLE_LITHIUM_DELTA_OVER_FROZEN_Q_REF_V1,4.858503020050297,25,20.0,W10_80_PERCENT_DISCHARGE_WINDOW,14.55,3.0000000000000004,2.9947496049615245,4.85,99.79449509550922,4.858503020050297,25,,,,0.9457809616643384,0.07908152071021228,0.11533700221786315,0.9717006040100591,,,,,-0.02594696575606742,0.02594696575606742,,,1.9731365321766156e-05,,,1.843320054750741e-05,102.74055446200869,99.9971110213195,-1.084115552252296e-05,-0.0011462649346890249,0.0011462649346890249,SOC_UPPER_BOUND_NOT_REACHED,1027646.2756932987,1027990.9702029224,344.6945096236331,0.0,0.9457809616643384,100.00000000000001,,,,,,,,,,,,,,,,,,,,,,,,,,,,,1,FIRST_UPWARD_CROSSING,charge_timeseries/cycle-034.csv,,,1027291.8455456442,1034921.269466942,SOC_UPPER_BOUND_NOT_REACHED,SOC_UPPER_BOUND_NOT_REACHED,False,False,3,charge-efficiency-v1
34,virtual,60-80,60.0,80.0,60.0,80.0,100.0,NEGATIVE_PARTICLE_LITHIUM_DELTA_OVER_FROZEN_Q_REF_V1,4.858503020050297,25,20.0,W10_80_PERCENT_DISCHARGE_WINDOW,14.55,3.0000000000000004,2.9947496049615245,4.85,99.79449509550922,4.858503020050297,25,,,,0.8570855538890849,0.11533700221786315,0.15159248372551404,0.9717006040100595,,,,,-0.1147029638629372,0.1147029638629372,,,4.132842745559889e-05,,,6.300104208645935e-05,113.37264985985365,99.98974271103232,-1.6415727579488504e-05,-0.0019152962624327298,0.0019152962624327298,SOC_UPPER_BOUND_NOT_REACHED,1027990.9702029224,1030919.3200080745,2928.3498051521688,0.22373105534384427,0.6333544985452406,73.89629841167557,,,,,,,,,,,,,,,,,,,,,,,,,,,,,1,FIRST_UPWARD_CROSSING,charge_timeseries/cycle-034.csv,,,1027291.8455456442,1034921.269466942,SOC_UPPER_BOUND_NOT_REACHED,SOC_UPPER_BOUND_NOT_REACHED,False,False,3,charge-efficiency-v1
34,virtual,80-100,80.0,100.0,80.0,,0.0,NEGATIVE_PARTICLE_LITHIUM_DELTA_OVER_FROZEN_Q_REF_V1,4.858503020050297,25,20.0,W10_80_PERCENT_DISCHARGE_WINDOW,14.55,3.0000000000000004,2.9947496049615245,4.85,99.79449509550922,4.858503020050297,25,,,,,,,,,,,,,,,,,,,,,,,,,,,,,,,,,,,,,,,,,,,,,,,,,,,,,,,,,,,,0,FIRST_UPWARD_CROSSING,charge_timeseries/cycle-034.csv,,,1027291.8455456442,1034921.269466942,SOC_UPPER_BOUND_NOT_REACHED,SOC_UPPER_BOUND_NOT_REACHED,False,False,3,charge-efficiency-v1
35,virtual,20-40,20.0,40.0,20.0,40.0,100.0,NEGATIVE_PARTICLE_LITHIUM_DELTA_OVER_FROZEN_Q_REF_V1,4.858503020050297,25,20.0,W10_80_PERCENT_DISCHARGE_WINDOW,14.55,3.0000000000000004,2.9947496049615245,4.85,99.79449509550922,4.858503020050297,25,,,,1.1271041800644497,0.04281548749014097,0.07907096899779185,0.9717006040100595,,,,,0.15541499016212698,0.0,,,1.4996639976437055e-05,,,9.776008834536803e-06,86.21213736910248,100.0010126932309,-3.618675654770698e-05,-0.003210595541011813,0.003210595541011813,SOC_UPPER_BOUND_NOT_REACHED,1058484.2764444519,1058839.8224353974,355.54599094559325,0.089601783867905,1.0375023961965446,92.05026603106188,,,,,,,,,,,,,,,,,,,,,,,,,,,,,1,FIRST_UPWARD_CROSSING,charge_timeseries/cycle-035.csv,,,1058484.2764444519,1066119.2510125765,SOC_UPPER_BOUND_NOT_REACHED,SOC_UPPER_BOUND_NOT_REACHED,False,False,3,charge-efficiency-v1
35,virtual,40-60,40.0,60.0,40.0,60.0,100.0,NEGATIVE_PARTICLE_LITHIUM_DELTA_OVER_FROZEN_Q_REF_V1,4.858503020050297,25,20.0,W10_80_PERCENT_DISCHARGE_WINDOW,14.55,3.0000000000000004,2.9947496049615245,4.85,99.79449509550922,4.858503020050297,25,,,,0.9454688868776873,0.07907096899779185,0.11532645050544273,0.9717006040100591,,,,,-0.026293196321281048,0.026293196321281048,,,1.9655279005967134e-05,,,1.8200093219341434e-05,102.77446645748432,99.99349749211609,2.3623816683970844e-05,0.002498635017169739,0.002498635017169739,SOC_UPPER_BOUND_NOT_REACHED,1058839.8224353974,1059185.4167677604,345.59433236303056,0.0,0.9454688868776873,100.0,,,,,,,,,,,,,,,,,,,,,,,,,,,,,1,FIRST_UPWARD_CROSSING,charge_timeseries/cycle-035.csv,,,1058484.2764444519,1066119.2510125765,SOC_UPPER_BOUND_NOT_REACHED,SOC_UPPER_BOUND_NOT_REACHED,False,False,3,charge-efficiency-v1
35,virtual,60-80,60.0,80.0,60.0,80.0,100.0,NEGATIVE_PARTICLE_LITHIUM_DELTA_OVER_FROZEN_Q_REF_V1,4.858503020050297,25,20.0,W10_80_PERCENT_DISCHARGE_WINDOW,14.55,3.0000000000000004,2.9947496049615245,4.85,99.79449509550922,4.858503020050297,25,,,,0.8563380018321574,0.11532645050544273,0.1515819320130936,0.9717006040100595,,,,,-0.1154320584096657,0.1154320584096657,,,4.0984872071294504e-05,,,6.21110962465525e-05,113.47162007654465,99.99188915689658,-3.3639736554236244e-05,-0.003928324619748645,0.003928324619748645,SOC_UPPER_BOUND_NOT_REACHED,1059185.4167677604,1062117.797261851,2932.3804940904006,0.2236576890489791,0.6326803127831783,73.88207827161031,,,,,,,,,,,,,,,,,,,,,,,,,,,,,1,FIRST_UPWARD_CROSSING,charge_timeseries/cycle-035.csv,,,1058484.2764444519,1066119.2510125765,SOC_UPPER_BOUND_NOT_REACHED,SOC_UPPER_BOUND_NOT_REACHED,False,False,3,charge-efficiency-v1
35,virtual,80-100,80.0,100.0,80.0,,0.0,NEGATIVE_PARTICLE_LITHIUM_DELTA_OVER_FROZEN_Q_REF_V1,4.858503020050297,25,20.0,W10_80_PERCENT_DISCHARGE_WINDOW,14.55,3.0000000000000004,2.9947496049615245,4.85,99.79449509550922,4.858503020050297,25,,,,,,,,,,,,,,,,,,,,,,,,,,,,,,,,,,,,,,,,,,,,,,,,,,,,,,,,,,,,0,FIRST_UPWARD_CROSSING,charge_timeseries/cycle-035.csv,,,1058484.2764444519,1066119.2510125765,SOC_UPPER_BOUND_NOT_REACHED,SOC_UPPER_BOUND_NOT_REACHED,False,False,3,charge-efficiency-v1
36,virtual,20-40,20.0,40.0,20.0,40.0,100.0,NEGATIVE_PARTICLE_LITHIUM_DELTA_OVER_FROZEN_Q_REF_V1,4.858503020050297,25,20.0,W10_80_PERCENT_DISCHARGE_WINDOW,14.55,3.0000000000000004,2.9947496049615245,4.85,99.79449509550922,4.858503020050297,25,,,,1.128605705000949,0.04280506534940134,0.07906054685705222,0.9717006040100594,,,,,0.15691449570401061,0.0,,,1.5008467433953905e-05,,,9.681332546768867e-06,86.09743860981479,100.00083241765299,-3.408451310171756e-05,-0.003020055006871412,0.003020055006871412,SOC_UPPER_BOUND_NOT_REACHED,1089682.2582675794,1090039.1060460089,356.84777842954605,0.08920937049012574,1.0393963345108232,92.09561230331981,,,,,,,,,,,,,,,,,,,,,,,,,,,,,1,FIRST_UPWARD_CROSSING,charge_timeseries/cycle-036.csv,,,1089682.2582675794,1097322.790927676,SOC_UPPER_BOUND_NOT_REACHED,SOC_UPPER_BOUND_NOT_REACHED,False,False,3,charge-efficiency-v1
36,virtual,40-60,40.0,60.0,40.0,60.0,100.0,NEGATIVE_PARTICLE_LITHIUM_DELTA_OVER_FROZEN_Q_REF_V1,4.858503020050297,25,20.0,W10_80_PERCENT_DISCHARGE_WINDOW,14.55,3.0000000000000004,2.9947496049615245,4.85,99.79449509550922,4.858503020050297,25,,,,0.9449834093205718,0.07906054685705222,0.1153160283647031,0.9717006040100595,,,,,-0.02676202740057332,0.02676202740057332,,,1.9641969193323616e-05,,,1.798011015774134e-05,102.82726600551612,99.99525571447674,7.210631734477779e-06,0.0007630432093683116,0.0007630432093683116,SOC_UPPER_BOUND_NOT_REACHED,1090039.1060460089,1090385.6924496053,346.58640359631903,0.0,0.9449834093205718,100.0,,,,,,,,,,,,,,,,,,,,,,,,,,,,,1,FIRST_UPWARD_CROSSING,charge_timeseries/cycle-036.csv,,,1089682.2582675794,1097322.790927676,SOC_UPPER_BOUND_NOT_REACHED,SOC_UPPER_BOUND_NOT_REACHED,False,False,3,charge-efficiency-v1
36,virtual,60-80,60.0,80.0,60.0,80.0,100.0,NEGATIVE_PARTICLE_LITHIUM_DELTA_OVER_FROZEN_Q_REF_V1,4.858503020050297,25,20.0,W10_80_PERCENT_DISCHARGE_WINDOW,14.55,3.0000000000000004,2.9947496049615245,4.85,99.79449509550922,4.858503020050297,25,,,,0.8552803929830766,0.1153160283647031,0.15157150987235402,0.9717006040100603,,,,,-0.11647966242124919,0.11647966242124919,,,4.073265359258189e-05,,,6.124677952866822e-05,113.61193498437737,99.99304890013227,-4.2528038855849104e-05,-0.004972408955561151,0.004972408955561151,SOC_UPPER_BOUND_NOT_REACHED,1090385.6924496053,1093321.8438602863,2936.1514106811715,0.22358542132684586,0.6316949716562307,73.85823138690027,,,,,,,,,,,,,,,,,,,,,,,,,,,,,1,FIRST_UPWARD_CROSSING,charge_timeseries/cycle-036.csv,,,1089682.2582675794,1097322.790927676,SOC_UPPER_BOUND_NOT_REACHED,SOC_UPPER_BOUND_NOT_REACHED,False,False,3,charge-efficiency-v1
36,virtual,80-100,80.0,100.0,80.0,,0.0,NEGATIVE_PARTICLE_LITHIUM_DELTA_OVER_FROZEN_Q_REF_V1,4.858503020050297,25,20.0,W10_80_PERCENT_DISCHARGE_WINDOW,14.55,3.0000000000000004,2.9947496049615245,4.85,99.79449509550922,4.858503020050297,25,,,,,,,,,,,,,,,,,,,,,,,,,,,,,,,,,,,,,,,,,,,,,,,,,,,,,,,,,,,,0,FIRST_UPWARD_CROSSING,charge_timeseries/cycle-036.csv,,,1089682.2582675794,1097322.790927676,SOC_UPPER_BOUND_NOT_REACHED,SOC_UPPER_BOUND_NOT_REACHED,False,False,3,charge-efficiency-v1
37,virtual,20-40,20.0,40.0,20.0,40.0,100.0,NEGATIVE_PARTICLE_LITHIUM_DELTA_OVER_FROZEN_Q_REF_V1,4.858503020050297,25,20.0,W10_80_PERCENT_DISCHARGE_WINDOW,14.55,3.0000000000000004,2.9947496049615245,4.85,99.79449509550922,4.858503020050297,25,,,,1.0499786939084927,0.0427947592937543,0.07905024080140517,0.9717006040100591,,,,,0.0782651305009341,0.0,,,1.1643677635586082e-05,,,8.482434294951324e-06,92.54479254173745,99.99876574662184,-7.16671443101724e-06,-0.0006825580816634962,0.0006825580816634962,SOC_UPPER_BOUND_NOT_REACHED,1120885.798402325,1121214.9793236533,329.18092132831146,0.08882387177858503,0.9611548221299077,91.54041198227151,,,,,,,,,,,,,,,,,,,,,,,,,,,,,1,FIRST_UPWARD_CROSSING,charge_timeseries/cycle-037.csv,,,1120885.798402325,1128767.213859988,SOC_UPPER_BOUND_NOT_REACHED,SOC_UPPER_BOUND_NOT_REACHED,False,False,3,charge-efficiency-v1
37,virtual,40-60,40.0,60.0,40.0,60.0,100.0,NEGATIVE_PARTICLE_LITHIUM_DELTA_OVER_FROZEN_Q_REF_V1,4.858503020050297,25,20.0,W10_80_PERCENT_DISCHARGE_WINDOW,14.55,3.0000000000000004,2.9947496049615245,4.85,99.79449509550922,4.858503020050297,25,,,,0.8540307024151657,0.07905024080140517,0.11530572230905607,0.9717006040100599,,,,,-0.117695322969242,0.117695322969242,,,-1.8952757891580255e-06,,,1.4297219596327154e-05,113.7781816581217,99.99702336528699,1.301943054066168e-05,0.0015244686758735062,0.0015244686758735062,SOC_UPPER_BOUND_NOT_REACHED,1121214.9793236533,1121462.1699963063,247.1906726530466,0.0,0.8540307024151657,99.99999999999999,,,,,,,,,,,,,,,,,,,,,,,,,,,,,1,FIRST_UPWARD_CROSSING,charge_timeseries/cycle-037.csv,,,1120885.798402325,1128767.213859988,SOC_UPPER_BOUND_NOT_REACHED,SOC_UPPER_BOUND_NOT_REACHED,False,False,3,charge-efficiency-v1
37,virtual,60-80,60.0,80.0,60.0,80.0,100.0,NEGATIVE_PARTICLE_LITHIUM_DELTA_OVER_FROZEN_Q_REF_V1,4.858503020050297,25,20.0,W10_80_PERCENT_DISCHARGE_WINDOW,14.55,3.0000000000000004,2.9947496049615245,4.85,99.79449509550922,4.858503020050297,25,,,,0.9990635463750248,0.11530572230905607,0.15156120381670693,0.9717006040100588,,,,,0.027369389199373966,0.0,,,-2.9607747860367455e-05,,,7.012673089911575e-05,97.2611409490168,100.00064528772282,-4.696581744667583e-05,-0.0047009839981736225,0.0047009839981736225,SOC_UPPER_BOUND_NOT_REACHED,1121462.1699963063,1124640.8338297387,3178.663833432309,0.19665661491827488,0.8024069314567499,80.3159052663048,,,,,,,,,,,,,,,,,,,,,,,,,,,,,1,FIRST_UPWARD_CROSSING,charge_timeseries/cycle-037.csv,,,1120885.798402325,1128767.213859988,SOC_UPPER_BOUND_NOT_REACHED,SOC_UPPER_BOUND_NOT_REACHED,False,False,3,charge-efficiency-v1
37,virtual,80-100,80.0,100.0,80.0,,0.0,NEGATIVE_PARTICLE_LITHIUM_DELTA_OVER_FROZEN_Q_REF_V1,4.858503020050297,25,20.0,W10_80_PERCENT_DISCHARGE_WINDOW,14.55,3.0000000000000004,2.9947496049615245,4.85,99.79449509550922,4.858503020050297,25,,,,,,,,,,,,,,,,,,,,,,,,,,,,,,,,,,,,,,,,,,,,,,,,,,,,,,,,,,,,0,FIRST_UPWARD_CROSSING,charge_timeseries/cycle-037.csv,,,1120885.798402325,1128767.213859988,SOC_UPPER_BOUND_NOT_REACHED,SOC_UPPER_BOUND_NOT_REACHED,False,False,3,charge-efficiency-v1
38,virtual,20-40,20.0,40.0,20.0,40.0,100.0,NEGATIVE_PARTICLE_LITHIUM_DELTA_OVER_FROZEN_Q_REF_V1,4.858503020050297,25,20.0,W10_80_PERCENT_DISCHARGE_WINDOW,14.55,3.0000000000000004,2.9947496049615245,4.85,99.79449509550922,4.858503020050297,25,,,,1.1293874735881233,0.042782539881897626,0.0790380213895485,0.9717006040100594,,,,,0.15768354257312767,0.0,,,1.48345026835979e-05,,,9.471551245757853e-06,86.03784146134679,99.99970541510207,-2.097904899311942e-05,-0.0018575599148862418,0.0018575599148862418,SOC_UPPER_BOUND_NOT_REACHED,1152330.2218616437,1152688.721668825,358.499807181393,0.08844152359706865,1.0409459499910547,92.16907167244513,,,,,,,,,,,,,,,,,,,,,,,,,,,,,1,FIRST_UPWARD_CROSSING,charge_timeseries/cycle-038.csv,,,1152330.2218616437,1159982.3402578924,SOC_UPPER_BOUND_NOT_REACHED,SOC_UPPER_BOUND_NOT_REACHED,False,False,3,charge-efficiency-v1
38,virtual,40-60,40.0,60.0,40.0,60.0,100.0,NEGATIVE_PARTICLE_LITHIUM_DELTA_OVER_FROZEN_Q_REF_V1,4.858503020050297,25,20.0,W10_80_PERCENT_DISCHARGE_WINDOW,14.55,3.0000000000000004,2.9947496049615245,4.85,99.79449509550922,4.858503020050297,25,,,,0.9446968250055677,0.0790380213895485,0.1152935028971994,0.9717006040100599,,,,,-0.02705950716650979,0.02705950716650979,,,1.933240990225661e-05,,,1.7545506996244353e-05,102.8584598031578,99.99410094746351,1.8850245119050868e-05,0.001995375089668558,0.001995375089668558,SOC_UPPER_BOUND_NOT_REACHED,1152688.721668825,1153036.6110196565,347.88935083144844,0.0,0.9446968250055677,100.0,,,,,,,,,,,,,,,,,,,,,,,,,,,,,1,FIRST_UPWARD_CROSSING,charge_timeseries/cycle-038.csv,,,1152330.2218616437,1159982.3402578924,SOC_UPPER_BOUND_NOT_REACHED,SOC_UPPER_BOUND_NOT_REACHED,False,False,3,charge-efficiency-v1
38,virtual,60-80,60.0,80.0,60.0,80.0,100.0,NEGATIVE_PARTICLE_LITHIUM_DELTA_OVER_FROZEN_Q_REF_V1,4.858503020050297,25,20.0,W10_80_PERCENT_DISCHARGE_WINDOW,14.55,3.0000000000000004,2.9947496049615245,4.85,99.79449509550922,4.858503020050297,25,,,,0.854759037410764,0.1152935028971994,0.15154898440485026,0.9717006040100588,,,,,-0.11700096607367005,0.11700096607367005,,,3.988573618950251e-05,,,5.9669606275028486e-05,113.68123195907165,99.9930507345608,-4.015586808925331e-05,-0.004697916761534743,0.004697916761534743,SOC_UPPER_BOUND_NOT_REACHED,1153036.6110196565,1155980.7394459771,2944.1284263206344,0.22328738991049912,0.6314716475002649,73.87715366112053,,,,,,,,,,,,,,,,,,,,,,,,,,,,,1,FIRST_UPWARD_CROSSING,charge_timeseries/cycle-038.csv,,,1152330.2218616437,1159982.3402578924,SOC_UPPER_BOUND_NOT_REACHED,SOC_UPPER_BOUND_NOT_REACHED,False,False,3,charge-efficiency-v1
38,virtual,80-100,80.0,100.0,80.0,,0.0,NEGATIVE_PARTICLE_LITHIUM_DELTA_OVER_FROZEN_Q_REF_V1,4.858503020050297,25,20.0,W10_80_PERCENT_DISCHARGE_WINDOW,14.55,3.0000000000000004,2.9947496049615245,4.85,99.79449509550922,4.858503020050297,25,,,,,,,,,,,,,,,,,,,,,,,,,,,,,,,,,,,,,,,,,,,,,,,,,,,,,,,,,,,,0,FIRST_UPWARD_CROSSING,charge_timeseries/cycle-038.csv,,,1152330.2218616437,1159982.3402578924,SOC_UPPER_BOUND_NOT_REACHED,SOC_UPPER_BOUND_NOT_REACHED,False,False,3,charge-efficiency-v1
39,virtual,20-40,20.0,40.0,20.0,40.0,100.0,NEGATIVE_PARTICLE_LITHIUM_DELTA_OVER_FROZEN_Q_REF_V1,4.858503020050297,25,20.0,W10_80_PERCENT_DISCHARGE_WINDOW,14.55,3.0000000000000004,2.9947496049615245,4.85,99.79449509550922,4.858503020050297,25,,,,1.1322993299296054,0.042778940213753246,0.07903442172140414,0.9717006040100598,,,,,0.16061384748715912,0.0,,,1.5014030546011727e-05,,,9.41018224056081e-06,85.81658385954091,100.0013354743939,-3.9545780399885544e-05,-0.003492519986066237,0.003492519986066237,SOC_UPPER_BOUND_NOT_REACHED,1183545.3480716478,1183905.7929395013,360.4448678534365,0.08806893471241724,1.044230395217188,92.2221154438118,,,,,,,,,,,,,,,,,,,,,,,,,,,,,1,FIRST_UPWARD_CROSSING,charge_timeseries/cycle-039.csv,,,1183545.3480716478,1191203.4074613545,SOC_UPPER_BOUND_NOT_REACHED,SOC_UPPER_BOUND_NOT_REACHED,False,False,3,charge-efficiency-v1
39,virtual,40-60,40.0,60.0,40.0,60.0,100.0,NEGATIVE_PARTICLE_LITHIUM_DELTA_OVER_FROZEN_Q_REF_V1,4.858503020050297,25,20.0,W10_80_PERCENT_DISCHARGE_WINDOW,14.55,3.0000000000000004,2.9947496049615245,4.85,99.79449509550922,4.858503020050297,25,,,,0.9438174008583106,0.07903442172140414,0.11528990322905502,0.9717006040100595,,,,,-0.027957090972208082,0.027957090972208082,,,1.9518191755119214e-05,,,1.7363936704577893e-05,102.95430060161975,99.99217138607618,3.7005691999381085e-05,0.0039208529071119045,0.0039208529071119045,SOC_UPPER_BOUND_NOT_REACHED,1183905.7929395013,1184255.1301018489,349.3371623476991,0.0,0.9438174008583106,100.0,,,,,,,,,,,,,,,,,,,,,,,,,,,,,1,FIRST_UPWARD_CROSSING,charge_timeseries/cycle-039.csv,,,1183545.3480716478,1191203.4074613545,SOC_UPPER_BOUND_NOT_REACHED,SOC_UPPER_BOUND_NOT_REACHED,False,False,3,charge-efficiency-v1
39,virtual,60-80,60.0,80.0,60.0,80.0,100.0,NEGATIVE_PARTICLE_LITHIUM_DELTA_OVER_FROZEN_Q_REF_V1,4.858503020050297,25,20.0,W10_80_PERCENT_DISCHARGE_WINDOW,14.55,3.0000000000000004,2.9947496049615245,4.85,99.79449509550922,4.858503020050297,25,,,,0.8527300400494671,0.11528990322905502,0.15154538473670592,0.9717006040100599,,,,,-0.11903751351967325,0.11903751351967325,,,3.990365642756854e-05,,,5.886058830261928e-05,113.95172661604501,99.99214879786848,-3.181468564972256e-05,-0.0037309211773373183,0.0037309211773373183,SOC_UPPER_BOUND_NOT_REACHED,1184255.1301018489,1187202.7456512041,2947.615549355182,0.2233973132695048,0.6293327267799622,73.80210585092728,,,,,,,,,,,,,,,,,,,,,,,,,,,,,1,FIRST_UPWARD_CROSSING,charge_timeseries/cycle-039.csv,,,1183545.3480716478,1191203.4074613545,SOC_UPPER_BOUND_NOT_REACHED,SOC_UPPER_BOUND_NOT_REACHED,False,False,3,charge-efficiency-v1
39,virtual,80-100,80.0,100.0,80.0,,0.0,NEGATIVE_PARTICLE_LITHIUM_DELTA_OVER_FROZEN_Q_REF_V1,4.858503020050297,25,20.0,W10_80_PERCENT_DISCHARGE_WINDOW,14.55,3.0000000000000004,2.9947496049615245,4.85,99.79449509550922,4.858503020050297,25,,,,,,,,,,,,,,,,,,,,,,,,,,,,,,,,,,,,,,,,,,,,,,,,,,,,,,,,,,,,0,FIRST_UPWARD_CROSSING,charge_timeseries/cycle-039.csv,,,1183545.3480716478,1191203.4074613545,SOC_UPPER_BOUND_NOT_REACHED,SOC_UPPER_BOUND_NOT_REACHED,False,False,3,charge-efficiency-v1
40,virtual,20-40,20.0,40.0,20.0,40.0,100.0,NEGATIVE_PARTICLE_LITHIUM_DELTA_OVER_FROZEN_Q_REF_V1,4.858503020050297,25,20.0,W10_80_PERCENT_DISCHARGE_WINDOW,14.55,3.0000000000000004,2.9947496049615245,4.85,99.79449509550922,4.858503020050297,25,,,,1.1315022676448867,0.042769021957704344,0.07902450346535522,0.9717006040100594,,,,,0.15980213299124443,0.0,,,1.4800874908410186e-05,,,9.298654263575207e-06,85.87703549481706,100.00004148081985,-2.4568885588882594e-05,-0.002171350981029881,0.002171350981029881,SOC_UPPER_BOUND_NOT_REACHED,1214766.4154322776,1215127.153977338,360.73854506046405,0.0877026594394955,1.0437996082053913,92.24900718740581,,,,,,,,,,,,,,,,,,,,,,,,,,,,,1,FIRST_UPWARD_CROSSING,charge_timeseries/cycle-040.csv,,,1214766.4154322776,1222430.3100409168,SOC_UPPER_BOUND_NOT_REACHED,SOC_UPPER_BOUND_NOT_REACHED,False,False,3,charge-efficiency-v1
40,virtual,40-60,40.0,60.0,40.0,60.0,100.0,NEGATIVE_PARTICLE_LITHIUM_DELTA_OVER_FROZEN_Q_REF_V1,4.858503020050297,25,20.0,W10_80_PERCENT_DISCHARGE_WINDOW,14.55,3.0000000000000004,2.9947496049615245,4.85,99.79449509550922,4.858503020050297,25,,,,0.94400496010107,0.07902450346535522,0.11527998497300611,0.9717006040100595,,,,,-0.027768870341867896,0.027768870341867896,,,1.9227808729551342e-05,,,1.7158194036203528e-05,102.9338451681466,99.99224300337673,3.6840430112650147e-05,0.0039025674302289493,0.0039025674302289493,SOC_UPPER_BOUND_NOT_REACHED,1215127.153977338,1215476.8551329093,349.7011555711888,0.0,0.94400496010107,100.0,,,,,,,,,,,,,,,,,,,,,,,,,,,,,1,FIRST_UPWARD_CROSSING,charge_timeseries/cycle-040.csv,,,1214766.4154322776,1222430.3100409168,SOC_UPPER_BOUND_NOT_REACHED,SOC_UPPER_BOUND_NOT_REACHED,False,False,3,charge-efficiency-v1
40,virtual,60-80,60.0,80.0,60.0,80.0,100.0,NEGATIVE_PARTICLE_LITHIUM_DELTA_OVER_FROZEN_Q_REF_V1,4.858503020050297,25,20.0,W10_80_PERCENT_DISCHARGE_WINDOW,14.55,3.0000000000000004,2.9947496049615245,4.85,99.79449509550922,4.858503020050297,25,,,,0.8533281864097997,0.11527998497300611,0.151535466480657,0.9717006040100595,,,,,-0.11844633689751245,0.11844633689751245,,,3.9321814971677964e-05,,,5.818932780456143e-05,113.87185135630959,99.99133753010508,-2.3591845523585064e-05,-0.002764686072640215,0.002764686072640215,SOC_UPPER_BOUND_NOT_REACHED,1215476.8551329093,1218429.8891968424,2953.034063933106,0.2233199463588232,0.6300082400509764,73.8295359375863,,,,,,,,,,,,,,,,,,,,,,,,,,,,,1,FIRST_UPWARD_CROSSING,charge_timeseries/cycle-040.csv,,,1214766.4154322776,1222430.3100409168,SOC_UPPER_BOUND_NOT_REACHED,SOC_UPPER_BOUND_NOT_REACHED,False,False,3,charge-efficiency-v1
40,virtual,80-100,80.0,100.0,80.0,,0.0,NEGATIVE_PARTICLE_LITHIUM_DELTA_OVER_FROZEN_Q_REF_V1,4.858503020050297,25,20.0,W10_80_PERCENT_DISCHARGE_WINDOW,14.55,3.0000000000000004,2.9947496049615245,4.85,99.79449509550922,4.858503020050297,25,,,,,,,,,,,,,,,,,,,,,,,,,,,,,,,,,,,,,,,,,,,,,,,,,,,,,,,,,,,,0,FIRST_UPWARD_CROSSING,charge_timeseries/cycle-040.csv,,,1214766.4154322776,1222430.3100409168,SOC_UPPER_BOUND_NOT_REACHED,SOC_UPPER_BOUND_NOT_REACHED,False,False,3,charge-efficiency-v1
41,virtual,20-40,20.0,40.0,20.0,40.0,100.0,NEGATIVE_PARTICLE_LITHIUM_DELTA_OVER_FROZEN_Q_REF_V1,4.858503020050297,25,20.0,W10_80_PERCENT_DISCHARGE_WINDOW,14.55,3.0000000000000004,2.9947496049615245,4.85,99.79449509550922,4.858503020050297,25,,,,1.1313934569272432,0.04275928067742327,0.07901476218507414,0.9717006040100591,,,,,0.15969710920934194,0.0,,,1.4671226942518552e-05,,,9.20142403922769e-06,85.88529463915279,100.00037619911373,-2.812894313941605e-05,-0.0024862211255677205,0.0024862211255677205,SOC_UPPER_BOUND_NOT_REACHED,1245993.3182627957,1246354.6600760124,361.34181321657735,0.08734235076292295,1.0440511061643203,92.28010819506271,,,,,,,,,,,,,,,,,,,,,,,,,,,,,1,FIRST_UPWARD_CROSSING,charge_timeseries/cycle-041.csv,,,1245993.3182627957,1253663.094597162,SOC_UPPER_BOUND_NOT_REACHED,SOC_UPPER_BOUND_NOT_REACHED,False,False,3,charge-efficiency-v1
41,virtual,40-60,40.0,60.0,40.0,60.0,100.0,NEGATIVE_PARTICLE_LITHIUM_DELTA_OVER_FROZEN_Q_REF_V1,4.858503020050297,25,20.0,W10_80_PERCENT_DISCHARGE_WINDOW,14.55,3.0000000000000004,2.9947496049615245,4.85,99.79449509550922,4.858503020050297,25,,,,0.9439865741223227,0.07901476218507414,0.11527024369272504,0.9717006040100599,,,,,-0.027783833014279002,0.027783833014279002,,,1.9033802592843645e-05,,,1.6965997970574964e-05,102.9358500054415,99.99260549583487,3.380332597846536e-05,0.0035809117317048933,0.0035809117317048933,SOC_UPPER_BOUND_NOT_REACHED,1246354.6600760124,1246704.9094280638,350.2493520515489,0.0,0.9439865741223227,100.0,,,,,,,,,,,,,,,,,,,,,,,,,,,,,1,FIRST_UPWARD_CROSSING,charge_timeseries/cycle-041.csv,,,1245993.3182627957,1253663.094597162,SOC_UPPER_BOUND_NOT_REACHED,SOC_UPPER_BOUND_NOT_REACHED,False,False,3,charge-efficiency-v1
41,virtual,60-80,60.0,80.0,60.0,80.0,100.0,NEGATIVE_PARTICLE_LITHIUM_DELTA_OVER_FROZEN_Q_REF_V1,4.858503020050297,25,20.0,W10_80_PERCENT_DISCHARGE_WINDOW,14.55,3.0000000000000004,2.9947496049615245,4.85,99.79449509550922,4.858503020050297,25,,,,0.8534133675594835,0.11527024369272504,0.1515257252003759,0.9717006040100591,,,,,-0.11835347472348842,0.11835347472348842,,,3.887018301780565e-05,,,5.752354179946323e-05,113.86048554510495,99.99223843035149,-3.015545190443447e-05,-0.003533510611706304,0.003533510611706304,SOC_UPPER_BOUND_NOT_REACHED,1246704.9094280638,1249662.8518853819,2957.942457318015,0.2232470707878943,0.6301662967715892,73.8406873768199,,,,,,,,,,,,,,,,,,,,,,,,,,,,,1,FIRST_UPWARD_CROSSING,charge_timeseries/cycle-041.csv,,,1245993.3182627957,1253663.094597162,SOC_UPPER_BOUND_NOT_REACHED,SOC_UPPER_BOUND_NOT_REACHED,False,False,3,charge-efficiency-v1
41,virtual,80-100,80.0,100.0,80.0,,0.0,NEGATIVE_PARTICLE_LITHIUM_DELTA_OVER_FROZEN_Q_REF_V1,4.858503020050297,25,20.0,W10_80_PERCENT_DISCHARGE_WINDOW,14.55,3.0000000000000004,2.9947496049615245,4.85,99.79449509550922,4.858503020050297,25,,,,,,,,,,,,,,,,,,,,,,,,,,,,,,,,,,,,,,,,,,,,,,,,,,,,,,,,,,,,0,FIRST_UPWARD_CROSSING,charge_timeseries/cycle-041.csv,,,1245993.3182627957,1253663.094597162,SOC_UPPER_BOUND_NOT_REACHED,SOC_UPPER_BOUND_NOT_REACHED,False,False,3,charge-efficiency-v1
42,virtual,20-40,20.0,40.0,20.0,40.0,100.0,NEGATIVE_PARTICLE_LITHIUM_DELTA_OVER_FROZEN_Q_REF_V1,4.858503020050297,25,20.0,W10_80_PERCENT_DISCHARGE_WINDOW,14.55,3.0000000000000004,2.9947496049615245,4.85,99.79449509550922,4.858503020050297,25,,,,1.1330638483613253,0.04274969704921891,0.0790051785568698,0.9717006040100595,,,,,0.16138451985676913,0.0,,,1.4744442205822002e-05,,,9.133122768748003e-06,85.7586803616906,100.00187769696598,-4.5153070477921275e-05,-0.003985042020643687,0.003985042020643687,SOC_UPPER_BOUND_NOT_REACHED,1277226.102983213,1277588.8544896906,362.75150647762916,0.08698763535725292,1.0460762130040724,92.32279491724518,,,,,,,,,,,,,,,,,,,,,,,,,,,,,1,FIRST_UPWARD_CROSSING,charge_timeseries/cycle-042.csv,,,1277226.102983213,1284901.9240307214,SOC_UPPER_BOUND_NOT_REACHED,SOC_UPPER_BOUND_NOT_REACHED,False,False,3,charge-efficiency-v1
42,virtual,40-60,40.0,60.0,40.0,60.0,100.0,NEGATIVE_PARTICLE_LITHIUM_DELTA_OVER_FROZEN_Q_REF_V1,4.858503020050297,25,20.0,W10_80_PERCENT_DISCHARGE_WINDOW,14.55,3.0000000000000004,2.9947496049615245,4.85,99.79449509550922,4.858503020050297,25,,,,0.9434443637745333,0.0790051785568698,0.11526066006452068,0.9717006040100595,,,,,-0.028314366277131825,0.028314366277131825,,,1.906787332732387e-05,,,1.6794943442768884e-05,102.99500864284975,99.99383895396087,2.2263224835561424e-05,0.0023597814233041457,0.0023597814233041457,SOC_UPPER_BOUND_NOT_REACHED,1277588.8544896906,1277940.1233040337,351.26881434308757,0.0,0.9434443637745333,100.0,,,,,,,,,,,,,,,,,,,,,,,,,,,,,1,FIRST_UPWARD_CROSSING,charge_timeseries/cycle-042.csv,,,1277226.102983213,1284901.9240307214,SOC_UPPER_BOUND_NOT_REACHED,SOC_UPPER_BOUND_NOT_REACHED,False,False,3,charge-efficiency-v1
42,virtual,60-80,60.0,80.0,60.0,80.0,100.0,NEGATIVE_PARTICLE_LITHIUM_DELTA_OVER_FROZEN_Q_REF_V1,4.858503020050297,25,20.0,W10_80_PERCENT_DISCHARGE_WINDOW,14.55,3.0000000000000004,2.9947496049615245,4.85,99.79449509550922,4.858503020050297,25,,,,0.8522439425933587,0.11526066006452068,0.15151614157217155,0.9717006040100591,,,,,-0.119525394324655,0.119525394324655,,,3.871625228378528e-05,,,5.683290301810098e-05,114.01672167398416,99.99193506641474,-2.6816247347238864e-05,-0.0031465459602608194,0.0031465459602608194,SOC_UPPER_BOUND_NOT_REACHED,1277940.1233040337,1280901.852544919,2961.729240885244,0.2231808745181034,0.6290630680752552,73.81255960130744,,,,,,,,,,,,,,,,,,,,,,,,,,,,,1,FIRST_UPWARD_CROSSING,charge_timeseries/cycle-042.csv,,,1277226.102983213,1284901.9240307214,SOC_UPPER_BOUND_NOT_REACHED,SOC_UPPER_BOUND_NOT_REACHED,False,False,3,charge-efficiency-v1
42,virtual,80-100,80.0,100.0,80.0,,0.0,NEGATIVE_PARTICLE_LITHIUM_DELTA_OVER_FROZEN_Q_REF_V1,4.858503020050297,25,20.0,W10_80_PERCENT_DISCHARGE_WINDOW,14.55,3.0000000000000004,2.9947496049615245,4.85,99.79449509550922,4.858503020050297,25,,,,,,,,,,,,,,,,,,,,,,,,,,,,,,,,,,,,,,,,,,,,,,,,,,,,,,,,,,,,0,FIRST_UPWARD_CROSSING,charge_timeseries/cycle-042.csv,,,1277226.102983213,1284901.9240307214,SOC_UPPER_BOUND_NOT_REACHED,SOC_UPPER_BOUND_NOT_REACHED,False,False,3,charge-efficiency-v1
43,virtual,20-40,20.0,40.0,20.0,40.0,100.0,NEGATIVE_PARTICLE_LITHIUM_DELTA_OVER_FROZEN_Q_REF_V1,4.858503020050297,25,20.0,W10_80_PERCENT_DISCHARGE_WINDOW,14.55,3.0000000000000004,2.9947496049615245,4.85,99.79449509550922,4.858503020050297,25,,,,1.1335131039214263,0.04274022823504574,0.07899570974269662,0.9717006040100595,,,,,0.16181677701160257,0.0,,,1.4652129936993004e-05,,,9.04887501224777e-06,85.72469084375196,100.00037733134455,-2.7978105184844893e-05,-0.0024682648209406405,0.0024682648209406405,SOC_UPPER_BOUND_NOT_REACHED,1308464.9325025608,1308828.48804222,363.55553965929977,0.08663835868612291,1.0468747452353033,92.3566513358871,,,,,,,,,,,,,,,,,,,,,,,,,,,,,1,FIRST_UPWARD_CROSSING,charge_timeseries/cycle-043.csv,,,1308464.9325025608,1316146.967883923,SOC_UPPER_BOUND_NOT_REACHED,SOC_UPPER_BOUND_NOT_REACHED,False,False,3,charge-efficiency-v1
43,virtual,40-60,40.0,60.0,40.0,60.0,100.0,NEGATIVE_PARTICLE_LITHIUM_DELTA_OVER_FROZEN_Q_REF_V1,4.858503020050297,25,20.0,W10_80_PERCENT_DISCHARGE_WINDOW,14.55,3.0000000000000004,2.9947496049615245,4.85,99.79449509550922,4.858503020050297,25,,,,0.9432635594607963,0.07899570974269662,0.11525119125034751,0.9717006040100595,,,,,-0.028484218235485748,0.028484218235485748,,,1.8950380017705888e-05,,,1.661945048741023e-05,103.01475067747967,99.9949988859689,1.1603855717412515e-05,0.001230181702773051,0.001230181702773051,SOC_UPPER_BOUND_NOT_REACHED,1308828.48804222,1309180.4523391929,351.96429697283776,0.0,0.9432635594607963,100.0,,,,,,,,,,,,,,,,,,,,,,,,,,,,,1,FIRST_UPWARD_CROSSING,charge_timeseries/cycle-043.csv,,,1308464.9325025608,1316146.967883923,SOC_UPPER_BOUND_NOT_REACHED,SOC_UPPER_BOUND_NOT_REACHED,False,False,3,charge-efficiency-v1
43,virtual,60-80,60.0,80.0,60.0,80.0,100.0,NEGATIVE_PARTICLE_LITHIUM_DELTA_OVER_FROZEN_Q_REF_V1,4.858503020050297,25,20.0,W10_80_PERCENT_DISCHARGE_WINDOW,14.55,3.0000000000000004,2.9947496049615245,4.85,99.79449509550922,4.858503020050297,25,,,,0.8519940933580448,0.11525119125034751,0.1515066727579984,0.9717006040100595,,,,,-0.1198112526031383,0.1198112526031383,,,3.8373941804544474e-05,,,5.620027700677099e-05,114.05015734090412,99.98770625853629,1.0167732312216238e-05,0.0011934040847796485,0.0011934040847796485,SOC_UPPER_BOUND_NOT_REACHED,1309180.4523391929,1312146.9444608688,2966.4921216759435,0.22311110189058034,0.6288829914674644,73.813069406243,,,,,,,,,,,,,,,,,,,,,,,,,,,,,1,FIRST_UPWARD_CROSSING,charge_timeseries/cycle-043.csv,,,1308464.9325025608,1316146.967883923,SOC_UPPER_BOUND_NOT_REACHED,SOC_UPPER_BOUND_NOT_REACHED,False,False,3,charge-efficiency-v1
43,virtual,80-100,80.0,100.0,80.0,,0.0,NEGATIVE_PARTICLE_LITHIUM_DELTA_OVER_FROZEN_Q_REF_V1,4.858503020050297,25,20.0,W10_80_PERCENT_DISCHARGE_WINDOW,14.55,3.0000000000000004,2.9947496049615245,4.85,99.79449509550922,4.858503020050297,25,,,,,,,,,,,,,,,,,,,,,,,,,,,,,,,,,,,,,,,,,,,,,,,,,,,,,,,,,,,,0,FIRST_UPWARD_CROSSING,charge_timeseries/cycle-043.csv,,,1308464.9325025608,1316146.967883923,SOC_UPPER_BOUND_NOT_REACHED,SOC_UPPER_BOUND_NOT_REACHED,False,False,3,charge-efficiency-v1
44,virtual,20-40,20.0,40.0,20.0,40.0,100.0,NEGATIVE_PARTICLE_LITHIUM_DELTA_OVER_FROZEN_Q_REF_V1,4.858503020050297,25,20.0,W10_80_PERCENT_DISCHARGE_WINDOW,14.55,3.0000000000000004,2.9947496049615245,4.85,99.79449509550922,4.858503020050297,25,,,,1.1327049424825701,0.042730910265679996,0.07898639177333087,0.9717006040100594,,,,,0.16100924432749816,0.0,,,1.4456830730111801e-05,,,8.951612179557145e-06,85.78585362931015,100.0004331097008,-2.8314297896958607e-05,-0.002499706396168948,0.002499706396168948,SOC_UPPER_BOUND_NOT_REACHED,1339709.9766012994,1340073.8067389068,363.8301376075249,0.08629443990242802,1.0464105025801422,92.38156057540502,,,,,,,,,,,,,,,,,,,,,,,,,,,,,1,FIRST_UPWARD_CROSSING,charge_timeseries/cycle-044.csv,,,1339709.9766012994,1347398.296979647,SOC_UPPER_BOUND_NOT_REACHED,SOC_UPPER_BOUND_NOT_REACHED,False,False,3,charge-efficiency-v1
44,virtual,40-60,40.0,60.0,40.0,60.0,100.0,NEGATIVE_PARTICLE_LITHIUM_DELTA_OVER_FROZEN_Q_REF_V1,4.858503020050297,25,20.0,W10_80_PERCENT_DISCHARGE_WINDOW,14.55,3.0000000000000004,2.9947496049615245,4.85,99.79449509550922,4.858503020050297,25,,,,0.9434881166822824,0.07898639177333087,0.11524187328098175,0.9717006040100591,,,,,-0.02829634224172628,0.02829634224172628,,,1.868635371441059e-05,,,1.6441330832013545e-05,102.99023239709517,99.99111224482142,4.87272294031893e-05,0.0051645832673055374,0.0051645832673055374,SOC_UPPER_BOUND_NOT_REACHED,1340073.8067389068,1340426.1365929767,352.32985406984494,0.0,0.9434881166822824,100.0,,,,,,,,,,,,,,,,,,,,,,,,,,,,,1,FIRST_UPWARD_CROSSING,charge_timeseries/cycle-044.csv,,,1339709.9766012994,1347398.296979647,SOC_UPPER_BOUND_NOT_REACHED,SOC_UPPER_BOUND_NOT_REACHED,False,False,3,charge-efficiency-v1
44,virtual,60-80,60.0,80.0,60.0,80.0,100.0,NEGATIVE_PARTICLE_LITHIUM_DELTA_OVER_FROZEN_Q_REF_V1,4.858503020050297,25,20.0,W10_80_PERCENT_DISCHARGE_WINDOW,14.55,3.0000000000000004,2.9947496049615245,4.85,99.79449509550922,4.858503020050297,25,,,,0.852627860776572,0.11524187328098175,0.15149735478863263,0.9717006040100595,,,,,-0.11922284667620575,0.11922284667620575,,,3.785086170117382e-05,,,5.562338694882138e-05,113.96538263774728,99.98239519846543,5.662919406823619e-05,0.00664172456394498,0.00664172456394498,SOC_UPPER_BOUND_NOT_REACHED,1340426.1365929767,1343398.2307542858,2972.094161309053,0.22304044286181707,0.629587417914755,73.84082163833209,,,,,,,,,,,,,,,,,,,,,,,,,,,,,1,FIRST_UPWARD_CROSSING,charge_timeseries/cycle-044.csv,,,1339709.9766012994,1347398.296979647,SOC_UPPER_BOUND_NOT_REACHED,SOC_UPPER_BOUND_NOT_REACHED,False,False,3,charge-efficiency-v1
44,virtual,80-100,80.0,100.0,80.0,,0.0,NEGATIVE_PARTICLE_LITHIUM_DELTA_OVER_FROZEN_Q_REF_V1,4.858503020050297,25,20.0,W10_80_PERCENT_DISCHARGE_WINDOW,14.55,3.0000000000000004,2.9947496049615245,4.85,99.79449509550922,4.858503020050297,25,,,,,,,,,,,,,,,,,,,,,,,,,,,,,,,,,,,,,,,,,,,,,,,,,,,,,,,,,,,,0,FIRST_UPWARD_CROSSING,charge_timeseries/cycle-044.csv,,,1339709.9766012994,1347398.296979647,SOC_UPPER_BOUND_NOT_REACHED,SOC_UPPER_BOUND_NOT_REACHED,False,False,3,charge-efficiency-v1
45,virtual,20-40,20.0,40.0,20.0,40.0,100.0,NEGATIVE_PARTICLE_LITHIUM_DELTA_OVER_FROZEN_Q_REF_V1,4.858503020050297,25,20.0,W10_80_PERCENT_DISCHARGE_WINDOW,14.55,3.0000000000000004,2.9947496049615245,4.85,99.79449509550922,4.858503020050297,25,,,,1.1340049062759427,0.042721738319235945,0.07897721982688682,0.9717006040100594,,,,,0.16231627091288392,0.0,,,1.4492127420194685e-05,,,8.886406485129894e-06,85.68751322259367,100.00105543167709,-3.534718090580924e-05,-0.0031170218673822955,0.0031170218673822955,SOC_UPPER_BOUND_NOT_REACHED,1370961.3059031116,1371326.3695495448,365.0636464330908,0.08595550303639342,1.0480494032395493,92.42018243830442,,,,,,,,,,,,,,,,,,,,,,,,,,,,,1,FIRST_UPWARD_CROSSING,charge_timeseries/cycle-045.csv,,,1370961.3059031116,1378655.7838422828,SOC_UPPER_BOUND_NOT_REACHED,SOC_UPPER_BOUND_NOT_REACHED,False,False,3,charge-efficiency-v1
45,virtual,40-60,40.0,60.0,40.0,60.0,100.0,NEGATIVE_PARTICLE_LITHIUM_DELTA_OVER_FROZEN_Q_REF_V1,4.858503020050297,25,20.0,W10_80_PERCENT_DISCHARGE_WINDOW,14.55,3.0000000000000004,2.9947496049615245,4.85,99.79449509550922,4.858503020050297,25,,,,0.9430521503613416,0.07897721982688682,0.11523270133453772,0.9717006040100599,,,,,-0.0287205593631481,0.0287205593631481,,,1.8683766354947624e-05,,,1.6284879846714673e-05,103.03784405112074,99.99235400561865,3.713706822816576e-05,0.003937965489388498,0.003937965489388498,SOC_UPPER_BOUND_NOT_REACHED,1371326.3695495448,1371679.6120630663,353.24251352175014,0.0,0.9430521503613416,100.0,,,,,,,,,,,,,,,,,,,,,,,,,,,,,1,FIRST_UPWARD_CROSSING,charge_timeseries/cycle-045.csv,,,1370961.3059031116,1378655.7838422828,SOC_UPPER_BOUND_NOT_REACHED,SOC_UPPER_BOUND_NOT_REACHED,False,False,3,charge-efficiency-v1
45,virtual,60-80,60.0,80.0,60.0,80.0,100.0,NEGATIVE_PARTICLE_LITHIUM_DELTA_OVER_FROZEN_Q_REF_V1,4.858503020050297,25,20.0,W10_80_PERCENT_DISCHARGE_WINDOW,14.55,3.0000000000000004,2.9947496049615245,4.85,99.79449509550922,4.858503020050297,25,,,,0.8516361665386774,0.11523270133453772,0.15148818284218862,0.9717006040100599,,,,,-0.12012270846845549,0.12012270846845549,,,3.766519012643899e-05,,,5.50086411678502e-05,114.09809049788983,99.9931577592213,-3.440283422129209e-05,-0.004039616396414474,0.004039616396414474,SOC_UPPER_BOUND_NOT_REACHED,1371679.6120630663,1374655.6296209067,2976.017557840241,0.2229767314885947,0.6286594350500826,73.8178414386928,,,,,,,,,,,,,,,,,,,,,,,,,,,,,1,FIRST_UPWARD_CROSSING,charge_timeseries/cycle-045.csv,,,1370961.3059031116,1378655.7838422828,SOC_UPPER_BOUND_NOT_REACHED,SOC_UPPER_BOUND_NOT_REACHED,False,False,3,charge-efficiency-v1
45,virtual,80-100,80.0,100.0,80.0,,0.0,NEGATIVE_PARTICLE_LITHIUM_DELTA_OVER_FROZEN_Q_REF_V1,4.858503020050297,25,20.0,W10_80_PERCENT_DISCHARGE_WINDOW,14.55,3.0000000000000004,2.9947496049615245,4.85,99.79449509550922,4.858503020050297,25,,,,,,,,,,,,,,,,,,,,,,,,,,,,,,,,,,,,,,,,,,,,,,,,,,,,,,,,,,,,0,FIRST_UPWARD_CROSSING,charge_timeseries/cycle-045.csv,,,1370961.3059031116,1378655.7838422828,SOC_UPPER_BOUND_NOT_REACHED,SOC_UPPER_BOUND_NOT_REACHED,False,False,3,charge-efficiency-v1
46,virtual,20-40,20.0,40.0,20.0,40.0,100.0,NEGATIVE_PARTICLE_LITHIUM_DELTA_OVER_FROZEN_Q_REF_V1,4.858503020050297,25,20.0,W10_80_PERCENT_DISCHARGE_WINDOW,14.55,3.0000000000000004,2.9947496049615245,4.85,99.79449509550922,4.858503020050297,25,,,,1.1356128351930221,0.042712697479476376,0.07896817898712725,0.9717006040100594,,,,,0.16392685190518294,0.0,,,1.4548876976708779e-05,,,8.82745184376671e-06,85.56618716315387,100.00128747419606,-3.7997051040683516e-05,-0.0033459511783542925,0.0033459511783542925,SOC_UPPER_BOUND_NOT_REACHED,1402218.793048401,1402585.211487686,366.4184392852011,0.08562149277329947,1.0499913424197227,92.4603271361629,,,,,,,,,,,,,,,,,,,,,,,,,,,,,1,FIRST_UPWARD_CROSSING,charge_timeseries/cycle-046.csv,,,1402218.793048401,1409919.717890961,SOC_UPPER_BOUND_NOT_REACHED,SOC_UPPER_BOUND_NOT_REACHED,False,False,3,charge-efficiency-v1
46,virtual,40-60,40.0,60.0,40.0,60.0,100.0,NEGATIVE_PARTICLE_LITHIUM_DELTA_OVER_FROZEN_Q_REF_V1,4.858503020050297,25,20.0,W10_80_PERCENT_DISCHARGE_WINDOW,14.55,3.0000000000000004,2.9947496049615245,4.85,99.79449509550922,4.858503020050297,25,,,,0.9425005181413851,0.07896817898712725,0.11522366049477814,0.9717006040100595,,,,,-0.02923057681377128,0.02923057681377128,,,1.8720236586149824e-05,,,1.6135233688048534e-05,103.09815064359404,99.99676488824038,-4.364525177269485e-06,-0.0004630793398263957,0.0004630793398263957,SOC_UPPER_BOUND_NOT_REACHED,1402585.211487686,1402939.4405665009,354.22907881482683,0.0,0.9425005181413851,100.0,,,,,,,,,,,,,,,,,,,,,,,,,,,,,1,FIRST_UPWARD_CROSSING,charge_timeseries/cycle-046.csv,,,1402218.793048401,1409919.717890961,SOC_UPPER_BOUND_NOT_REACHED,SOC_UPPER_BOUND_NOT_REACHED,False,False,3,charge-efficiency-v1
46,virtual,60-80,60.0,80.0,60.0,80.0,100.0,NEGATIVE_PARTICLE_LITHIUM_DELTA_OVER_FROZEN_Q_REF_V1,4.858503020050297,25,20.0,W10_80_PERCENT_DISCHARGE_WINDOW,14.55,3.0000000000000004,2.9947496049615245,4.85,99.79449509550922,4.858503020050297,25,,,,0.8505169007398765,0.11522366049477814,0.151479142002429,0.9717006040100591,,,,,-0.1212384794746817,0.1212384794746817,,,3.753355378959423e-05,,,5.440738526444472e-05,114.24824164749262,99.9935596571389,-3.716473455483982e-05,-0.004369664438473792,0.004369664438473792,SOC_UPPER_BOUND_NOT_REACHED,1402939.4405665009,1405919.404862332,2979.9642958310696,0.22291515463306424,0.6276017461068123,73.790626095831,,,,,,,,,,,,,,,,,,,,,,,,,,,,,1,FIRST_UPWARD_CROSSING,charge_timeseries/cycle-046.csv,,,1402218.793048401,1409919.717890961,SOC_UPPER_BOUND_NOT_REACHED,SOC_UPPER_BOUND_NOT_REACHED,False,False,3,charge-efficiency-v1
46,virtual,80-100,80.0,100.0,80.0,,0.0,NEGATIVE_PARTICLE_LITHIUM_DELTA_OVER_FROZEN_Q_REF_V1,4.858503020050297,25,20.0,W10_80_PERCENT_DISCHARGE_WINDOW,14.55,3.0000000000000004,2.9947496049615245,4.85,99.79449509550922,4.858503020050297,25,,,,,,,,,,,,,,,,,,,,,,,,,,,,,,,,,,,,,,,,,,,,,,,,,,,,,,,,,,,,0,FIRST_UPWARD_CROSSING,charge_timeseries/cycle-046.csv,,,1402218.793048401,1409919.717890961,SOC_UPPER_BOUND_NOT_REACHED,SOC_UPPER_BOUND_NOT_REACHED,False,False,3,charge-efficiency-v1
47,virtual,20-40,20.0,40.0,20.0,40.0,100.0,NEGATIVE_PARTICLE_LITHIUM_DELTA_OVER_FROZEN_Q_REF_V1,4.858503020050297,25,20.0,W10_80_PERCENT_DISCHARGE_WINDOW,14.55,3.0000000000000004,2.9947496049615245,4.85,99.79449509550922,4.858503020050297,25,,,,1.1358294455753675,0.04270377360220369,0.07895925510985458,0.9717006040100595,,,,,0.16413195155305832,0.0,,,1.447639690823569e-05,,,8.752199697398266e-06,85.54986911065978,100.0002738076357,-2.6338584356189187e-05,-0.002318885503346594,0.002318885503346594,SOC_UPPER_BOUND_NOT_REACHED,1433482.7272007396,1433849.8845312214,367.1573304817007,0.08529216598457738,1.0505372795907901,92.49075939025585,,,,,,,,,,,,,,,,,,,,,,,,,,,,,1,FIRST_UPWARD_CROSSING,charge_timeseries/cycle-047.csv,,,1433482.7272007396,1441190.098616218,SOC_UPPER_BOUND_NOT_REACHED,SOC_UPPER_BOUND_NOT_REACHED,False,False,3,charge-efficiency-v1
47,virtual,40-60,40.0,60.0,40.0,60.0,100.0,NEGATIVE_PARTICLE_LITHIUM_DELTA_OVER_FROZEN_Q_REF_V1,4.858503020050297,25,20.0,W10_80_PERCENT_DISCHARGE_WINDOW,14.55,3.0000000000000004,2.9947496049615245,4.85,99.79449509550922,4.858503020050297,25,,,,0.9424156422917777,0.07895925510985458,0.11521473661750545,0.9717006040100591,,,,,-0.02933647014531021,0.02933647014531021,,,1.859074535024048e-05,,,1.5981520882245304e-05,103.10743587055346,99.99453442571225,1.6936160796343636e-05,0.0017971009856285998,0.0017971009856285998,SOC_UPPER_BOUND_NOT_REACHED,1433849.8845312214,1434204.7285461584,354.84401493717405,0.0,0.9424156422917777,100.0,,,,,,,,,,,,,,,,,,,,,,,,,,,,,1,FIRST_UPWARD_CROSSING,charge_timeseries/cycle-047.csv,,,1433482.7272007396,1441190.098616218,SOC_UPPER_BOUND_NOT_REACHED,SOC_UPPER_BOUND_NOT_REACHED,False,False,3,charge-efficiency-v1
47,virtual,60-80,60.0,80.0,60.0,80.0,100.0,NEGATIVE_PARTICLE_LITHIUM_DELTA_OVER_FROZEN_Q_REF_V1,4.858503020050297,25,20.0,W10_80_PERCENT_DISCHARGE_WINDOW,14.55,3.0000000000000004,2.9947496049615245,4.85,99.79449509550922,4.858503020050297,25,,,,0.8503927907816169,0.11521473661750545,0.15147021812515635,0.9717006040100599,,,,,-0.12136174448941386,0.12136174448941386,,,3.719653310396698e-05,,,5.3862161185573576e-05,114.26491552414808,99.99365807641416,-3.712743331862889e-05,-0.004365915812210044,0.004365915812210044,SOC_UPPER_BOUND_NOT_REACHED,1434204.7285461584,1437189.5383076977,2984.809761539381,0.22285123459596662,0.6275415561856503,73.79431751871526,,,,,,,,,,,,,,,,,,,,,,,,,,,,,1,FIRST_UPWARD_CROSSING,charge_timeseries/cycle-047.csv,,,1433482.7272007396,1441190.098616218,SOC_UPPER_BOUND_NOT_REACHED,SOC_UPPER_BOUND_NOT_REACHED,False,False,3,charge-efficiency-v1
47,virtual,80-100,80.0,100.0,80.0,,0.0,NEGATIVE_PARTICLE_LITHIUM_DELTA_OVER_FROZEN_Q_REF_V1,4.858503020050297,25,20.0,W10_80_PERCENT_DISCHARGE_WINDOW,14.55,3.0000000000000004,2.9947496049615245,4.85,99.79449509550922,4.858503020050297,25,,,,,,,,,,,,,,,,,,,,,,,,,,,,,,,,,,,,,,,,,,,,,,,,,,,,,,,,,,,,0,FIRST_UPWARD_CROSSING,charge_timeseries/cycle-047.csv,,,1433482.7272007396,1441190.098616218,SOC_UPPER_BOUND_NOT_REACHED,SOC_UPPER_BOUND_NOT_REACHED,False,False,3,charge-efficiency-v1
48,virtual,20-40,20.0,40.0,20.0,40.0,100.0,NEGATIVE_PARTICLE_LITHIUM_DELTA_OVER_FROZEN_Q_REF_V1,4.858503020050297,25,20.0,W10_80_PERCENT_DISCHARGE_WINDOW,14.55,3.0000000000000004,2.9947496049615245,4.85,99.79449509550922,4.858503020050297,25,,,,1.1377332033880125,0.04269497027905987,0.07895045178671076,0.9717006040100595,,,,,0.16603510697989787,0.0,,,1.4562541575382712e-05,,,8.701683501838309e-06,85.40671935357685,100.00022040333685,-2.577182702179215e-05,-0.0022651907270568533,0.0022651907270568533,SOC_UPPER_BOUND_NOT_REACHED,1464753.1078296301,1465121.7514830928,368.64365346260917,0.08496741590729395,1.0527657874807186,92.53186813443848,,,,,,,,,,,,,,,,,,,,,,,,,,,,,1,FIRST_UPWARD_CROSSING,charge_timeseries/cycle-048.csv,,,1464753.1078296301,1472467.2024103282,SOC_UPPER_BOUND_NOT_REACHED,SOC_UPPER_BOUND_NOT_REACHED,False,False,3,charge-efficiency-v1
48,virtual,40-60,40.0,60.0,40.0,60.0,100.0,NEGATIVE_PARTICLE_LITHIUM_DELTA_OVER_FROZEN_Q_REF_V1,4.858503020050297,25,20.0,W10_80_PERCENT_DISCHARGE_WINDOW,14.55,3.0000000000000004,2.9947496049615245,4.85,99.79449509550922,4.858503020050297,25,,,,0.9418343720804015,0.07895045178671076,0.11520593329436163,0.9717006040100591,,,,,-0.029943108018097908,0.029943108018097908,,,1.8666842862099207e-05,,,1.5844539155970838e-05,103.17107049976171,99.99183762127193,4.236470642227097e-05,0.004498105789948217,0.004498105789948217,SOC_UPPER_BOUND_NOT_REACHED,1465121.7514830928,1465477.685969829,355.9344867363167,0.0,0.9418343720804015,100.0,,,,,,,,,,,,,,,,,,,,,,,,,,,,,1,FIRST_UPWARD_CROSSING,charge_timeseries/cycle-048.csv,,,1464753.1078296301,1472467.2024103282,SOC_UPPER_BOUND_NOT_REACHED,SOC_UPPER_BOUND_NOT_REACHED,False,False,3,charge-efficiency-v1
48,virtual,60-80,60.0,80.0,60.0,80.0,100.0,NEGATIVE_PARTICLE_LITHIUM_DELTA_OVER_FROZEN_Q_REF_V1,4.858503020050297,25,20.0,W10_80_PERCENT_DISCHARGE_WINDOW,14.55,3.0000000000000004,2.9947496049615245,4.85,99.79449509550922,4.858503020050297,25,,,,0.8490834283220015,0.11520593329436163,0.1514614148020125,0.9717006040100591,,,,,-0.12267158885141566,0.12267158885141566,,,3.7119823644732666e-05,,,5.328946097379189e-05,114.44112222639647,99.99359154100257,-3.599612126059526e-05,-0.0042394092335228456,0.0042394092335228456,SOC_UPPER_BOUND_NOT_REACHED,1465477.685969829,1468466.3433552806,2988.657385451582,0.22279329885162238,0.6262901294703791,73.76072934412146,,,,,,,,,,,,,,,,,,,,,,,,,,,,,1,FIRST_UPWARD_CROSSING,charge_timeseries/cycle-048.csv,,,1464753.1078296301,1472467.2024103282,SOC_UPPER_BOUND_NOT_REACHED,SOC_UPPER_BOUND_NOT_REACHED,False,False,3,charge-efficiency-v1
48,virtual,80-100,80.0,100.0,80.0,,0.0,NEGATIVE_PARTICLE_LITHIUM_DELTA_OVER_FROZEN_Q_REF_V1,4.858503020050297,25,20.0,W10_80_PERCENT_DISCHARGE_WINDOW,14.55,3.0000000000000004,2.9947496049615245,4.85,99.79449509550922,4.858503020050297,25,,,,,,,,,,,,,,,,,,,,,,,,,,,,,,,,,,,,,,,,,,,,,,,,,,,,,,,,,,,,0,FIRST_UPWARD_CROSSING,charge_timeseries/cycle-048.csv,,,1464753.1078296301,1472467.2024103282,SOC_UPPER_BOUND_NOT_REACHED,SOC_UPPER_BOUND_NOT_REACHED,False,False,3,charge-efficiency-v1
49,virtual,20-40,20.0,40.0,20.0,40.0,100.0,NEGATIVE_PARTICLE_LITHIUM_DELTA_OVER_FROZEN_Q_REF_V1,4.858503020050297,25,20.0,W10_80_PERCENT_DISCHARGE_WINDOW,14.55,3.0000000000000004,2.9947496049615245,4.85,99.79449509550922,4.858503020050297,25,,,,1.1366121504150226,0.04268627929394912,0.0789417608016,0.9717006040100591,,,,,0.16491956044763278,0.0,,,1.4351072918146468e-05,,,8.613371665265601e-06,85.49095693330854,100.00070508155893,-3.0978487252752984e-05,-0.002725510829832454,0.002725510829832454,SOC_UPPER_BOUND_NOT_REACHED,1496030.2116900976,1496398.9675710804,368.7558809827852,0.08464707790646465,1.0519650725085579,92.55268581498476,,,,,,,,,,,,,,,,,,,,,,,,,,,,,1,FIRST_UPWARD_CROSSING,charge_timeseries/cycle-049.csv,,,1496030.2116900976,1503750.8440230708,SOC_UPPER_BOUND_NOT_REACHED,SOC_UPPER_BOUND_NOT_REACHED,False,False,3,charge-efficiency-v1
49,virtual,40-60,40.0,60.0,40.0,60.0,100.0,NEGATIVE_PARTICLE_LITHIUM_DELTA_OVER_FROZEN_Q_REF_V1,4.858503020050297,25,20.0,W10_80_PERCENT_DISCHARGE_WINDOW,14.55,3.0000000000000004,2.9947496049615245,4.85,99.79449509550922,4.858503020050297,25,,,,0.9421031171274006,0.0789417608016,0.1151972423092509,0.9717006040100599,,,,,-0.029659445838810056,0.029659445838810056,,,1.838898139389089e-05,,,1.568909768209087e-05,103.14163984223998,99.99342333604204,2.788087707483733e-05,0.0029594294475799934,0.0029594294475799934,SOC_UPPER_BOUND_NOT_REACHED,1496398.9675710804,1496755.153750243,356.1861791624355,0.0,0.9421031171274006,100.00000000000001,,,,,,,,,,,,,,,,,,,,,,,,,,,,,1,FIRST_UPWARD_CROSSING,charge_timeseries/cycle-049.csv,,,1496030.2116900976,1503750.8440230708,SOC_UPPER_BOUND_NOT_REACHED,SOC_UPPER_BOUND_NOT_REACHED,False,False,3,charge-efficiency-v1
49,virtual,60-80,60.0,80.0,60.0,80.0,100.0,NEGATIVE_PARTICLE_LITHIUM_DELTA_OVER_FROZEN_Q_REF_V1,4.858503020050297,25,20.0,W10_80_PERCENT_DISCHARGE_WINDOW,14.55,3.0000000000000004,2.9947496049615245,4.85,99.79449509550922,4.858503020050297,25,,,,0.8498896566949169,0.1151972423092509,0.15145272381690178,0.9717006040100595,,,,,-0.121871723252028,0.121871723252028,,,3.6607348163294334e-05,,,5.281154615095068e-05,114.33256027480623,99.99284896146146,-2.8642957428881566e-05,-0.0033701972018661086,0.0033701972018661086,SOC_UPPER_BOUND_NOT_REACHED,1496755.153750243,1499749.597051433,2994.443301190285,0.22272829148309925,0.6271613652118176,73.79326954639578,,,,,,,,,,,,,,,,,,,,,,,,,,,,,1,FIRST_UPWARD_CROSSING,charge_timeseries/cycle-049.csv,,,1496030.2116900976,1503750.8440230708,SOC_UPPER_BOUND_NOT_REACHED,SOC_UPPER_BOUND_NOT_REACHED,False,False,3,charge-efficiency-v1
49,virtual,80-100,80.0,100.0,80.0,,0.0,NEGATIVE_PARTICLE_LITHIUM_DELTA_OVER_FROZEN_Q_REF_V1,4.858503020050297,25,20.0,W10_80_PERCENT_DISCHARGE_WINDOW,14.55,3.0000000000000004,2.9947496049615245,4.85,99.79449509550922,4.858503020050297,25,,,,,,,,,,,,,,,,,,,,,,,,,,,,,,,,,,,,,,,,,,,,,,,,,,,,,,,,,,,,0,FIRST_UPWARD_CROSSING,charge_timeseries/cycle-049.csv,,,1496030.2116900976,1503750.8440230708,SOC_UPPER_BOUND_NOT_REACHED,SOC_UPPER_BOUND_NOT_REACHED,False,False,3,charge-efficiency-v1
50,virtual,20-40,20.0,40.0,20.0,40.0,100.0,NEGATIVE_PARTICLE_LITHIUM_DELTA_OVER_FROZEN_Q_REF_V1,4.858503020050297,25,20.0,W10_80_PERCENT_DISCHARGE_WINDOW,14.55,3.0000000000000004,2.9947496049615245,4.85,99.79449509550922,4.858503020050297,25,,,,1.1426613500896108,0.04267770111241761,0.0789331826200685,0.9717006040100598,,,,,0.17097131208936325,0.0,,,1.4879423763962916e-05,,,8.622936510986612e-06,85.03837151172183,100.00092468427425,-3.406837008723684e-05,-0.002981493168082136,0.002981493168082136,SOC_UPPER_BOUND_NOT_REACHED,1527313.8535391346,1527686.0319827348,372.17844360017057,0.08433107434248933,1.0583302757471214,92.61976662325404,,,,,,,,,,,,,,,,,,,,,,,,,,,,,1,FIRST_UPWARD_CROSSING,charge_timeseries/cycle-050.csv,,,1527313.8535391346,1535041.6802356401,SOC_UPPER_BOUND_NOT_REACHED,SOC_UPPER_BOUND_NOT_REACHED,False,False,3,charge-efficiency-v1
50,virtual,40-60,40.0,60.0,40.0,60.0,100.0,NEGATIVE_PARTICLE_LITHIUM_DELTA_OVER_FROZEN_Q_REF_V1,4.858503020050297,25,20.0,W10_80_PERCENT_DISCHARGE_WINDOW,14.55,3.0000000000000004,2.9947496049615245,4.85,99.79449509550922,4.858503020050297,25,,,,0.9402624486944066,0.0789331826200685,0.11518866412771937,0.9717006040100591,,,,,-0.0314962422393473,0.0314962422393473,,,1.8953617944134603e-05,,,1.5592288994496772e-05,103.34355108611491,99.99382226486068,2.354101675616782e-05,0.0025036644597320142,0.0025036644597320142,SOC_UPPER_BOUND_NOT_REACHED,1527686.0319827348,1528044.418651318,358.38666858316003,0.0,0.9402624486944066,100.0,,,,,,,,,,,,,,,,,,,,,,,,,,,,,1,FIRST_UPWARD_CROSSING,charge_timeseries/cycle-050.csv,,,1527313.8535391346,1535041.6802356401,SOC_UPPER_BOUND_NOT_REACHED,SOC_UPPER_BOUND_NOT_REACHED,False,False,3,charge-efficiency-v1
50,virtual,60-80,60.0,80.0,60.0,80.0,100.0,NEGATIVE_PARTICLE_LITHIUM_DELTA_OVER_FROZEN_Q_REF_V1,4.858503020050297,25,20.0,W10_80_PERCENT_DISCHARGE_WINDOW,14.55,3.0000000000000004,2.9947496049615245,4.85,99.79449509550922,4.858503020050297,25,,,,0.8457667448595068,0.11518866412771937,0.15144414563537023,0.9717006040100588,,,,,-0.12607433908539845,0.12607433908539845,,,3.714116372266745e-05,,,5.217064751194406e-05,114.88990432834662,99.98339022718731,5.1168123611833316e-05,0.006049909614303058,0.006049909614303058,SOC_UPPER_BOUND_NOT_REACHED,1528044.418651318,1531040.122118139,2995.703466821053,0.22268354599322723,0.6230831988662795,73.67080848866694,,,,,,,,,,,,,,,,,,,,,,,,,,,,,1,FIRST_UPWARD_CROSSING,charge_timeseries/cycle-050.csv,,,1527313.8535391346,1535041.6802356401,SOC_UPPER_BOUND_NOT_REACHED,SOC_UPPER_BOUND_NOT_REACHED,False,False,3,charge-efficiency-v1
50,virtual,80-100,80.0,100.0,80.0,,0.0,NEGATIVE_PARTICLE_LITHIUM_DELTA_OVER_FROZEN_Q_REF_V1,4.858503020050297,25,20.0,W10_80_PERCENT_DISCHARGE_WINDOW,14.55,3.0000000000000004,2.9947496049615245,4.85,99.79449509550922,4.858503020050297,25,,,,,,,,,,,,,,,,,,,,,,,,,,,,,,,,,,,,,,,,,,,,,,,,,,,,,,,,,,,,0,FIRST_UPWARD_CROSSING,charge_timeseries/cycle-050.csv,,,1527313.8535391346,1535041.6802356401,SOC_UPPER_BOUND_NOT_REACHED,SOC_UPPER_BOUND_NOT_REACHED,False,False,3,charge-efficiency-v1
51,virtual,20-40,20.0,40.0,20.0,40.0,100.0,NEGATIVE_PARTICLE_LITHIUM_DELTA_OVER_FROZEN_Q_REF_V1,4.858503020050297,25,20.0,W10_80_PERCENT_DISCHARGE_WINDOW,14.55,3.0000000000000004,2.9947496049615245,4.85,99.79449509550922,4.858503020050297,25,,,,1.1376685892509235,0.04266917379540149,0.07892465530305237,0.9717006040100594,,,,,0.1659869311348017,0.0,,,1.4265643702876876e-05,,,8.487024059672388e-06,85.41157004693761,100.00166532627486,-4.169856170022079e-05,-0.0036652643919505967,0.0036652643919505967,SOC_UPPER_BOUND_NOT_REACHED,1558604.6900292733,1558975.1699460906,370.4799168172831,0.08401919599930953,1.053649393251614,92.61479161918056,,,,,,,,,,,,,,,,,,,,,,,,,,,,,1,FIRST_UPWARD_CROSSING,charge_timeseries/cycle-051.csv,,,1558604.6900292733,1566338.8465615932,SOC_UPPER_BOUND_NOT_REACHED,SOC_UPPER_BOUND_NOT_REACHED,False,False,3,charge-efficiency-v1
51,virtual,40-60,40.0,60.0,40.0,60.0,100.0,NEGATIVE_PARTICLE_LITHIUM_DELTA_OVER_FROZEN_Q_REF_V1,4.858503020050297,25,20.0,W10_80_PERCENT_DISCHARGE_WINDOW,14.55,3.0000000000000004,2.9947496049615245,4.85,99.79449509550922,4.858503020050297,25,,,,0.9416976310679873,0.07892465530305237,0.11518013681070326,0.9717006040100595,,,,,-0.030062919440569935,0.030062919440569935,,,1.8233196518632408e-05,,,1.5415962245614312e-05,103.18605165312411,99.99363420948296,2.6297339733472036e-05,0.0027925460217679424,0.0027925460217679424,SOC_UPPER_BOUND_NOT_REACHED,1558975.1699460906,1559332.7621438166,357.59219772598374,0.0,0.9416976310679873,100.0,,,,,,,,,,,,,,,,,,,,,,,,,,,,,1,FIRST_UPWARD_CROSSING,charge_timeseries/cycle-051.csv,,,1558604.6900292733,1566338.8465615932,SOC_UPPER_BOUND_NOT_REACHED,SOC_UPPER_BOUND_NOT_REACHED,False,False,3,charge-efficiency-v1
51,virtual,60-80,60.0,80.0,60.0,80.0,100.0,NEGATIVE_PARTICLE_LITHIUM_DELTA_OVER_FROZEN_Q_REF_V1,4.858503020050297,25,20.0,W10_80_PERCENT_DISCHARGE_WINDOW,14.55,3.0000000000000004,2.9947496049615245,4.85,99.79449509550922,4.858503020050297,25,,,,0.8491749377241533,0.11518013681070326,0.15143561831835414,0.9717006040100595,,,,,-0.12257855162508803,0.12257855162508803,,,3.6092348811458605e-05,,,5.181726518418278e-05,114.42878973963637,99.99377215025639,-3.502427481383297e-05,-0.004124506418865871,0.004124506418865871,SOC_UPPER_BOUND_NOT_REACHED,1559332.7621438166,1562336.6786970121,3003.916553195493,0.22261043041145648,0.6265645073126969,73.7850917965069,,,,,,,,,,,,,,,,,,,,,,,,,,,,,1,FIRST_UPWARD_CROSSING,charge_timeseries/cycle-051.csv,,,1558604.6900292733,1566338.8465615932,SOC_UPPER_BOUND_NOT_REACHED,SOC_UPPER_BOUND_NOT_REACHED,False,False,3,charge-efficiency-v1
51,virtual,80-100,80.0,100.0,80.0,,0.0,NEGATIVE_PARTICLE_LITHIUM_DELTA_OVER_FROZEN_Q_REF_V1,4.858503020050297,25,20.0,W10_80_PERCENT_DISCHARGE_WINDOW,14.55,3.0000000000000004,2.9947496049615245,4.85,99.79449509550922,4.858503020050297,25,,,,,,,,,,,,,,,,,,,,,,,,,,,,,,,,,,,,,,,,,,,,,,,,,,,,,,,,,,,,0,FIRST_UPWARD_CROSSING,charge_timeseries/cycle-051.csv,,,1558604.6900292733,1566338.8465615932,SOC_UPPER_BOUND_NOT_REACHED,SOC_UPPER_BOUND_NOT_REACHED,False,False,3,charge-efficiency-v1
52,virtual,20-40,20.0,40.0,20.0,40.0,100.0,NEGATIVE_PARTICLE_LITHIUM_DELTA_OVER_FROZEN_Q_REF_V1,4.858503020050297,25,20.0,W10_80_PERCENT_DISCHARGE_WINDOW,14.55,3.0000000000000004,2.9947496049615245,4.85,99.79449509550922,4.858503020050297,25,,,,1.1383692474928822,0.04266082223384861,0.0789163037414995,0.9717006040100595,,,,,0.1666801405772706,0.0,,,1.4242748643122569e-05,,,8.428769654546253e-06,85.35899982805319,100.0010099617917,-3.41686127456331e-05,-0.0030015403895427826,0.0030015403895427826,SOC_UPPER_BOUND_NOT_REACHED,1589901.856495079,1590273.2741642324,371.41766915361444,0.08371133482844258,1.0546579126644395,92.64638121481177,,,,,,,,,,,,,,,,,,,,,,,,,,,,,1,FIRST_UPWARD_CROSSING,charge_timeseries/cycle-052.csv,,,1589901.856495079,1597642.969277428,SOC_UPPER_BOUND_NOT_REACHED,SOC_UPPER_BOUND_NOT_REACHED,False,False,3,charge-efficiency-v1
52,virtual,40-60,40.0,60.0,40.0,60.0,100.0,NEGATIVE_PARTICLE_LITHIUM_DELTA_OVER_FROZEN_Q_REF_V1,4.858503020050297,25,20.0,W10_80_PERCENT_DISCHARGE_WINDOW,14.55,3.0000000000000004,2.9947496049615245,4.85,99.79449509550922,4.858503020050297,25,,,,0.9414349443967035,0.0789163037414995,0.11517178524915038,0.9717006040100595,,,,,-0.0303102717105751,0.0303102717105751,,,1.8177624352605504e-05,,,1.5286709373757423e-05,103.214843446538,99.99526126606149,1.1147763492647123e-05,0.00118412467680291,0.00118412467680291,SOC_UPPER_BOUND_NOT_REACHED,1590273.2741642324,1590631.5986414615,358.3244772288942,0.0,0.9414349443967035,100.0,,,,,,,,,,,,,,,,,,,,,,,,,,,,,1,FIRST_UPWARD_CROSSING,charge_timeseries/cycle-052.csv,,,1589901.856495079,1597642.969277428,SOC_UPPER_BOUND_NOT_REACHED,SOC_UPPER_BOUND_NOT_REACHED,False,False,3,charge-efficiency-v1
52,virtual,60-80,60.0,80.0,60.0,80.0,100.0,NEGATIVE_PARTICLE_LITHIUM_DELTA_OVER_FROZEN_Q_REF_V1,4.858503020050297,25,20.0,W10_80_PERCENT_DISCHARGE_WINDOW,14.55,3.0000000000000004,2.9947496049615245,4.85,99.79449509550922,4.858503020050297,25,,,,0.8487526965757858,0.11517178524915038,0.15142726675680124,0.9717006040100588,,,,,-0.12304475324787129,0.12304475324787129,,,3.586877995611498e-05,,,5.133983204712311e-05,114.48571626697563,99.98858963111529,9.637201595080747e-06,0.001135454606973403,0.001135454606973403,SOC_UPPER_BOUND_NOT_REACHED,1590631.5986414615,1593640.2676291876,3008.668987726072,0.2225538489741272,0.6261988476016586,73.77871671312502,,,,,,,,,,,,,,,,,,,,,,,,,,,,,1,FIRST_UPWARD_CROSSING,charge_timeseries/cycle-052.csv,,,1589901.856495079,1597642.969277428,SOC_UPPER_BOUND_NOT_REACHED,SOC_UPPER_BOUND_NOT_REACHED,False,False,3,charge-efficiency-v1
52,virtual,80-100,80.0,100.0,80.0,,0.0,NEGATIVE_PARTICLE_LITHIUM_DELTA_OVER_FROZEN_Q_REF_V1,4.858503020050297,25,20.0,W10_80_PERCENT_DISCHARGE_WINDOW,14.55,3.0000000000000004,2.9947496049615245,4.85,99.79449509550922,4.858503020050297,25,,,,,,,,,,,,,,,,,,,,,,,,,,,,,,,,,,,,,,,,,,,,,,,,,,,,,,,,,,,,0,FIRST_UPWARD_CROSSING,charge_timeseries/cycle-052.csv,,,1589901.856495079,1597642.969277428,SOC_UPPER_BOUND_NOT_REACHED,SOC_UPPER_BOUND_NOT_REACHED,False,False,3,charge-efficiency-v1
53,virtual,20-40,20.0,40.0,20.0,40.0,100.0,NEGATIVE_PARTICLE_LITHIUM_DELTA_OVER_FROZEN_Q_REF_V1,4.858503020050297,25,20.0,W10_80_PERCENT_DISCHARGE_WINDOW,14.55,3.0000000000000004,2.9947496049615245,4.85,99.79449509550922,4.858503020050297,25,,,,1.0280387327343152,0.04265256020681303,0.07890804171446392,0.9717006040100595,,,,,0.056327675847062456,0.0,,,1.0274579763336518e-05,,,7.114170942568165e-06,94.51984376362834,99.99898322146235,-6.935873512858848e-06,-0.0006746704469403824,0.0006746704469403824,SOC_UPPER_BOUND_NOT_REACHED,1621205.9794590299,1621538.896460208,332.91700117818306,0.0834074205552497,0.9446313121790656,91.88674337849046,,,,,,,,,,,,,,,,,,,,,,,,,,,,,1,FIRST_UPWARD_CROSSING,charge_timeseries/cycle-053.csv,,,1621205.9794590299,1628934.2828124904,SOC_UPPER_BOUND_NOT_REACHED,SOC_UPPER_BOUND_NOT_REACHED,False,False,3,charge-efficiency-v1
53,virtual,40-60,40.0,60.0,40.0,60.0,100.0,NEGATIVE_PARTICLE_LITHIUM_DELTA_OVER_FROZEN_Q_REF_V1,4.858503020050297,25,20.0,W10_80_PERCENT_DISCHARGE_WINDOW,14.55,3.0000000000000004,2.9947496049615245,4.85,99.79449509550922,4.858503020050297,25,,,,0.9194108633846114,0.07890804171446392,0.1151635232221148,0.9717006040100595,,,,,-0.05230018851775678,0.05230018851775678,,,4.527630064997401e-07,,,1.3510136295892539e-05,105.68730941822406,99.99886363184027,-3.5150069938039152e-06,-0.00038231079637934454,0.00038231079637934454,SOC_UPPER_BOUND_NOT_REACHED,1621538.896460208,1621829.9151475094,291.0186873013916,0.0,0.9194108633846114,100.0,,,,,,,,,,,,,,,,,,,,,,,,,,,,,1,FIRST_UPWARD_CROSSING,charge_timeseries/cycle-053.csv,,,1621205.9794590299,1628934.2828124904,SOC_UPPER_BOUND_NOT_REACHED,SOC_UPPER_BOUND_NOT_REACHED,False,False,3,charge-efficiency-v1
53,virtual,60-80,60.0,80.0,60.0,80.0,100.0,NEGATIVE_PARTICLE_LITHIUM_DELTA_OVER_FROZEN_Q_REF_V1,4.858503020050297,25,20.0,W10_80_PERCENT_DISCHARGE_WINDOW,14.55,3.0000000000000004,2.9947496049615245,4.85,99.79449509550922,4.858503020050297,25,,,,0.979986830415761,0.1151635232221148,0.1514190047297657,0.9717006040100595,,,,,0.008254424490921789,0.0,,,7.569475303391936e-06,,,5.591691215211386e-05,99.15445533056949,99.99675486304585,-3.168447267587471e-05,-0.003233152904966337,0.003233152904966337,SOC_UPPER_BOUND_NOT_REACHED,1621829.9151475094,1624927.6048645438,3097.6897170342736,0.222019131889601,0.75796769852616,77.34468209175739,,,,,,,,,,,,,,,,,,,,,,,,,,,,,1,FIRST_UPWARD_CROSSING,charge_timeseries/cycle-053.csv,,,1621205.9794590299,1628934.2828124904,SOC_UPPER_BOUND_NOT_REACHED,SOC_UPPER_BOUND_NOT_REACHED,False,False,3,charge-efficiency-v1
53,virtual,80-100,80.0,100.0,80.0,,0.0,NEGATIVE_PARTICLE_LITHIUM_DELTA_OVER_FROZEN_Q_REF_V1,4.858503020050297,25,20.0,W10_80_PERCENT_DISCHARGE_WINDOW,14.55,3.0000000000000004,2.9947496049615245,4.85,99.79449509550922,4.858503020050297,25,,,,,,,,,,,,,,,,,,,,,,,,,,,,,,,,,,,,,,,,,,,,,,,,,,,,,,,,,,,,0,FIRST_UPWARD_CROSSING,charge_timeseries/cycle-053.csv,,,1621205.9794590299,1628934.2828124904,SOC_UPPER_BOUND_NOT_REACHED,SOC_UPPER_BOUND_NOT_REACHED,False,False,3,charge-efficiency-v1
54,virtual,20-40,20.0,40.0,20.0,40.0,100.0,NEGATIVE_PARTICLE_LITHIUM_DELTA_OVER_FROZEN_Q_REF_V1,4.858503020050297,25,20.0,W10_80_PERCENT_DISCHARGE_WINDOW,14.55,3.0000000000000004,2.9947496049615245,4.85,99.79449509550922,4.858503020050297,25,,,,1.0447642267056296,0.042645939407180464,0.07890142091483135,0.9717006040100595,,,,,0.07305239874224269,0.0,,,1.11314342055727e-05,,,7.232094467617134e-06,93.006687937052,99.99892569509555,-7.1395753455938404e-06,-0.0006833671332819736,0.0006833671332819736,SOC_UPPER_BOUND_NOT_REACHED,1652497.2932555138,1652836.9275205492,339.6342650353646,0.08310613486364618,0.9616580918419835,92.04546511649829,,,,,,,,,,,,,,,,,,,,,,,,,,,,,1,FIRST_UPWARD_CROSSING,charge_timeseries/cycle-054.csv,,,1652497.2932555138,1660229.674408122,SOC_UPPER_BOUND_NOT_REACHED,SOC_UPPER_BOUND_NOT_REACHED,False,False,3,charge-efficiency-v1
54,virtual,40-60,40.0,60.0,40.0,60.0,100.0,NEGATIVE_PARTICLE_LITHIUM_DELTA_OVER_FROZEN_Q_REF_V1,4.858503020050297,25,20.0,W10_80_PERCENT_DISCHARGE_WINDOW,14.55,3.0000000000000004,2.9947496049615245,4.85,99.79449509550922,4.858503020050297,25,,,,0.904463253342445,0.07890142091483135,0.11515690242248222,0.9717006040100591,,,,,-0.0672465329099661,0.0672465329099661,,,8.343750820078918e-07,,,1.3242370028782036e-05,107.43395051364867,99.99898478547159,-4.89450275875658e-06,-0.0005411499848853936,0.0005411499848853936,SOC_UPPER_BOUND_NOT_REACHED,1652836.9275205492,1653123.8836189464,286.95609839721453,0.0,0.904463253342445,100.0,,,,,,,,,,,,,,,,,,,,,,,,,,,,,1,FIRST_UPWARD_CROSSING,charge_timeseries/cycle-054.csv,,,1652497.2932555138,1660229.674408122,SOC_UPPER_BOUND_NOT_REACHED,SOC_UPPER_BOUND_NOT_REACHED,False,False,3,charge-efficiency-v1
54,virtual,60-80,60.0,80.0,60.0,80.0,100.0,NEGATIVE_PARTICLE_LITHIUM_DELTA_OVER_FROZEN_Q_REF_V1,4.858503020050297,25,20.0,W10_80_PERCENT_DISCHARGE_WINDOW,14.55,3.0000000000000004,2.9947496049615245,4.85,99.79449509550922,4.858503020050297,25,,,,0.9782080911619495,0.11515690242248222,0.15141238393013312,0.9717006040100599,,,,,0.00647247169380821,0.0,,,7.886452249387596e-06,,,5.54178763305449e-05,99.33475431141038,99.9964204489415,-2.8288870498438534e-05,-0.002891907228536214,0.002891907228536214,SOC_UPPER_BOUND_NOT_REACHED,1653123.8836189464,1656222.2863483313,3098.4027293849304,0.22197887206182176,0.7562292191001277,77.30760212807608,,,,,,,,,,,,,,,,,,,,,,,,,,,,,1,FIRST_UPWARD_CROSSING,charge_timeseries/cycle-054.csv,,,1652497.2932555138,1660229.674408122,SOC_UPPER_BOUND_NOT_REACHED,SOC_UPPER_BOUND_NOT_REACHED,False,False,3,charge-efficiency-v1
54,virtual,80-100,80.0,100.0,80.0,,0.0,NEGATIVE_PARTICLE_LITHIUM_DELTA_OVER_FROZEN_Q_REF_V1,4.858503020050297,25,20.0,W10_80_PERCENT_DISCHARGE_WINDOW,14.55,3.0000000000000004,2.9947496049615245,4.85,99.79449509550922,4.858503020050297,25,,,,,,,,,,,,,,,,,,,,,,,,,,,,,,,,,,,,,,,,,,,,,,,,,,,,,,,,,,,,0,FIRST_UPWARD_CROSSING,charge_timeseries/cycle-054.csv,,,1652497.2932555138,1660229.674408122,SOC_UPPER_BOUND_NOT_REACHED,SOC_UPPER_BOUND_NOT_REACHED,False,False,3,charge-efficiency-v1
55,virtual,20-40,20.0,40.0,20.0,40.0,100.0,NEGATIVE_PARTICLE_LITHIUM_DELTA_OVER_FROZEN_Q_REF_V1,4.858503020050297,25,20.0,W10_80_PERCENT_DISCHARGE_WINDOW,14.55,3.0000000000000004,2.9947496049615245,4.85,99.79449509550922,4.858503020050297,25,,,,1.14015007980461,0.04263937832028337,0.07889485982793425,0.9717006040100594,,,,,0.16847390491301106,0.0,,,1.4158245365760054e-05,,,8.260260178132028e-06,85.22567521782587,100.00214262305403,-4.684762400408715e-05,-0.00410889976976676,0.00410889976976676,SOC_UPPER_BOUND_NOT_REACHED,1683792.6849547045,1684166.769140085,374.0841853805598,0.08280851136659324,1.0573415684380167,92.73705165369243,,,,,,,,,,,,,,,,,,,,,,,,,,,,,1,FIRST_UPWARD_CROSSING,charge_timeseries/cycle-055.csv,,,1683792.6849547045,1691554.0124457714,SOC_UPPER_BOUND_NOT_REACHED,SOC_UPPER_BOUND_NOT_REACHED,False,False,3,charge-efficiency-v1
55,virtual,40-60,40.0,60.0,40.0,60.0,100.0,NEGATIVE_PARTICLE_LITHIUM_DELTA_OVER_FROZEN_Q_REF_V1,4.858503020050297,25,20.0,W10_80_PERCENT_DISCHARGE_WINDOW,14.55,3.0000000000000004,2.9947496049615245,4.85,99.79449509550922,4.858503020050297,25,,,,0.9407980560324601,0.07889485982793425,0.11515034133558515,0.9717006040100599,,,,,-0.03097894322011152,0.03097894322011152,,,1.799201362464014e-05,,,1.491650820124868e-05,103.28471639364585,99.99187974060726,4.348672068588133e-05,0.004622322549142355,0.004622322549142355,SOC_UPPER_BOUND_NOT_REACHED,1684166.769140085,1684527.235253097,360.4661130120511,0.0,0.9407980560324601,100.0,,,,,,,,,,,,,,,,,,,,,,,,,,,,,1,FIRST_UPWARD_CROSSING,charge_timeseries/cycle-055.csv,,,1683792.6849547045,1691554.0124457714,SOC_UPPER_BOUND_NOT_REACHED,SOC_UPPER_BOUND_NOT_REACHED,False,False,3,charge-efficiency-v1
55,virtual,60-80,60.0,80.0,60.0,80.0,100.0,NEGATIVE_PARTICLE_LITHIUM_DELTA_OVER_FROZEN_Q_REF_V1,4.858503020050297,25,20.0,W10_80_PERCENT_DISCHARGE_WINDOW,14.55,3.0000000000000004,2.9947496049615245,4.85,99.79449509550922,4.858503020050297,25,,,,0.8475302086789892,0.11515034133558515,0.151405822843236,0.9717006040100588,,,,,-0.1242291080167501,0.1242291080167501,,,3.5191734578248444e-05,,,4.997406512727981e-05,114.65085185867402,99.99307249640434,-2.6453114024937996e-05,-0.0031212001358829895,0.0031212001358829895,SOC_UPPER_BOUND_NOT_REACHED,1684527.235253097,1687549.157463777,3021.9222106801167,0.22240599814513315,0.625124210533856,73.75833971844044,,,,,,,,,,,,,,,,,,,,,,,,,,,,,1,FIRST_UPWARD_CROSSING,charge_timeseries/cycle-055.csv,,,1683792.6849547045,1691554.0124457714,SOC_UPPER_BOUND_NOT_REACHED,SOC_UPPER_BOUND_NOT_REACHED,False,False,3,charge-efficiency-v1
55,virtual,80-100,80.0,100.0,80.0,,0.0,NEGATIVE_PARTICLE_LITHIUM_DELTA_OVER_FROZEN_Q_REF_V1,4.858503020050297,25,20.0,W10_80_PERCENT_DISCHARGE_WINDOW,14.55,3.0000000000000004,2.9947496049615245,4.85,99.79449509550922,4.858503020050297,25,,,,,,,,,,,,,,,,,,,,,,,,,,,,,,,,,,,,,,,,,,,,,,,,,,,,,,,,,,,,0,FIRST_UPWARD_CROSSING,charge_timeseries/cycle-055.csv,,,1683792.6849547045,1691554.0124457714,SOC_UPPER_BOUND_NOT_REACHED,SOC_UPPER_BOUND_NOT_REACHED,False,False,3,charge-efficiency-v1
56,virtual,20-40,20.0,40.0,20.0,40.0,100.0,NEGATIVE_PARTICLE_LITHIUM_DELTA_OVER_FROZEN_Q_REF_V1,4.858503020050297,25,20.0,W10_80_PERCENT_DISCHARGE_WINDOW,14.55,3.0000000000000004,2.9947496049615245,4.85,99.79449509550922,4.858503020050297,25,,,,1.140902456122907,0.04263141007316538,0.07888689158081626,0.9717006040100594,,,,,0.16922186913915058,0.0,,,1.4151809190672375e-05,,,8.209727908790876e-06,85.16947253423916,100.00175449059606,-4.23785634025009e-05,-0.003714477357382036,0.003714477357382036,SOC_UPPER_BOUND_NOT_REACHED,1715117.0227171,1715492.076020297,375.0533031967944,0.0825154521782232,1.0583870039446839,92.76752786924196,,,,,,,,,,,,,,,,,,,,,,,,,,,,,1,FIRST_UPWARD_CROSSING,charge_timeseries/cycle-056.csv,,,1715117.0227171,1722885.3117247173,SOC_UPPER_BOUND_NOT_REACHED,SOC_UPPER_BOUND_NOT_REACHED,False,False,3,charge-efficiency-v1
56,virtual,40-60,40.0,60.0,40.0,60.0,100.0,NEGATIVE_PARTICLE_LITHIUM_DELTA_OVER_FROZEN_Q_REF_V1,4.858503020050297,25,20.0,W10_80_PERCENT_DISCHARGE_WINDOW,14.55,3.0000000000000004,2.9947496049615245,4.85,99.79449509550922,4.858503020050297,25,,,,0.9404925083402759,0.07888689158081626,0.11514237308846716,0.9717006040100599,,,,,-0.03124297531716036,0.03124297531716036,,,1.7951855668726403e-05,,,1.480141333404933e-05,103.31827158568845,99.99629134234807,2.1263783734903896e-06,0.00022609200547943684,0.00022609200547943684,SOC_UPPER_BOUND_NOT_REACHED,1715492.076020297,1715853.2730499883,361.19702969134454,0.0,0.9404925083402759,100.0,,,,,,,,,,,,,,,,,,,,,,,,,,,,,1,FIRST_UPWARD_CROSSING,charge_timeseries/cycle-056.csv,,,1715117.0227171,1722885.3117247173,SOC_UPPER_BOUND_NOT_REACHED,SOC_UPPER_BOUND_NOT_REACHED,False,False,3,charge-efficiency-v1
56,virtual,60-80,60.0,80.0,60.0,80.0,100.0,NEGATIVE_PARTICLE_LITHIUM_DELTA_OVER_FROZEN_Q_REF_V1,4.858503020050297,25,20.0,W10_80_PERCENT_DISCHARGE_WINDOW,14.55,3.0000000000000004,2.9947496049615245,4.85,99.79449509550922,4.858503020050297,25,,,,0.8470196933942844,0.11514237308846716,0.151397854596118,0.971700604010058,,,,,-0.12473238075148042,0.12473238075148042,,,3.500056221319905e-05,,,4.954603638905597e-05,114.7199541625929,99.99392338382351,-3.307646289540944e-05,-0.003905040597446,0.003905040597446,SOC_UPPER_BOUND_NOT_REACHED,1715853.2730499883,1718879.7755506833,3026.5025006950127,0.22235393846092463,0.6246657549333597,73.74866957698707,,,,,,,,,,,,,,,,,,,,,,,,,,,,,1,FIRST_UPWARD_CROSSING,charge_timeseries/cycle-056.csv,,,1715117.0227171,1722885.3117247173,SOC_UPPER_BOUND_NOT_REACHED,SOC_UPPER_BOUND_NOT_REACHED,False,False,3,charge-efficiency-v1
56,virtual,80-100,80.0,100.0,80.0,,0.0,NEGATIVE_PARTICLE_LITHIUM_DELTA_OVER_FROZEN_Q_REF_V1,4.858503020050297,25,20.0,W10_80_PERCENT_DISCHARGE_WINDOW,14.55,3.0000000000000004,2.9947496049615245,4.85,99.79449509550922,4.858503020050297,25,,,,,,,,,,,,,,,,,,,,,,,,,,,,,,,,,,,,,,,,,,,,,,,,,,,,,,,,,,,,0,FIRST_UPWARD_CROSSING,charge_timeseries/cycle-056.csv,,,1715117.0227171,1722885.3117247173,SOC_UPPER_BOUND_NOT_REACHED,SOC_UPPER_BOUND_NOT_REACHED,False,False,3,charge-efficiency-v1
57,virtual,20-40,20.0,40.0,20.0,40.0,100.0,NEGATIVE_PARTICLE_LITHIUM_DELTA_OVER_FROZEN_Q_REF_V1,4.858503020050297,25,20.0,W10_80_PERCENT_DISCHARGE_WINDOW,14.55,3.0000000000000004,2.9947496049615245,4.85,99.79449509550922,4.858503020050297,25,,,,1.1415761098391448,0.04262348436871382,0.0788789658763647,0.9717006040100594,,,,,0.1698802300107483,0.0,,,1.4131116678866781e-05,,,8.159406253066548e-06,85.11921330825486,100.0004138297589,-2.7014704594874317e-05,-0.0023664392029613215,0.0023664392029613215,SOC_UPPER_BOUND_NOT_REACHED,1746448.3222346283,1746824.2920747497,375.96984012137176,0.08222604439979496,1.05935006543935,92.7971474095248,,,,,,,,,,,,,,,,,,,,,,,,,,,,,1,FIRST_UPWARD_CROSSING,charge_timeseries/cycle-057.csv,,,1746448.3222346283,1754223.7587843356,SOC_UPPER_BOUND_NOT_REACHED,SOC_UPPER_BOUND_NOT_REACHED,False,False,3,charge-efficiency-v1
57,virtual,40-60,40.0,60.0,40.0,60.0,100.0,NEGATIVE_PARTICLE_LITHIUM_DELTA_OVER_FROZEN_Q_REF_V1,4.858503020050297,25,20.0,W10_80_PERCENT_DISCHARGE_WINDOW,14.55,3.0000000000000004,2.9947496049615245,4.85,99.79449509550922,4.858503020050297,25,,,,0.9402798579165973,0.0788789658763647,0.11513444738401558,0.9717006040100595,,,,,-0.031488023206478144,0.031488023206478144,,,1.7904373530022895e-05,,,1.468929007587827e-05,103.34163768679274,99.99284499051538,3.468344941004453e-05,0.003688630477195753,0.003688630477195753,SOC_UPPER_BOUND_NOT_REACHED,1746824.2920747497,1747186.2244049541,361.9323302045463,0.0,0.9402798579165973,100.0,,,,,,,,,,,,,,,,,,,,,,,,,,,,,1,FIRST_UPWARD_CROSSING,charge_timeseries/cycle-057.csv,,,1746448.3222346283,1754223.7587843356,SOC_UPPER_BOUND_NOT_REACHED,SOC_UPPER_BOUND_NOT_REACHED,False,False,3,charge-efficiency-v1
57,virtual,60-80,60.0,80.0,60.0,80.0,100.0,NEGATIVE_PARTICLE_LITHIUM_DELTA_OVER_FROZEN_Q_REF_V1,4.858503020050297,25,20.0,W10_80_PERCENT_DISCHARGE_WINDOW,14.55,3.0000000000000004,2.9947496049615245,4.85,99.79449509550922,4.858503020050297,25,,,,0.8465917614010312,0.11513444738401558,0.1513899288916665,0.9717006040100603,,,,,-0.12516564776913294,0.12516564776913294,,,3.4801711166683805e-05,,,4.9130717556737646e-05,114.77794237000198,99.99329013549459,-2.7127268619531186e-05,-0.003204291590865243,0.003204291590865243,SOC_UPPER_BOUND_NOT_REACHED,1747186.2244049541,1750217.493705004,3031.2693000498984,0.22230121881097958,0.6242905425900516,73.74162743527155,,,,,,,,,,,,,,,,,,,,,,,,,,,,,1,FIRST_UPWARD_CROSSING,charge_timeseries/cycle-057.csv,,,1746448.3222346283,1754223.7587843356,SOC_UPPER_BOUND_NOT_REACHED,SOC_UPPER_BOUND_NOT_REACHED,False,False,3,charge-efficiency-v1
57,virtual,80-100,80.0,100.0,80.0,,0.0,NEGATIVE_PARTICLE_LITHIUM_DELTA_OVER_FROZEN_Q_REF_V1,4.858503020050297,25,20.0,W10_80_PERCENT_DISCHARGE_WINDOW,14.55,3.0000000000000004,2.9947496049615245,4.85,99.79449509550922,4.858503020050297,25,,,,,,,,,,,,,,,,,,,,,,,,,,,,,,,,,,,,,,,,,,,,,,,,,,,,,,,,,,,,0,FIRST_UPWARD_CROSSING,charge_timeseries/cycle-057.csv,,,1746448.3222346283,1754223.7587843356,SOC_UPPER_BOUND_NOT_REACHED,SOC_UPPER_BOUND_NOT_REACHED,False,False,3,charge-efficiency-v1
58,virtual,20-40,20.0,40.0,20.0,40.0,100.0,NEGATIVE_PARTICLE_LITHIUM_DELTA_OVER_FROZEN_Q_REF_V1,4.858503020050297,25,20.0,W10_80_PERCENT_DISCHARGE_WINDOW,14.55,3.0000000000000004,2.9947496049615245,4.85,99.79449509550922,4.858503020050297,25,,,,1.1428771620318818,0.04261564057270264,0.07887112208035352,0.9717006040100594,,,,,0.17119437107139035,0.0,,,1.4193872298997809e-05,,,8.119484996529924e-06,85.02231353389777,100.0015586145353,-4.012640686368307e-05,-0.0035109990991808535,0.0035109990991808535,SOC_UPPER_BOUND_NOT_REACHED,1777786.7691332563,1778163.9918055648,377.22267230846467,0.08193985477359708,1.0609373072582848,92.83038829580609,,,,,,,,,,,,,,,,,,,,,,,,,,,,,1,FIRST_UPWARD_CROSSING,charge_timeseries/cycle-058.csv,,,1777786.7691332563,1785569.40067149,SOC_UPPER_BOUND_NOT_REACHED,SOC_UPPER_BOUND_NOT_REACHED,False,False,3,charge-efficiency-v1
58,virtual,40-60,40.0,60.0,40.0,60.0,100.0,NEGATIVE_PARTICLE_LITHIUM_DELTA_OVER_FROZEN_Q_REF_V1,4.858503020050297,25,20.0,W10_80_PERCENT_DISCHARGE_WINDOW,14.55,3.0000000000000004,2.9947496049615245,4.85,99.79449509550922,4.858503020050297,25,,,,0.9398514904830286,0.07887112208035352,0.1151266035880044,0.9717006040100595,,,,,-0.03193124918042395,0.03193124918042395,,,1.7931255064685195e-05,,,1.458480179012539e-05,103.38873894966771,99.99126078383395,4.961959653826398e-05,0.00527951458722084,0.00527951458722084,SOC_UPPER_BOUND_NOT_REACHED,1778163.9918055648,1778526.8374419985,362.84563643370484,0.0,0.9398514904830286,100.0,,,,,,,,,,,,,,,,,,,,,,,,,,,,,1,FIRST_UPWARD_CROSSING,charge_timeseries/cycle-058.csv,,,1777786.7691332563,1785569.40067149,SOC_UPPER_BOUND_NOT_REACHED,SOC_UPPER_BOUND_NOT_REACHED,False,False,3,charge-efficiency-v1
58,virtual,60-80,60.0,80.0,60.0,80.0,100.0,NEGATIVE_PARTICLE_LITHIUM_DELTA_OVER_FROZEN_Q_REF_V1,4.858503020050297,25,20.0,W10_80_PERCENT_DISCHARGE_WINDOW,14.55,3.0000000000000004,2.9947496049615245,4.85,99.79449509550922,4.858503020050297,25,,,,0.8457035056528219,0.1151266035880044,0.15138208509565532,0.9717006040100603,,,,,-0.12605254087859083,0.12605254087859083,,,3.469541596586717e-05,,,4.871100650238186e-05,114.89849545556486,99.99344421289709,-2.7963901115812817e-05,-0.003306584509688973,0.003306584509688973,SOC_UPPER_BOUND_NOT_REACHED,1778526.8374419985,1781562.3831580312,3035.5457160327837,0.22225162096782974,0.6234518846849922,73.71991253645479,,,,,,,,,,,,,,,,,,,,,,,,,,,,,1,FIRST_UPWARD_CROSSING,charge_timeseries/cycle-058.csv,,,1777786.7691332563,1785569.40067149,SOC_UPPER_BOUND_NOT_REACHED,SOC_UPPER_BOUND_NOT_REACHED,False,False,3,charge-efficiency-v1
58,virtual,80-100,80.0,100.0,80.0,,0.0,NEGATIVE_PARTICLE_LITHIUM_DELTA_OVER_FROZEN_Q_REF_V1,4.858503020050297,25,20.0,W10_80_PERCENT_DISCHARGE_WINDOW,14.55,3.0000000000000004,2.9947496049615245,4.85,99.79449509550922,4.858503020050297,25,,,,,,,,,,,,,,,,,,,,,,,,,,,,,,,,,,,,,,,,,,,,,,,,,,,,,,,,,,,,0,FIRST_UPWARD_CROSSING,charge_timeseries/cycle-058.csv,,,1777786.7691332563,1785569.40067149,SOC_UPPER_BOUND_NOT_REACHED,SOC_UPPER_BOUND_NOT_REACHED,False,False,3,charge-efficiency-v1
59,virtual,20-40,20.0,40.0,20.0,40.0,100.0,NEGATIVE_PARTICLE_LITHIUM_DELTA_OVER_FROZEN_Q_REF_V1,4.858503020050297,25,20.0,W10_80_PERCENT_DISCHARGE_WINDOW,14.55,3.0000000000000004,2.9947496049615245,4.85,99.79449509550922,4.858503020050297,25,,,,1.1446738902973281,0.04260786588586779,0.07886334739351868,0.9717006040100595,,,,,0.17298222833802732,0.0,,,1.429733423520714e-05,,,8.086430493936536e-06,84.88885893585474,100.00078118762336,-3.132581548781488e-05,-0.002736658515000986,0.002736658515000986,SOC_UPPER_BOUND_NOT_REACHED,1809132.4109320461,1809511.1083614654,378.69742941933805,0.08165708239756103,1.063016807899767,92.86634533296197,,,,,,,,,,,,,,,,,,,,,,,,,,,,,1,FIRST_UPWARD_CROSSING,charge_timeseries/cycle-059.csv,,,1809132.4109320461,1816922.2880419744,SOC_UPPER_BOUND_NOT_REACHED,SOC_UPPER_BOUND_NOT_REACHED,False,False,3,charge-efficiency-v1
59,virtual,40-60,40.0,60.0,40.0,60.0,100.0,NEGATIVE_PARTICLE_LITHIUM_DELTA_OVER_FROZEN_Q_REF_V1,4.858503020050297,25,20.0,W10_80_PERCENT_DISCHARGE_WINDOW,14.55,3.0000000000000004,2.9947496049615245,4.85,99.79449509550922,4.858503020050297,25,,,,0.9392407182130104,0.07886334739351868,0.11511882890116955,0.9717006040100591,,,,,-0.03251212414938581,0.03251212414938581,,,1.801106894636431e-05,,,1.4485604855556111e-05,103.45597088878415,99.9944382359789,1.9741678535134533e-05,0.002101876351005613,0.002101876351005613,SOC_UPPER_BOUND_NOT_REACHED,1809511.1083614654,1809874.9689531168,363.8605916513294,0.0,0.9392407182130104,100.0,,,,,,,,,,,,,,,,,,,,,,,,,,,,,1,FIRST_UPWARD_CROSSING,charge_timeseries/cycle-059.csv,,,1809132.4109320461,1816922.2880419744,SOC_UPPER_BOUND_NOT_REACHED,SOC_UPPER_BOUND_NOT_REACHED,False,False,3,charge-efficiency-v1
59,virtual,60-80,60.0,80.0,60.0,80.0,100.0,NEGATIVE_PARTICLE_LITHIUM_DELTA_OVER_FROZEN_Q_REF_V1,4.858503020050297,25,20.0,W10_80_PERCENT_DISCHARGE_WINDOW,14.55,3.0000000000000004,2.9947496049615245,4.85,99.79449509550922,4.858503020050297,25,,,,0.8444786240812032,0.11511882890116955,0.15137431040882043,0.9717006040100595,,,,,-0.12727276776953567,0.12727276776953567,,,3.465650215527319e-05,,,4.8292271134529885e-05,115.06515100571958,99.99398589387214,-3.216093261049213e-05,-0.0038083773459018436,0.0038083773459018436,SOC_UPPER_BOUND_NOT_REACHED,1809874.9689531168,1812914.4888084729,3039.5198553559635,0.2222032789987561,0.6222753450824471,73.68751882375776,,,,,,,,,,,,,,,,,,,,,,,,,,,,,1,FIRST_UPWARD_CROSSING,charge_timeseries/cycle-059.csv,,,1809132.4109320461,1816922.2880419744,SOC_UPPER_BOUND_NOT_REACHED,SOC_UPPER_BOUND_NOT_REACHED,False,False,3,charge-efficiency-v1
59,virtual,80-100,80.0,100.0,80.0,,0.0,NEGATIVE_PARTICLE_LITHIUM_DELTA_OVER_FROZEN_Q_REF_V1,4.858503020050297,25,20.0,W10_80_PERCENT_DISCHARGE_WINDOW,14.55,3.0000000000000004,2.9947496049615245,4.85,99.79449509550922,4.858503020050297,25,,,,,,,,,,,,,,,,,,,,,,,,,,,,,,,,,,,,,,,,,,,,,,,,,,,,,,,,,,,,0,FIRST_UPWARD_CROSSING,charge_timeseries/cycle-059.csv,,,1809132.4109320461,1816922.2880419744,SOC_UPPER_BOUND_NOT_REACHED,SOC_UPPER_BOUND_NOT_REACHED,False,False,3,charge-efficiency-v1
60,virtual,20-40,20.0,40.0,20.0,40.0,100.0,NEGATIVE_PARTICLE_LITHIUM_DELTA_OVER_FROZEN_Q_REF_V1,4.858503020050297,25,20.0,W10_80_PERCENT_DISCHARGE_WINDOW,14.55,3.0000000000000004,2.9947496049615245,4.85,99.79449509550922,4.858503020050297,25,,,,1.143600904676238,0.04260015556595609,0.07885563707360696,0.9717006040100591,,,,,0.17192103534870462,0.0,,,1.4097291440005183e-05,,,8.01840067530396e-06,84.96850606157528,100.00181310476765,-4.285037464080155e-05,-0.0037469692849650908,0.0037469692849650908,SOC_UPPER_BOUND_NOT_REACHED,1840485.2984695882,1840864.0629306266,378.76446103845893,0.08137750281713947,1.0622234018590986,92.88409947173152,,,,,,,,,,,,,,,,,,,,,,,,,,,,,1,FIRST_UPWARD_CROSSING,charge_timeseries/cycle-060.csv,,,1840485.2984695882,1848282.3986739756,SOC_UPPER_BOUND_NOT_REACHED,SOC_UPPER_BOUND_NOT_REACHED,False,False,3,charge-efficiency-v1
60,virtual,40-60,40.0,60.0,40.0,60.0,100.0,NEGATIVE_PARTICLE_LITHIUM_DELTA_OVER_FROZEN_Q_REF_V1,4.858503020050297,25,20.0,W10_80_PERCENT_DISCHARGE_WINDOW,14.55,3.0000000000000004,2.9947496049615245,4.85,99.79449509550922,4.858503020050297,25,,,,0.9395394750259435,0.07885563707360696,0.11511111858125786,0.9717006040100599,,,,,-0.03223831657240439,0.03223831657240439,,,1.7781073274740142e-05,,,1.4369497011335053e-05,103.4230737333552,99.99178452951261,4.5037018001958806e-05,0.004793520570353385,0.004793520570353385,SOC_UPPER_BOUND_NOT_REACHED,1840864.0629306266,1841228.1938085067,364.1308778801145,0.0,0.9395394750259435,100.0,,,,,,,,,,,,,,,,,,,,,,,,,,,,,1,FIRST_UPWARD_CROSSING,charge_timeseries/cycle-060.csv,,,1840485.2984695882,1848282.3986739756,SOC_UPPER_BOUND_NOT_REACHED,SOC_UPPER_BOUND_NOT_REACHED,False,False,3,charge-efficiency-v1
60,virtual,60-80,60.0,80.0,60.0,80.0,100.0,NEGATIVE_PARTICLE_LITHIUM_DELTA_OVER_FROZEN_Q_REF_V1,4.858503020050297,25,20.0,W10_80_PERCENT_DISCHARGE_WINDOW,14.55,3.0000000000000004,2.9947496049615245,4.85,99.79449509550922,4.858503020050297,25,,,,0.845294023802001,0.11511111858125786,0.15136660008890873,0.9717006040100591,,,,,-0.12651479258018053,0.12651479258018053,,,3.4245680159793526e-05,,,4.794680131278706e-05,114.95415519909876,99.98719825657399,2.601989064987542e-05,0.0030782059161902032,0.0030782059161902032,SOC_UPPER_BOUND_NOT_REACHED,1841228.1938085067,1844273.7130487636,3045.5192402568496,0.22214914869237798,0.623144875109623,73.71930447429574,,,,,,,,,,,,,,,,,,,,,,,,,,,,,1,FIRST_UPWARD_CROSSING,charge_timeseries/cycle-060.csv,,,1840485.2984695882,1848282.3986739756,SOC_UPPER_BOUND_NOT_REACHED,SOC_UPPER_BOUND_NOT_REACHED,False,False,3,charge-efficiency-v1
60,virtual,80-100,80.0,100.0,80.0,,0.0,NEGATIVE_PARTICLE_LITHIUM_DELTA_OVER_FROZEN_Q_REF_V1,4.858503020050297,25,20.0,W10_80_PERCENT_DISCHARGE_WINDOW,14.55,3.0000000000000004,2.9947496049615245,4.85,99.79449509550922,4.858503020050297,25,,,,,,,,,,,,,,,,,,,,,,,,,,,,,,,,,,,,,,,,,,,,,,,,,,,,,,,,,,,,0,FIRST_UPWARD_CROSSING,charge_timeseries/cycle-060.csv,,,1840485.2984695882,1848282.3986739756,SOC_UPPER_BOUND_NOT_REACHED,SOC_UPPER_BOUND_NOT_REACHED,False,False,3,charge-efficiency-v1
61,virtual,20-40,20.0,40.0,20.0,40.0,100.0,NEGATIVE_PARTICLE_LITHIUM_DELTA_OVER_FROZEN_Q_REF_V1,4.858503020050297,25,20.0,W10_80_PERCENT_DISCHARGE_WINDOW,14.55,3.0000000000000004,2.9947496049615245,4.85,99.79449509550922,4.858503020050297,25,,,,1.1462555809663928,0.042592543863165834,0.07884802537081671,0.9717006040100594,,,,,0.17454740104352567,0.0,,,1.4271902722861468e-05,,,7.997939817740163e-06,84.77172282911212,99.99933907298394,-1.4693929732967348e-05,-0.0012819069304403378,0.0012819069304403378,SOC_UPPER_BOUND_NOT_REACHED,1871845.4093013536,1872226.0319245663,380.62262321261704,0.08110103252949784,1.065154548436895,92.92469900463885,,,,,,,,,,,,,,,,,,,,,,,,,,,,,1,FIRST_UPWARD_CROSSING,charge_timeseries/cycle-061.csv,,,1871845.4093013536,1879649.9884607662,SOC_UPPER_BOUND_NOT_REACHED,SOC_UPPER_BOUND_NOT_REACHED,False,False,3,charge-efficiency-v1
61,virtual,40-60,40.0,60.0,40.0,60.0,100.0,NEGATIVE_PARTICLE_LITHIUM_DELTA_OVER_FROZEN_Q_REF_V1,4.858503020050297,25,20.0,W10_80_PERCENT_DISCHARGE_WINDOW,14.55,3.0000000000000004,2.9947496049615245,4.85,99.79449509550922,4.858503020050297,25,,,,0.938676862419523,0.07884802537081671,0.1151035068784676,0.9717006040100595,,,,,-0.03307866973185031,0.03307866973185031,,,1.7954840113215687e-05,,,1.4281422836409652e-05,103.51811607515444,99.99414834396022,2.2691878364122786e-05,0.002417432374505584,0.002417432374505584,SOC_UPPER_BOUND_NOT_REACHED,1872226.0319245663,1872591.4172956315,365.3853710653156,0.0,0.938676862419523,100.0,,,,,,,,,,,,,,,,,,,,,,,,,,,,,1,FIRST_UPWARD_CROSSING,charge_timeseries/cycle-061.csv,,,1871845.4093013536,1879649.9884607662,SOC_UPPER_BOUND_NOT_REACHED,SOC_UPPER_BOUND_NOT_REACHED,False,False,3,charge-efficiency-v1
61,virtual,60-80,60.0,80.0,60.0,80.0,100.0,NEGATIVE_PARTICLE_LITHIUM_DELTA_OVER_FROZEN_Q_REF_V1,4.858503020050297,25,20.0,W10_80_PERCENT_DISCHARGE_WINDOW,14.55,3.0000000000000004,2.9947496049615245,4.85,99.79449509550922,4.858503020050297,25,,,,0.8435210864600281,0.1151035068784676,0.15135898838611847,0.9717006040100591,,,,,-0.12830937090740274,0.12830937090740274,,,3.4323394119104705e-05,,,4.7529599406063994e-05,115.19576921164555,99.98460579593609,4.8000363846667504e-05,0.005690475865648925,0.005690475865648925,SOC_UPPER_BOUND_NOT_REACHED,1872591.4172956315,1875640.4725354484,3049.0552398168666,0.22210422678061817,0.62141685967941,73.66939246146006,,,,,,,,,,,,,,,,,,,,,,,,,,,,,1,FIRST_UPWARD_CROSSING,charge_timeseries/cycle-061.csv,,,1871845.4093013536,1879649.9884607662,SOC_UPPER_BOUND_NOT_REACHED,SOC_UPPER_BOUND_NOT_REACHED,False,False,3,charge-efficiency-v1
61,virtual,80-100,80.0,100.0,80.0,,0.0,NEGATIVE_PARTICLE_LITHIUM_DELTA_OVER_FROZEN_Q_REF_V1,4.858503020050297,25,20.0,W10_80_PERCENT_DISCHARGE_WINDOW,14.55,3.0000000000000004,2.9947496049615245,4.85,99.79449509550922,4.858503020050297,25,,,,,,,,,,,,,,,,,,,,,,,,,,,,,,,,,,,,,,,,,,,,,,,,,,,,,,,,,,,,0,FIRST_UPWARD_CROSSING,charge_timeseries/cycle-061.csv,,,1871845.4093013536,1879649.9884607662,SOC_UPPER_BOUND_NOT_REACHED,SOC_UPPER_BOUND_NOT_REACHED,False,False,3,charge-efficiency-v1
62,virtual,20-40,20.0,40.0,20.0,40.0,100.0,NEGATIVE_PARTICLE_LITHIUM_DELTA_OVER_FROZEN_Q_REF_V1,4.858503020050297,25,20.0,W10_80_PERCENT_DISCHARGE_WINDOW,14.55,3.0000000000000004,2.9947496049615245,4.85,99.79449509550922,4.858503020050297,25,,,,1.1447413566329605,0.04258497231536672,0.07884045382301759,0.9717006040100591,,,,,0.17304332727655555,0.0,,,1.4053206852708555e-05,,,7.927646042127368e-06,84.88385593651758,100.00022491138624,-2.4555506548784578e-05,-0.00214507027342927,0.00214507027342927,SOC_UPPER_BOUND_NOT_REACHED,1903212.9989462132,1903593.5088317757,380.50988556265094,0.080827493967197,1.0639138626657636,92.93923526927203,,,,,,,,,,,,,,,,,,,,,,,,,,,,,1,FIRST_UPWARD_CROSSING,charge_timeseries/cycle-062.csv,,,1903212.9989462132,1911024.5517424778,SOC_UPPER_BOUND_NOT_REACHED,SOC_UPPER_BOUND_NOT_REACHED,False,False,3,charge-efficiency-v1
62,virtual,40-60,40.0,60.0,40.0,60.0,100.0,NEGATIVE_PARTICLE_LITHIUM_DELTA_OVER_FROZEN_Q_REF_V1,4.858503020050297,25,20.0,W10_80_PERCENT_DISCHARGE_WINDOW,14.55,3.0000000000000004,2.9947496049615245,4.85,99.79449509550922,4.858503020050297,25,,,,0.9391260297408174,0.07884045382301759,0.11509593533066849,0.9717006040100599,,,,,-0.03266924636042384,0.03266924636042384,,,1.7682084690705605e-05,,,1.416815018458889e-05,103.46860519649663,99.98991912819119,6.282185630601678e-05,0.0066893957058515915,0.0066893957058515915,SOC_UPPER_BOUND_NOT_REACHED,1903593.5088317757,1903959.0305121941,365.5216804184327,0.0,0.9391260297408174,100.0,,,,,,,,,,,,,,,,,,,,,,,,,,,,,1,FIRST_UPWARD_CROSSING,charge_timeseries/cycle-062.csv,,,1903212.9989462132,1911024.5517424778,SOC_UPPER_BOUND_NOT_REACHED,SOC_UPPER_BOUND_NOT_REACHED,False,False,3,charge-efficiency-v1
62,virtual,60-80,60.0,80.0,60.0,80.0,100.0,NEGATIVE_PARTICLE_LITHIUM_DELTA_OVER_FROZEN_Q_REF_V1,4.858503020050297,25,20.0,W10_80_PERCENT_DISCHARGE_WINDOW,14.55,3.0000000000000004,2.9947496049615245,4.85,99.79449509550922,4.858503020050297,25,,,,0.8445182499284819,0.11509593533066849,0.15135141683831937,0.9717006040100595,,,,,-0.12724587253976832,0.12724587253976832,,,3.386767518608058e-05,,,4.7211446875368435e-05,115.0597520056373,99.99247873468738,-1.7560663870819226e-05,-0.002079370560944817,0.002079370560944817,SOC_UPPER_BOUND_NOT_REACHED,1903959.0305121941,1907014.1090699807,3055.0785577863885,0.22205123720917255,0.6224670127193094,73.70675681336941,,,,,,,,,,,,,,,,,,,,,,,,,,,,,1,FIRST_UPWARD_CROSSING,charge_timeseries/cycle-062.csv,,,1903212.9989462132,1911024.5517424778,SOC_UPPER_BOUND_NOT_REACHED,SOC_UPPER_BOUND_NOT_REACHED,False,False,3,charge-efficiency-v1
62,virtual,80-100,80.0,100.0,80.0,,0.0,NEGATIVE_PARTICLE_LITHIUM_DELTA_OVER_FROZEN_Q_REF_V1,4.858503020050297,25,20.0,W10_80_PERCENT_DISCHARGE_WINDOW,14.55,3.0000000000000004,2.9947496049615245,4.85,99.79449509550922,4.858503020050297,25,,,,,,,,,,,,,,,,,,,,,,,,,,,,,,,,,,,,,,,,,,,,,,,,,,,,,,,,,,,,0,FIRST_UPWARD_CROSSING,charge_timeseries/cycle-062.csv,,,1903212.9989462132,1911024.5517424778,SOC_UPPER_BOUND_NOT_REACHED,SOC_UPPER_BOUND_NOT_REACHED,False,False,3,charge-efficiency-v1
63,virtual,20-40,20.0,40.0,20.0,40.0,100.0,NEGATIVE_PARTICLE_LITHIUM_DELTA_OVER_FROZEN_Q_REF_V1,4.858503020050297,25,20.0,W10_80_PERCENT_DISCHARGE_WINDOW,14.55,3.0000000000000004,2.9947496049615245,4.85,99.79449509550922,4.858503020050297,25,,,,1.1460622928382218,0.0425774839486372,0.0788329654562881,0.9717006040100598,,,,,0.17438023010458964,0.0,,,1.4114937071622521e-05,,,7.893972097293422e-06,84.78601992947908,100.00161782448855,-4.055018559645518e-05,-0.0035382182844557863,0.0035382182844557863,SOC_UPPER_BOUND_NOT_REACHED,1934587.5624794397,1934969.3281515017,381.7656720621588,0.08055712560009627,1.0655051672381255,92.97096448391154,,,,,,,,,,,,,,,,,,,,,,,,,,,,,1,FIRST_UPWARD_CROSSING,charge_timeseries/cycle-063.csv,,,1934587.5624794397,1942406.4728126032,SOC_UPPER_BOUND_NOT_REACHED,SOC_UPPER_BOUND_NOT_REACHED,False,False,3,charge-efficiency-v1
63,virtual,40-60,40.0,60.0,40.0,60.0,100.0,NEGATIVE_PARTICLE_LITHIUM_DELTA_OVER_FROZEN_Q_REF_V1,4.858503020050297,25,20.0,W10_80_PERCENT_DISCHARGE_WINDOW,14.55,3.0000000000000004,2.9947496049615245,4.85,99.79449509550922,4.858503020050297,25,,,,0.9386185139056129,0.0788329654562881,0.11508844696393897,0.9717006040100591,,,,,-0.03311519645456104,0.03311519645456104,,,1.7718337250713367e-05,,,1.4075340900004951e-05,103.5245512009763,99.99647286414827,1.3126719641265439e-06,0.00013985148861644396,0.00013985148861644396,SOC_UPPER_BOUND_NOT_REACHED,1934969.3281515017,1935335.7340963737,366.40594487178515,0.0,0.9386185139056129,100.0,,,,,,,,,,,,,,,,,,,,,,,,,,,,,1,FIRST_UPWARD_CROSSING,charge_timeseries/cycle-063.csv,,,1934587.5624794397,1942406.4728126032,SOC_UPPER_BOUND_NOT_REACHED,SOC_UPPER_BOUND_NOT_REACHED,False,False,3,charge-efficiency-v1
63,virtual,60-80,60.0,80.0,60.0,80.0,100.0,NEGATIVE_PARTICLE_LITHIUM_DELTA_OVER_FROZEN_Q_REF_V1,4.858503020050297,25,20.0,W10_80_PERCENT_DISCHARGE_WINDOW,14.55,3.0000000000000004,2.9947496049615245,4.85,99.79449509550922,4.858503020050297,25,,,,0.8436058950770163,0.11508844696393897,0.15134392847158984,0.9717006040100591,,,,,-0.12815228363454986,0.12815228363454986,,,3.3785820792425064e-05,,,4.684081280769553e-05,115.18418845583678,99.99317516605288,-2.305193209295453e-05,-0.002732547535226745,0.002732547535226745,SOC_UPPER_BOUND_NOT_REACHED,1935335.7340963737,1938395.1136801576,3059.3795837840926,0.22200456592991338,0.621601329147103,73.68385318008646,,,,,,,,,,,,,,,,,,,,,,,,,,,,,1,FIRST_UPWARD_CROSSING,charge_timeseries/cycle-063.csv,,,1934587.5624794397,1942406.4728126032,SOC_UPPER_BOUND_NOT_REACHED,SOC_UPPER_BOUND_NOT_REACHED,False,False,3,charge-efficiency-v1
63,virtual,80-100,80.0,100.0,80.0,,0.0,NEGATIVE_PARTICLE_LITHIUM_DELTA_OVER_FROZEN_Q_REF_V1,4.858503020050297,25,20.0,W10_80_PERCENT_DISCHARGE_WINDOW,14.55,3.0000000000000004,2.9947496049615245,4.85,99.79449509550922,4.858503020050297,25,,,,,,,,,,,,,,,,,,,,,,,,,,,,,,,,,,,,,,,,,,,,,,,,,,,,,,,,,,,,0,FIRST_UPWARD_CROSSING,charge_timeseries/cycle-063.csv,,,1934587.5624794397,1942406.4728126032,SOC_UPPER_BOUND_NOT_REACHED,SOC_UPPER_BOUND_NOT_REACHED,False,False,3,charge-efficiency-v1
64,virtual,20-40,20.0,40.0,20.0,40.0,100.0,NEGATIVE_PARTICLE_LITHIUM_DELTA_OVER_FROZEN_Q_REF_V1,4.858503020050297,25,20.0,W10_80_PERCENT_DISCHARGE_WINDOW,14.55,3.0000000000000004,2.9947496049615245,4.85,99.79449509550922,4.858503020050297,25,,,,1.146564144506144,0.04257006021968443,0.07882554172733532,0.9717006040100595,,,,,0.1748800757171689,0.0,,,1.4100376745792079e-05,,,7.85113543331356e-06,84.74890904848564,100.00144215403591,-3.84867332634542e-05,-0.003356701275534084,0.003356701275534084,SOC_UPPER_BOUND_NOT_REACHED,1965969.4833918526,1966352.1118329545,382.6284411017991,0.08028939777422951,1.0662747467319145,92.99739154072253,,,,,,,,,,,,,,,,,,,,,,,,,,,,,1,FIRST_UPWARD_CROSSING,charge_timeseries/cycle-064.csv,,,1965969.4833918526,1973795.8221664422,SOC_UPPER_BOUND_NOT_REACHED,SOC_UPPER_BOUND_NOT_REACHED,False,False,3,charge-efficiency-v1
64,virtual,40-60,40.0,60.0,40.0,60.0,100.0,NEGATIVE_PARTICLE_LITHIUM_DELTA_OVER_FROZEN_Q_REF_V1,4.858503020050297,25,20.0,W10_80_PERCENT_DISCHARGE_WINDOW,14.55,3.0000000000000004,2.9947496049615245,4.85,99.79449509550922,4.858503020050297,25,,,,0.938420654938345,0.07882554172733532,0.1150810232349862,0.9717006040100595,,,,,-0.033312662270682775,0.033312662270682775,,,1.766592820038118e-05,,,1.3980314137830574e-05,103.54637857730242,99.9965140154582,1.0669566300469668e-06,0.00011369705306806858,0.00011369705306806858,SOC_UPPER_BOUND_NOT_REACHED,1966352.1118329545,1966719.184947193,367.07311423861756,0.0,0.938420654938345,100.0,,,,,,,,,,,,,,,,,,,,,,,,,,,,,1,FIRST_UPWARD_CROSSING,charge_timeseries/cycle-064.csv,,,1965969.4833918526,1973795.8221664422,SOC_UPPER_BOUND_NOT_REACHED,SOC_UPPER_BOUND_NOT_REACHED,False,False,3,charge-efficiency-v1
64,virtual,60-80,60.0,80.0,60.0,80.0,100.0,NEGATIVE_PARTICLE_LITHIUM_DELTA_OVER_FROZEN_Q_REF_V1,4.858503020050297,25,20.0,W10_80_PERCENT_DISCHARGE_WINDOW,14.55,3.0000000000000004,2.9947496049615245,4.85,99.79449509550922,4.858503020050297,25,,,,0.8433431770183656,0.1150810232349862,0.15133650474263707,0.9717006040100591,,,,,-0.1284746349636631,0.1284746349636631,,,3.359955071609126e-05,,,4.649714559967766e-05,115.22007060583574,99.98610198372815,3.711127565375616e-05,0.004400495156071913,0.004400495156071913,SOC_UPPER_BOUND_NOT_REACHED,1966719.184947193,1969783.4743983003,3064.2894511073464,0.2219576226687727,0.6213855543495929,73.68122151014461,,,,,,,,,,,,,,,,,,,,,,,,,,,,,1,FIRST_UPWARD_CROSSING,charge_timeseries/cycle-064.csv,,,1965969.4833918526,1973795.8221664422,SOC_UPPER_BOUND_NOT_REACHED,SOC_UPPER_BOUND_NOT_REACHED,False,False,3,charge-efficiency-v1
64,virtual,80-100,80.0,100.0,80.0,,0.0,NEGATIVE_PARTICLE_LITHIUM_DELTA_OVER_FROZEN_Q_REF_V1,4.858503020050297,25,20.0,W10_80_PERCENT_DISCHARGE_WINDOW,14.55,3.0000000000000004,2.9947496049615245,4.85,99.79449509550922,4.858503020050297,25,,,,,,,,,,,,,,,,,,,,,,,,,,,,,,,,,,,,,,,,,,,,,,,,,,,,,,,,,,,,0,FIRST_UPWARD_CROSSING,charge_timeseries/cycle-064.csv,,,1965969.4833918526,1973795.8221664422,SOC_UPPER_BOUND_NOT_REACHED,SOC_UPPER_BOUND_NOT_REACHED,False,False,3,charge-efficiency-v1
65,virtual,20-40,20.0,40.0,20.0,40.0,100.0,NEGATIVE_PARTICLE_LITHIUM_DELTA_OVER_FROZEN_Q_REF_V1,4.858503020050297,25,20.0,W10_80_PERCENT_DISCHARGE_WINDOW,14.55,3.0000000000000004,2.9947496049615245,4.85,99.79449509550922,4.858503020050297,25,,,,1.1486620973164687,0.04256271482085721,0.07881819632850809,0.9717006040100594,,,,,0.1769671922637926,0.0,,,1.4248996154446816e-05,,,7.828929877523594e-06,84.59412095865,100.00049613871623,-2.7776883415375764e-05,-0.0024181944786259395,0.0024181944786259395,SOC_UPPER_BOUND_NOT_REACHED,1997358.8329167997,1997743.116831874,384.28391507440506,0.08002459123027329,1.0686375060861955,93.03323480271277,,,,,,,,,,,,,,,,,,,,,,,,,,,,,1,FIRST_UPWARD_CROSSING,charge_timeseries/cycle-065.csv,,,1997358.8329167997,2005192.6923183382,SOC_UPPER_BOUND_NOT_REACHED,SOC_UPPER_BOUND_NOT_REACHED,False,False,3,charge-efficiency-v1
65,virtual,40-60,40.0,60.0,40.0,60.0,100.0,NEGATIVE_PARTICLE_LITHIUM_DELTA_OVER_FROZEN_Q_REF_V1,4.858503020050297,25,20.0,W10_80_PERCENT_DISCHARGE_WINDOW,14.55,3.0000000000000004,2.9947496049615245,4.85,99.79449509550922,4.858503020050297,25,,,,0.9377298340804726,0.07881819632850809,0.11507367783615899,0.9717006040100599,,,,,-0.033998557754991277,0.033998557754991277,,,1.778398424645382e-05,,,1.3898032267298244e-05,103.62266067421206,99.99703669176408,-3.894191109687917e-06,-0.0004152785768522036,0.0004152785768522036,SOC_UPPER_BOUND_NOT_REACHED,1997743.116831874,1998111.2964571074,368.1796252333794,0.0,0.9377298340804726,100.0,,,,,,,,,,,,,,,,,,,,,,,,,,,,,1,FIRST_UPWARD_CROSSING,charge_timeseries/cycle-065.csv,,,1997358.8329167997,2005192.6923183382,SOC_UPPER_BOUND_NOT_REACHED,SOC_UPPER_BOUND_NOT_REACHED,False,False,3,charge-efficiency-v1
65,virtual,60-80,60.0,80.0,60.0,80.0,100.0,NEGATIVE_PARTICLE_LITHIUM_DELTA_OVER_FROZEN_Q_REF_V1,4.858503020050297,25,20.0,W10_80_PERCENT_DISCHARGE_WINDOW,14.55,3.0000000000000004,2.9947496049615245,4.85,99.79449509550922,4.858503020050297,25,,,,0.8418674383107714,0.11507367783615899,0.15132915934380986,0.9717006040100591,,,,,-0.1298872747198979,0.1298872747198979,,,3.3616582573579856e-05,,,4.612770734994942e-05,115.42204387424715,99.99357273863463,-2.563526931331772e-05,-0.0030450482043533535,0.0030450482043533535,SOC_UPPER_BOUND_NOT_REACHED,1998111.2964571074,2001179.3887002694,3068.092243161962,0.22191377029462164,0.6199536680161497,73.64029534864808,,,,,,,,,,,,,,,,,,,,,,,,,,,,,1,FIRST_UPWARD_CROSSING,charge_timeseries/cycle-065.csv,,,1997358.8329167997,2005192.6923183382,SOC_UPPER_BOUND_NOT_REACHED,SOC_UPPER_BOUND_NOT_REACHED,False,False,3,charge-efficiency-v1
65,virtual,80-100,80.0,100.0,80.0,,0.0,NEGATIVE_PARTICLE_LITHIUM_DELTA_OVER_FROZEN_Q_REF_V1,4.858503020050297,25,20.0,W10_80_PERCENT_DISCHARGE_WINDOW,14.55,3.0000000000000004,2.9947496049615245,4.85,99.79449509550922,4.858503020050297,25,,,,,,,,,,,,,,,,,,,,,,,,,,,,,,,,,,,,,,,,,,,,,,,,,,,,,,,,,,,,0,FIRST_UPWARD_CROSSING,charge_timeseries/cycle-065.csv,,,1997358.8329167997,2005192.6923183382,SOC_UPPER_BOUND_NOT_REACHED,SOC_UPPER_BOUND_NOT_REACHED,False,False,3,charge-efficiency-v1
66,virtual,20-40,20.0,40.0,20.0,40.0,100.0,NEGATIVE_PARTICLE_LITHIUM_DELTA_OVER_FROZEN_Q_REF_V1,4.858503020050297,25,20.0,W10_80_PERCENT_DISCHARGE_WINDOW,14.55,3.0000000000000004,2.9947496049615245,4.85,99.79449509550922,4.858503020050297,25,,,,1.1475961538686625,0.04255540033910116,0.07881088184675204,0.9717006040100595,,,,,0.17590379871723902,0.0,,,1.4033222579862628e-05,,,7.76757134846734e-06,84.67269611651788,100.00071879455226,-3.0049652564256846e-05,-0.0026184866917649064,0.0026184866917649064,SOC_UPPER_BOUND_NOT_REACHED,2028755.7032591254,2029139.9875425023,384.2842833770808,0.07976253882208797,1.0678336150465746,93.04959862812363,,,,,,,,,,,,,,,,,,,,,,,,,,,,,1,FIRST_UPWARD_CROSSING,charge_timeseries/cycle-066.csv,,,2028755.7032591254,2036596.9637118445,SOC_UPPER_BOUND_NOT_REACHED,SOC_UPPER_BOUND_NOT_REACHED,False,False,3,charge-efficiency-v1
66,virtual,40-60,40.0,60.0,40.0,60.0,100.0,NEGATIVE_PARTICLE_LITHIUM_DELTA_OVER_FROZEN_Q_REF_V1,4.858503020050297,25,20.0,W10_80_PERCENT_DISCHARGE_WINDOW,14.55,3.0000000000000004,2.9947496049615245,4.85,99.79449509550922,4.858503020050297,25,,,,0.9380280342635519,0.07881088184675204,0.11506636335440293,0.9717006040100595,,,,,-0.03371704050692015,0.03371704050692015,,,1.7570640418497485e-05,,,1.3795712468012145e-05,103.58971891207325,99.99525912245817,1.3104407525998951e-05,0.0013970166186224118,0.0013970166186224118,SOC_UPPER_BOUND_NOT_REACHED,2029139.9875425023,2029508.4364138457,368.4488713432031,0.0,0.9380280342635519,100.0,,,,,,,,,,,,,,,,,,,,,,,,,,,,,1,FIRST_UPWARD_CROSSING,charge_timeseries/cycle-066.csv,,,2028755.7032591254,2036596.9637118445,SOC_UPPER_BOUND_NOT_REACHED,SOC_UPPER_BOUND_NOT_REACHED,False,False,3,charge-efficiency-v1
66,virtual,60-80,60.0,80.0,60.0,80.0,100.0,NEGATIVE_PARTICLE_LITHIUM_DELTA_OVER_FROZEN_Q_REF_V1,4.858503020050297,25,20.0,W10_80_PERCENT_DISCHARGE_WINDOW,14.55,3.0000000000000004,2.9947496049615245,4.85,99.79449509550922,4.858503020050297,25,,,,0.8426820703288944,0.11506636335440293,0.1513218448620538,0.9717006040100591,,,,,-0.12913358436237585,0.12913358436237585,,,3.324350539162489e-05,,,4.5831181098326956e-05,115.31046384205249,99.98634708328774,3.597599472127122e-05,0.004269225131042598,0.004269225131042598,SOC_UPPER_BOUND_NOT_REACHED,2029508.4364138457,2032582.5903322888,3074.153918443066,0.22186469833323846,0.6208173719956559,73.67160093406925,,,,,,,,,,,,,,,,,,,,,,,,,,,,,1,FIRST_UPWARD_CROSSING,charge_timeseries/cycle-066.csv,,,2028755.7032591254,2036596.9637118445,SOC_UPPER_BOUND_NOT_REACHED,SOC_UPPER_BOUND_NOT_REACHED,False,False,3,charge-efficiency-v1
66,virtual,80-100,80.0,100.0,80.0,,0.0,NEGATIVE_PARTICLE_LITHIUM_DELTA_OVER_FROZEN_Q_REF_V1,4.858503020050297,25,20.0,W10_80_PERCENT_DISCHARGE_WINDOW,14.55,3.0000000000000004,2.9947496049615245,4.85,99.79449509550922,4.858503020050297,25,,,,,,,,,,,,,,,,,,,,,,,,,,,,,,,,,,,,,,,,,,,,,,,,,,,,,,,,,,,,0,FIRST_UPWARD_CROSSING,charge_timeseries/cycle-066.csv,,,2028755.7032591254,2036596.9637118445,SOC_UPPER_BOUND_NOT_REACHED,SOC_UPPER_BOUND_NOT_REACHED,False,False,3,charge-efficiency-v1
67,virtual,20-40,20.0,40.0,20.0,40.0,100.0,NEGATIVE_PARTICLE_LITHIUM_DELTA_OVER_FROZEN_Q_REF_V1,4.858503020050297,25,20.0,W10_80_PERCENT_DISCHARGE_WINDOW,14.55,3.0000000000000004,2.9947496049615245,4.85,99.79449509550922,4.858503020050297,25,,,,1.1478942995016501,0.04254817909854,0.07880366060619087,0.9717006040100591,,,,,0.17620446519209082,0.0,,,1.4007692666937605e-05,,,7.72579128257428e-06,84.65070385242926,100.00093821360595,-3.250318444925071e-05,-0.0028315485548940987,0.0028315485548940987,SOC_UPPER_BOUND_NOT_REACHED,2060159.9748385714,2060545.0361393176,385.061300746115,0.0795031599104825,1.0683911395911676,93.0739999366668,,,,,,,,,,,,,,,,,,,,,,,,,,,,,1,FIRST_UPWARD_CROSSING,charge_timeseries/cycle-067.csv,,,2060159.9748385714,2068008.5662701775,SOC_UPPER_BOUND_NOT_REACHED,SOC_UPPER_BOUND_NOT_REACHED,False,False,3,charge-efficiency-v1
67,virtual,40-60,40.0,60.0,40.0,60.0,100.0,NEGATIVE_PARTICLE_LITHIUM_DELTA_OVER_FROZEN_Q_REF_V1,4.858503020050297,25,20.0,W10_80_PERCENT_DISCHARGE_WINDOW,14.55,3.0000000000000004,2.9947496049615245,4.85,99.79449509550922,4.858503020050297,25,,,,0.9379109681865168,0.07880366060619087,0.11505914211384176,0.9717006040100595,,,,,-0.033856696292732885,0.033856696292732885,,,1.7502465348600768e-05,,,1.3706162993579185e-05,103.6026485423106,99.99285001759604,3.585184084797799e-05,0.0038225206937603853,0.0038225206937603853,SOC_UPPER_BOUND_NOT_REACHED,2060545.0361393176,2060914.102332083,369.06619276549435,0.0,0.9379109681865168,100.0,,,,,,,,,,,,,,,,,,,,,,,,,,,,,1,FIRST_UPWARD_CROSSING,charge_timeseries/cycle-067.csv,,,2060159.9748385714,2068008.5662701775,SOC_UPPER_BOUND_NOT_REACHED,SOC_UPPER_BOUND_NOT_REACHED,False,False,3,charge-efficiency-v1
67,virtual,60-80,60.0,80.0,60.0,80.0,100.0,NEGATIVE_PARTICLE_LITHIUM_DELTA_OVER_FROZEN_Q_REF_V1,4.858503020050297,25,20.0,W10_80_PERCENT_DISCHARGE_WINDOW,14.55,3.0000000000000004,2.9947496049615245,4.85,99.79449509550922,4.858503020050297,25,,,,0.8424337441337127,0.11505914211384176,0.15131462362149264,0.9717006040100595,,,,,-0.12931518841067988,0.12931518841067988,,,3.3044687397818656e-05,,,4.551469708980599e-05,115.34445418129278,99.99426322429868,-3.0230850154522315e-05,-0.003588513680159993,0.003588513680159993,SOC_UPPER_BOUND_NOT_REACHED,2060914.102332083,2063993.1741789777,3079.0718468946898,0.22181897242914064,0.6206147717045721,73.66926788322797,,,,,,,,,,,,,,,,,,,,,,,,,,,,,1,FIRST_UPWARD_CROSSING,charge_timeseries/cycle-067.csv,,,2060159.9748385714,2068008.5662701775,SOC_UPPER_BOUND_NOT_REACHED,SOC_UPPER_BOUND_NOT_REACHED,False,False,3,charge-efficiency-v1
67,virtual,80-100,80.0,100.0,80.0,,0.0,NEGATIVE_PARTICLE_LITHIUM_DELTA_OVER_FROZEN_Q_REF_V1,4.858503020050297,25,20.0,W10_80_PERCENT_DISCHARGE_WINDOW,14.55,3.0000000000000004,2.9947496049615245,4.85,99.79449509550922,4.858503020050297,25,,,,,,,,,,,,,,,,,,,,,,,,,,,,,,,,,,,,,,,,,,,,,,,,,,,,,,,,,,,,0,FIRST_UPWARD_CROSSING,charge_timeseries/cycle-067.csv,,,2060159.9748385714,2068008.5662701775,SOC_UPPER_BOUND_NOT_REACHED,SOC_UPPER_BOUND_NOT_REACHED,False,False,3,charge-efficiency-v1
68,virtual,20-40,20.0,40.0,20.0,40.0,100.0,NEGATIVE_PARTICLE_LITHIUM_DELTA_OVER_FROZEN_Q_REF_V1,4.858503020050297,25,20.0,W10_80_PERCENT_DISCHARGE_WINDOW,14.55,3.0000000000000004,2.9947496049615245,4.85,99.79449509550922,4.858503020050297,25,,,,1.1485893119163724,0.04254099201882549,0.07879647352647638,0.9717006040100598,,,,,0.17688756324212254,0.0,,,1.4007822264511596e-05,,,7.689078543135497e-06,84.59948163620108,99.99990034173415,-2.055223661767691e-05,-0.001789345974618759,0.001789345974618759,SOC_UPPER_BOUND_NOT_REACHED,2091571.577604406,2091957.5811675447,386.0035631385915,0.07924638624794306,1.0693429256684293,93.10054643328311,,,,,,,,,,,,,,,,,,,,,,,,,,,,,1,FIRST_UPWARD_CROSSING,charge_timeseries/cycle-068.csv,,,2091571.577604406,2099427.760487294,SOC_UPPER_BOUND_NOT_REACHED,SOC_UPPER_BOUND_NOT_REACHED,False,False,3,charge-efficiency-v1
68,virtual,40-60,40.0,60.0,40.0,60.0,100.0,NEGATIVE_PARTICLE_LITHIUM_DELTA_OVER_FROZEN_Q_REF_V1,4.858503020050297,25,20.0,W10_80_PERCENT_DISCHARGE_WINDOW,14.55,3.0000000000000004,2.9947496049615245,4.85,99.79449509550922,4.858503020050297,25,,,,0.9376753165053517,0.07879647352647638,0.11505195503412725,0.9717006040100591,,,,,-0.03411490579283147,0.03411490579283147,,,1.7476372896039344e-05,,,1.3620879863715518e-05,103.62868542082532,99.99044250322615,5.8521035364411667e-05,0.006241076664203484,0.006241076664203484,SOC_UPPER_BOUND_NOT_REACHED,2091957.5811675447,2092327.3790062242,369.79783867968354,0.0,0.9376753165053517,100.0,,,,,,,,,,,,,,,,,,,,,,,,,,,,,1,FIRST_UPWARD_CROSSING,charge_timeseries/cycle-068.csv,,,2091571.577604406,2099427.760487294,SOC_UPPER_BOUND_NOT_REACHED,SOC_UPPER_BOUND_NOT_REACHED,False,False,3,charge-efficiency-v1
68,virtual,60-80,60.0,80.0,60.0,80.0,100.0,NEGATIVE_PARTICLE_LITHIUM_DELTA_OVER_FROZEN_Q_REF_V1,4.858503020050297,25,20.0,W10_80_PERCENT_DISCHARGE_WINDOW,14.55,3.0000000000000004,2.9947496049615245,4.85,99.79449509550922,4.858503020050297,25,,,,0.8420161221194898,0.11505195503412725,0.15130743654177814,0.9717006040100595,,,,,-0.12975867355101323,0.12975867355101323,,,3.289713340350747e-05,,,4.519726457648948e-05,115.401662567236,99.99118880761371,-3.902737536476408e-06,-0.00046349914615085886,0.00046349914615085886,SOC_UPPER_BOUND_NOT_REACHED,2092327.3790062242,2095411.2700259136,3083.8910196893075,0.22177432266941732,0.6202417994500725,73.66151112271156,,,,,,,,,,,,,,,,,,,,,,,,,,,,,1,FIRST_UPWARD_CROSSING,charge_timeseries/cycle-068.csv,,,2091571.577604406,2099427.760487294,SOC_UPPER_BOUND_NOT_REACHED,SOC_UPPER_BOUND_NOT_REACHED,False,False,3,charge-efficiency-v1
68,virtual,80-100,80.0,100.0,80.0,,0.0,NEGATIVE_PARTICLE_LITHIUM_DELTA_OVER_FROZEN_Q_REF_V1,4.858503020050297,25,20.0,W10_80_PERCENT_DISCHARGE_WINDOW,14.55,3.0000000000000004,2.9947496049615245,4.85,99.79449509550922,4.858503020050297,25,,,,,,,,,,,,,,,,,,,,,,,,,,,,,,,,,,,,,,,,,,,,,,,,,,,,,,,,,,,,0,FIRST_UPWARD_CROSSING,charge_timeseries/cycle-068.csv,,,2091571.577604406,2099427.760487294,SOC_UPPER_BOUND_NOT_REACHED,SOC_UPPER_BOUND_NOT_REACHED,False,False,3,charge-efficiency-v1
69,virtual,20-40,20.0,40.0,20.0,40.0,100.0,NEGATIVE_PARTICLE_LITHIUM_DELTA_OVER_FROZEN_Q_REF_V1,4.858503020050297,25,20.0,W10_80_PERCENT_DISCHARGE_WINDOW,14.55,3.0000000000000004,2.9947496049615245,4.85,99.79449509550922,4.858503020050297,25,,,,1.1494048449702972,0.04253389143979017,0.07878937294744105,0.9717006040100595,,,,,0.17770604962864742,0.0,,,1.4026145599924794e-05,,,7.655069716602791e-06,84.53945607260513,100.00015735695023,-2.3489883726135474e-05,-0.0020436562303461055,0.0020436562303461055,SOC_UPPER_BOUND_NOT_REACHED,2122990.771915806,2123377.7883424493,387.0164266434655,0.07899214805958311,1.070412696910714,93.12756089334002,,,,,,,,,,,,,,,,,,,,,,,,,,,,,1,FIRST_UPWARD_CROSSING,charge_timeseries/cycle-069.csv,,,2122990.771915806,2130854.569222658,SOC_UPPER_BOUND_NOT_REACHED,SOC_UPPER_BOUND_NOT_REACHED,False,False,3,charge-efficiency-v1
69,virtual,40-60,40.0,60.0,40.0,60.0,100.0,NEGATIVE_PARTICLE_LITHIUM_DELTA_OVER_FROZEN_Q_REF_V1,4.858503020050297,25,20.0,W10_80_PERCENT_DISCHARGE_WINDOW,14.55,3.0000000000000004,2.9947496049615245,4.85,99.79449509550922,4.858503020050297,25,,,,0.9373564183942971,0.07878937294744105,0.11504485445509192,0.9717006040100591,,,,,-0.03441001541088251,0.03441001541088251,,,1.7465386180685882e-05,,,1.3537812205317856e-05,103.66394094517366,99.99297707960082,3.482659673448296e-05,0.0037154060132368162,0.0037154060132368162,SOC_UPPER_BOUND_NOT_REACHED,2123377.7883424493,2123748.333152079,370.5448096294325,0.0,0.9373564183942971,100.0,,,,,,,,,,,,,,,,,,,,,,,,,,,,,1,FIRST_UPWARD_CROSSING,charge_timeseries/cycle-069.csv,,,2122990.771915806,2130854.569222658,SOC_UPPER_BOUND_NOT_REACHED,SOC_UPPER_BOUND_NOT_REACHED,False,False,3,charge-efficiency-v1
69,virtual,60-80,60.0,80.0,60.0,80.0,100.0,NEGATIVE_PARTICLE_LITHIUM_DELTA_OVER_FROZEN_Q_REF_V1,4.858503020050297,25,20.0,W10_80_PERCENT_DISCHARGE_WINDOW,14.55,3.0000000000000004,2.9947496049615245,4.85,99.79449509550922,4.858503020050297,25,,,,0.8415303399657599,0.11504485445509192,0.1513003359627428,0.9717006040100595,,,,,-0.13029986917500647,0.13029986917500647,,,3.277057506474029e-05,,,4.488506712915785e-05,115.46827937892246,99.98459887605334,5.194948851283687e-05,0.006173216347131416,0.006173216347131416,SOC_UPPER_BOUND_NOT_REACHED,2123748.333152079,2126837.0113504436,3088.678198364845,0.2217311598836689,0.619799180082091,73.65143603821929,,,,,,,,,,,,,,,,,,,,,,,,,,,,,1,FIRST_UPWARD_CROSSING,charge_timeseries/cycle-069.csv,,,2122990.771915806,2130854.569222658,SOC_UPPER_BOUND_NOT_REACHED,SOC_UPPER_BOUND_NOT_REACHED,False,False,3,charge-efficiency-v1
69,virtual,80-100,80.0,100.0,80.0,,0.0,NEGATIVE_PARTICLE_LITHIUM_DELTA_OVER_FROZEN_Q_REF_V1,4.858503020050297,25,20.0,W10_80_PERCENT_DISCHARGE_WINDOW,14.55,3.0000000000000004,2.9947496049615245,4.85,99.79449509550922,4.858503020050297,25,,,,,,,,,,,,,,,,,,,,,,,,,,,,,,,,,,,,,,,,,,,,,,,,,,,,,,,,,,,,0,FIRST_UPWARD_CROSSING,charge_timeseries/cycle-069.csv,,,2122990.771915806,2130854.569222658,SOC_UPPER_BOUND_NOT_REACHED,SOC_UPPER_BOUND_NOT_REACHED,False,False,3,charge-efficiency-v1
70,virtual,20-40,20.0,40.0,20.0,40.0,100.0,NEGATIVE_PARTICLE_LITHIUM_DELTA_OVER_FROZEN_Q_REF_V1,4.858503020050297,25,20.0,W10_80_PERCENT_DISCHARGE_WINDOW,14.55,3.0000000000000004,2.9947496049615245,4.85,99.79449509550922,4.858503020050297,25,,,,1.1516608825788612,0.04252681747998711,0.07878229898763799,0.9717006040100594,,,,,0.1799635646083341,0.0,,,1.4142955103173607e-05,,,7.637916526914701e-06,84.37384812742576,100.0002853304807,-2.5066911162330285e-05,-0.0021765878776918344,0.0021765878776918344,SOC_UPPER_BOUND_NOT_REACHED,2154417.5804877025,2154806.2395707704,388.65908306813105,0.07874030613332642,1.0729205764455347,93.16289132292077,,,,,,,,,,,,,,,,,,,,,,,,,,,,,1,FIRST_UPWARD_CROSSING,charge_timeseries/cycle-070.csv,,,2154417.5804877025,2162289.2279169695,SOC_UPPER_BOUND_NOT_REACHED,SOC_UPPER_BOUND_NOT_REACHED,False,False,3,charge-efficiency-v1
70,virtual,40-60,40.0,60.0,40.0,60.0,100.0,NEGATIVE_PARTICLE_LITHIUM_DELTA_OVER_FROZEN_Q_REF_V1,4.858503020050297,25,20.0,W10_80_PERCENT_DISCHARGE_WINDOW,14.55,3.0000000000000004,2.9947496049615245,4.85,99.79449509550922,4.858503020050297,25,,,,0.9366062264807348,0.07878229898763799,0.11503778049528887,0.9717006040100595,,,,,-0.03515650045369623,0.03515650045369623,,,1.7606854655212792e-05,,,1.346436391991973e-05,103.74697247755769,99.99336723132784,3.1051705796314444e-05,0.0033153426614501748,0.0033153426614501748,SOC_UPPER_BOUND_NOT_REACHED,2154806.2395707704,2155177.9838329367,371.74426216618326,0.0,0.9366062264807348,99.99999999999999,,,,,,,,,,,,,,,,,,,,,,,,,,,,,1,FIRST_UPWARD_CROSSING,charge_timeseries/cycle-070.csv,,,2154417.5804877025,2162289.2279169695,SOC_UPPER_BOUND_NOT_REACHED,SOC_UPPER_BOUND_NOT_REACHED,False,False,3,charge-efficiency-v1
70,virtual,60-80,60.0,80.0,60.0,80.0,100.0,NEGATIVE_PARTICLE_LITHIUM_DELTA_OVER_FROZEN_Q_REF_V1,4.858503020050297,25,20.0,W10_80_PERCENT_DISCHARGE_WINDOW,14.55,3.0000000000000004,2.9947496049615245,4.85,99.79449509550922,4.858503020050297,25,,,,0.8400037631698065,0.11503778049528887,0.15129326200293974,0.9717006040100591,,,,,-0.1318213545002747,0.1318213545002747,,,3.282038609729934e-05,,,4.4546755150115525e-05,115.6781251006884,99.98517701164191,4.7146518774687785e-05,0.0056126556620148295,0.0056126556620148295,SOC_UPPER_BOUND_NOT_REACHED,2155177.9838329367,2158270.5614092126,3092.5775762756757,0.22169122578288938,0.6183125373869172,73.60830564064098,,,,,,,,,,,,,,,,,,,,,,,,,,,,,1,FIRST_UPWARD_CROSSING,charge_timeseries/cycle-070.csv,,,2154417.5804877025,2162289.2279169695,SOC_UPPER_BOUND_NOT_REACHED,SOC_UPPER_BOUND_NOT_REACHED,False,False,3,charge-efficiency-v1
70,virtual,80-100,80.0,100.0,80.0,,0.0,NEGATIVE_PARTICLE_LITHIUM_DELTA_OVER_FROZEN_Q_REF_V1,4.858503020050297,25,20.0,W10_80_PERCENT_DISCHARGE_WINDOW,14.55,3.0000000000000004,2.9947496049615245,4.85,99.79449509550922,4.858503020050297,25,,,,,,,,,,,,,,,,,,,,,,,,,,,,,,,,,,,,,,,,,,,,,,,,,,,,,,,,,,,,0,FIRST_UPWARD_CROSSING,charge_timeseries/cycle-070.csv,,,2154417.5804877025,2162289.2279169695,SOC_UPPER_BOUND_NOT_REACHED,SOC_UPPER_BOUND_NOT_REACHED,False,False,3,charge-efficiency-v1
71,virtual,20-40,20.0,40.0,20.0,40.0,100.0,NEGATIVE_PARTICLE_LITHIUM_DELTA_OVER_FROZEN_Q_REF_V1,4.858503020050297,25,20.0,W10_80_PERCENT_DISCHARGE_WINDOW,14.55,3.0000000000000004,2.9947496049615245,4.85,99.79449509550922,4.858503020050297,25,,,,1.1519234548460708,0.04251980176200258,0.07877528326965347,0.9717006040100595,,,,,0.1802347629666067,0.0,,,1.4149895939565352e-05,,,7.600598512798318e-06,84.35461574483749,100.00103410782594,-3.366262504789219e-05,-0.0029222970420712947,0.0029222970420712947,SOC_UPPER_BOUND_NOT_REACHED,2185852.239348983,2186241.7297118865,389.4903629033857,0.07849101172752591,1.073432443118545,93.1860913676756,,,,,,,,,,,,,,,,,,,,,,,,,,,,,1,FIRST_UPWARD_CROSSING,charge_timeseries/cycle-071.csv,,,2185852.239348983,2193731.2608941556,SOC_UPPER_BOUND_NOT_REACHED,SOC_UPPER_BOUND_NOT_REACHED,False,False,3,charge-efficiency-v1
71,virtual,40-60,40.0,60.0,40.0,60.0,100.0,NEGATIVE_PARTICLE_LITHIUM_DELTA_OVER_FROZEN_Q_REF_V1,4.858503020050297,25,20.0,W10_80_PERCENT_DISCHARGE_WINDOW,14.55,3.0000000000000004,2.9947496049615245,4.85,99.79449509550922,4.858503020050297,25,,,,0.9364680184002661,0.07877528326965347,0.11503076477730434,0.9717006040100591,,,,,-0.03528526388029163,0.03528526388029163,,,1.7539511412681744e-05,,,1.3382746529365386e-05,103.76228391333423,99.994374792362,2.1756012556495286e-05,0.0023231986708590734,0.0023231986708590734,SOC_UPPER_BOUND_NOT_REACHED,2186241.7297118865,2186614.0412884485,372.31157656237866,0.0,0.9364680184002661,100.0,,,,,,,,,,,,,,,,,,,,,,,,,,,,,1,FIRST_UPWARD_CROSSING,charge_timeseries/cycle-071.csv,,,2185852.239348983,2193731.2608941556,SOC_UPPER_BOUND_NOT_REACHED,SOC_UPPER_BOUND_NOT_REACHED,False,False,3,charge-efficiency-v1
71,virtual,60-80,60.0,80.0,60.0,80.0,100.0,NEGATIVE_PARTICLE_LITHIUM_DELTA_OVER_FROZEN_Q_REF_V1,4.858503020050297,25,20.0,W10_80_PERCENT_DISCHARGE_WINDOW,14.55,3.0000000000000004,2.9947496049615245,4.85,99.79449509550922,4.858503020050297,25,,,,0.839763931190022,0.11503076477730434,0.1512862462849552,0.9717006040100591,,,,,-0.13198405026688867,0.13198405026688867,,,3.263181038984028e-05,,,4.4260334747033e-05,115.71116213970643,99.99435824222833,-2.95146982852712e-05,-0.003514642292798428,0.003514642292798428,SOC_UPPER_BOUND_NOT_REACHED,2186614.0412884485,2189711.464903555,3097.4236151061846,0.22164747454069675,0.6181164566493252,73.60597826265268,,,,,,,,,,,,,,,,,,,,,,,,,,,,,1,FIRST_UPWARD_CROSSING,charge_timeseries/cycle-071.csv,,,2185852.239348983,2193731.2608941556,SOC_UPPER_BOUND_NOT_REACHED,SOC_UPPER_BOUND_NOT_REACHED,False,False,3,charge-efficiency-v1
71,virtual,80-100,80.0,100.0,80.0,,0.0,NEGATIVE_PARTICLE_LITHIUM_DELTA_OVER_FROZEN_Q_REF_V1,4.858503020050297,25,20.0,W10_80_PERCENT_DISCHARGE_WINDOW,14.55,3.0000000000000004,2.9947496049615245,4.85,99.79449509550922,4.858503020050297,25,,,,,,,,,,,,,,,,,,,,,,,,,,,,,,,,,,,,,,,,,,,,,,,,,,,,,,,,,,,,0,FIRST_UPWARD_CROSSING,charge_timeseries/cycle-071.csv,,,2185852.239348983,2193731.2608941556,SOC_UPPER_BOUND_NOT_REACHED,SOC_UPPER_BOUND_NOT_REACHED,False,False,3,charge-efficiency-v1
72,virtual,20-40,20.0,40.0,20.0,40.0,100.0,NEGATIVE_PARTICLE_LITHIUM_DELTA_OVER_FROZEN_Q_REF_V1,4.858503020050297,25,20.0,W10_80_PERCENT_DISCHARGE_WINDOW,14.55,3.0000000000000004,2.9947496049615245,4.85,99.79449509550922,4.858503020050297,25,,,,1.152984528545179,0.04251282360286929,0.07876830511052017,0.9717006040100595,,,,,0.18129026013489352,0.0,,,1.4195262158749403e-05,,,7.572027763608213e-06,84.2769855061402,100.00054949564519,-2.810288969667951e-05,-0.002437403885387723,0.002437403885387723,SOC_UPPER_BOUND_NOT_REACHED,2217294.2725250185,2217684.9096592097,390.6371341912882,0.07824411702692183,1.074740411518257,93.21377563273556,,,,,,,,,,,,,,,,,,,,,,,,,,,,,1,FIRST_UPWARD_CROSSING,charge_timeseries/cycle-072.csv,,,2217294.2725250185,2225181.0124790943,SOC_UPPER_BOUND_NOT_REACHED,SOC_UPPER_BOUND_NOT_REACHED,False,False,3,charge-efficiency-v1
72,virtual,40-60,40.0,60.0,40.0,60.0,100.0,NEGATIVE_PARTICLE_LITHIUM_DELTA_OVER_FROZEN_Q_REF_V1,4.858503020050297,25,20.0,W10_80_PERCENT_DISCHARGE_WINDOW,14.55,3.0000000000000004,2.9947496049615245,4.85,99.79449509550922,4.858503020050297,25,,,,0.936081602701208,0.07876830511052017,0.11502378661817106,0.9717006040100595,,,,,-0.03565945961621694,0.03565945961621694,,,1.7555938956940673e-05,,,1.3306606214465166e-05,103.80511711864301,99.99567790807461,9.595762194058999e-06,0.0010250988980414683,0.0010250988980414683,SOC_UPPER_BOUND_NOT_REACHED,2217684.9096592097,2218058.0408328692,373.13117365919874,0.0,0.936081602701208,100.0,,,,,,,,,,,,,,,,,,,,,,,,,,,,,1,FIRST_UPWARD_CROSSING,charge_timeseries/cycle-072.csv,,,2217294.2725250185,2225181.0124790943,SOC_UPPER_BOUND_NOT_REACHED,SOC_UPPER_BOUND_NOT_REACHED,False,False,3,charge-efficiency-v1
72,virtual,60-80,60.0,80.0,60.0,80.0,100.0,NEGATIVE_PARTICLE_LITHIUM_DELTA_OVER_FROZEN_Q_REF_V1,4.858503020050297,25,20.0,W10_80_PERCENT_DISCHARGE_WINDOW,14.55,3.0000000000000004,2.9947496049615245,4.85,99.79449509550922,4.858503020050297,25,,,,0.8390698461783508,0.11502378661817106,0.1512792681258219,0.9717006040100583,,,,,-0.1326818028458876,0.1326818028458876,,,3.2540645490805944e-05,,,4.396295786043142e-05,115.80687930042903,99.99391647615361,-2.545858917124555e-05,-0.003034144211855532,0.003034144211855532,SOC_UPPER_BOUND_NOT_REACHED,2218058.0408328692,2221160.057655868,3102.016822999307,0.22160546166783382,0.617464384510517,73.58915200240317,,,,,,,,,,,,,,,,,,,,,,,,,,,,,1,FIRST_UPWARD_CROSSING,charge_timeseries/cycle-072.csv,,,2217294.2725250185,2225181.0124790943,SOC_UPPER_BOUND_NOT_REACHED,SOC_UPPER_BOUND_NOT_REACHED,False,False,3,charge-efficiency-v1
72,virtual,80-100,80.0,100.0,80.0,,0.0,NEGATIVE_PARTICLE_LITHIUM_DELTA_OVER_FROZEN_Q_REF_V1,4.858503020050297,25,20.0,W10_80_PERCENT_DISCHARGE_WINDOW,14.55,3.0000000000000004,2.9947496049615245,4.85,99.79449509550922,4.858503020050297,25,,,,,,,,,,,,,,,,,,,,,,,,,,,,,,,,,,,,,,,,,,,,,,,,,,,,,,,,,,,,0,FIRST_UPWARD_CROSSING,charge_timeseries/cycle-072.csv,,,2217294.2725250185,2225181.0124790943,SOC_UPPER_BOUND_NOT_REACHED,SOC_UPPER_BOUND_NOT_REACHED,False,False,3,charge-efficiency-v1
73,virtual,20-40,20.0,40.0,20.0,40.0,100.0,NEGATIVE_PARTICLE_LITHIUM_DELTA_OVER_FROZEN_Q_REF_V1,4.858503020050297,25,20.0,W10_80_PERCENT_DISCHARGE_WINDOW,14.55,3.0000000000000004,2.9947496049615245,4.85,99.79449509550922,4.858503020050297,25,,,,1.1549487426272673,0.04250590095251225,0.07876138246016312,0.9717006040100591,,,,,0.18326259018352015,0.0,,,1.4334728607573108e-05,,,7.5554698774210616e-06,84.13365616552325,100.00125127339236,-3.634176479705431e-05,-0.0031466127851167125,0.0031466127851167125,SOC_UPPER_BOUND_NOT_REACHED,2248744.0241994006,2249136.2793966206,392.2551972198798,0.07799950565417764,1.0769492369730898,93.24649633569496,,,,,,,,,,,,,,,,,,,,,,,,,,,,,1,FIRST_UPWARD_CROSSING,charge_timeseries/cycle-073.csv,,,2248744.0241994006,2256638.627258922,SOC_UPPER_BOUND_NOT_REACHED,SOC_UPPER_BOUND_NOT_REACHED,False,False,3,charge-efficiency-v1
73,virtual,40-60,40.0,60.0,40.0,60.0,100.0,NEGATIVE_PARTICLE_LITHIUM_DELTA_OVER_FROZEN_Q_REF_V1,4.858503020050297,25,20.0,W10_80_PERCENT_DISCHARGE_WINDOW,14.55,3.0000000000000004,2.9947496049615245,4.85,99.79449509550922,4.858503020050297,25,,,,0.9354126090629445,0.07876138246016312,0.115016863967814,0.9717006040100595,,,,,-0.036324607863954056,0.036324607863954056,,,1.766724063897475e-05,,,1.3237789001890876e-05,103.87935704474485,99.99608590727938,5.707887198225237e-06,0.0006101999420280585,0.0006101999420280585,SOC_UPPER_BOUND_NOT_REACHED,2249136.2793966206,2249510.4947293014,374.2153326808054,0.0,0.9354126090629445,100.0,,,,,,,,,,,,,,,,,,,,,,,,,,,,,1,FIRST_UPWARD_CROSSING,charge_timeseries/cycle-073.csv,,,2248744.0241994006,2256638.627258922,SOC_UPPER_BOUND_NOT_REACHED,SOC_UPPER_BOUND_NOT_REACHED,False,False,3,charge-efficiency-v1
73,virtual,60-80,60.0,80.0,60.0,80.0,100.0,NEGATIVE_PARTICLE_LITHIUM_DELTA_OVER_FROZEN_Q_REF_V1,4.858503020050297,25,20.0,W10_80_PERCENT_DISCHARGE_WINDOW,14.55,3.0000000000000004,2.9947496049615245,4.85,99.79449509550922,4.858503020050297,25,,,,0.8377478348101268,0.115016863967814,0.15127234547546492,0.9717006040100603,,,,,-0.13400081033547762,0.13400081033547762,,,3.255915283468906e-05,,,4.365292739683807e-05,115.98962881596626,99.99426544199245,-2.817094468743342e-05,-0.003362699790661743,0.003362699790661743,SOC_UPPER_BOUND_NOT_REACHED,2249510.4947293014,2252616.500016,3106.0052866986466,0.22156655192432465,0.6161812828858022,73.55211882170462,,,,,,,,,,,,,,,,,,,,,,,,,,,,,1,FIRST_UPWARD_CROSSING,charge_timeseries/cycle-073.csv,,,2248744.0241994006,2256638.627258922,SOC_UPPER_BOUND_NOT_REACHED,SOC_UPPER_BOUND_NOT_REACHED,False,False,3,charge-efficiency-v1
73,virtual,80-100,80.0,100.0,80.0,,0.0,NEGATIVE_PARTICLE_LITHIUM_DELTA_OVER_FROZEN_Q_REF_V1,4.858503020050297,25,20.0,W10_80_PERCENT_DISCHARGE_WINDOW,14.55,3.0000000000000004,2.9947496049615245,4.85,99.79449509550922,4.858503020050297,25,,,,,,,,,,,,,,,,,,,,,,,,,,,,,,,,,,,,,,,,,,,,,,,,,,,,,,,,,,,,0,FIRST_UPWARD_CROSSING,charge_timeseries/cycle-073.csv,,,2248744.0241994006,2256638.627258922,SOC_UPPER_BOUND_NOT_REACHED,SOC_UPPER_BOUND_NOT_REACHED,False,False,3,charge-efficiency-v1
74,virtual,20-40,20.0,40.0,20.0,40.0,100.0,NEGATIVE_PARTICLE_LITHIUM_DELTA_OVER_FROZEN_Q_REF_V1,4.858503020050297,25,20.0,W10_80_PERCENT_DISCHARGE_WINDOW,14.55,3.0000000000000004,2.9947496049615245,4.85,99.79449509550922,4.858503020050297,25,,,,1.1540119659586212,0.042499017856210644,0.07875449936386153,0.9717006040100595,,,,,0.18232584432173626,0.0,,,1.4138697706649744e-05,,,7.50317731381539e-06,84.20195220444545,100.00125495866608,-3.612424819499083e-05,-0.003130318338162372,0.003130318338162372,SOC_UPPER_BOUND_NOT_REACHED,2280201.639125343,2280593.9364353265,392.297309983644,0.07775718631470449,1.0762547796439168,93.26201212739483,,,,,,,,,,,,,,,,,,,,,,,,,,,,,1,FIRST_UPWARD_CROSSING,charge_timeseries/cycle-074.csv,,,2280201.639125343,2288103.789695857,SOC_UPPER_BOUND_NOT_REACHED,SOC_UPPER_BOUND_NOT_REACHED,False,False,3,charge-efficiency-v1
74,virtual,40-60,40.0,60.0,40.0,60.0,100.0,NEGATIVE_PARTICLE_LITHIUM_DELTA_OVER_FROZEN_Q_REF_V1,4.858503020050297,25,20.0,W10_80_PERCENT_DISCHARGE_WINDOW,14.55,3.0000000000000004,2.9947496049615245,4.85,99.79449509550922,4.858503020050297,25,,,,0.9356820323715677,0.07875449936386153,0.1150099808715124,0.9717006040100591,,,,,-0.03607726325364208,0.03607726325364208,,,1.7483819282354193e-05,,,1.3151309098541342e-05,103.84944568692842,99.9937273974363,2.805648676984518e-05,0.002998506522427664,0.002998506522427664,SOC_UPPER_BOUND_NOT_REACHED,2280593.9364353265,2280968.457096594,374.5206612672921,0.0,0.9356820323715677,100.0,,,,,,,,,,,,,,,,,,,,,,,,,,,,,1,FIRST_UPWARD_CROSSING,charge_timeseries/cycle-074.csv,,,2280201.639125343,2288103.789695857,SOC_UPPER_BOUND_NOT_REACHED,SOC_UPPER_BOUND_NOT_REACHED,False,False,3,charge-efficiency-v1
74,virtual,60-80,60.0,80.0,60.0,80.0,100.0,NEGATIVE_PARTICLE_LITHIUM_DELTA_OVER_FROZEN_Q_REF_V1,4.858503020050297,25,20.0,W10_80_PERCENT_DISCHARGE_WINDOW,14.55,3.0000000000000004,2.9947496049615245,4.85,99.79449509550922,4.858503020050297,25,,,,0.8384102041308449,0.1150099808715124,0.1512654623791633,0.9717006040100599,,,,,-0.13333755641976117,0.13333755641976117,,,3.2240238537767016e-05,,,4.3404850926465066e-05,115.89799351468929,99.99437548108148,-2.8488548918015333e-05,-0.0033979248794506946,0.0033979248794506946,SOC_UPPER_BOUND_NOT_REACHED,2280968.457096594,2284080.4490400143,3111.9919434205613,0.22152275499951699,0.6168874491313279,73.57823725092145,,,,,,,,,,,,,,,,,,,,,,,,,,,,,1,FIRST_UPWARD_CROSSING,charge_timeseries/cycle-074.csv,,,2280201.639125343,2288103.789695857,SOC_UPPER_BOUND_NOT_REACHED,SOC_UPPER_BOUND_NOT_REACHED,False,False,3,charge-efficiency-v1
74,virtual,80-100,80.0,100.0,80.0,,0.0,NEGATIVE_PARTICLE_LITHIUM_DELTA_OVER_FROZEN_Q_REF_V1,4.858503020050297,25,20.0,W10_80_PERCENT_DISCHARGE_WINDOW,14.55,3.0000000000000004,2.9947496049615245,4.85,99.79449509550922,4.858503020050297,25,,,,,,,,,,,,,,,,,,,,,,,,,,,,,,,,,,,,,,,,,,,,,,,,,,,,,,,,,,,,0,FIRST_UPWARD_CROSSING,charge_timeseries/cycle-074.csv,,,2280201.639125343,2288103.789695857,SOC_UPPER_BOUND_NOT_REACHED,SOC_UPPER_BOUND_NOT_REACHED,False,False,3,charge-efficiency-v1
75,virtual,20-40,20.0,40.0,20.0,40.0,100.0,NEGATIVE_PARTICLE_LITHIUM_DELTA_OVER_FROZEN_Q_REF_V1,4.858503020050297,25,20.0,W10_80_PERCENT_DISCHARGE_WINDOW,14.55,3.0000000000000004,2.9947496049615245,4.85,99.79449509550922,4.858503020050297,25,,,,1.1531344982588312,0.04249218444710133,0.07874766595475222,0.9717006040100595,,,,,0.18144318694149025,0.0,,,1.3999528630237457e-05,,,7.454045730055647e-06,84.26602495001869,100.00080586373339,-3.074626707899597e-05,-0.0026663209821075617,0.0026663209821075617,SOC_UPPER_BOUND_NOT_REACHED,2311666.801709996,2312059.261921842,392.46021184625204,0.07751712023229623,1.075617378026535,93.27770348130746,,,,,,,,,,,,,,,,,,,,,,,,,,,,,1,FIRST_UPWARD_CROSSING,charge_timeseries/cycle-075.csv,,,2311666.801709996,2319576.397003243,SOC_UPPER_BOUND_NOT_REACHED,SOC_UPPER_BOUND_NOT_REACHED,False,False,3,charge-efficiency-v1
75,virtual,40-60,40.0,60.0,40.0,60.0,100.0,NEGATIVE_PARTICLE_LITHIUM_DELTA_OVER_FROZEN_Q_REF_V1,4.858503020050297,25,20.0,W10_80_PERCENT_DISCHARGE_WINDOW,14.55,3.0000000000000004,2.9947496049615245,4.85,99.79449509550922,4.858503020050297,25,,,,0.9359105587480854,0.07874766595475222,0.11500314746240309,0.9717006040100591,,,,,-0.03584461188141483,0.03584461188141483,,,1.7306183190075874e-05,,,1.3068180644872085e-05,103.82408820238635,99.99416967583802,2.4192255606236834e-05,0.002584889697002398,0.002584889697002398,SOC_UPPER_BOUND_NOT_REACHED,2312059.261921842,2312434.0433234773,374.7814016348244,0.0,0.9359105587480854,100.0,,,,,,,,,,,,,,,,,,,,,,,,,,,,,1,FIRST_UPWARD_CROSSING,charge_timeseries/cycle-075.csv,,,2311666.801709996,2319576.397003243,SOC_UPPER_BOUND_NOT_REACHED,SOC_UPPER_BOUND_NOT_REACHED,False,False,3,charge-efficiency-v1
75,virtual,60-80,60.0,80.0,60.0,80.0,100.0,NEGATIVE_PARTICLE_LITHIUM_DELTA_OVER_FROZEN_Q_REF_V1,4.858503020050297,25,20.0,W10_80_PERCENT_DISCHARGE_WINDOW,14.55,3.0000000000000004,2.9947496049615245,4.85,99.79449509550922,4.858503020050297,25,,,,0.8390339666238139,0.11500314746240309,0.15125862897005396,0.9717006040100591,,,,,-0.1327130746530177,0.1327130746530177,,,3.193204508741658e-05,,,4.316376019900675e-05,115.81183154242039,99.99446538893301,-2.8658538513859355e-05,-0.0034156589189324907,0.0034156589189324907,SOC_UPPER_BOUND_NOT_REACHED,2312434.0433234773,2315551.8194659823,3117.7761425048907,0.22147898906306981,0.6175549775607441,73.60309619474901,,,,,,,,,,,,,,,,,,,,,,,,,,,,,1,FIRST_UPWARD_CROSSING,charge_timeseries/cycle-075.csv,,,2311666.801709996,2319576.397003243,SOC_UPPER_BOUND_NOT_REACHED,SOC_UPPER_BOUND_NOT_REACHED,False,False,3,charge-efficiency-v1
75,virtual,80-100,80.0,100.0,80.0,,0.0,NEGATIVE_PARTICLE_LITHIUM_DELTA_OVER_FROZEN_Q_REF_V1,4.858503020050297,25,20.0,W10_80_PERCENT_DISCHARGE_WINDOW,14.55,3.0000000000000004,2.9947496049615245,4.85,99.79449509550922,4.858503020050297,25,,,,,,,,,,,,,,,,,,,,,,,,,,,,,,,,,,,,,,,,,,,,,,,,,,,,,,,,,,,,0,FIRST_UPWARD_CROSSING,charge_timeseries/cycle-075.csv,,,2311666.801709996,2319576.397003243,SOC_UPPER_BOUND_NOT_REACHED,SOC_UPPER_BOUND_NOT_REACHED,False,False,3,charge-efficiency-v1
