cycle,mode,soc_bin_id,soc_start_pct,soc_end_pct,actual_soc_start_pct,actual_soc_end_pct,soc_coverage_pct,soc_definition,soc_reference_capacity_ah,capacity_reference_node,soc_anchor_pct,soc_anchor_source,configured_charge_current_a,configured_nominal_charge_rate_c,effective_charge_rate_c,nominal_capacity_ah,soh_pct,q_ref_ah,q_ref_node,lli_pct,negative_lam_pct,positive_lam_pct,external_charge_ah,negative_particle_lithium_mol_start,negative_particle_lithium_mol_end,intercalated_charge_increment_ah,total_plating_inventory_start_ah,total_plating_inventory_end_ah,reversible_plating_inventory_start_ah,reversible_plating_inventory_end_ah,reversible_plating_increment_ah,reversible_plating_depletion_ah,dead_lithium_inventory_start_ah,dead_lithium_inventory_end_ah,dead_lithium_increment_ah,sei_inventory_start_ah,sei_inventory_end_ah,sei_increment_ah,useful_charge_efficiency_pct,reversible_retention_pct,charge_balance_error_ah,charge_balance_error_pct,charge_balance_abs_error_pct,charge_balance_status,time_start_s,time_end_s,duration_s,cc_charge_ah,cv_charge_ah,cv_charge_fraction_pct,mean_current_a,mean_voltage_v,maximum_voltage_v,temperature_start_k,temperature_end_k,temperature_mean_k,temperature_max_k,temperature_rise_k,negative_surface_stoichiometry,negative_average_stoichiometry,negative_particle_radial_stoichiometry_gradient,minimum_electrolyte_concentration_mol_m3,negative_reaction_overpotential_v,plating_reaction_overpotential_v,negative_intercalation_current_density_mean_a_m2,negative_intercalation_current_density_max_a_m2,negative_plating_current_density_mean_a_m2,negative_plating_current_density_extreme_a_m2,negative_sei_current_density_mean_a_m2,negative_sei_current_density_max_a_m2,electrolyte_ohmic_loss_mean_v,electrolyte_ohmic_loss_max_v,negative_particle_concentration_overpotential_mean_v,negative_particle_concentration_overpotential_max_v,irreversible_heating_energy_wh,ohmic_heating_energy_wh,reversible_heating_energy_wh,total_heating_energy_wh,soc_crossing_count,soc_crossing_selection_rule,charge_trace_path,trace_start_row,trace_end_row,trace_start_time_s,trace_end_time_s,primary_status,status_flags,is_valid_for_efficiency_analysis,is_valid_for_mechanism_analysis,output_schema_version,charge_efficiency_algorithm_version
1,virtual,20-40,20.0,40.0,20.0,40.0,100.0,NEGATIVE_PARTICLE_LITHIUM_DELTA_OVER_FROZEN_Q_REF_V1,4.863936692758327,0,20.0,INITIAL_SOC_CONFIGURATION,14.55,3.0000000000000004,2.9914040661061176,4.85,100.0,4.863936692758327,0,,,,1.030440579915221,0.04274926258206297,0.07904529164511757,0.9727873385516655,,,,,0.05757946440591699,0.0,,,1.4701614603679002e-05,,,0.0014905959060687024,94.40499117685187,99.9928402511434,-0.0014315205630339722,-0.1389231549044536,0.1389231549044536,SOC_UPPER_BOUND_NOT_REACHED,0.0,290.62529083214224,290.62529083214224,0.10994142642059652,0.9204991534946245,89.33063889723347,,,,,,,,,,,,,,,,,,,,,,,,,,,,,1,FIRST_UPWARD_CROSSING,charge_timeseries/cycle-001.csv,,,0.0,7467.237401700683,SOC_UPPER_BOUND_NOT_REACHED,SOC_UPPER_BOUND_NOT_REACHED,False,False,3,charge-efficiency-v1
1,virtual,40-60,40.0,60.0,40.0,60.0,100.0,NEGATIVE_PARTICLE_LITHIUM_DELTA_OVER_FROZEN_Q_REF_V1,4.863936692758327,0,20.0,INITIAL_SOC_CONFIGURATION,14.55,3.0000000000000004,2.9914040661061176,4.85,100.0,4.863936692758327,0,,,,0.9645397549634951,0.07904529164511757,0.11534132070817216,0.972787338551665,,,,,-0.008413656477083704,0.008413656477083704,,,1.4200638222867116e-05,,,0.0012450435867443074,100.8550796943027,99.98278216236717,-0.0010931713360533557,-0.11333605799324767,0.11333605799324767,SOC_UPPER_BOUND_NOT_REACHED,290.62529083214224,578.3604653439219,287.73517451177963,0.0,0.9645397549634951,100.0,,,,,,,,,,,,,,,,,,,,,,,,,,,,,1,FIRST_UPWARD_CROSSING,charge_timeseries/cycle-001.csv,,,0.0,7467.237401700683,SOC_UPPER_BOUND_NOT_REACHED,SOC_UPPER_BOUND_NOT_REACHED,False,False,3,charge-efficiency-v1
1,virtual,60-80,60.0,80.0,60.0,80.0,100.0,NEGATIVE_PARTICLE_LITHIUM_DELTA_OVER_FROZEN_Q_REF_V1,4.863936692758327,0,20.0,INITIAL_SOC_CONFIGURATION,14.55,3.0000000000000004,2.9914040661061176,4.85,100.0,4.863936692758327,0,,,,0.9380668270576048,0.11534132070817216,0.15163734977122675,0.9727873385516654,,,,,-0.035313307080555176,0.035313307080555176,,,5.9135749056619325e-05,,,0.002901856417710424,103.7012833726321,99.9368066784374,-0.0023681965802725413,-0.2524549970177247,0.2524549970177247,SOC_UPPER_BOUND_NOT_REACHED,578.3604653439219,3435.4796560638993,2857.1191907199773,0.21312825897401144,0.7249385680835934,77.28005587378865,,,,,,,,,,,,,,,,,,,,,,,,,,,,,1,FIRST_UPWARD_CROSSING,charge_timeseries/cycle-001.csv,,,0.0,7467.237401700683,SOC_UPPER_BOUND_NOT_REACHED,SOC_UPPER_BOUND_NOT_REACHED,False,False,3,charge-efficiency-v1
1,virtual,80-100,80.0,100.0,80.0,,0.0,NEGATIVE_PARTICLE_LITHIUM_DELTA_OVER_FROZEN_Q_REF_V1,4.863936692758327,0,20.0,INITIAL_SOC_CONFIGURATION,14.55,3.0000000000000004,2.9914040661061176,4.85,100.0,4.863936692758327,0,,,,,,,,,,,,,,,,,,,,,,,,,,,,,,,,,,,,,,,,,,,,,,,,,,,,,,,,,,,,0,FIRST_UPWARD_CROSSING,charge_timeseries/cycle-001.csv,,,0.0,7467.237401700683,SOC_UPPER_BOUND_NOT_REACHED,SOC_UPPER_BOUND_NOT_REACHED,False,False,3,charge-efficiency-v1
2,virtual,20-40,20.0,40.0,20.0,40.0,100.0,NEGATIVE_PARTICLE_LITHIUM_DELTA_OVER_FROZEN_Q_REF_V1,4.863936692758327,0,20.0,W10_80_PERCENT_DISCHARGE_WINDOW,14.55,3.0000000000000004,2.9914040661061176,4.85,100.0,4.863936692758327,0,,,,1.0620543648400758,0.04303313983310736,0.07932916889616196,0.9727873385516654,,,,,0.0892288415541991,0.0,,,1.1369787209279973e-05,,,0.0001469432601074929,91.59487223595639,99.99640463468958,-0.00012012831310559413,-0.01131093822336327,0.01131093822336327,SOC_UPPER_BOUND_NOT_REACHED,31056.74330866438,31368.171215978287,311.42790731390943,0.10147726827856679,0.9605770965615089,90.44519078890586,,,,,,,,,,,,,,,,,,,,,,,,,,,,,1,FIRST_UPWARD_CROSSING,charge_timeseries/cycle-002.csv,,,31056.74330866438,38558.39011001038,SOC_UPPER_BOUND_NOT_REACHED,SOC_UPPER_BOUND_NOT_REACHED,False,False,3,charge-efficiency-v1
2,virtual,40-60,40.0,60.0,40.0,60.0,100.0,NEGATIVE_PARTICLE_LITHIUM_DELTA_OVER_FROZEN_Q_REF_V1,4.863936692758327,0,20.0,W10_80_PERCENT_DISCHARGE_WINDOW,14.55,3.0000000000000004,2.9914040661061176,4.85,100.0,4.863936692758327,0,,,,0.9672201185052641,0.07932916889616196,0.11562519795921655,0.9727873385516654,,,,,-0.005714386029600796,0.005714386029600796,,,1.6890555942035093e-05,,,0.00029730213997211825,100.57558976905949,99.98478464411731,-0.0001670267127146241,-0.017268738472142837,0.017268738472142837,SOC_UPPER_BOUND_NOT_REACHED,31368.171215978287,31682.50668031541,314.3354643371236,0.0,0.9672201185052641,100.0,,,,,,,,,,,,,,,,,,,,,,,,,,,,,1,FIRST_UPWARD_CROSSING,charge_timeseries/cycle-002.csv,,,31056.74330866438,38558.39011001038,SOC_UPPER_BOUND_NOT_REACHED,SOC_UPPER_BOUND_NOT_REACHED,False,False,3,charge-efficiency-v1
2,virtual,60-80,60.0,80.0,60.0,80.0,100.0,NEGATIVE_PARTICLE_LITHIUM_DELTA_OVER_FROZEN_Q_REF_V1,4.863936692758327,0,20.0,W10_80_PERCENT_DISCHARGE_WINDOW,14.55,3.0000000000000004,2.9914040661061176,4.85,100.0,4.863936692758327,0,,,,0.9049363013935544,0.11562519795921655,0.15192122702227115,0.9727873385516654,,,,,-0.06824116844295162,0.06824116844295162,,,5.685342360214974e-05,,,0.0010618212974934163,107.49787991194785,99.95688853632684,-0.000728543436255058,-0.08050770370612156,0.08050770370612156,SOC_UPPER_BOUND_NOT_REACHED,31682.50668031541,34548.587214558764,2866.080534243354,0.2253063443324478,0.6796299570611066,75.10251893028406,,,,,,,,,,,,,,,,,,,,,,,,,,,,,1,FIRST_UPWARD_CROSSING,charge_timeseries/cycle-002.csv,,,31056.74330866438,38558.39011001038,SOC_UPPER_BOUND_NOT_REACHED,SOC_UPPER_BOUND_NOT_REACHED,False,False,3,charge-efficiency-v1
2,virtual,80-100,80.0,100.0,80.0,,0.0,NEGATIVE_PARTICLE_LITHIUM_DELTA_OVER_FROZEN_Q_REF_V1,4.863936692758327,0,20.0,W10_80_PERCENT_DISCHARGE_WINDOW,14.55,3.0000000000000004,2.9914040661061176,4.85,100.0,4.863936692758327,0,,,,,,,,,,,,,,,,,,,,,,,,,,,,,,,,,,,,,,,,,,,,,,,,,,,,,,,,,,,,0,FIRST_UPWARD_CROSSING,charge_timeseries/cycle-002.csv,,,31056.74330866438,38558.39011001038,SOC_UPPER_BOUND_NOT_REACHED,SOC_UPPER_BOUND_NOT_REACHED,False,False,3,charge-efficiency-v1
3,virtual,20-40,20.0,40.0,20.0,40.0,100.0,NEGATIVE_PARTICLE_LITHIUM_DELTA_OVER_FROZEN_Q_REF_V1,4.863936692758327,0,20.0,W10_80_PERCENT_DISCHARGE_WINDOW,14.55,3.0000000000000004,2.9914040661061176,4.85,100.0,4.863936692758327,0,,,,1.068470290246964,0.0429488779320397,0.07924490699509429,0.9727873385516652,,,,,0.0956575824170855,0.0,,,1.0006451435084151e-05,,,0.00011106848987178092,91.04486548959795,99.99762564495757,-9.57056630934705e-05,-0.008957260109810756,0.008957260109810756,SOC_UPPER_BOUND_NOT_REACHED,62147.904483588834,62469.37142098065,321.46693739181205,0.09491838814699576,0.9735519020999683,91.11642232700206,,,,,,,,,,,,,,,,,,,,,,,,,,,,,1,FIRST_UPWARD_CROSSING,charge_timeseries/cycle-003.csv,,,62147.904483588834,69714.70245576143,SOC_UPPER_BOUND_NOT_REACHED,SOC_UPPER_BOUND_NOT_REACHED,False,False,3,charge-efficiency-v1
3,virtual,40-60,40.0,60.0,40.0,60.0,100.0,NEGATIVE_PARTICLE_LITHIUM_DELTA_OVER_FROZEN_Q_REF_V1,4.863936692758327,0,20.0,W10_80_PERCENT_DISCHARGE_WINDOW,14.55,3.0000000000000004,2.9914040661061176,4.85,100.0,4.863936692758327,0,,,,0.9659261129971555,0.07924490699509429,0.11554093605814889,0.9727873385516654,,,,,-0.006990154997035564,0.006990154997035564,,,1.4614605229189878e-05,,,0.00022226847445901143,100.71032612766005,99.98665224588187,-0.00010795363716264994,-0.011176179596975845,0.011176179596975845,SOC_UPPER_BOUND_NOT_REACHED,62469.37142098065,62792.86448272958,323.4930617489364,0.0,0.9659261129971555,100.0,,,,,,,,,,,,,,,,,,,,,,,,,,,,,1,FIRST_UPWARD_CROSSING,charge_timeseries/cycle-003.csv,,,62147.904483588834,69714.70245576143,SOC_UPPER_BOUND_NOT_REACHED,SOC_UPPER_BOUND_NOT_REACHED,False,False,3,charge-efficiency-v1
3,virtual,60-80,60.0,80.0,60.0,80.0,100.0,NEGATIVE_PARTICLE_LITHIUM_DELTA_OVER_FROZEN_Q_REF_V1,4.863936692758327,0,20.0,W10_80_PERCENT_DISCHARGE_WINDOW,14.55,3.0000000000000004,2.9914040661061176,4.85,100.0,4.863936692758327,0,,,,0.8995561574449461,0.11554093605814889,0.15183696512120348,0.9727873385516654,,,,,-0.07353747009104507,0.07353747009104507,,,4.7500574325382136e-05,,,0.0007925509890370219,108.14081261082372,99.96595109912919,-0.0005337625790365896,-0.05933621537900001,0.05933621537900001,SOC_UPPER_BOUND_NOT_REACHED,62792.86448272958,65696.1964459026,2903.331963173021,0.22490402945974877,0.6746521279851974,74.99833361170526,,,,,,,,,,,,,,,,,,,,,,,,,,,,,1,FIRST_UPWARD_CROSSING,charge_timeseries/cycle-003.csv,,,62147.904483588834,69714.70245576143,SOC_UPPER_BOUND_NOT_REACHED,SOC_UPPER_BOUND_NOT_REACHED,False,False,3,charge-efficiency-v1
3,virtual,80-100,80.0,100.0,80.0,,0.0,NEGATIVE_PARTICLE_LITHIUM_DELTA_OVER_FROZEN_Q_REF_V1,4.863936692758327,0,20.0,W10_80_PERCENT_DISCHARGE_WINDOW,14.55,3.0000000000000004,2.9914040661061176,4.85,100.0,4.863936692758327,0,,,,,,,,,,,,,,,,,,,,,,,,,,,,,,,,,,,,,,,,,,,,,,,,,,,,,,,,,,,,0,FIRST_UPWARD_CROSSING,charge_timeseries/cycle-003.csv,,,62147.904483588834,69714.70245576143,SOC_UPPER_BOUND_NOT_REACHED,SOC_UPPER_BOUND_NOT_REACHED,False,False,3,charge-efficiency-v1
4,virtual,20-40,20.0,40.0,20.0,40.0,100.0,NEGATIVE_PARTICLE_LITHIUM_DELTA_OVER_FROZEN_Q_REF_V1,4.863936692758327,0,20.0,W10_80_PERCENT_DISCHARGE_WINDOW,14.55,3.0000000000000004,2.9914040661061176,4.85,100.0,4.863936692758327,0,,,,1.0727255021802176,0.042879878916288534,0.07917590797934312,0.9727873385516652,,,,,0.09991587727417472,0.0,,,9.190159926804938e-06,,,9.428607852544207e-05,90.68371513258172,99.99792245506123,-8.118988407468386e-05,-0.007568561007422007,0.007568561007422007,SOC_UPPER_BOUND_NOT_REACHED,93304.21826796686,93633.7998841114,329.58161614454247,0.09011135635571765,0.9826141458244998,91.59977494964232,,,,,,,,,,,,,,,,,,,,,,,,,,,,,1,FIRST_UPWARD_CROSSING,charge_timeseries/cycle-004.csv,,,93304.21826796686,100932.1042302398,SOC_UPPER_BOUND_NOT_REACHED,SOC_UPPER_BOUND_NOT_REACHED,False,False,3,charge-efficiency-v1
4,virtual,40-60,40.0,60.0,40.0,60.0,100.0,NEGATIVE_PARTICLE_LITHIUM_DELTA_OVER_FROZEN_Q_REF_V1,4.863936692758327,0,20.0,W10_80_PERCENT_DISCHARGE_WINDOW,14.55,3.0000000000000004,2.9914040661061176,4.85,100.0,4.863936692758327,0,,,,0.9649864284967997,0.07917590797934312,0.11547193704239773,0.9727873385516658,,,,,-0.007917187168484857,0.007917187168484857,,,1.3256783888535419e-05,,,0.00018667071624122594,100.808395830708,99.98795038871168,-8.365038651092505e-05,-0.008668555747590232,0.008668555747590232,SOC_UPPER_BOUND_NOT_REACHED,93633.7998841114,93964.81771321669,331.01782910528885,0.0,0.9649864284967997,100.0,,,,,,,,,,,,,,,,,,,,,,,,,,,,,1,FIRST_UPWARD_CROSSING,charge_timeseries/cycle-004.csv,,,93304.21826796686,100932.1042302398,SOC_UPPER_BOUND_NOT_REACHED,SOC_UPPER_BOUND_NOT_REACHED,False,False,3,charge-efficiency-v1
4,virtual,60-80,60.0,80.0,60.0,80.0,100.0,NEGATIVE_PARTICLE_LITHIUM_DELTA_OVER_FROZEN_Q_REF_V1,4.863936692758327,0,20.0,W10_80_PERCENT_DISCHARGE_WINDOW,14.55,3.0000000000000004,2.9914040661061176,4.85,100.0,4.863936692758327,0,,,,0.8959713663725591,0.11547193704239773,0.15176796610545232,0.972787338551665,,,,,-0.07707302776358133,0.07707302776358133,,,4.1911822170472165e-05,,,0.0006613769564271128,108.57348516505654,99.97130984380492,-0.00044623319412206985,-0.04980440345194235,0.04980440345194235,SOC_UPPER_BOUND_NOT_REACHED,93964.81771321669,96907.10396906524,2942.286255848544,0.22443565121072215,0.671535715161837,74.9505777043551,,,,,,,,,,,,,,,,,,,,,,,,,,,,,1,FIRST_UPWARD_CROSSING,charge_timeseries/cycle-004.csv,,,93304.21826796686,100932.1042302398,SOC_UPPER_BOUND_NOT_REACHED,SOC_UPPER_BOUND_NOT_REACHED,False,False,3,charge-efficiency-v1
4,virtual,80-100,80.0,100.0,80.0,,0.0,NEGATIVE_PARTICLE_LITHIUM_DELTA_OVER_FROZEN_Q_REF_V1,4.863936692758327,0,20.0,W10_80_PERCENT_DISCHARGE_WINDOW,14.55,3.0000000000000004,2.9914040661061176,4.85,100.0,4.863936692758327,0,,,,,,,,,,,,,,,,,,,,,,,,,,,,,,,,,,,,,,,,,,,,,,,,,,,,,,,,,,,,0,FIRST_UPWARD_CROSSING,charge_timeseries/cycle-004.csv,,,93304.21826796686,100932.1042302398,SOC_UPPER_BOUND_NOT_REACHED,SOC_UPPER_BOUND_NOT_REACHED,False,False,3,charge-efficiency-v1
5,virtual,20-40,20.0,40.0,20.0,40.0,100.0,NEGATIVE_PARTICLE_LITHIUM_DELTA_OVER_FROZEN_Q_REF_V1,4.863936692758327,0,20.0,W10_80_PERCENT_DISCHARGE_WINDOW,14.55,3.0000000000000004,2.9914040661061176,4.85,100.0,4.863936692758327,0,,,,1.0769171761315612,0.04281971031406911,0.07911573937712371,0.9727873385516655,,,,,0.10411389647108374,0.0,,,8.711531338495993e-06,,,8.41756364883886e-05,90.33074781535709,99.998519746071,-7.694605901509277e-05,-0.00714503034406916,0.00714503034406916,SOC_UPPER_BOUND_NOT_REACHED,124521.62159006082,124858.77652140736,337.1549313465421,0.0862121981431642,0.990704977988397,91.99453773661122,,,,,,,,,,,,,,,,,,,,,,,,,,,,,1,FIRST_UPWARD_CROSSING,charge_timeseries/cycle-005.csv,,,124521.62159006082,132207.30392878118,SOC_UPPER_BOUND_NOT_REACHED,SOC_UPPER_BOUND_NOT_REACHED,False,False,3,charge-efficiency-v1
5,virtual,40-60,40.0,60.0,40.0,60.0,100.0,NEGATIVE_PARTICLE_LITHIUM_DELTA_OVER_FROZEN_Q_REF_V1,4.863936692758327,0,20.0,W10_80_PERCENT_DISCHARGE_WINDOW,14.55,3.0000000000000004,2.9914040661061176,4.85,100.0,4.863936692758327,0,,,,0.9640475962151644,0.07911573937712371,0.11541176844017831,0.9727873385516654,,,,,-0.008844418950597135,0.008844418950597135,,,1.2451598146840455e-05,,,0.00016487506546597822,100.90656751500788,99.98914196617396,-7.265004951673149e-05,-0.0075359401135332345,0.0075359401135332345,SOC_UPPER_BOUND_NOT_REACHED,124858.77652140736,125196.77383393655,337.99731252917815,0.0,0.9640475962151644,100.0,,,,,,,,,,,,,,,,,,,,,,,,,,,,,1,FIRST_UPWARD_CROSSING,charge_timeseries/cycle-005.csv,,,124521.62159006082,132207.30392878118,SOC_UPPER_BOUND_NOT_REACHED,SOC_UPPER_BOUND_NOT_REACHED,False,False,3,charge-efficiency-v1
5,virtual,60-80,60.0,80.0,60.0,80.0,100.0,NEGATIVE_PARTICLE_LITHIUM_DELTA_OVER_FROZEN_Q_REF_V1,4.863936692758327,0,20.0,W10_80_PERCENT_DISCHARGE_WINDOW,14.55,3.0000000000000004,2.9914040661061176,4.85,100.0,4.863936692758327,0,,,,0.8924834348250565,0.11541176844017831,0.1517077975032329,0.9727873385516654,,,,,-0.08053297979601229,0.08053297979601229,,,3.83359562231249e-05,,,0.0005797723890734498,108.99780327489776,99.97433273711705,-0.00038903227589326406,-0.04358985956635953,0.04358985956635953,SOC_UPPER_BOUND_NOT_REACHED,125196.77383393655,128177.27736852759,2980.503534591044,0.22397356027198595,0.6685098745530705,74.90445743501233,,,,,,,,,,,,,,,,,,,,,,,,,,,,,1,FIRST_UPWARD_CROSSING,charge_timeseries/cycle-005.csv,,,124521.62159006082,132207.30392878118,SOC_UPPER_BOUND_NOT_REACHED,SOC_UPPER_BOUND_NOT_REACHED,False,False,3,charge-efficiency-v1
5,virtual,80-100,80.0,100.0,80.0,,0.0,NEGATIVE_PARTICLE_LITHIUM_DELTA_OVER_FROZEN_Q_REF_V1,4.863936692758327,0,20.0,W10_80_PERCENT_DISCHARGE_WINDOW,14.55,3.0000000000000004,2.9914040661061176,4.85,100.0,4.863936692758327,0,,,,,,,,,,,,,,,,,,,,,,,,,,,,,,,,,,,,,,,,,,,,,,,,,,,,,,,,,,,,0,FIRST_UPWARD_CROSSING,charge_timeseries/cycle-005.csv,,,124521.62159006082,132207.30392878118,SOC_UPPER_BOUND_NOT_REACHED,SOC_UPPER_BOUND_NOT_REACHED,False,False,3,charge-efficiency-v1
6,virtual,20-40,20.0,40.0,20.0,40.0,100.0,NEGATIVE_PARTICLE_LITHIUM_DELTA_OVER_FROZEN_Q_REF_V1,4.863936692758327,0,20.0,W10_80_PERCENT_DISCHARGE_WINDOW,14.55,3.0000000000000004,2.9914040661061176,4.85,100.0,4.863936692758327,0,,,,1.0820660874718144,0.04276553809695526,0.07906156716000987,0.9727873385516655,,,,,0.10927480283759941,0.0,,,8.544275146375822e-06,,,7.742160711984164e-05,89.90091731130097,99.99963531963573,-8.20197997166705e-05,-0.007579925169663627,0.007579925169663627,SOC_UPPER_BOUND_NOT_REACHED,155796.8225172654,156141.7485316819,344.9260144165129,0.08288948776081785,0.9991765997109966,92.33970191649898,,,,,,,,,,,,,,,,,,,,,,,,,,,,,1,FIRST_UPWARD_CROSSING,charge_timeseries/cycle-006.csv,,,155796.8225172654,163537.79669792482,SOC_UPPER_BOUND_NOT_REACHED,SOC_UPPER_BOUND_NOT_REACHED,False,False,3,charge-efficiency-v1
6,virtual,40-60,40.0,60.0,40.0,60.0,100.0,NEGATIVE_PARTICLE_LITHIUM_DELTA_OVER_FROZEN_Q_REF_V1,4.863936692758327,0,20.0,W10_80_PERCENT_DISCHARGE_WINDOW,14.55,3.0000000000000004,2.9914040661061176,4.85,100.0,4.863936692758327,0,,,,0.9629131611630654,0.07906156716000987,0.11535759622306446,0.9727873385516654,,,,,-0.009960701706914696,0.009960701706914696,,,1.2051231898384403e-05,,,0.00014990988419694845,101.02544837757472,99.99101431761406,-7.543679778077017e-05,-0.007834226472681399,0.007834226472681399,SOC_UPPER_BOUND_NOT_REACHED,156141.7485316819,156486.65633527748,344.907803595578,0.0,0.9629131611630654,100.0,,,,,,,,,,,,,,,,,,,,,,,,,,,,,1,FIRST_UPWARD_CROSSING,charge_timeseries/cycle-006.csv,,,155796.8225172654,163537.79669792482,SOC_UPPER_BOUND_NOT_REACHED,SOC_UPPER_BOUND_NOT_REACHED,False,False,3,charge-efficiency-v1
6,virtual,60-80,60.0,80.0,60.0,80.0,100.0,NEGATIVE_PARTICLE_LITHIUM_DELTA_OVER_FROZEN_Q_REF_V1,4.863936692758327,0,20.0,W10_80_PERCENT_DISCHARGE_WINDOW,14.55,3.0000000000000004,2.9914040661061176,4.85,100.0,4.863936692758327,0,,,,0.8883824433384648,0.11535759622306446,0.15165362528611903,0.9727873385516647,,,,,-0.08472334548199223,0.08472334548199223,,,3.607406701479669e-05,,,0.0005225427096514842,109.50096389748693,99.96415392141297,-0.0002401665078738402,-0.027034134867784543,0.027034134867784543,SOC_UPPER_BOUND_NOT_REACHED,156486.65633527748,159504.01921889998,3017.3628836224907,0.2235415849302844,0.6648408584081804,74.83723517877792,,,,,,,,,,,,,,,,,,,,,,,,,,,,,1,FIRST_UPWARD_CROSSING,charge_timeseries/cycle-006.csv,,,155796.8225172654,163537.79669792482,SOC_UPPER_BOUND_NOT_REACHED,SOC_UPPER_BOUND_NOT_REACHED,False,False,3,charge-efficiency-v1
6,virtual,80-100,80.0,100.0,80.0,,0.0,NEGATIVE_PARTICLE_LITHIUM_DELTA_OVER_FROZEN_Q_REF_V1,4.863936692758327,0,20.0,W10_80_PERCENT_DISCHARGE_WINDOW,14.55,3.0000000000000004,2.9914040661061176,4.85,100.0,4.863936692758327,0,,,,,,,,,,,,,,,,,,,,,,,,,,,,,,,,,,,,,,,,,,,,,,,,,,,,,,,,,,,,0,FIRST_UPWARD_CROSSING,charge_timeseries/cycle-006.csv,,,155796.8225172654,163537.79669792482,SOC_UPPER_BOUND_NOT_REACHED,SOC_UPPER_BOUND_NOT_REACHED,False,False,3,charge-efficiency-v1
7,virtual,20-40,20.0,40.0,20.0,40.0,100.0,NEGATIVE_PARTICLE_LITHIUM_DELTA_OVER_FROZEN_Q_REF_V1,4.863936692758327,0,20.0,W10_80_PERCENT_DISCHARGE_WINDOW,14.55,3.0000000000000004,2.9914040661061176,4.85,100.0,4.863936692758327,0,,,,1.0848992247656264,0.04271572293893725,0.07901175200199184,0.9727873385516652,,,,,0.11209452433611858,0.0,,,8.266106779965666e-06,,,7.224236898597386e-05,89.66614744902404,99.99839967828844,-6.314659792350241e-05,-0.005820503552958491,0.005820503552958491,SOC_UPPER_BOUND_NOT_REACHED,187127.31589596134,187478.84307788816,351.527181926833,0.07997375500231409,1.0049254697633123,92.62846233302535,,,,,,,,,,,,,,,,,,,,,,,,,,,,,1,FIRST_UPWARD_CROSSING,charge_timeseries/cycle-007.csv,,,187127.31589596134,194921.60752323156,SOC_UPPER_BOUND_NOT_REACHED,SOC_UPPER_BOUND_NOT_REACHED,False,False,3,charge-efficiency-v1
7,virtual,40-60,40.0,60.0,40.0,60.0,100.0,NEGATIVE_PARTICLE_LITHIUM_DELTA_OVER_FROZEN_Q_REF_V1,4.863936692758327,0,20.0,W10_80_PERCENT_DISCHARGE_WINDOW,14.55,3.0000000000000004,2.9914040661061176,4.85,100.0,4.863936692758327,0,,,,0.9622378868546103,0.07901175200199184,0.11530778106504645,0.9727873385516658,,,,,-0.010665531177287663,0.010665531177287663,,,1.1564909459307166e-05,,,0.00013861059468098236,101.09634549222956,99.98793650906725,-3.409602390813671e-05,-0.003543409002485937,0.003543409002485937,SOC_UPPER_BOUND_NOT_REACHED,187478.84307788816,187829.76745062709,350.92437273892585,0.0,0.9622378868546103,100.0,,,,,,,,,,,,,,,,,,,,,,,,,,,,,1,FIRST_UPWARD_CROSSING,charge_timeseries/cycle-007.csv,,,187127.31589596134,194921.60752323156,SOC_UPPER_BOUND_NOT_REACHED,SOC_UPPER_BOUND_NOT_REACHED,False,False,3,charge-efficiency-v1
7,virtual,60-80,60.0,80.0,60.0,80.0,100.0,NEGATIVE_PARTICLE_LITHIUM_DELTA_OVER_FROZEN_Q_REF_V1,4.863936692758327,0,20.0,W10_80_PERCENT_DISCHARGE_WINDOW,14.55,3.0000000000000004,2.9914040661061176,4.85,100.0,4.863936692758327,0,,,,0.8859299083757788,0.11530778106504645,0.15160381012810104,0.972787338551665,,,,,-0.08705126137092131,0.08705126137092131,,,3.39122785374277e-05,,,0.0004801793664561474,109.80409729423475,99.97812115911174,-0.000320260449958476,-0.036149637452202746,0.036149637452202746,SOC_UPPER_BOUND_NOT_REACHED,187829.76745062709,190884.1749351554,3054.407484528296,0.22308006118709986,0.6628498471886789,74.81967150244604,,,,,,,,,,,,,,,,,,,,,,,,,,,,,1,FIRST_UPWARD_CROSSING,charge_timeseries/cycle-007.csv,,,187127.31589596134,194921.60752323156,SOC_UPPER_BOUND_NOT_REACHED,SOC_UPPER_BOUND_NOT_REACHED,False,False,3,charge-efficiency-v1
7,virtual,80-100,80.0,100.0,80.0,,0.0,NEGATIVE_PARTICLE_LITHIUM_DELTA_OVER_FROZEN_Q_REF_V1,4.863936692758327,0,20.0,W10_80_PERCENT_DISCHARGE_WINDOW,14.55,3.0000000000000004,2.9914040661061176,4.85,100.0,4.863936692758327,0,,,,,,,,,,,,,,,,,,,,,,,,,,,,,,,,,,,,,,,,,,,,,,,,,,,,,,,,,,,,0,FIRST_UPWARD_CROSSING,charge_timeseries/cycle-007.csv,,,187127.31589596134,194921.60752323156,SOC_UPPER_BOUND_NOT_REACHED,SOC_UPPER_BOUND_NOT_REACHED,False,False,3,charge-efficiency-v1
8,virtual,20-40,20.0,40.0,20.0,40.0,100.0,NEGATIVE_PARTICLE_LITHIUM_DELTA_OVER_FROZEN_Q_REF_V1,4.863936692758327,0,20.0,W10_80_PERCENT_DISCHARGE_WINDOW,14.55,3.0000000000000004,2.9914040661061176,4.85,100.0,4.863936692758327,0,,,,1.0899536262201406,0.042669610327152774,0.07896563939020737,0.9727873385516654,,,,,0.11717019746793933,0.0,,,8.258420954911474e-06,,,6.850128378414755e-05,89.2503419549328,100.00035871245989,-8.06695042032679e-05,-0.007401186826913211,0.007401186826913211,SOC_UPPER_BOUND_NOT_REACHED,218511.12775504572,218870.16115060114,359.03339555540896,0.07736419598342911,1.0125894302367116,92.90206536109972,,,,,,,,,,,,,,,,,,,,,,,,,,,,,1,FIRST_UPWARD_CROSSING,charge_timeseries/cycle-008.csv,,,218511.12775504572,226358.77077005783,SOC_UPPER_BOUND_NOT_REACHED,SOC_UPPER_BOUND_NOT_REACHED,False,False,3,charge-efficiency-v1
8,virtual,40-60,40.0,60.0,40.0,60.0,100.0,NEGATIVE_PARTICLE_LITHIUM_DELTA_OVER_FROZEN_Q_REF_V1,4.863936692758327,0,20.0,W10_80_PERCENT_DISCHARGE_WINDOW,14.55,3.0000000000000004,2.9914040661061176,4.85,100.0,4.863936692758327,0,,,,0.9610386765488976,0.07896563939020737,0.11526166845326198,0.9727873385516658,,,,,-0.011803968235279017,0.011803968235279017,,,1.1440495701887238e-05,,,0.00012996285223368376,101.2224962729864,99.99424516058922,-8.609711542473253e-05,-0.008958756554305222,0.008958756554305222,SOC_UPPER_BOUND_NOT_REACHED,218870.16115060114,219227.61587629002,357.4547256888823,0.0,0.9610386765488976,100.0,,,,,,,,,,,,,,,,,,,,,,,,,,,,,1,FIRST_UPWARD_CROSSING,charge_timeseries/cycle-008.csv,,,218511.12775504572,226358.77077005783,SOC_UPPER_BOUND_NOT_REACHED,SOC_UPPER_BOUND_NOT_REACHED,False,False,3,charge-efficiency-v1
8,virtual,60-80,60.0,80.0,60.0,80.0,100.0,NEGATIVE_PARTICLE_LITHIUM_DELTA_OVER_FROZEN_Q_REF_V1,4.863936692758327,0,20.0,W10_80_PERCENT_DISCHARGE_WINDOW,14.55,3.0000000000000004,2.9914040661061176,4.85,100.0,4.863936692758327,0,,,,0.8818887614274652,0.11526166845326198,0.15155769751631656,0.972787338551665,,,,,-0.09112394515606306,0.09112394515606306,,,3.268714643416329e-05,,,0.00044648360783765273,110.30726108552139,99.97444484591249,-0.00025380272240849155,-0.02877944855513012,0.02877944855513012,SOC_UPPER_BOUND_NOT_REACHED,219227.61587629002,222317.3183411854,3089.702464895393,0.22267928088931455,0.6592094805381506,74.74973141409856,,,,,,,,,,,,,,,,,,,,,,,,,,,,,1,FIRST_UPWARD_CROSSING,charge_timeseries/cycle-008.csv,,,218511.12775504572,226358.77077005783,SOC_UPPER_BOUND_NOT_REACHED,SOC_UPPER_BOUND_NOT_REACHED,False,False,3,charge-efficiency-v1
8,virtual,80-100,80.0,100.0,80.0,,0.0,NEGATIVE_PARTICLE_LITHIUM_DELTA_OVER_FROZEN_Q_REF_V1,4.863936692758327,0,20.0,W10_80_PERCENT_DISCHARGE_WINDOW,14.55,3.0000000000000004,2.9914040661061176,4.85,100.0,4.863936692758327,0,,,,,,,,,,,,,,,,,,,,,,,,,,,,,,,,,,,,,,,,,,,,,,,,,,,,,,,,,,,,0,FIRST_UPWARD_CROSSING,charge_timeseries/cycle-008.csv,,,218511.12775504572,226358.77077005783,SOC_UPPER_BOUND_NOT_REACHED,SOC_UPPER_BOUND_NOT_REACHED,False,False,3,charge-efficiency-v1
9,virtual,20-40,20.0,40.0,20.0,40.0,100.0,NEGATIVE_PARTICLE_LITHIUM_DELTA_OVER_FROZEN_Q_REF_V1,4.863936692758327,0,20.0,W10_80_PERCENT_DISCHARGE_WINDOW,14.55,3.0000000000000004,2.9914040661061176,4.85,100.0,4.863936692758327,0,,,,1.0925576312488947,0.04262692431731618,0.07892295338037078,0.9727873385516655,,,,,0.11976716439355177,0.0,,,8.113917888511856e-06,,,6.531544969322345e-05,89.03762243092653,99.99971367151828,-7.03010639042656e-05,-0.00643454055818593,0.00643454055818593,SOC_UPPER_BOUND_NOT_REACHED,249948.29214226676,250313.69992940495,365.40778713818145,0.0749949996146094,1.0175626316342854,93.1358312395033,,,,,,,,,,,,,,,,,,,,,,,,,,,,,1,FIRST_UPWARD_CROSSING,charge_timeseries/cycle-009.csv,,,249948.29214226676,257849.39144138322,SOC_UPPER_BOUND_NOT_REACHED,SOC_UPPER_BOUND_NOT_REACHED,False,False,3,charge-efficiency-v1
9,virtual,40-60,40.0,60.0,40.0,60.0,100.0,NEGATIVE_PARTICLE_LITHIUM_DELTA_OVER_FROZEN_Q_REF_V1,4.863936692758327,0,20.0,W10_80_PERCENT_DISCHARGE_WINDOW,14.55,3.0000000000000004,2.9914040661061176,4.85,100.0,4.863936692758327,0,,,,0.960395824551682,0.07892295338037078,0.11521898244342538,0.9727873385516654,,,,,-0.012489978678640073,0.012489978678640073,,,1.1148025101076595e-05,,,0.00012283493633501175,101.29025071571587,99.98974748992659,-3.551828277936764e-05,-0.0036982962515427183,0.0036982962515427183,SOC_UPPER_BOUND_NOT_REACHED,250313.69992940495,250676.84929362504,363.1493642200885,0.0,0.960395824551682,100.0,,,,,,,,,,,,,,,,,,,,,,,,,,,,,1,FIRST_UPWARD_CROSSING,charge_timeseries/cycle-009.csv,,,249948.29214226676,257849.39144138322,SOC_UPPER_BOUND_NOT_REACHED,SOC_UPPER_BOUND_NOT_REACHED,False,False,3,charge-efficiency-v1
9,virtual,60-80,60.0,80.0,60.0,80.0,100.0,NEGATIVE_PARTICLE_LITHIUM_DELTA_OVER_FROZEN_Q_REF_V1,4.863936692758327,0,20.0,W10_80_PERCENT_DISCHARGE_WINDOW,14.55,3.0000000000000004,2.9914040661061176,4.85,100.0,4.863936692758327,0,,,,0.8797213334383085,0.11521898244342538,0.15151501150648,0.9727873385516662,,,,,-0.09323791706573205,0.09323791706573205,,,3.125979656769587e-05,,,0.00041960730399846075,110.57903242491778,99.98045836268373,-0.00027895514819187284,-0.03170948999288249,0.03170948999288249,SOC_UPPER_BOUND_NOT_REACHED,250676.84929362504,253802.37473056442,3125.5254369393797,0.22227217394579385,0.6574491594925146,74.73379745412518,,,,,,,,,,,,,,,,,,,,,,,,,,,,,1,FIRST_UPWARD_CROSSING,charge_timeseries/cycle-009.csv,,,249948.29214226676,257849.39144138322,SOC_UPPER_BOUND_NOT_REACHED,SOC_UPPER_BOUND_NOT_REACHED,False,False,3,charge-efficiency-v1
9,virtual,80-100,80.0,100.0,80.0,,0.0,NEGATIVE_PARTICLE_LITHIUM_DELTA_OVER_FROZEN_Q_REF_V1,4.863936692758327,0,20.0,W10_80_PERCENT_DISCHARGE_WINDOW,14.55,3.0000000000000004,2.9914040661061176,4.85,100.0,4.863936692758327,0,,,,,,,,,,,,,,,,,,,,,,,,,,,,,,,,,,,,,,,,,,,,,,,,,,,,,,,,,,,,0,FIRST_UPWARD_CROSSING,charge_timeseries/cycle-009.csv,,,249948.29214226676,257849.39144138322,SOC_UPPER_BOUND_NOT_REACHED,SOC_UPPER_BOUND_NOT_REACHED,False,False,3,charge-efficiency-v1
10,virtual,20-40,20.0,40.0,20.0,40.0,100.0,NEGATIVE_PARTICLE_LITHIUM_DELTA_OVER_FROZEN_Q_REF_V1,4.863936692758327,0,20.0,W10_80_PERCENT_DISCHARGE_WINDOW,14.55,3.0000000000000004,2.9914040661061176,4.85,100.0,4.863936692758327,0,,,,1.0961440792421053,0.04258746553558053,0.07888349459863513,0.9727873385516654,,,,,0.12335817592865687,0.0,,,8.0901660696772e-06,,,6.281842592685549e-05,88.74630233137499,100.00013093517943,-7.234383021348378e-05,-0.00659984682520054,0.00659984682520054,SOC_UPPER_BOUND_NOT_REACHED,281438.9129795743,281811.13002993696,372.2170503626696,0.07282004527682014,1.0233240339652852,93.35670860648453,,,,,,,,,,,,,,,,,,,,,,,,,,,,,1,FIRST_UPWARD_CROSSING,charge_timeseries/cycle-010.csv,,,281438.9129795743,289394.47469787137,SOC_UPPER_BOUND_NOT_REACHED,SOC_UPPER_BOUND_NOT_REACHED,False,False,3,charge-efficiency-v1
10,virtual,40-60,40.0,60.0,40.0,60.0,100.0,NEGATIVE_PARTICLE_LITHIUM_DELTA_OVER_FROZEN_Q_REF_V1,4.863936692758327,0,20.0,W10_80_PERCENT_DISCHARGE_WINDOW,14.55,3.0000000000000004,2.9914040661061176,4.85,100.0,4.863936692758327,0,,,,0.9595024480609207,0.07888349459863513,0.11517952366168972,0.9727873385516654,,,,,-0.01337896550211047,0.01337896550211047,,,1.1019805106096724e-05,,,0.00011699977225089475,101.38456035392015,99.99019543810901,-3.394456599126183e-05,-0.003537725834870056,0.003537725834870056,SOC_UPPER_BOUND_NOT_REACHED,281811.13002993696,282180.20482909476,369.0747991577796,0.0,0.9595024480609207,100.0,,,,,,,,,,,,,,,,,,,,,,,,,,,,,1,FIRST_UPWARD_CROSSING,charge_timeseries/cycle-010.csv,,,281438.9129795743,289394.47469787137,SOC_UPPER_BOUND_NOT_REACHED,SOC_UPPER_BOUND_NOT_REACHED,False,False,3,charge-efficiency-v1
10,virtual,60-80,60.0,80.0,60.0,80.0,100.0,NEGATIVE_PARTICLE_LITHIUM_DELTA_OVER_FROZEN_Q_REF_V1,4.863936692758327,0,20.0,W10_80_PERCENT_DISCHARGE_WINDOW,14.55,3.0000000000000004,2.9914040661061176,4.85,100.0,4.863936692758327,0,,,,0.876931167347689,0.11517952366168972,0.1514755527247443,0.972787338551665,,,,,-0.09610816921576702,0.09610816921576702,,,3.0263168263026333e-05,,,0.0003970781164539458,110.93086604435517,99.97126364973967,-0.0001753432729260096,-0.01999510103584776,0.01999510103584776,SOC_UPPER_BOUND_NOT_REACHED,282180.20482909476,285340.7108193874,3160.5059902926396,0.22192002315724152,0.6550111441904474,74.69356416781868,,,,,,,,,,,,,,,,,,,,,,,,,,,,,1,FIRST_UPWARD_CROSSING,charge_timeseries/cycle-010.csv,,,281438.9129795743,289394.47469787137,SOC_UPPER_BOUND_NOT_REACHED,SOC_UPPER_BOUND_NOT_REACHED,False,False,3,charge-efficiency-v1
10,virtual,80-100,80.0,100.0,80.0,,0.0,NEGATIVE_PARTICLE_LITHIUM_DELTA_OVER_FROZEN_Q_REF_V1,4.863936692758327,0,20.0,W10_80_PERCENT_DISCHARGE_WINDOW,14.55,3.0000000000000004,2.9914040661061176,4.85,100.0,4.863936692758327,0,,,,,,,,,,,,,,,,,,,,,,,,,,,,,,,,,,,,,,,,,,,,,,,,,,,,,,,,,,,,0,FIRST_UPWARD_CROSSING,charge_timeseries/cycle-010.csv,,,281438.9129795743,289394.47469787137,SOC_UPPER_BOUND_NOT_REACHED,SOC_UPPER_BOUND_NOT_REACHED,False,False,3,charge-efficiency-v1
11,virtual,20-40,20.0,40.0,20.0,40.0,100.0,NEGATIVE_PARTICLE_LITHIUM_DELTA_OVER_FROZEN_Q_REF_V1,4.863936692758327,0,20.0,W10_80_PERCENT_DISCHARGE_WINDOW,14.55,3.0000000000000004,2.9914040661061176,4.85,100.0,4.863936692758327,0,,,,1.1014672280250002,0.042550781447002486,0.07884681051005708,0.9727873385516654,,,,,0.1286871240303043,0.0,,,8.235136273339284e-06,,,6.0921924316802156e-05,88.31741097698696,100.00065681091415,-7.639161755967905e-05,-0.006935441710476852,0.006935441710476852,SOC_UPPER_BOUND_NOT_REACHED,312983.9962913786,313363.8956163752,379.8993249966044,0.07080647087535866,1.0306607571496416,93.5716225527364,,,,,,,,,,,,,,,,,,,,,,,,,,,,,1,FIRST_UPWARD_CROSSING,charge_timeseries/cycle-011.csv,,,312983.9962913786,320994.76856230013,SOC_UPPER_BOUND_NOT_REACHED,SOC_UPPER_BOUND_NOT_REACHED,False,False,3,charge-efficiency-v1
11,virtual,40-60,40.0,60.0,40.0,60.0,100.0,NEGATIVE_PARTICLE_LITHIUM_DELTA_OVER_FROZEN_Q_REF_V1,4.863936692758327,0,20.0,W10_80_PERCENT_DISCHARGE_WINDOW,14.55,3.0000000000000004,2.9914040661061176,4.85,100.0,4.863936692758327,0,,,,0.9582113125316407,0.07884681051005708,0.11514283957311168,0.9727873385516654,,,,,-0.014638139644047449,0.014638139644047449,,,1.1097096273719308e-05,,,0.00011219185135694781,101.52117031278979,99.99351775300391,-6.117532360783162e-05,-0.0063843249195423765,0.0063843249195423765,SOC_UPPER_BOUND_NOT_REACHED,313363.8956163752,313739.4139074995,375.51829112435144,0.0,0.9582113125316407,100.0,,,,,,,,,,,,,,,,,,,,,,,,,,,,,1,FIRST_UPWARD_CROSSING,charge_timeseries/cycle-011.csv,,,312983.9962913786,320994.76856230013,SOC_UPPER_BOUND_NOT_REACHED,SOC_UPPER_BOUND_NOT_REACHED,False,False,3,charge-efficiency-v1
11,virtual,60-80,60.0,80.0,60.0,80.0,100.0,NEGATIVE_PARTICLE_LITHIUM_DELTA_OVER_FROZEN_Q_REF_V1,4.863936692758327,0,20.0,W10_80_PERCENT_DISCHARGE_WINDOW,14.55,3.0000000000000004,2.9914040661061176,4.85,100.0,4.863936692758327,0,,,,0.8727111714205227,0.11514283957311168,0.15143886863616626,0.972787338551665,,,,,-0.1002962100424479,0.1002962100424479,,,2.9732356307484147e-05,,,0.0003776589364342803,111.4672723815655,99.97478628456795,-0.000187348381436081,-0.021467398100465673,0.021467398100465673,SOC_UPPER_BOUND_NOT_REACHED,313739.4139074995,316933.46149316564,3194.0475856660973,0.2216264190032388,0.6510847524172839,74.60483763001511,,,,,,,,,,,,,,,,,,,,,,,,,,,,,1,FIRST_UPWARD_CROSSING,charge_timeseries/cycle-011.csv,,,312983.9962913786,320994.76856230013,SOC_UPPER_BOUND_NOT_REACHED,SOC_UPPER_BOUND_NOT_REACHED,False,False,3,charge-efficiency-v1
11,virtual,80-100,80.0,100.0,80.0,,0.0,NEGATIVE_PARTICLE_LITHIUM_DELTA_OVER_FROZEN_Q_REF_V1,4.863936692758327,0,20.0,W10_80_PERCENT_DISCHARGE_WINDOW,14.55,3.0000000000000004,2.9914040661061176,4.85,100.0,4.863936692758327,0,,,,,,,,,,,,,,,,,,,,,,,,,,,,,,,,,,,,,,,,,,,,,,,,,,,,,,,,,,,,0,FIRST_UPWARD_CROSSING,charge_timeseries/cycle-011.csv,,,312983.9962913786,320994.76856230013,SOC_UPPER_BOUND_NOT_REACHED,SOC_UPPER_BOUND_NOT_REACHED,False,False,3,charge-efficiency-v1
12,virtual,20-40,20.0,40.0,20.0,40.0,100.0,NEGATIVE_PARTICLE_LITHIUM_DELTA_OVER_FROZEN_Q_REF_V1,4.863936692758327,0,20.0,W10_80_PERCENT_DISCHARGE_WINDOW,14.55,3.0000000000000004,2.9914040661061176,4.85,100.0,4.863936692758327,0,,,,1.1051261952576479,0.04251633538518216,0.07881236444823676,0.9727873385516655,,,,,0.13233566175807862,0.0,,,8.261409567549439e-06,,,5.919609201675974e-05,88.02500046837375,99.99971089745972,-6.426255368041645e-05,-0.005814951627803406,0.005814951627803406,SOC_UPPER_BOUND_NOT_REACHED,344584.28984569514,344971.09658839315,386.8067426980184,0.06892960438454078,1.036196590873107,93.76273907176088,,,,,,,,,,,,,,,,,,,,,,,,,,,,,1,FIRST_UPWARD_CROSSING,charge_timeseries/cycle-012.csv,,,344584.28984569514,352650.37228009955,SOC_UPPER_BOUND_NOT_REACHED,SOC_UPPER_BOUND_NOT_REACHED,False,False,3,charge-efficiency-v1
12,virtual,40-60,40.0,60.0,40.0,60.0,100.0,NEGATIVE_PARTICLE_LITHIUM_DELTA_OVER_FROZEN_Q_REF_V1,4.863936692758327,0,20.0,W10_80_PERCENT_DISCHARGE_WINDOW,14.55,3.0000000000000004,2.9914040661061176,4.85,100.0,4.863936692758327,0,,,,0.9572662434440566,0.07881236444823676,0.11510839351129135,0.972787338551665,,,,,-0.015579368017334144,0.015579368017334144,,,1.1055552348182215e-05,,,0.00010796631834151388,101.62139793541309,99.99391257028806,-6.0748960963863397e-05,-0.006346088288384694,0.006346088288384694,SOC_UPPER_BOUND_NOT_REACHED,344971.09658839315,345352.5335869365,381.4369985433302,0.0,0.9572662434440566,100.0,,,,,,,,,,,,,,,,,,,,,,,,,,,,,1,FIRST_UPWARD_CROSSING,charge_timeseries/cycle-012.csv,,,344584.28984569514,352650.37228009955,SOC_UPPER_BOUND_NOT_REACHED,SOC_UPPER_BOUND_NOT_REACHED,False,False,3,charge-efficiency-v1
12,virtual,60-80,60.0,80.0,60.0,80.0,100.0,NEGATIVE_PARTICLE_LITHIUM_DELTA_OVER_FROZEN_Q_REF_V1,4.863936692758327,0,20.0,W10_80_PERCENT_DISCHARGE_WINDOW,14.55,3.0000000000000004,2.9914040661061176,4.85,100.0,4.863936692758327,0,,,,0.8698075155189314,0.11510839351129135,0.15140442257434594,0.9727873385516654,,,,,-0.10316356160776806,0.10316356160776806,,,2.90322500178838e-05,,,0.00036116461161633806,111.83938069002494,99.97887594993652,-0.000206458286600264,-0.02373608906760135,0.02373608906760135,SOC_UPPER_BOUND_NOT_REACHED,345352.5335869365,348580.6451064547,3228.1115195182215,0.22133809005718263,0.6484694254617488,74.55321020937244,,,,,,,,,,,,,,,,,,,,,,,,,,,,,1,FIRST_UPWARD_CROSSING,charge_timeseries/cycle-012.csv,,,344584.28984569514,352650.37228009955,SOC_UPPER_BOUND_NOT_REACHED,SOC_UPPER_BOUND_NOT_REACHED,False,False,3,charge-efficiency-v1
12,virtual,80-100,80.0,100.0,80.0,,0.0,NEGATIVE_PARTICLE_LITHIUM_DELTA_OVER_FROZEN_Q_REF_V1,4.863936692758327,0,20.0,W10_80_PERCENT_DISCHARGE_WINDOW,14.55,3.0000000000000004,2.9914040661061176,4.85,100.0,4.863936692758327,0,,,,,,,,,,,,,,,,,,,,,,,,,,,,,,,,,,,,,,,,,,,,,,,,,,,,,,,,,,,,0,FIRST_UPWARD_CROSSING,charge_timeseries/cycle-012.csv,,,344584.28984569514,352650.37228009955,SOC_UPPER_BOUND_NOT_REACHED,SOC_UPPER_BOUND_NOT_REACHED,False,False,3,charge-efficiency-v1
13,virtual,20-40,20.0,40.0,20.0,40.0,100.0,NEGATIVE_PARTICLE_LITHIUM_DELTA_OVER_FROZEN_Q_REF_V1,4.863936692758327,0,20.0,W10_80_PERCENT_DISCHARGE_WINDOW,14.55,3.0000000000000004,2.9914040661061176,4.85,100.0,4.863936692758327,0,,,,1.1075294165770666,0.04248373925369108,0.07877976831674567,0.9727873385516652,,,,,0.1347514806555111,0.0,,,8.222827545493507e-06,,,5.7627947664368184e-05,87.83399555726153,100.0008489733969,-7.525340531944202e-05,-0.006794709394899902,0.006794709394899902,SOC_UPPER_BOUND_NOT_REACHED,376239.89214567514,376633.0500621139,393.15791643877435,0.06716973953224825,1.0403596770448182,93.93517332118876,,,,,,,,,,,,,,,,,,,,,,,,,,,,,1,FIRST_UPWARD_CROSSING,charge_timeseries/cycle-013.csv,,,376239.89214567514,384361.38828395837,SOC_UPPER_BOUND_NOT_REACHED,SOC_UPPER_BOUND_NOT_REACHED,False,False,3,charge-efficiency-v1
13,virtual,40-60,40.0,60.0,40.0,60.0,100.0,NEGATIVE_PARTICLE_LITHIUM_DELTA_OVER_FROZEN_Q_REF_V1,4.863936692758327,0,20.0,W10_80_PERCENT_DISCHARGE_WINDOW,14.55,3.0000000000000004,2.9914040661061176,4.85,100.0,4.863936692758327,0,,,,0.9565878720073934,0.07877976831674567,0.11507579737980027,0.9727873385516654,,,,,-0.016279730845323998,0.016279730845323998,,,1.093881007921166e-05,,,0.00010421863427750172,101.69346350903213,99.99160931228582,-3.489314330473725e-05,-0.003647667331545216,0.003647667331545216,SOC_UPPER_BOUND_NOT_REACHED,376633.0500621139,377020.01628620486,386.9662240909706,0.0,0.9565878720073934,100.0,,,,,,,,,,,,,,,,,,,,,,,,,,,,,1,FIRST_UPWARD_CROSSING,charge_timeseries/cycle-013.csv,,,376239.89214567514,384361.38828395837,SOC_UPPER_BOUND_NOT_REACHED,SOC_UPPER_BOUND_NOT_REACHED,False,False,3,charge-efficiency-v1
13,virtual,60-80,60.0,80.0,60.0,80.0,100.0,NEGATIVE_PARTICLE_LITHIUM_DELTA_OVER_FROZEN_Q_REF_V1,4.863936692758327,0,20.0,W10_80_PERCENT_DISCHARGE_WINDOW,14.55,3.0000000000000004,2.9914040661061176,4.85,100.0,4.863936692758327,0,,,,0.8678676916191628,0.11507579737980027,0.15137182644285488,0.9727873385516658,,,,,-0.10506513216771303,0.10506513216771303,,,2.8246031672435508e-05,,,0.0003469378552217739,112.08935969684003,99.98323647295376,-0.00022969865168409598,-0.026467012645159306,0.026467012645159306,SOC_UPPER_BOUND_NOT_REACHED,377020.01628620486,380282.55494842265,3262.538662217739,0.22105790004566528,0.6468097915734975,74.52861741710397,,,,,,,,,,,,,,,,,,,,,,,,,,,,,1,FIRST_UPWARD_CROSSING,charge_timeseries/cycle-013.csv,,,376239.89214567514,384361.38828395837,SOC_UPPER_BOUND_NOT_REACHED,SOC_UPPER_BOUND_NOT_REACHED,False,False,3,charge-efficiency-v1
13,virtual,80-100,80.0,100.0,80.0,,0.0,NEGATIVE_PARTICLE_LITHIUM_DELTA_OVER_FROZEN_Q_REF_V1,4.863936692758327,0,20.0,W10_80_PERCENT_DISCHARGE_WINDOW,14.55,3.0000000000000004,2.9914040661061176,4.85,100.0,4.863936692758327,0,,,,,,,,,,,,,,,,,,,,,,,,,,,,,,,,,,,,,,,,,,,,,,,,,,,,,,,,,,,,0,FIRST_UPWARD_CROSSING,charge_timeseries/cycle-013.csv,,,376239.89214567514,384361.38828395837,SOC_UPPER_BOUND_NOT_REACHED,SOC_UPPER_BOUND_NOT_REACHED,False,False,3,charge-efficiency-v1
14,virtual,20-40,20.0,40.0,20.0,40.0,100.0,NEGATIVE_PARTICLE_LITHIUM_DELTA_OVER_FROZEN_Q_REF_V1,4.863936692758327,0,20.0,W10_80_PERCENT_DISCHARGE_WINDOW,14.55,3.0000000000000004,2.9914040661061176,4.85,100.0,4.863936692758327,0,,,,1.112327072894707,0.04245272021479882,0.07874874927785341,0.9727873385516654,,,,,0.13953664692521062,0.0,,,8.385448641358949e-06,,,5.64916959312628e-05,87.45515255868897,99.99972243615154,-6.178972674186767e-05,-0.005554996209978671,0.005554996209978671,SOC_UPPER_BOUND_NOT_REACHED,407950.90697686153,408351.7104361547,400.80345929315985,0.06551212527714377,1.0468149476175632,94.11035415090134,,,,,,,,,,,,,,,,,,,,,,,,,,,,,1,FIRST_UPWARD_CROSSING,charge_timeseries/cycle-014.csv,,,407950.90697686153,416128.7014882846,SOC_UPPER_BOUND_NOT_REACHED,SOC_UPPER_BOUND_NOT_REACHED,False,False,3,charge-efficiency-v1
14,virtual,40-60,40.0,60.0,40.0,60.0,100.0,NEGATIVE_PARTICLE_LITHIUM_DELTA_OVER_FROZEN_Q_REF_V1,4.863936692758327,0,20.0,W10_80_PERCENT_DISCHARGE_WINDOW,14.55,3.0000000000000004,2.9914040661061176,4.85,100.0,4.863936692758327,0,,,,0.955359812910673,0.07874874927785341,0.11504477834090801,0.9727873385516654,,,,,-0.017498690336533715,0.017498690336533715,,,1.1050392168769109e-05,,,0.00010107011786391479,101.82418450153314,99.99255100595822,-4.095581449137242e-05,-0.004286951778575789,0.004286951778575789,SOC_UPPER_BOUND_NOT_REACHED,408351.7104361547,408744.98371116444,393.27327500973075,0.0,0.955359812910673,100.0,,,,,,,,,,,,,,,,,,,,,,,,,,,,,1,FIRST_UPWARD_CROSSING,charge_timeseries/cycle-014.csv,,,407950.90697686153,416128.7014882846,SOC_UPPER_BOUND_NOT_REACHED,SOC_UPPER_BOUND_NOT_REACHED,False,False,3,charge-efficiency-v1
14,virtual,60-80,60.0,80.0,60.0,80.0,100.0,NEGATIVE_PARTICLE_LITHIUM_DELTA_OVER_FROZEN_Q_REF_V1,4.863936692758327,0,20.0,W10_80_PERCENT_DISCHARGE_WINDOW,14.55,3.0000000000000004,2.9914040661061176,4.85,100.0,4.863936692758327,0,,,,0.8641696455499109,0.11504477834090801,0.1513408074039626,0.9727873385516654,,,,,-0.1087584186369659,0.1087584186369659,,,2.7910122135841936e-05,,,0.00033403930787838376,112.56902433001291,99.98371550818337,-0.00022122379480282728,-0.02559957942772364,0.02559957942772364,SOC_UPPER_BOUND_NOT_REACHED,408744.98371116444,412040.43821883487,3295.4545076704508,0.22082475319561412,0.6433448923542968,74.44659687680964,,,,,,,,,,,,,,,,,,,,,,,,,,,,,1,FIRST_UPWARD_CROSSING,charge_timeseries/cycle-014.csv,,,407950.90697686153,416128.7014882846,SOC_UPPER_BOUND_NOT_REACHED,SOC_UPPER_BOUND_NOT_REACHED,False,False,3,charge-efficiency-v1
14,virtual,80-100,80.0,100.0,80.0,,0.0,NEGATIVE_PARTICLE_LITHIUM_DELTA_OVER_FROZEN_Q_REF_V1,4.863936692758327,0,20.0,W10_80_PERCENT_DISCHARGE_WINDOW,14.55,3.0000000000000004,2.9914040661061176,4.85,100.0,4.863936692758327,0,,,,,,,,,,,,,,,,,,,,,,,,,,,,,,,,,,,,,,,,,,,,,,,,,,,,,,,,,,,,0,FIRST_UPWARD_CROSSING,charge_timeseries/cycle-014.csv,,,407950.90697686153,416128.7014882846,SOC_UPPER_BOUND_NOT_REACHED,SOC_UPPER_BOUND_NOT_REACHED,False,False,3,charge-efficiency-v1
15,virtual,20-40,20.0,40.0,20.0,40.0,100.0,NEGATIVE_PARTICLE_LITHIUM_DELTA_OVER_FROZEN_Q_REF_V1,4.863936692758327,0,20.0,W10_80_PERCENT_DISCHARGE_WINDOW,14.55,3.0000000000000004,2.9914040661061176,4.85,100.0,4.863936692758327,0,,,,1.1151281260084327,0.042423056928547934,0.07871908599160254,0.9727873385516658,,,,,0.14234708681054642,0.0,,,8.414190791736133e-06,,,5.5358317979703475e-05,87.2354768804665,100.00056489955124,-7.007186255081344e-05,-0.006283749904294276,0.006283749904294276,SOC_UPPER_BOUND_NOT_REACHED,439718.2203097759,440125.7129898066,407.4926800307194,0.06394477068417297,1.0511833553242598,94.2657019231448,,,,,,,,,,,,,,,,,,,,,,,,,,,,,1,FIRST_UPWARD_CROSSING,charge_timeseries/cycle-015.csv,,,439718.2203097759,447952.0930853626,SOC_UPPER_BOUND_NOT_REACHED,SOC_UPPER_BOUND_NOT_REACHED,False,False,3,charge-efficiency-v1
15,virtual,40-60,40.0,60.0,40.0,60.0,100.0,NEGATIVE_PARTICLE_LITHIUM_DELTA_OVER_FROZEN_Q_REF_V1,4.863936692758327,0,20.0,W10_80_PERCENT_DISCHARGE_WINDOW,14.55,3.0000000000000004,2.9914040661061176,4.85,100.0,4.863936692758327,0,,,,0.9545330987117745,0.07871908599160254,0.11501511505465713,0.972787338551665,,,,,-0.018309731535732204,0.018309731535732204,,,1.1015910430475437e-05,,,9.816691495510843e-05,101.91237368976792,99.99418650899413,-5.3691129543897986e-05,-0.005624857809159142,0.005624857809159142,SOC_UPPER_BOUND_NOT_REACHED,440125.7129898066,440524.64771177253,398.93472196592757,0.0,0.9545330987117745,100.0,,,,,,,,,,,,,,,,,,,,,,,,,,,,,1,FIRST_UPWARD_CROSSING,charge_timeseries/cycle-015.csv,,,439718.2203097759,447952.0930853626,SOC_UPPER_BOUND_NOT_REACHED,SOC_UPPER_BOUND_NOT_REACHED,False,False,3,charge-efficiency-v1
15,virtual,60-80,60.0,80.0,60.0,80.0,100.0,NEGATIVE_PARTICLE_LITHIUM_DELTA_OVER_FROZEN_Q_REF_V1,4.863936692758327,0,20.0,W10_80_PERCENT_DISCHARGE_WINDOW,14.55,3.0000000000000004,2.9914040661061176,4.85,100.0,4.863936692758327,0,,,,0.8619967563313625,0.11501511505465713,0.1513111441177117,0.972787338551665,,,,,-0.11092736946783922,0.11092736946783922,,,2.734817000396182e-05,,,0.00032281704261358235,112.85278412088515,99.98413135008548,-0.00021337796508080764,-0.024753917403232368,0.024753917403232368,SOC_UPPER_BOUND_NOT_REACHED,440524.64771177253,443853.80952339695,3329.161811624389,0.22058618050558862,0.6414105758257739,74.40985956323107,,,,,,,,,,,,,,,,,,,,,,,,,,,,,1,FIRST_UPWARD_CROSSING,charge_timeseries/cycle-015.csv,,,439718.2203097759,447952.0930853626,SOC_UPPER_BOUND_NOT_REACHED,SOC_UPPER_BOUND_NOT_REACHED,False,False,3,charge-efficiency-v1
15,virtual,80-100,80.0,100.0,80.0,,0.0,NEGATIVE_PARTICLE_LITHIUM_DELTA_OVER_FROZEN_Q_REF_V1,4.863936692758327,0,20.0,W10_80_PERCENT_DISCHARGE_WINDOW,14.55,3.0000000000000004,2.9914040661061176,4.85,100.0,4.863936692758327,0,,,,,,,,,,,,,,,,,,,,,,,,,,,,,,,,,,,,,,,,,,,,,,,,,,,,,,,,,,,,0,FIRST_UPWARD_CROSSING,charge_timeseries/cycle-015.csv,,,439718.2203097759,447952.0930853626,SOC_UPPER_BOUND_NOT_REACHED,SOC_UPPER_BOUND_NOT_REACHED,False,False,3,charge-efficiency-v1
16,virtual,20-40,20.0,40.0,20.0,40.0,100.0,NEGATIVE_PARTICLE_LITHIUM_DELTA_OVER_FROZEN_Q_REF_V1,4.863936692758327,0,20.0,W10_80_PERCENT_DISCHARGE_WINDOW,14.55,3.0000000000000004,2.9914040661061176,4.85,100.0,4.863936692758327,0,,,,1.1187971553413563,0.04239457527229028,0.07869060433534487,0.9727873385516654,,,,,0.14601241401679943,0.0,,,8.523324004531836e-06,,,5.445214255875297e-05,86.949393275393,100.00023214459353,-6.557269367202245e-05,-0.005860999320472491,0.005860999320472491,SOC_UPPER_BOUND_NOT_REACHED,471541.6117308498,471956.33850369486,414.72677284509126,0.0624570619527581,1.0563400933885982,94.41748116228435,,,,,,,,,,,,,,,,,,,,,,,,,,,,,1,FIRST_UPWARD_CROSSING,charge_timeseries/cycle-016.csv,,,471541.6117308498,479832.1570455782,SOC_UPPER_BOUND_NOT_REACHED,SOC_UPPER_BOUND_NOT_REACHED,False,False,3,charge-efficiency-v1
16,virtual,40-60,40.0,60.0,40.0,60.0,100.0,NEGATIVE_PARTICLE_LITHIUM_DELTA_OVER_FROZEN_Q_REF_V1,4.863936692758327,0,20.0,W10_80_PERCENT_DISCHARGE_WINDOW,14.55,3.0000000000000004,2.9914040661061176,4.85,100.0,4.863936692758327,0,,,,0.9535644697971186,0.07869060433534487,0.11498663339839947,0.9727873385516654,,,,,-0.01932892323187746,0.01932892323187746,,,1.107126570969283e-05,,,9.562834767506273e-05,102.01589607870318,99.98887810098952,-6.451360541337436e-07,-6.765521100749522e-05,6.765521100749522e-05,SOC_UPPER_BOUND_NOT_REACHED,471956.33850369486,472361.28706876165,404.94856506678155,0.0,0.9535644697971186,100.0,,,,,,,,,,,,,,,,,,,,,,,,,,,,,1,FIRST_UPWARD_CROSSING,charge_timeseries/cycle-016.csv,,,471541.6117308498,479832.1570455782,SOC_UPPER_BOUND_NOT_REACHED,SOC_UPPER_BOUND_NOT_REACHED,False,False,3,charge-efficiency-v1
16,virtual,60-80,60.0,80.0,60.0,80.0,100.0,NEGATIVE_PARTICLE_LITHIUM_DELTA_OVER_FROZEN_Q_REF_V1,4.863936692758327,0,20.0,W10_80_PERCENT_DISCHARGE_WINDOW,14.55,3.0000000000000004,2.9914040661061176,4.85,100.0,4.863936692758327,0,,,,0.8592281630550038,0.11498663339839947,0.15128266246145405,0.972787338551665,,,,,-0.1137219073597002,0.1137219073597002,,,2.6967623454539e-05,,,0.0003126201687892252,113.21641682378043,99.9810606926034,-0.00017685592920468896,-0.020583115964899704,0.020583115964899704,SOC_UPPER_BOUND_NOT_REACHED,472361.28706876165,475723.5902544896,3362.3031857279448,0.22037134977049327,0.6388568132845105,74.35240611911993,,,,,,,,,,,,,,,,,,,,,,,,,,,,,1,FIRST_UPWARD_CROSSING,charge_timeseries/cycle-016.csv,,,471541.6117308498,479832.1570455782,SOC_UPPER_BOUND_NOT_REACHED,SOC_UPPER_BOUND_NOT_REACHED,False,False,3,charge-efficiency-v1
16,virtual,80-100,80.0,100.0,80.0,,0.0,NEGATIVE_PARTICLE_LITHIUM_DELTA_OVER_FROZEN_Q_REF_V1,4.863936692758327,0,20.0,W10_80_PERCENT_DISCHARGE_WINDOW,14.55,3.0000000000000004,2.9914040661061176,4.85,100.0,4.863936692758327,0,,,,,,,,,,,,,,,,,,,,,,,,,,,,,,,,,,,,,,,,,,,,,,,,,,,,,,,,,,,,0,FIRST_UPWARD_CROSSING,charge_timeseries/cycle-016.csv,,,471541.6117308498,479832.1570455782,SOC_UPPER_BOUND_NOT_REACHED,SOC_UPPER_BOUND_NOT_REACHED,False,False,3,charge-efficiency-v1
17,virtual,20-40,20.0,40.0,20.0,40.0,100.0,NEGATIVE_PARTICLE_LITHIUM_DELTA_OVER_FROZEN_Q_REF_V1,4.863936692758327,0,20.0,W10_80_PERCENT_DISCHARGE_WINDOW,14.55,3.0000000000000004,2.9914040661061176,4.85,100.0,4.863936692758327,0,,,,1.124438850131755,0.04236710133493517,0.07866313039798976,0.9727873385516654,,,,,0.15164473562984992,0.0,,,8.76885942649344e-06,,,5.383228418692765e-05,86.513138392335,99.9993973927316,-5.582519337377079e-05,-0.004964715810666763,0.004964715810666763,SOC_UPPER_BOUND_NOT_REACHED,503421.67569579836,503844.7878559698,423.11216017141794,0.061040681849051544,1.0633981682827034,94.5714538552364,,,,,,,,,,,,,,,,,,,,,,,,,,,,,1,FIRST_UPWARD_CROSSING,charge_timeseries/cycle-017.csv,,,503421.67569579836,511769.6841761273,SOC_UPPER_BOUND_NOT_REACHED,SOC_UPPER_BOUND_NOT_REACHED,False,False,3,charge-efficiency-v1
17,virtual,40-60,40.0,60.0,40.0,60.0,100.0,NEGATIVE_PARTICLE_LITHIUM_DELTA_OVER_FROZEN_Q_REF_V1,4.863936692758327,0,20.0,W10_80_PERCENT_DISCHARGE_WINDOW,14.55,3.0000000000000004,2.9914040661061176,4.85,100.0,4.863936692758327,0,,,,0.9520292980768608,0.07866313039798976,0.11495915946104436,0.9727873385516654,,,,,-0.020815054415814854,0.020815054415814854,,,1.1299019564658909e-05,,,9.34384563523738e-05,102.18039933400546,99.9940113249534,-4.772353490678505e-05,-0.005012822084697246,0.005012822084697246,SOC_UPPER_BOUND_NOT_REACHED,503844.7878559698,504256.4868888163,411.6990328465025,0.0,0.9520292980768608,100.0,,,,,,,,,,,,,,,,,,,,,,,,,,,,,1,FIRST_UPWARD_CROSSING,charge_timeseries/cycle-017.csv,,,503421.67569579836,511769.6841761273,SOC_UPPER_BOUND_NOT_REACHED,SOC_UPPER_BOUND_NOT_REACHED,False,False,3,charge-efficiency-v1
17,virtual,60-80,60.0,80.0,60.0,80.0,100.0,NEGATIVE_PARTICLE_LITHIUM_DELTA_OVER_FROZEN_Q_REF_V1,4.863936692758327,0,20.0,W10_80_PERCENT_DISCHARGE_WINDOW,14.55,3.0000000000000004,2.9914040661061176,4.85,100.0,4.863936692758327,0,,,,0.8549413668882107,0.11495915946104436,0.15125518852409894,0.972787338551665,,,,,-0.11797523528144818,0.11797523528144818,,,2.689268984332519e-05,,,0.000303125332472981,113.78409984913777,99.98488041133578,-0.0002007544043225451,-0.023481657584688505,0.023481657584688505,SOC_UPPER_BOUND_NOT_REACHED,504256.4868888163,507650.6512323987,3394.1643435824235,0.22018862753588936,0.6347527393523212,74.24517796614226,,,,,,,,,,,,,,,,,,,,,,,,,,,,,1,FIRST_UPWARD_CROSSING,charge_timeseries/cycle-017.csv,,,503421.67569579836,511769.6841761273,SOC_UPPER_BOUND_NOT_REACHED,SOC_UPPER_BOUND_NOT_REACHED,False,False,3,charge-efficiency-v1
17,virtual,80-100,80.0,100.0,80.0,,0.0,NEGATIVE_PARTICLE_LITHIUM_DELTA_OVER_FROZEN_Q_REF_V1,4.863936692758327,0,20.0,W10_80_PERCENT_DISCHARGE_WINDOW,14.55,3.0000000000000004,2.9914040661061176,4.85,100.0,4.863936692758327,0,,,,,,,,,,,,,,,,,,,,,,,,,,,,,,,,,,,,,,,,,,,,,,,,,,,,,,,,,,,,0,FIRST_UPWARD_CROSSING,charge_timeseries/cycle-017.csv,,,503421.67569579836,511769.6841761273,SOC_UPPER_BOUND_NOT_REACHED,SOC_UPPER_BOUND_NOT_REACHED,False,False,3,charge-efficiency-v1
18,virtual,20-40,20.0,40.0,20.0,40.0,100.0,NEGATIVE_PARTICLE_LITHIUM_DELTA_OVER_FROZEN_Q_REF_V1,4.863936692758327,0,20.0,W10_80_PERCENT_DISCHARGE_WINDOW,14.55,3.0000000000000004,2.9914040661061176,4.85,100.0,4.863936692758327,0,,,,1.125861998755341,0.042340517939274264,0.07863654700232887,0.9727873385516658,,,,,0.15308044395129536,0.0,,,8.742210101964423e-06,,,5.29761516561561e-05,86.4037812473552,100.00051371727852,-6.750210937811474e-05,-0.005995593549896828,0.005995593549896828,SOC_UPPER_BOUND_NOT_REACHED,535359.2032608127,535788.5127385196,429.30947770695235,0.05968860103562239,1.0661733977197188,94.69840876576266,,,,,,,,,,,,,,,,,,,,,,,,,,,,,1,FIRST_UPWARD_CROSSING,charge_timeseries/cycle-018.csv,,,535359.2032608127,543763.6562972429,SOC_UPPER_BOUND_NOT_REACHED,SOC_UPPER_BOUND_NOT_REACHED,False,False,3,charge-efficiency-v1
18,virtual,40-60,40.0,60.0,40.0,60.0,100.0,NEGATIVE_PARTICLE_LITHIUM_DELTA_OVER_FROZEN_Q_REF_V1,4.863936692758327,0,20.0,W10_80_PERCENT_DISCHARGE_WINDOW,14.55,3.0000000000000004,2.9914040661061176,4.85,100.0,4.863936692758327,0,,,,0.951490152881274,0.07863654700232887,0.11493257606538346,0.972787338551665,,,,,-0.02135725319419754,0.02135725319419754,,,1.1204187530981097e-05,,,9.125661430874066e-05,102.2382980639263,99.99368700520708,-4.239327803312598e-05,-0.0044554615625555264,0.0044554615625555264,SOC_UPPER_BOUND_NOT_REACHED,535788.5127385196,536205.4842910614,416.97155254179205,0.0,0.951490152881274,100.0,,,,,,,,,,,,,,,,,,,,,,,,,,,,,1,FIRST_UPWARD_CROSSING,charge_timeseries/cycle-018.csv,,,535359.2032608127,543763.6562972429,SOC_UPPER_BOUND_NOT_REACHED,SOC_UPPER_BOUND_NOT_REACHED,False,False,3,charge-efficiency-v1
18,virtual,60-80,60.0,80.0,60.0,80.0,100.0,NEGATIVE_PARTICLE_LITHIUM_DELTA_OVER_FROZEN_Q_REF_V1,4.863936692758327,0,20.0,W10_80_PERCENT_DISCHARGE_WINDOW,14.55,3.0000000000000004,2.9914040661061176,4.85,100.0,4.863936692758327,0,,,,0.8538569562262054,0.11493257606538346,0.15122860512843805,0.9727873385516654,,,,,-0.11905694051256659,0.11905694051256659,,,2.6306496659660693e-05,,,0.00029503624581082855,113.92860729870928,99.98517805749738,-0.00019478455536403594,-0.022812316974604965,0.022812316974604965,SOC_UPPER_BOUND_NOT_REACHED,536205.4842910614,539633.5722058273,3428.0879147658725,0.21997571694328466,0.6338812392829207,74.23740412966686,,,,,,,,,,,,,,,,,,,,,,,,,,,,,1,FIRST_UPWARD_CROSSING,charge_timeseries/cycle-018.csv,,,535359.2032608127,543763.6562972429,SOC_UPPER_BOUND_NOT_REACHED,SOC_UPPER_BOUND_NOT_REACHED,False,False,3,charge-efficiency-v1
18,virtual,80-100,80.0,100.0,80.0,,0.0,NEGATIVE_PARTICLE_LITHIUM_DELTA_OVER_FROZEN_Q_REF_V1,4.863936692758327,0,20.0,W10_80_PERCENT_DISCHARGE_WINDOW,14.55,3.0000000000000004,2.9914040661061176,4.85,100.0,4.863936692758327,0,,,,,,,,,,,,,,,,,,,,,,,,,,,,,,,,,,,,,,,,,,,,,,,,,,,,,,,,,,,,0,FIRST_UPWARD_CROSSING,charge_timeseries/cycle-018.csv,,,535359.2032608127,543763.6562972429,SOC_UPPER_BOUND_NOT_REACHED,SOC_UPPER_BOUND_NOT_REACHED,False,False,3,charge-efficiency-v1
19,virtual,20-40,20.0,40.0,20.0,40.0,100.0,NEGATIVE_PARTICLE_LITHIUM_DELTA_OVER_FROZEN_Q_REF_V1,4.863936692758327,0,20.0,W10_80_PERCENT_DISCHARGE_WINDOW,14.55,3.0000000000000004,2.9914040661061176,4.85,100.0,4.863936692758327,0,,,,1.1311172369853988,0.042314753215182854,0.07861078227823745,0.9727873385516654,,,,,0.15832503633845604,0.0,,,8.991949325352347e-06,,,5.2525927093052815e-05,86.00234411989805,99.99957015107557,-5.6655781141223827e-05,-0.005008833681309657,0.005008833681309657,SOC_UPPER_BOUND_NOT_REACHED,567353.1750648766,567790.9625311415,437.7874662649292,0.05839404257505914,1.0727231944103397,94.83748981399239,,,,,,,,,,,,,,,,,,,,,,,,,,,,,1,FIRST_UPWARD_CROSSING,charge_timeseries/cycle-019.csv,,,567353.1750648766,575815.7801460491,SOC_UPPER_BOUND_NOT_REACHED,SOC_UPPER_BOUND_NOT_REACHED,False,False,3,charge-efficiency-v1
19,virtual,40-60,40.0,60.0,40.0,60.0,100.0,NEGATIVE_PARTICLE_LITHIUM_DELTA_OVER_FROZEN_Q_REF_V1,4.863936692758327,0,20.0,W10_80_PERCENT_DISCHARGE_WINDOW,14.55,3.0000000000000004,2.9914040661061176,4.85,100.0,4.863936692758327,0,,,,0.9500199827528004,0.07861078227823745,0.11490681134129205,0.9727873385516654,,,,,-0.022809414522959676,0.022809414522959676,,,1.1423048343581947e-05,,,8.945161195957063e-05,102.39651335889734,99.99557285900737,-5.881593620848946e-05,-0.00619102095495539,0.00619102095495539,SOC_UPPER_BOUND_NOT_REACHED,567790.9625311415,568214.6843050912,423.7217739497062,0.0,0.9500199827528004,100.0,,,,,,,,,,,,,,,,,,,,,,,,,,,,,1,FIRST_UPWARD_CROSSING,charge_timeseries/cycle-019.csv,,,567353.1750648766,575815.7801460491,SOC_UPPER_BOUND_NOT_REACHED,SOC_UPPER_BOUND_NOT_REACHED,False,False,3,charge-efficiency-v1
19,virtual,60-80,60.0,80.0,60.0,80.0,100.0,NEGATIVE_PARTICLE_LITHIUM_DELTA_OVER_FROZEN_Q_REF_V1,4.863936692758327,0,20.0,W10_80_PERCENT_DISCHARGE_WINDOW,14.55,3.0000000000000004,2.9914040661061176,4.85,100.0,4.863936692758327,0,,,,0.8499604904467319,0.11490681134129205,0.15120284040434664,0.9727873385516654,,,,,-0.12296331658929167,0.12296331658929167,,,2.623977437309034e-05,,,0.00028714880150602917,114.45088912784368,99.98394413788733,-0.0001769200915209268,-0.020815095937922846,0.020815095937922846,SOC_UPPER_BOUND_NOT_REACHED,568214.6843050912,571674.6245345062,3459.940229415004,0.2198099250252767,0.6301505654214553,74.13880674503513,,,,,,,,,,,,,,,,,,,,,,,,,,,,,1,FIRST_UPWARD_CROSSING,charge_timeseries/cycle-019.csv,,,567353.1750648766,575815.7801460491,SOC_UPPER_BOUND_NOT_REACHED,SOC_UPPER_BOUND_NOT_REACHED,False,False,3,charge-efficiency-v1
19,virtual,80-100,80.0,100.0,80.0,,0.0,NEGATIVE_PARTICLE_LITHIUM_DELTA_OVER_FROZEN_Q_REF_V1,4.863936692758327,0,20.0,W10_80_PERCENT_DISCHARGE_WINDOW,14.55,3.0000000000000004,2.9914040661061176,4.85,100.0,4.863936692758327,0,,,,,,,,,,,,,,,,,,,,,,,,,,,,,,,,,,,,,,,,,,,,,,,,,,,,,,,,,,,,0,FIRST_UPWARD_CROSSING,charge_timeseries/cycle-019.csv,,,567353.1750648766,575815.7801460491,SOC_UPPER_BOUND_NOT_REACHED,SOC_UPPER_BOUND_NOT_REACHED,False,False,3,charge-efficiency-v1
20,virtual,20-40,20.0,40.0,20.0,40.0,100.0,NEGATIVE_PARTICLE_LITHIUM_DELTA_OVER_FROZEN_Q_REF_V1,4.863936692758327,0,20.0,W10_80_PERCENT_DISCHARGE_WINDOW,14.55,3.0000000000000004,2.9914040661061176,4.85,100.0,4.863936692758327,0,,,,1.1337638238485577,0.04228970714721581,0.0785857362102704,0.9727873385516652,,,,,0.16098444808475973,0.0,,,9.0731493943637e-06,,,5.19487364313842e-05,85.80158566442363,100.00070233215241,-6.898467369320649e-05,-0.006084571781364326,0.006084571781364326,SOC_UPPER_BOUND_NOT_REACHED,599405.2995984851,599850.2028158217,444.9032173366398,0.05715233489542888,1.0766114889531289,94.95906169404618,,,,,,,,,,,,,,,,,,,,,,,,,,,,,1,FIRST_UPWARD_CROSSING,charge_timeseries/cycle-020.csv,,,599405.2995984851,607925.48589325,SOC_UPPER_BOUND_NOT_REACHED,SOC_UPPER_BOUND_NOT_REACHED,False,False,3,charge-efficiency-v1
20,virtual,40-60,40.0,60.0,40.0,60.0,100.0,NEGATIVE_PARTICLE_LITHIUM_DELTA_OVER_FROZEN_Q_REF_V1,4.863936692758327,0,20.0,W10_80_PERCENT_DISCHARGE_WINDOW,14.55,3.0000000000000004,2.9914040661061176,4.85,100.0,4.863936692758327,0,,,,0.9491798195033665,0.0785857362102704,0.114881765273325,0.9727873385516654,,,,,-0.02367124695863118,0.02367124695863118,,,1.1450536916875632e-05,,,8.768558835269002e-05,102.48714928017023,99.99328600239672,-3.540821493730473e-05,-0.0037304011536856262,0.0037304011536856262,SOC_UPPER_BOUND_NOT_REACHED,599850.2028158217,600279.7844177572,429.5816019354392,0.0,0.9491798195033665,100.0,,,,,,,,,,,,,,,,,,,,,,,,,,,,,1,FIRST_UPWARD_CROSSING,charge_timeseries/cycle-020.csv,,,599405.2995984851,607925.48589325,SOC_UPPER_BOUND_NOT_REACHED,SOC_UPPER_BOUND_NOT_REACHED,False,False,3,charge-efficiency-v1
20,virtual,60-80,60.0,80.0,60.0,80.0,100.0,NEGATIVE_PARTICLE_LITHIUM_DELTA_OVER_FROZEN_Q_REF_V1,4.863936692758327,0,20.0,W10_80_PERCENT_DISCHARGE_WINDOW,14.55,3.0000000000000004,2.9914040661061176,4.85,100.0,4.863936692758327,0,,,,0.8479879386428847,0.114881765273325,0.15117779433637957,0.9727873385516647,,,,,-0.12492072630313761,0.12492072630313761,,,2.5881970086900517e-05,,,0.00028021629205951526,114.71711969258764,99.98569243867408,-0.00018477186778875776,-0.02178944527023175,0.02178944527023175,SOC_UPPER_BOUND_NOT_REACHED,600279.7844177572,603772.8727829518,3493.088365194627,0.21962976789354924,0.6283581707493354,74.09989483517377,,,,,,,,,,,,,,,,,,,,,,,,,,,,,1,FIRST_UPWARD_CROSSING,charge_timeseries/cycle-020.csv,,,599405.2995984851,607925.48589325,SOC_UPPER_BOUND_NOT_REACHED,SOC_UPPER_BOUND_NOT_REACHED,False,False,3,charge-efficiency-v1
20,virtual,80-100,80.0,100.0,80.0,,0.0,NEGATIVE_PARTICLE_LITHIUM_DELTA_OVER_FROZEN_Q_REF_V1,4.863936692758327,0,20.0,W10_80_PERCENT_DISCHARGE_WINDOW,14.55,3.0000000000000004,2.9914040661061176,4.85,100.0,4.863936692758327,0,,,,,,,,,,,,,,,,,,,,,,,,,,,,,,,,,,,,,,,,,,,,,,,,,,,,,,,,,,,,0,FIRST_UPWARD_CROSSING,charge_timeseries/cycle-020.csv,,,599405.2995984851,607925.48589325,SOC_UPPER_BOUND_NOT_REACHED,SOC_UPPER_BOUND_NOT_REACHED,False,False,3,charge-efficiency-v1
21,virtual,20-40,20.0,40.0,20.0,40.0,100.0,NEGATIVE_PARTICLE_LITHIUM_DELTA_OVER_FROZEN_Q_REF_V1,4.863936692758327,0,20.0,W10_80_PERCENT_DISCHARGE_WINDOW,14.55,3.0000000000000004,2.9914040661061176,4.85,100.0,4.863936692758327,0,,,,1.142000044714324,0.04226530068776107,0.07856132975081566,0.9727873385516652,,,,,0.16921206050706677,0.0,,,9.535879288389898e-06,,,5.189369094751872e-05,85.18277587239605,99.99994346273498,-6.0783914644035875e-05,-0.005322584261302829,0.005322584261302829,SOC_UPPER_BOUND_NOT_REACHED,631515.0063699057,631970.4641147419,455.45774483627696,0.055958523461942467,1.0860415212523815,95.09995435456041,,,,,,,,,,,,,,,,,,,,,,,,,,,,,1,FIRST_UPWARD_CROSSING,charge_timeseries/cycle-021.csv,,,631515.0063699057,640095.2187708666,SOC_UPPER_BOUND_NOT_REACHED,SOC_UPPER_BOUND_NOT_REACHED,False,False,3,charge-efficiency-v1
21,virtual,40-60,40.0,60.0,40.0,60.0,100.0,NEGATIVE_PARTICLE_LITHIUM_DELTA_OVER_FROZEN_Q_REF_V1,4.863936692758327,0,20.0,W10_80_PERCENT_DISCHARGE_WINDOW,14.55,3.0000000000000004,2.9914040661061176,4.85,100.0,4.863936692758327,0,,,,0.9469267036111096,0.07856132975081566,0.11485735881387027,0.9727873385516658,,,,,-0.025926561179420132,0.025926561179420132,,,1.1917631986366629e-05,,,8.631713469560431e-05,102.73100704013694,99.99303787308853,-3.230852781799243e-05,-0.0034119354428155525,0.0034119354428155525,SOC_UPPER_BOUND_NOT_REACHED,631970.4641147419,632408.2026278331,437.73851309114553,0.0,0.9469267036111096,100.0,,,,,,,,,,,,,,,,,,,,,,,,,,,,,1,FIRST_UPWARD_CROSSING,charge_timeseries/cycle-021.csv,,,631515.0063699057,640095.2187708666,SOC_UPPER_BOUND_NOT_REACHED,SOC_UPPER_BOUND_NOT_REACHED,False,False,3,charge-efficiency-v1
21,virtual,60-80,60.0,80.0,60.0,80.0,100.0,NEGATIVE_PARTICLE_LITHIUM_DELTA_OVER_FROZEN_Q_REF_V1,4.863936692758327,0,20.0,W10_80_PERCENT_DISCHARGE_WINDOW,14.55,3.0000000000000004,2.9914040661061176,4.85,100.0,4.863936692758327,0,,,,0.8419497869663392,0.11485735881387027,0.15115338787692484,0.9727873385516647,,,,,-0.13095634239932982,0.13095634239932982,,,2.6195937674160664e-05,,,0.0002731164479493481,115.53982833783368,99.98589098591826,-0.00018052157161918547,-0.021440895218897735,0.021440895218897735,SOC_UPPER_BOUND_NOT_REACHED,632408.2026278331,635931.2457571303,3523.0431292972016,0.2195096690632169,0.6224401179031223,73.92841325441266,,,,,,,,,,,,,,,,,,,,,,,,,,,,,1,FIRST_UPWARD_CROSSING,charge_timeseries/cycle-021.csv,,,631515.0063699057,640095.2187708666,SOC_UPPER_BOUND_NOT_REACHED,SOC_UPPER_BOUND_NOT_REACHED,False,False,3,charge-efficiency-v1
21,virtual,80-100,80.0,100.0,80.0,,0.0,NEGATIVE_PARTICLE_LITHIUM_DELTA_OVER_FROZEN_Q_REF_V1,4.863936692758327,0,20.0,W10_80_PERCENT_DISCHARGE_WINDOW,14.55,3.0000000000000004,2.9914040661061176,4.85,100.0,4.863936692758327,0,,,,,,,,,,,,,,,,,,,,,,,,,,,,,,,,,,,,,,,,,,,,,,,,,,,,,,,,,,,,0,FIRST_UPWARD_CROSSING,charge_timeseries/cycle-021.csv,,,631515.0063699057,640095.2187708666,SOC_UPPER_BOUND_NOT_REACHED,SOC_UPPER_BOUND_NOT_REACHED,False,False,3,charge-efficiency-v1
22,virtual,20-40,20.0,40.0,20.0,40.0,100.0,NEGATIVE_PARTICLE_LITHIUM_DELTA_OVER_FROZEN_Q_REF_V1,4.863936692758327,0,20.0,W10_80_PERCENT_DISCHARGE_WINDOW,14.55,3.0000000000000004,2.9914040661061176,4.85,100.0,4.863936692758327,0,,,,1.1464074202456953,0.04224145440242604,0.07853748346548065,0.9727873385516655,,,,,0.1736199833639251,0.0,,,9.781682266046983e-06,,,5.160518875751974e-05,84.85528978372977,99.99999142276096,-6.128854091880243e-05,-0.0053461395867157955,0.0053461395867157955,SOC_UPPER_BOUND_NOT_REACHED,663684.7393189804,664148.7924697652,464.0531507848043,0.05480726378099852,1.0916001564646969,95.21921589017172,,,,,,,,,,,,,,,,,,,,,,,,,,,,,1,FIRST_UPWARD_CROSSING,charge_timeseries/cycle-022.csv,,,663684.7393189804,672324.0166435823,SOC_UPPER_BOUND_NOT_REACHED,SOC_UPPER_BOUND_NOT_REACHED,False,False,3,charge-efficiency-v1
22,virtual,40-60,40.0,60.0,40.0,60.0,100.0,NEGATIVE_PARTICLE_LITHIUM_DELTA_OVER_FROZEN_Q_REF_V1,4.863936692758327,0,20.0,W10_80_PERCENT_DISCHARGE_WINDOW,14.55,3.0000000000000004,2.9914040661061176,4.85,100.0,4.863936692758327,0,,,,0.94555785697308,0.07853748346548065,0.11483351252853523,0.972787338551665,,,,,-0.027280129862423397,0.027280129862423397,,,1.2095607225181756e-05,,,8.49008380489763e-05,102.879726647902,99.99464355528697,-4.6348161435672e-05,-0.004901673767911119,0.004901673767911119,SOC_UPPER_BOUND_NOT_REACHED,664148.7924697652,664593.2340703509,444.4416005857222,0.0,0.94555785697308,100.00000000000001,,,,,,,,,,,,,,,,,,,,,,,,,,,,,1,FIRST_UPWARD_CROSSING,charge_timeseries/cycle-022.csv,,,663684.7393189804,672324.0166435823,SOC_UPPER_BOUND_NOT_REACHED,SOC_UPPER_BOUND_NOT_REACHED,False,False,3,charge-efficiency-v1
22,virtual,60-80,60.0,80.0,60.0,80.0,100.0,NEGATIVE_PARTICLE_LITHIUM_DELTA_OVER_FROZEN_Q_REF_V1,4.863936692758327,0,20.0,W10_80_PERCENT_DISCHARGE_WINDOW,14.55,3.0000000000000004,2.9914040661061176,4.85,100.0,4.863936692758327,0,,,,0.8387767383144378,0.11483351252853523,0.15112954159158984,0.9727873385516658,,,,,-0.13414017113434623,0.13414017113434623,,,2.6073837876417058e-05,,,0.0002670030856217337,115.97690948207848,99.98455239741405,-0.00016350602637993372,-0.01949339066179958,0.01949339066179958,SOC_UPPER_BOUND_NOT_REACHED,664593.2340703509,668148.2340449517,3554.9999746008443,0.21936205489945576,0.619414683414982,73.84738454475091,,,,,,,,,,,,,,,,,,,,,,,,,,,,,1,FIRST_UPWARD_CROSSING,charge_timeseries/cycle-022.csv,,,663684.7393189804,672324.0166435823,SOC_UPPER_BOUND_NOT_REACHED,SOC_UPPER_BOUND_NOT_REACHED,False,False,3,charge-efficiency-v1
22,virtual,80-100,80.0,100.0,80.0,,0.0,NEGATIVE_PARTICLE_LITHIUM_DELTA_OVER_FROZEN_Q_REF_V1,4.863936692758327,0,20.0,W10_80_PERCENT_DISCHARGE_WINDOW,14.55,3.0000000000000004,2.9914040661061176,4.85,100.0,4.863936692758327,0,,,,,,,,,,,,,,,,,,,,,,,,,,,,,,,,,,,,,,,,,,,,,,,,,,,,,,,,,,,,0,FIRST_UPWARD_CROSSING,charge_timeseries/cycle-022.csv,,,663684.7393189804,672324.0166435823,SOC_UPPER_BOUND_NOT_REACHED,SOC_UPPER_BOUND_NOT_REACHED,False,False,3,charge-efficiency-v1
23,virtual,20-40,20.0,40.0,20.0,40.0,100.0,NEGATIVE_PARTICLE_LITHIUM_DELTA_OVER_FROZEN_Q_REF_V1,4.863936692758327,0,20.0,W10_80_PERCENT_DISCHARGE_WINDOW,14.55,3.0000000000000004,2.9914040661061176,4.85,100.0,4.863936692758327,0,,,,1.1461811794928762,0.04221812545318005,0.07851415451623465,0.9727873385516655,,,,,0.1733969982436407,0.0,,,9.663342889409824e-06,,,5.09741200222652e-05,84.87203907693474,100.00027546277033,-6.379476534168482e-05,-0.005565853504060378,0.005565853504060378,SOC_UPPER_BOUND_NOT_REACHED,695913.5372121411,696383.2821957521,469.74498361101394,0.05369493439122593,1.0924862451016504,95.31531878625132,,,,,,,,,,,,,,,,,,,,,,,,,,,,,1,FIRST_UPWARD_CROSSING,charge_timeseries/cycle-023.csv,,,695913.5372121411,704610.4891583013,SOC_UPPER_BOUND_NOT_REACHED,SOC_UPPER_BOUND_NOT_REACHED,False,False,3,charge-efficiency-v1
23,virtual,40-60,40.0,60.0,40.0,60.0,100.0,NEGATIVE_PARTICLE_LITHIUM_DELTA_OVER_FROZEN_Q_REF_V1,4.863936692758327,0,20.0,W10_80_PERCENT_DISCHARGE_WINDOW,14.55,3.0000000000000004,2.9914040661061176,4.85,100.0,4.863936692758327,0,,,,0.945367830805311,0.07851415451623465,0.11481018357928924,0.972787338551665,,,,,-0.02746721594090032,0.02746721594090032,,,1.1932305845511549e-05,,,8.337153940449205e-05,102.90040626017459,99.9949534781075,-4.7595650703780024e-05,-0.005034617124980411,0.005034617124980411,SOC_UPPER_BOUND_NOT_REACHED,696383.2821957521,696832.6790296622,449.39683391010044,0.0,0.945367830805311,100.0,,,,,,,,,,,,,,,,,,,,,,,,,,,,,1,FIRST_UPWARD_CROSSING,charge_timeseries/cycle-023.csv,,,695913.5372121411,704610.4891583013,SOC_UPPER_BOUND_NOT_REACHED,SOC_UPPER_BOUND_NOT_REACHED,False,False,3,charge-efficiency-v1
23,virtual,60-80,60.0,80.0,60.0,80.0,100.0,NEGATIVE_PARTICLE_LITHIUM_DELTA_OVER_FROZEN_Q_REF_V1,4.863936692758327,0,20.0,W10_80_PERCENT_DISCHARGE_WINDOW,14.55,3.0000000000000004,2.9914040661061176,4.85,100.0,4.863936692758327,0,,,,0.8389757563503457,0.11481018357928924,0.15110621264234386,0.9727873385516662,,,,,-0.13393099775957654,0.13393099775957654,,,2.546731338871856e-05,,,0.0002618493721453091,115.94939796394337,99.98576650667768,-0.0001679011272780473,-0.020012631593603985,0.020012631593603985,SOC_UPPER_BOUND_NOT_REACHED,696832.6790296622,700422.4714330081,3589.79240334588,0.21918360665349956,0.6197921496968462,73.87485812379407,,,,,,,,,,,,,,,,,,,,,,,,,,,,,1,FIRST_UPWARD_CROSSING,charge_timeseries/cycle-023.csv,,,695913.5372121411,704610.4891583013,SOC_UPPER_BOUND_NOT_REACHED,SOC_UPPER_BOUND_NOT_REACHED,False,False,3,charge-efficiency-v1
23,virtual,80-100,80.0,100.0,80.0,,0.0,NEGATIVE_PARTICLE_LITHIUM_DELTA_OVER_FROZEN_Q_REF_V1,4.863936692758327,0,20.0,W10_80_PERCENT_DISCHARGE_WINDOW,14.55,3.0000000000000004,2.9914040661061176,4.85,100.0,4.863936692758327,0,,,,,,,,,,,,,,,,,,,,,,,,,,,,,,,,,,,,,,,,,,,,,,,,,,,,,,,,,,,,0,FIRST_UPWARD_CROSSING,charge_timeseries/cycle-023.csv,,,695913.5372121411,704610.4891583013,SOC_UPPER_BOUND_NOT_REACHED,SOC_UPPER_BOUND_NOT_REACHED,False,False,3,charge-efficiency-v1
24,virtual,20-40,20.0,40.0,20.0,40.0,100.0,NEGATIVE_PARTICLE_LITHIUM_DELTA_OVER_FROZEN_Q_REF_V1,4.863936692758327,0,20.0,W10_80_PERCENT_DISCHARGE_WINDOW,14.55,3.0000000000000004,2.9914040661061176,4.85,100.0,4.863936692758327,0,,,,1.151153208839258,0.042195286387986176,0.07849131545104077,0.9727873385516652,,,,,0.17836298245940269,0.0,,,9.923869939270583e-06,,,5.082761527049062e-05,84.50546209505471,99.99974913606911,-5.786365701965224e-05,-0.005026581742146893,0.005026581742146893,SOC_UPPER_BOUND_NOT_REACHED,728200.0093150997,728678.8705463774,478.8612312777155,0.05261763792302847,1.0985355709162294,95.42913684129982,,,,,,,,,,,,,,,,,,,,,,,,,,,,,1,FIRST_UPWARD_CROSSING,charge_timeseries/cycle-024.csv,,,728200.0093150997,736957.1692403355,SOC_UPPER_BOUND_NOT_REACHED,SOC_UPPER_BOUND_NOT_REACHED,False,False,3,charge-efficiency-v1
24,virtual,40-60,40.0,60.0,40.0,60.0,100.0,NEGATIVE_PARTICLE_LITHIUM_DELTA_OVER_FROZEN_Q_REF_V1,4.863936692758327,0,20.0,W10_80_PERCENT_DISCHARGE_WINDOW,14.55,3.0000000000000004,2.9914040661061176,4.85,100.0,4.863936692758327,0,,,,0.9438784866481572,0.07849131545104077,0.11478734451409538,0.9727873385516658,,,,,-0.02900842102947984,0.02900842102947984,,,1.2172092561634536e-05,,,8.218211602080416e-05,103.06277262512549,99.98945106521869,5.214917388807194e-06,0.0005524988081173547,0.0005524988081173547,SOC_UPPER_BOUND_NOT_REACHED,728678.8705463774,729135.4773972278,456.60685085032827,0.0,0.9438784866481572,100.0,,,,,,,,,,,,,,,,,,,,,,,,,,,,,1,FIRST_UPWARD_CROSSING,charge_timeseries/cycle-024.csv,,,728200.0093150997,736957.1692403355,SOC_UPPER_BOUND_NOT_REACHED,SOC_UPPER_BOUND_NOT_REACHED,False,False,3,charge-efficiency-v1
24,virtual,60-80,60.0,80.0,60.0,80.0,100.0,NEGATIVE_PARTICLE_LITHIUM_DELTA_OVER_FROZEN_Q_REF_V1,4.863936692758327,0,20.0,W10_80_PERCENT_DISCHARGE_WINDOW,14.55,3.0000000000000004,2.9914040661061176,4.85,100.0,4.863936692758327,0,,,,0.8354345869779646,0.11478734451409538,0.15108337357715,0.9727873385516658,,,,,-0.13747308130367286,0.13747308130367286,,,2.5445638797133487e-05,,,0.0002564438505820166,116.4408744520083,99.98559675026061,-0.00016155975940745915,-0.019338409245405162,0.019338409245405162,SOC_UPPER_BOUND_NOT_REACHED,729135.4773972278,732756.965296451,3621.487899223316,0.21905764124020324,0.6163769457377614,73.77919891578763,,,,,,,,,,,,,,,,,,,,,,,,,,,,,1,FIRST_UPWARD_CROSSING,charge_timeseries/cycle-024.csv,,,728200.0093150997,736957.1692403355,SOC_UPPER_BOUND_NOT_REACHED,SOC_UPPER_BOUND_NOT_REACHED,False,False,3,charge-efficiency-v1
24,virtual,80-100,80.0,100.0,80.0,,0.0,NEGATIVE_PARTICLE_LITHIUM_DELTA_OVER_FROZEN_Q_REF_V1,4.863936692758327,0,20.0,W10_80_PERCENT_DISCHARGE_WINDOW,14.55,3.0000000000000004,2.9914040661061176,4.85,100.0,4.863936692758327,0,,,,,,,,,,,,,,,,,,,,,,,,,,,,,,,,,,,,,,,,,,,,,,,,,,,,,,,,,,,,0,FIRST_UPWARD_CROSSING,charge_timeseries/cycle-024.csv,,,728200.0093150997,736957.1692403355,SOC_UPPER_BOUND_NOT_REACHED,SOC_UPPER_BOUND_NOT_REACHED,False,False,3,charge-efficiency-v1
25,virtual,20-40,20.0,40.0,20.0,40.0,100.0,NEGATIVE_PARTICLE_LITHIUM_DELTA_OVER_FROZEN_Q_REF_V1,4.863936692758327,0,20.0,W10_80_PERCENT_DISCHARGE_WINDOW,14.55,3.0000000000000004,2.9914040661061176,4.85,100.0,4.863936692758327,0,,,,1.1542671789120746,0.04217290598085605,0.07846893504391064,0.9727873385516652,,,,,0.18147798576657803,0.0,,,1.0082919785681013e-05,,,5.059241920872537e-05,84.27748413227354,99.99983932716226,-5.882074516305735e-05,-0.005095938465347109,0.005095938465347109,SOC_UPPER_BOUND_NOT_REACHED,760546.6894823319,761033.70826152,487.0187791881814,0.051572353002724156,1.1026948259093505,95.53202638479833,,,,,,,,,,,,,,,,,,,,,,,,,,,,,1,FIRST_UPWARD_CROSSING,charge_timeseries/cycle-025.csv,,,760546.6894823319,769363.4920679334,SOC_UPPER_BOUND_NOT_REACHED,SOC_UPPER_BOUND_NOT_REACHED,False,False,3,charge-efficiency-v1
25,virtual,40-60,40.0,60.0,40.0,60.0,100.0,NEGATIVE_PARTICLE_LITHIUM_DELTA_OVER_FROZEN_Q_REF_V1,4.863936692758327,0,20.0,W10_80_PERCENT_DISCHARGE_WINDOW,14.55,3.0000000000000004,2.9914040661061176,4.85,100.0,4.863936692758327,0,,,,0.9427470940161347,0.07846893504391064,0.11476496410696523,0.972787338551665,,,,,-0.03008129571874213,0.03008129571874213,,,1.227806531790658e-05,,,8.100768089072674e-05,103.18645846019614,99.99564557838764,-5.223456299674467e-05,-0.005540676107971191,0.005540676107971191,SOC_UPPER_BOUND_NOT_REACHED,761033.70826152,761496.7565044505,463.04824293042634,0.0,0.9427470940161347,100.0,,,,,,,,,,,,,,,,,,,,,,,,,,,,,1,FIRST_UPWARD_CROSSING,charge_timeseries/cycle-025.csv,,,760546.6894823319,769363.4920679334,SOC_UPPER_BOUND_NOT_REACHED,SOC_UPPER_BOUND_NOT_REACHED,False,False,3,charge-efficiency-v1
25,virtual,60-80,60.0,80.0,60.0,80.0,100.0,NEGATIVE_PARTICLE_LITHIUM_DELTA_OVER_FROZEN_Q_REF_V1,4.863936692758327,0,20.0,W10_80_PERCENT_DISCHARGE_WINDOW,14.55,3.0000000000000004,2.9914040661061176,4.85,100.0,4.863936692758327,0,,,,0.8332467820366442,0.11476496410696523,0.15106099317001984,0.9727873385516658,,,,,-0.13965822145322257,0.13965822145322257,,,2.524280527477869e-05,,,0.0002516118303582948,116.74660611037139,99.98587874075992,-0.00015918969743211608,-0.019104747940702556,0.019104747940702556,SOC_UPPER_BOUND_NOT_REACHED,761496.7565044505,765150.8490071403,3654.0925026897426,0.21892522712950216,0.614321554907142,73.72624391126969,,,,,,,,,,,,,,,,,,,,,,,,,,,,,1,FIRST_UPWARD_CROSSING,charge_timeseries/cycle-025.csv,,,760546.6894823319,769363.4920679334,SOC_UPPER_BOUND_NOT_REACHED,SOC_UPPER_BOUND_NOT_REACHED,False,False,3,charge-efficiency-v1
25,virtual,80-100,80.0,100.0,80.0,,0.0,NEGATIVE_PARTICLE_LITHIUM_DELTA_OVER_FROZEN_Q_REF_V1,4.863936692758327,0,20.0,W10_80_PERCENT_DISCHARGE_WINDOW,14.55,3.0000000000000004,2.9914040661061176,4.85,100.0,4.863936692758327,0,,,,,,,,,,,,,,,,,,,,,,,,,,,,,,,,,,,,,,,,,,,,,,,,,,,,,,,,,,,,0,FIRST_UPWARD_CROSSING,charge_timeseries/cycle-025.csv,,,760546.6894823319,769363.4920679334,SOC_UPPER_BOUND_NOT_REACHED,SOC_UPPER_BOUND_NOT_REACHED,False,False,3,charge-efficiency-v1
26,virtual,20-40,20.0,40.0,20.0,40.0,100.0,NEGATIVE_PARTICLE_LITHIUM_DELTA_OVER_FROZEN_Q_REF_V1,4.841171514232395,25,20.0,W10_80_PERCENT_DISCHARGE_WINDOW,14.55,3.0000000000000004,3.005470877704901,4.85,99.53195981025357,4.841171514232395,25,,,,1.1542997441290912,0.0421509125956548,0.07827706165541226,0.9682343028464789,,,,,0.18606742365667756,0.0,,,1.0301388964727935e-05,,,5.02508254043299e-05,83.88066511935365,100.00017173824004,-6.253458843441528e-05,-0.005417534635390313,0.005417534635390313,VALID,792953.0123517505,793447.5810472016,494.56869545117803,0.05055581112745441,1.1037439330016368,95.62021811192565,,,,,,,,,,,,,,,,,,,,,,,,,,,,,1,FIRST_UPWARD_CROSSING,charge_timeseries/cycle-026.csv,,,792953.0123517505,801830.5261335373,VALID,VALID,True,True,3,charge-efficiency-v1
26,virtual,40-60,40.0,60.0,40.0,60.0,100.0,NEGATIVE_PARTICLE_LITHIUM_DELTA_OVER_FROZEN_Q_REF_V1,4.841171514232395,25,20.0,W10_80_PERCENT_DISCHARGE_WINDOW,14.55,3.0000000000000004,3.005470877704901,4.85,99.53195981025357,4.841171514232395,25,,,,0.9373912152555959,0.07827706165541226,0.1144032107151697,0.9682343028464786,,,,,-0.03089304333165957,0.03089304333165957,,,1.2403740047703046e-05,,,7.927852850125872e-05,103.29031114106108,99.9946707692622,-4.172652777212349e-05,-0.004451346150149917,0.004451346150149917,VALID,793447.5810472016,793913.2900632467,465.7090160450785,0.0,0.9373912152555959,100.0,,,,,,,,,,,,,,,,,,,,,,,,,,,,,1,FIRST_UPWARD_CROSSING,charge_timeseries/cycle-026.csv,,,792953.0123517505,801830.5261335373,VALID,VALID,True,True,3,charge-efficiency-v1
26,virtual,60-80,60.0,80.0,60.0,80.0,100.0,NEGATIVE_PARTICLE_LITHIUM_DELTA_OVER_FROZEN_Q_REF_V1,4.841171514232395,25,20.0,W10_80_PERCENT_DISCHARGE_WINDOW,14.55,3.0000000000000004,3.005470877704901,4.85,99.53195981025357,4.841171514232395,25,,,,0.8246193925339059,0.1144032107151697,0.15052935977492715,0.9682343028464786,,,,,-0.1437241368760438,0.1437241368760438,,,2.5279997184025037e-05,,,0.00024591404143040063,117.4159026106905,99.9867543057488,-0.00016196747514329868,-0.019641482677917866,0.019641482677917866,VALID,793913.2900632467,797564.2709103236,3650.9808470768803,0.20498514037897198,0.619634252154934,75.14184819870779,,,,,,,,,,,,,,,,,,,,,,,,,,,,,1,FIRST_UPWARD_CROSSING,charge_timeseries/cycle-026.csv,,,792953.0123517505,801830.5261335373,VALID,VALID,True,True,3,charge-efficiency-v1
26,virtual,80-100,80.0,100.0,80.0,100.0,100.0,NEGATIVE_PARTICLE_LITHIUM_DELTA_OVER_FROZEN_Q_REF_V1,4.841171514232395,25,20.0,W10_80_PERCENT_DISCHARGE_WINDOW,14.55,3.0000000000000004,3.005470877704901,4.85,99.53195981025357,4.841171514232395,25,,,,0.9671726436743265,0.15052935977492715,0.18665550883468465,0.9682343028464802,,,,,-0.0011347927922211887,0.0011347927922211887,,,8.991174055851623e-06,,,0.00018780270865997872,100.10976935494374,99.99243841101732,-0.00012366026264831742,-0.012785748589675497,0.012785748589675497,VALID,797564.2709103236,801449.3290105361,3885.058100212432,0.7499804755141738,0.21719216816015274,22.4564010966058,,,,,,,,,,,,,,,,,,,,,,,,,,,,,1,FIRST_UPWARD_CROSSING,charge_timeseries/cycle-026.csv,,,792953.0123517505,801830.5261335373,VALID,VALID,True,True,3,charge-efficiency-v1
27,virtual,20-40,20.0,40.0,20.0,40.0,100.0,NEGATIVE_PARTICLE_LITHIUM_DELTA_OVER_FROZEN_Q_REF_V1,4.841171514232395,25,20.0,W10_80_PERCENT_DISCHARGE_WINDOW,14.55,3.0000000000000004,3.005470877704901,4.85,99.53195981025357,4.841171514232395,25,,,,1.1520928773832497,0.04280886328751921,0.07893501234727666,0.9682343028464788,,,,,0.1838515313949472,0.0,,,1.01358761538696e-05,,,4.9481392671080204e-05,84.0413409243212,99.99938866544859,-5.2574127001214777e-05,-0.004563358391784044,0.004563358391784044,SOC_UPPER_BOUND_NOT_REACHED,825331.2994542114,825832.4877904226,501.1883362112478,0.049614013997367326,1.1024788633858824,95.69357514733919,,,,,,,,,,,,,,,,,,,,,,,,,,,,,1,FIRST_UPWARD_CROSSING,charge_timeseries/cycle-027.csv,,,825331.2994542114,834276.1151133911,SOC_UPPER_BOUND_NOT_REACHED,SOC_UPPER_BOUND_NOT_REACHED,False,False,3,charge-efficiency-v1
27,virtual,40-60,40.0,60.0,40.0,60.0,100.0,NEGATIVE_PARTICLE_LITHIUM_DELTA_OVER_FROZEN_Q_REF_V1,4.841171514232395,25,20.0,W10_80_PERCENT_DISCHARGE_WINDOW,14.55,3.0000000000000004,3.005470877704901,4.85,99.53195981025357,4.841171514232395,25,,,,0.936261376938094,0.07893501234727666,0.11506116140703412,0.9682343028464789,,,,,-0.03201120189243045,0.03201120189243045,,,1.232436877498036e-05,,,7.807677578207384e-05,103.41495726470612,99.99591182708286,-5.212516051156246e-05,-0.005567372722564952,0.005567372722564952,SOC_UPPER_BOUND_NOT_REACHED,825832.4877904226,826311.9065840663,479.4187936436805,0.0,0.936261376938094,100.0,,,,,,,,,,,,,,,,,,,,,,,,,,,,,1,FIRST_UPWARD_CROSSING,charge_timeseries/cycle-027.csv,,,825331.2994542114,834276.1151133911,SOC_UPPER_BOUND_NOT_REACHED,SOC_UPPER_BOUND_NOT_REACHED,False,False,3,charge-efficiency-v1
27,virtual,60-80,60.0,80.0,60.0,80.0,100.0,NEGATIVE_PARTICLE_LITHIUM_DELTA_OVER_FROZEN_Q_REF_V1,4.841171514232395,25,20.0,W10_80_PERCENT_DISCHARGE_WINDOW,14.55,3.0000000000000004,3.005470877704901,4.85,99.53195981025357,4.841171514232395,25,,,,0.8279493436149232,0.11506116140703412,0.15118731046679157,0.9682343028464786,,,,,-0.14040383960750835,0.14040383960750835,,,2.4407131992886834e-05,,,0.00024214218118252806,116.94366452651015,99.98564158823608,-0.0001476689372225115,-0.01783550387005221,0.01783550387005221,SOC_UPPER_BOUND_NOT_REACHED,826311.9065840663,830051.5497428912,3739.643158824891,0.22325407471530695,0.6046952688996162,73.03529781900016,,,,,,,,,,,,,,,,,,,,,,,,,,,,,1,FIRST_UPWARD_CROSSING,charge_timeseries/cycle-027.csv,,,825331.2994542114,834276.1151133911,SOC_UPPER_BOUND_NOT_REACHED,SOC_UPPER_BOUND_NOT_REACHED,False,False,3,charge-efficiency-v1
27,virtual,80-100,80.0,100.0,80.0,,0.0,NEGATIVE_PARTICLE_LITHIUM_DELTA_OVER_FROZEN_Q_REF_V1,4.841171514232395,25,20.0,W10_80_PERCENT_DISCHARGE_WINDOW,14.55,3.0000000000000004,3.005470877704901,4.85,99.53195981025357,4.841171514232395,25,,,,,,,,,,,,,,,,,,,,,,,,,,,,,,,,,,,,,,,,,,,,,,,,,,,,,,,,,,,,0,FIRST_UPWARD_CROSSING,charge_timeseries/cycle-027.csv,,,825331.2994542114,834276.1151133911,SOC_UPPER_BOUND_NOT_REACHED,SOC_UPPER_BOUND_NOT_REACHED,False,False,3,charge-efficiency-v1
28,virtual,20-40,20.0,40.0,20.0,40.0,100.0,NEGATIVE_PARTICLE_LITHIUM_DELTA_OVER_FROZEN_Q_REF_V1,4.841171514232395,25,20.0,W10_80_PERCENT_DISCHARGE_WINDOW,14.55,3.0000000000000004,3.005470877704901,4.85,99.53195981025357,4.841171514232395,25,,,,1.153204107712377,0.04278766049921449,0.07891380955897194,0.9682343028464788,,,,,0.1849657397721185,0.0,,,1.015245643644011e-05,,,4.920813642933508e-05,83.96035848044068,99.99964749572497,-5.529549908622755e-05,-0.004794944686410961,0.004794944686410961,SOC_UPPER_BOUND_NOT_REACHED,857776.8883460503,858285.1317354153,508.243389365001,0.04865280688827413,1.1045513008241028,95.78107582492164,,,,,,,,,,,,,,,,,,,,,,,,,,,,,1,FIRST_UPWARD_CROSSING,charge_timeseries/cycle-028.csv,,,857776.8883460503,866781.3137025997,SOC_UPPER_BOUND_NOT_REACHED,SOC_UPPER_BOUND_NOT_REACHED,False,False,3,charge-efficiency-v1
28,virtual,40-60,40.0,60.0,40.0,60.0,100.0,NEGATIVE_PARTICLE_LITHIUM_DELTA_OVER_FROZEN_Q_REF_V1,4.841171514232395,25,20.0,W10_80_PERCENT_DISCHARGE_WINDOW,14.55,3.0000000000000004,3.005470877704901,4.85,99.53195981025357,4.841171514232395,25,,,,0.9356941519750671,0.07891380955897194,0.11503995861872941,0.9682343028464794,,,,,-0.032586860160505576,0.032586860160505576,,,1.2306748482306205e-05,,,7.706282019581678e-05,103.47764820403403,99.99500806016638,-4.266027958477192e-05,-0.004559211949195624,0.004559211949195624,SOC_UPPER_BOUND_NOT_REACHED,858285.1317354153,858770.4302011533,485.298465737976,0.0,0.9356941519750671,100.0,,,,,,,,,,,,,,,,,,,,,,,,,,,,,1,FIRST_UPWARD_CROSSING,charge_timeseries/cycle-028.csv,,,857776.8883460503,866781.3137025997,SOC_UPPER_BOUND_NOT_REACHED,SOC_UPPER_BOUND_NOT_REACHED,False,False,3,charge-efficiency-v1
28,virtual,60-80,60.0,80.0,60.0,80.0,100.0,NEGATIVE_PARTICLE_LITHIUM_DELTA_OVER_FROZEN_Q_REF_V1,4.841171514232395,25,20.0,W10_80_PERCENT_DISCHARGE_WINDOW,14.55,3.0000000000000004,3.005470877704901,4.85,99.53195981025357,4.841171514232395,25,,,,0.8272399000975926,0.11503995861872941,0.15116610767848684,0.9682343028464782,,,,,-0.1411001144729844,0.1411001144729844,,,2.406546854594096e-05,,,0.00023838626926171724,117.04395577779214,99.9872211526443,-0.00015674001370880042,-0.018947346917177133,0.018947346917177133,SOC_UPPER_BOUND_NOT_REACHED,858770.4302011533,862543.7989210897,3773.368719936464,0.2231314332117129,0.6041084668858797,73.02699819177131,,,,,,,,,,,,,,,,,,,,,,,,,,,,,1,FIRST_UPWARD_CROSSING,charge_timeseries/cycle-028.csv,,,857776.8883460503,866781.3137025997,SOC_UPPER_BOUND_NOT_REACHED,SOC_UPPER_BOUND_NOT_REACHED,False,False,3,charge-efficiency-v1
28,virtual,80-100,80.0,100.0,80.0,,0.0,NEGATIVE_PARTICLE_LITHIUM_DELTA_OVER_FROZEN_Q_REF_V1,4.841171514232395,25,20.0,W10_80_PERCENT_DISCHARGE_WINDOW,14.55,3.0000000000000004,3.005470877704901,4.85,99.53195981025357,4.841171514232395,25,,,,,,,,,,,,,,,,,,,,,,,,,,,,,,,,,,,,,,,,,,,,,,,,,,,,,,,,,,,,0,FIRST_UPWARD_CROSSING,charge_timeseries/cycle-028.csv,,,857776.8883460503,866781.3137025997,SOC_UPPER_BOUND_NOT_REACHED,SOC_UPPER_BOUND_NOT_REACHED,False,False,3,charge-efficiency-v1
29,virtual,20-40,20.0,40.0,20.0,40.0,100.0,NEGATIVE_PARTICLE_LITHIUM_DELTA_OVER_FROZEN_Q_REF_V1,4.841171514232395,25,20.0,W10_80_PERCENT_DISCHARGE_WINDOW,14.55,3.0000000000000004,3.005470877704901,4.85,99.53195981025357,4.841171514232395,25,,,,1.1582672016958022,0.04276679423212671,0.07889294329188416,0.9682343028464788,,,,,0.19002791607996938,0.0,,,1.0460520870799947e-05,,,4.926569657333346e-05,83.5933454240007,99.99956980830099,-5.474344809019982e-05,-0.00472632290805185,0.00472632290805185,SOC_UPPER_BOUND_NOT_REACHED,890282.0866575795,890800.4347134382,518.3480558586721,0.047713209856870546,1.1105539918389318,95.8806387863686,,,,,,,,,,,,,,,,,,,,,,,,,,,,,1,FIRST_UPWARD_CROSSING,charge_timeseries/cycle-029.csv,,,890282.0866575795,899348.681339146,SOC_UPPER_BOUND_NOT_REACHED,SOC_UPPER_BOUND_NOT_REACHED;NON_MONOTONIC_SOC,False,False,3,charge-efficiency-v1
29,virtual,40-60,40.0,60.0,40.0,60.0,100.0,NEGATIVE_PARTICLE_LITHIUM_DELTA_OVER_FROZEN_Q_REF_V1,4.841171514232395,25,20.0,W10_80_PERCENT_DISCHARGE_WINDOW,14.55,3.0000000000000004,3.005470877704901,4.85,99.53195981025357,4.841171514232395,25,,,,0.9339821443906773,0.07889294329188416,0.11501909235164162,0.9682343028464789,,,,,-0.03430184418938001,0.03430184418938001,,,1.2588356650075367e-05,,,7.623095092433585e-05,103.66732476220383,99.99468022661068,-3.9133573996097404e-05,-0.004189970250622708,0.004189970250622708,SOC_UPPER_BOUND_NOT_REACHED,890800.4347134382,891293.5728616029,493.1381481647421,0.0,0.9339821443906773,100.0,,,,,,,,,,,,,,,,,,,,,,,,,,,,,1,FIRST_UPWARD_CROSSING,charge_timeseries/cycle-029.csv,,,890282.0866575795,899348.681339146,SOC_UPPER_BOUND_NOT_REACHED,SOC_UPPER_BOUND_NOT_REACHED;NON_MONOTONIC_SOC,False,False,3,charge-efficiency-v1
29,virtual,60-80,60.0,80.0,60.0,80.0,100.0,NEGATIVE_PARTICLE_LITHIUM_DELTA_OVER_FROZEN_Q_REF_V1,4.841171514232395,25,20.0,W10_80_PERCENT_DISCHARGE_WINDOW,14.55,3.0000000000000004,3.005470877704901,4.85,99.53195981025357,4.841171514232395,25,,,,0.8237837630180963,0.11501909235164162,0.1511452414113991,0.9682343028464794,,,,,-0.14455456900331282,0.14455456900331282,,,2.4106648265979826e-05,,,0.00023439490931537188,117.53500691724727,99.98737178618954,-0.00015447238265153818,-0.018751569232877054,0.018751569232877054,SOC_UPPER_BOUND_NOT_REACHED,891293.5728616029,895098.162548973,3804.589687370111,0.22304717063020707,0.6007365923878892,72.92406325016297,,,,,,,,,,,,,,,,,,,,,,,,,,,,,1,FIRST_UPWARD_CROSSING,charge_timeseries/cycle-029.csv,,,890282.0866575795,899348.681339146,SOC_UPPER_BOUND_NOT_REACHED,SOC_UPPER_BOUND_NOT_REACHED;NON_MONOTONIC_SOC,False,False,3,charge-efficiency-v1
29,virtual,80-100,80.0,100.0,80.0,,0.0,NEGATIVE_PARTICLE_LITHIUM_DELTA_OVER_FROZEN_Q_REF_V1,4.841171514232395,25,20.0,W10_80_PERCENT_DISCHARGE_WINDOW,14.55,3.0000000000000004,3.005470877704901,4.85,99.53195981025357,4.841171514232395,25,,,,,,,,,,,,,,,,,,,,,,,,,,,,,,,,,,,,,,,,,,,,,,,,,,,,,,,,,,,,0,FIRST_UPWARD_CROSSING,charge_timeseries/cycle-029.csv,,,890282.0866575795,899348.681339146,SOC_UPPER_BOUND_NOT_REACHED,SOC_UPPER_BOUND_NOT_REACHED;NON_MONOTONIC_SOC,False,False,3,charge-efficiency-v1
30,virtual,20-40,20.0,40.0,20.0,40.0,100.0,NEGATIVE_PARTICLE_LITHIUM_DELTA_OVER_FROZEN_Q_REF_V1,4.841171514232395,25,20.0,W10_80_PERCENT_DISCHARGE_WINDOW,14.55,3.0000000000000004,3.005470877704901,4.85,99.53195981025357,4.841171514232395,25,,,,1.1648036075152177,0.042746233466991156,0.07887238252674861,0.9682343028464788,,,,,0.19655512012993873,0.0,,,1.0890146027733253e-05,,,4.950924201271856e-05,83.12425344491639,99.99878223773445,-4.62148492403891e-05,-0.00396760869748468,0.00396760869748468,SOC_UPPER_BOUND_NOT_REACHED,922849.4541879933,923379.2258092504,529.7716212570884,0.04679294791269465,1.118010659602523,95.98276073229938,,,,,,,,,,,,,,,,,,,,,,,,,,,,,1,FIRST_UPWARD_CROSSING,charge_timeseries/cycle-030.csv,,,922849.4541879933,931978.9154179535,SOC_UPPER_BOUND_NOT_REACHED,SOC_UPPER_BOUND_NOT_REACHED;NON_MONOTONIC_SOC,False,False,3,charge-efficiency-v1
30,virtual,40-60,40.0,60.0,40.0,60.0,100.0,NEGATIVE_PARTICLE_LITHIUM_DELTA_OVER_FROZEN_Q_REF_V1,4.841171514232395,25,20.0,W10_80_PERCENT_DISCHARGE_WINDOW,14.55,3.0000000000000004,3.005470877704901,4.85,99.53195981025357,4.841171514232395,25,,,,0.9318065754711831,0.07887238252674861,0.11499853158650605,0.9682343028464786,,,,,-0.03647711659655484,0.03647711659655484,,,1.2983576979528656e-05,,,7.554175065255242e-05,103.90936577764278,99.99469962730899,-3.913610637273912e-05,-0.0042000247050144835,0.0042000247050144835,SOC_UPPER_BOUND_NOT_REACHED,923379.2258092504,923881.0206357434,501.79482649294016,0.0,0.9318065754711831,100.0,,,,,,,,,,,,,,,,,,,,,,,,,,,,,1,FIRST_UPWARD_CROSSING,charge_timeseries/cycle-030.csv,,,922849.4541879933,931978.9154179535,SOC_UPPER_BOUND_NOT_REACHED,SOC_UPPER_BOUND_NOT_REACHED;NON_MONOTONIC_SOC,False,False,3,charge-efficiency-v1
30,virtual,60-80,60.0,80.0,60.0,80.0,100.0,NEGATIVE_PARTICLE_LITHIUM_DELTA_OVER_FROZEN_Q_REF_V1,4.841171514232395,25,20.0,W10_80_PERCENT_DISCHARGE_WINDOW,14.55,3.0000000000000004,3.005470877704901,4.85,99.53195981025357,4.841171514232395,25,,,,0.8193423905312922,0.11499853158650605,0.15112468064626353,0.9682343028464794,,,,,-0.14899480910052934,0.14899480910052934,,,2.428160032650912e-05,,,0.0002304695842357124,118.17212364889849,99.98744154012643,-0.00015185439922005273,-0.018533692504495547,0.018533692504495547,SOC_UPPER_BOUND_NOT_REACHED,923881.0206357434,927715.3180450371,3834.2974092937966,0.2229858433901819,0.5963565471411103,72.7847788705782,,,,,,,,,,,,,,,,,,,,,,,,,,,,,1,FIRST_UPWARD_CROSSING,charge_timeseries/cycle-030.csv,,,922849.4541879933,931978.9154179535,SOC_UPPER_BOUND_NOT_REACHED,SOC_UPPER_BOUND_NOT_REACHED;NON_MONOTONIC_SOC,False,False,3,charge-efficiency-v1
30,virtual,80-100,80.0,100.0,80.0,,0.0,NEGATIVE_PARTICLE_LITHIUM_DELTA_OVER_FROZEN_Q_REF_V1,4.841171514232395,25,20.0,W10_80_PERCENT_DISCHARGE_WINDOW,14.55,3.0000000000000004,3.005470877704901,4.85,99.53195981025357,4.841171514232395,25,,,,,,,,,,,,,,,,,,,,,,,,,,,,,,,,,,,,,,,,,,,,,,,,,,,,,,,,,,,,0,FIRST_UPWARD_CROSSING,charge_timeseries/cycle-030.csv,,,922849.4541879933,931978.9154179535,SOC_UPPER_BOUND_NOT_REACHED,SOC_UPPER_BOUND_NOT_REACHED;NON_MONOTONIC_SOC,False,False,3,charge-efficiency-v1
31,virtual,20-40,20.0,40.0,20.0,40.0,100.0,NEGATIVE_PARTICLE_LITHIUM_DELTA_OVER_FROZEN_Q_REF_V1,4.841171514232395,25,20.0,W10_80_PERCENT_DISCHARGE_WINDOW,14.55,3.0000000000000004,3.005470877704901,4.85,99.53195981025357,4.841171514232395,25,,,,1.1703029159299398,0.04272589606497385,0.0788520451247313,0.9682343028464788,,,,,0.20205619965504468,0.0,,,1.1252332633142608e-05,,,4.9692625707087323e-05,82.73364867053293,99.99893929783073,-4.853152992412291e-05,-0.004146920362542124,0.004146920362542124,SOC_UPPER_BOUND_NOT_REACHED,955479.6888561246,956020.433782137,540.7449260123896,0.04589074545966176,1.124412170470278,96.0787292900833,,,,,,,,,,,,,,,,,,,,,,,,,,,,,1,FIRST_UPWARD_CROSSING,charge_timeseries/cycle-031.csv,,,955479.6888561246,964672.3382291176,SOC_UPPER_BOUND_NOT_REACHED,SOC_UPPER_BOUND_NOT_REACHED;NON_MONOTONIC_SOC,False,False,3,charge-efficiency-v1
31,virtual,40-60,40.0,60.0,40.0,60.0,100.0,NEGATIVE_PARTICLE_LITHIUM_DELTA_OVER_FROZEN_Q_REF_V1,4.841171514232395,25,20.0,W10_80_PERCENT_DISCHARGE_WINDOW,14.55,3.0000000000000004,3.005470877704901,4.85,99.53195981025357,4.841171514232395,25,,,,0.9298758018701271,0.0788520451247313,0.11497819418448876,0.9682343028464789,,,,,-0.03841141810457513,0.03841141810457513,,,1.331043503242273e-05,,,7.484615640909742e-05,104.12512089240379,99.99430922623034,-3.5239463218150746e-05,-0.0037896956934763354,0.0037896956934763354,SOC_UPPER_BOUND_NOT_REACHED,956020.433782137,956530.63284321,510.199061072935,0.0,0.9298758018701271,100.0,,,,,,,,,,,,,,,,,,,,,,,,,,,,,1,FIRST_UPWARD_CROSSING,charge_timeseries/cycle-031.csv,,,955479.6888561246,964672.3382291176,SOC_UPPER_BOUND_NOT_REACHED,SOC_UPPER_BOUND_NOT_REACHED;NON_MONOTONIC_SOC,False,False,3,charge-efficiency-v1
31,virtual,60-80,60.0,80.0,60.0,80.0,100.0,NEGATIVE_PARTICLE_LITHIUM_DELTA_OVER_FROZEN_Q_REF_V1,4.841171514232395,25,20.0,W10_80_PERCENT_DISCHARGE_WINDOW,14.55,3.0000000000000004,3.005470877704901,4.85,99.53195981025357,4.841171514232395,25,,,,0.8156732982855587,0.11497819418448876,0.1511043432442462,0.9682343028464786,,,,,-0.15266297700285375,0.15266297700285375,,,2.435915265078248e-05,,,0.0002268362909952082,118.70368993095443,99.9874983719403,-0.00014922300171205105,-0.0182944571099359,0.0182944571099359,SOC_UPPER_BOUND_NOT_REACHED,956530.63284321,960395.4425461354,3864.8097029254604,0.22292410792600545,0.5927491903595532,72.66992699226964,,,,,,,,,,,,,,,,,,,,,,,,,,,,,1,FIRST_UPWARD_CROSSING,charge_timeseries/cycle-031.csv,,,955479.6888561246,964672.3382291176,SOC_UPPER_BOUND_NOT_REACHED,SOC_UPPER_BOUND_NOT_REACHED;NON_MONOTONIC_SOC,False,False,3,charge-efficiency-v1
31,virtual,80-100,80.0,100.0,80.0,,0.0,NEGATIVE_PARTICLE_LITHIUM_DELTA_OVER_FROZEN_Q_REF_V1,4.841171514232395,25,20.0,W10_80_PERCENT_DISCHARGE_WINDOW,14.55,3.0000000000000004,3.005470877704901,4.85,99.53195981025357,4.841171514232395,25,,,,,,,,,,,,,,,,,,,,,,,,,,,,,,,,,,,,,,,,,,,,,,,,,,,,,,,,,,,,0,FIRST_UPWARD_CROSSING,charge_timeseries/cycle-031.csv,,,955479.6888561246,964672.3382291176,SOC_UPPER_BOUND_NOT_REACHED,SOC_UPPER_BOUND_NOT_REACHED;NON_MONOTONIC_SOC,False,False,3,charge-efficiency-v1
32,virtual,20-40,20.0,40.0,20.0,40.0,100.0,NEGATIVE_PARTICLE_LITHIUM_DELTA_OVER_FROZEN_Q_REF_V1,4.841171514232395,25,20.0,W10_80_PERCENT_DISCHARGE_WINDOW,14.55,3.0000000000000004,3.005470877704901,4.85,99.53195981025357,4.841171514232395,25,,,,1.1751322859337103,0.042705782008521355,0.07883193106827881,0.9682343028464788,,,,,0.20688720085140752,0.0,,,1.1588434926914238e-05,,,4.983953637507921e-05,82.39364320393605,99.99908246620802,-5.0645735478083154e-05,-0.004309790147399635,0.004309790147399635,SOC_UPPER_BOUND_NOT_REACHED,988173.1114450202,988724.703768462,551.5923234417687,0.04500485485923873,1.1301274310744716,96.17023075632035,,,,,,,,,,,,,,,,,,,,,,,,,,,,,1,FIRST_UPWARD_CROSSING,charge_timeseries/cycle-032.csv,,,988173.1114450202,997429.306113407,SOC_UPPER_BOUND_NOT_REACHED,SOC_UPPER_BOUND_NOT_REACHED;NON_MONOTONIC_SOC,False,False,3,charge-efficiency-v1
32,virtual,40-60,40.0,60.0,40.0,60.0,100.0,NEGATIVE_PARTICLE_LITHIUM_DELTA_OVER_FROZEN_Q_REF_V1,4.841171514232395,25,20.0,W10_80_PERCENT_DISCHARGE_WINDOW,14.55,3.0000000000000004,3.005470877704901,4.85,99.53195981025357,4.841171514232395,25,,,,0.9280837293849524,0.07883193106827881,0.11495808012803625,0.9682343028464786,,,,,-0.040196723046283606,0.040196723046283606,,,1.359417360956858e-05,,,7.414935076233142e-05,104.32618008378772,99.99502743305412,-4.159393961444824e-05,-0.004481701197586217,0.004481701197586217,SOC_UPPER_BOUND_NOT_REACHED,988724.703768462,989243.1701273519,518.4663588899423,0.0,0.9280837293849524,100.0,,,,,,,,,,,,,,,,,,,,,,,,,,,,,1,FIRST_UPWARD_CROSSING,charge_timeseries/cycle-032.csv,,,988173.1114450202,997429.306113407,SOC_UPPER_BOUND_NOT_REACHED,SOC_UPPER_BOUND_NOT_REACHED;NON_MONOTONIC_SOC,False,False,3,charge-efficiency-v1
32,virtual,60-80,60.0,80.0,60.0,80.0,100.0,NEGATIVE_PARTICLE_LITHIUM_DELTA_OVER_FROZEN_Q_REF_V1,4.841171514232395,25,20.0,W10_80_PERCENT_DISCHARGE_WINDOW,14.55,3.0000000000000004,3.005470877704901,4.85,99.53195981025357,4.841171514232395,25,,,,0.8125216543788867,0.11495808012803625,0.1510842291877937,0.9682343028464789,,,,,-0.15581738988148955,0.15581738988148955,,,2.4375876565744994e-05,,,0.00022343293113695484,119.16412290409949,99.98710909262138,-0.00014306739380542943,-0.017607825346488023,0.017607825346488023,SOC_UPPER_BOUND_NOT_REACHED,989243.1701273519,993138.903485041,3895.7333576890596,0.2228678507700239,0.5896538036088628,72.5708417038571,,,,,,,,,,,,,,,,,,,,,,,,,,,,,1,FIRST_UPWARD_CROSSING,charge_timeseries/cycle-032.csv,,,988173.1114450202,997429.306113407,SOC_UPPER_BOUND_NOT_REACHED,SOC_UPPER_BOUND_NOT_REACHED;NON_MONOTONIC_SOC,False,False,3,charge-efficiency-v1
32,virtual,80-100,80.0,100.0,80.0,,0.0,NEGATIVE_PARTICLE_LITHIUM_DELTA_OVER_FROZEN_Q_REF_V1,4.841171514232395,25,20.0,W10_80_PERCENT_DISCHARGE_WINDOW,14.55,3.0000000000000004,3.005470877704901,4.85,99.53195981025357,4.841171514232395,25,,,,,,,,,,,,,,,,,,,,,,,,,,,,,,,,,,,,,,,,,,,,,,,,,,,,,,,,,,,,0,FIRST_UPWARD_CROSSING,charge_timeseries/cycle-032.csv,,,988173.1114450202,997429.306113407,SOC_UPPER_BOUND_NOT_REACHED,SOC_UPPER_BOUND_NOT_REACHED;NON_MONOTONIC_SOC,False,False,3,charge-efficiency-v1
33,virtual,20-40,20.0,40.0,20.0,40.0,100.0,NEGATIVE_PARTICLE_LITHIUM_DELTA_OVER_FROZEN_Q_REF_V1,4.841171514232395,25,20.0,W10_80_PERCENT_DISCHARGE_WINDOW,14.55,3.0000000000000004,3.005470877704901,4.85,99.53195981025357,4.841171514232395,25,,,,1.1764604595504071,0.04268588426626159,0.07881203332601903,0.9682343028464786,,,,,0.20821844460692496,0.0,,,1.1681527176086136e-05,,,4.9732105635760804e-05,82.30062429947678,99.99934446611094,-5.37015358081927e-05,-0.004564669842683462,0.004564669842683462,SOC_UPPER_BOUND_NOT_REACHED,1020930.0790128759,1021489.9871196381,559.908106762239,0.0441349053671274,1.1323255541832797,96.24850074570344,,,,,,,,,,,,,,,,,,,,,,,,,,,,,1,FIRST_UPWARD_CROSSING,charge_timeseries/cycle-033.csv,,,1020930.0790128759,1030248.2912352666,SOC_UPPER_BOUND_NOT_REACHED,SOC_UPPER_BOUND_NOT_REACHED;NON_MONOTONIC_SOC,False,False,3,charge-efficiency-v1
33,virtual,40-60,40.0,60.0,40.0,60.0,100.0,NEGATIVE_PARTICLE_LITHIUM_DELTA_OVER_FROZEN_Q_REF_V1,4.841171514232395,25,20.0,W10_80_PERCENT_DISCHARGE_WINDOW,14.55,3.0000000000000004,3.005470877704901,4.85,99.53195981025357,4.841171514232395,25,,,,0.9273484537271292,0.07881203332601903,0.11493818238577651,0.9682343028464794,,,,,-0.04093226247448842,0.04093226247448842,,,1.3623273332057009e-05,,,7.338357842612275e-05,104.40889818223397,99.99499504690478,-4.059349662000056e-05,-0.004377372546085587,0.004377372546085587,SOC_UPPER_BOUND_NOT_REACHED,1021489.9871196381,1022015.0696097198,525.0824900816342,0.0,0.9273484537271292,100.0,,,,,,,,,,,,,,,,,,,,,,,,,,,,,1,FIRST_UPWARD_CROSSING,charge_timeseries/cycle-033.csv,,,1020930.0790128759,1030248.2912352666,SOC_UPPER_BOUND_NOT_REACHED,SOC_UPPER_BOUND_NOT_REACHED;NON_MONOTONIC_SOC,False,False,3,charge-efficiency-v1
33,virtual,60-80,60.0,80.0,60.0,80.0,100.0,NEGATIVE_PARTICLE_LITHIUM_DELTA_OVER_FROZEN_Q_REF_V1,4.841171514232395,25,20.0,W10_80_PERCENT_DISCHARGE_WINDOW,14.55,3.0000000000000004,3.005470877704901,4.85,99.53195981025357,4.841171514232395,25,,,,0.8117769891349113,0.11493818238577651,0.15106433144553394,0.9682343028464782,,,,,-0.15655666515756264,0.15655666515756264,,,2.4102979956823825e-05,,,0.0002205590426842402,119.27343541460804,99.9877612389455,-0.00014531057664535219,-0.017900307423126854,0.017900307423126854,SOC_UPPER_BOUND_NOT_REACHED,1022015.0696097198,1025944.1116169277,3929.0420072079323,0.22279639554461306,0.5889805935902982,72.55448250854694,,,,,,,,,,,,,,,,,,,,,,,,,,,,,1,FIRST_UPWARD_CROSSING,charge_timeseries/cycle-033.csv,,,1020930.0790128759,1030248.2912352666,SOC_UPPER_BOUND_NOT_REACHED,SOC_UPPER_BOUND_NOT_REACHED;NON_MONOTONIC_SOC,False,False,3,charge-efficiency-v1
33,virtual,80-100,80.0,100.0,80.0,,0.0,NEGATIVE_PARTICLE_LITHIUM_DELTA_OVER_FROZEN_Q_REF_V1,4.841171514232395,25,20.0,W10_80_PERCENT_DISCHARGE_WINDOW,14.55,3.0000000000000004,3.005470877704901,4.85,99.53195981025357,4.841171514232395,25,,,,,,,,,,,,,,,,,,,,,,,,,,,,,,,,,,,,,,,,,,,,,,,,,,,,,,,,,,,,0,FIRST_UPWARD_CROSSING,charge_timeseries/cycle-033.csv,,,1020930.0790128759,1030248.2912352666,SOC_UPPER_BOUND_NOT_REACHED,SOC_UPPER_BOUND_NOT_REACHED;NON_MONOTONIC_SOC,False,False,3,charge-efficiency-v1
34,virtual,20-40,20.0,40.0,20.0,40.0,100.0,NEGATIVE_PARTICLE_LITHIUM_DELTA_OVER_FROZEN_Q_REF_V1,4.841171514232395,25,20.0,W10_80_PERCENT_DISCHARGE_WINDOW,14.55,3.0000000000000004,3.005470877704901,4.85,99.53195981025357,4.841171514232395,25,,,,1.1807642950549877,0.04266619064259134,0.07879233970234881,0.9682343028464793,,,,,0.2125238642747493,0.0,,,1.1988372093333245e-05,,,4.988450143744716e-05,82.0006420334203,99.99948101972724,-5.5744939771562585e-05,-0.004721089552336655,0.004721089552336655,SOC_UPPER_BOUND_NOT_REACHED,1053749.064157933,1054319.867809506,570.8036515727983,0.043280626275945325,1.1374836687790424,96.33452447222501,,,,,,,,,,,,,,,,,,,,,,,,,,,,,1,FIRST_UPWARD_CROSSING,charge_timeseries/cycle-034.csv,,,1053749.064157933,1063131.3628681789,SOC_UPPER_BOUND_NOT_REACHED,SOC_UPPER_BOUND_NOT_REACHED;NON_MONOTONIC_SOC,False,False,3,charge-efficiency-v1
34,virtual,40-60,40.0,60.0,40.0,60.0,100.0,NEGATIVE_PARTICLE_LITHIUM_DELTA_OVER_FROZEN_Q_REF_V1,4.841171514232395,25,20.0,W10_80_PERCENT_DISCHARGE_WINDOW,14.55,3.0000000000000004,3.005470877704901,4.85,99.53195981025357,4.841171514232395,25,,,,0.9256566238989978,0.07879233970234881,0.11491848876210627,0.9682343028464789,,,,,-0.04261653073133448,0.04261653073133448,,,1.3880787114436098e-05,,,7.274207244206687e-05,104.59972713943729,99.99580278660031,-4.7771075702973675e-05,-0.005160777168293258,0.005160777168293258,SOC_UPPER_BOUND_NOT_REACHED,1054319.867809506,1054853.2849354225,533.4171259167651,0.0,0.9256566238989978,100.0,,,,,,,,,,,,,,,,,,,,,,,,,,,,,1,FIRST_UPWARD_CROSSING,charge_timeseries/cycle-034.csv,,,1053749.064157933,1063131.3628681789,SOC_UPPER_BOUND_NOT_REACHED,SOC_UPPER_BOUND_NOT_REACHED;NON_MONOTONIC_SOC,False,False,3,charge-efficiency-v1
34,virtual,60-80,60.0,80.0,60.0,80.0,100.0,NEGATIVE_PARTICLE_LITHIUM_DELTA_OVER_FROZEN_Q_REF_V1,4.841171514232395,25,20.0,W10_80_PERCENT_DISCHARGE_WINDOW,14.55,3.0000000000000004,3.005470877704901,4.85,99.53195981025357,4.841171514232395,25,,,,0.8090443748282855,0.11491848876210627,0.1510446378218637,0.9682343028464782,,,,,-0.15928822333511078,0.15928822333511078,,,2.4084429607919722e-05,,,0.00021749856241470855,119.67629130997662,99.98785044183282,-0.00014328767510451978,-0.017710731272920804,0.017710731272920804,SOC_UPPER_BOUND_NOT_REACHED,1054853.2849354225,1058813.355139918,3960.0702044954824,0.22275810775721086,0.5862862670710747,72.4665154733336,,,,,,,,,,,,,,,,,,,,,,,,,,,,,1,FIRST_UPWARD_CROSSING,charge_timeseries/cycle-034.csv,,,1053749.064157933,1063131.3628681789,SOC_UPPER_BOUND_NOT_REACHED,SOC_UPPER_BOUND_NOT_REACHED;NON_MONOTONIC_SOC,False,False,3,charge-efficiency-v1
34,virtual,80-100,80.0,100.0,80.0,,0.0,NEGATIVE_PARTICLE_LITHIUM_DELTA_OVER_FROZEN_Q_REF_V1,4.841171514232395,25,20.0,W10_80_PERCENT_DISCHARGE_WINDOW,14.55,3.0000000000000004,3.005470877704901,4.85,99.53195981025357,4.841171514232395,25,,,,,,,,,,,,,,,,,,,,,,,,,,,,,,,,,,,,,,,,,,,,,,,,,,,,,,,,,,,,0,FIRST_UPWARD_CROSSING,charge_timeseries/cycle-034.csv,,,1053749.064157933,1063131.3628681789,SOC_UPPER_BOUND_NOT_REACHED,SOC_UPPER_BOUND_NOT_REACHED;NON_MONOTONIC_SOC,False,False,3,charge-efficiency-v1
35,virtual,20-40,20.0,40.0,20.0,40.0,100.0,NEGATIVE_PARTICLE_LITHIUM_DELTA_OVER_FROZEN_Q_REF_V1,4.841171514232395,25,20.0,W10_80_PERCENT_DISCHARGE_WINDOW,14.55,3.0000000000000004,3.005470877704901,4.85,99.53195981025357,4.841171514232395,25,,,,1.1927662556649683,0.0426466766474337,0.07877282570719114,0.9682343028464786,,,,,0.22451619164629225,0.0,,,1.2874793449707805e-05,,,5.0754809721789695e-05,81.17552774887038,99.9986786034462,-4.786843097415172e-05,-0.004013228136426866,0.004013228136426866,SOC_UPPER_BOUND_NOT_REACHED,1086632.1357941462,1087220.6420790614,588.5062849151149,0.04244158590974159,1.1503246697552267,96.44175162500046,,,,,,,,,,,,,,,,,,,,,,,,,,,,,1,FIRST_UPWARD_CROSSING,charge_timeseries/cycle-035.csv,,,1086632.1357941462,1096083.338530673,SOC_UPPER_BOUND_NOT_REACHED,SOC_UPPER_BOUND_NOT_REACHED;NON_MONOTONIC_SOC,False,False,3,charge-efficiency-v1
35,virtual,40-60,40.0,60.0,40.0,60.0,100.0,NEGATIVE_PARTICLE_LITHIUM_DELTA_OVER_FROZEN_Q_REF_V1,4.841171514232395,25,20.0,W10_80_PERCENT_DISCHARGE_WINDOW,14.55,3.0000000000000004,3.005470877704901,4.85,99.53195981025357,4.841171514232395,25,,,,0.921441111686918,0.07877282570719114,0.11489897476694862,0.9682343028464794,,,,,-0.04683615561159307,0.04683615561159307,,,1.4726427349244595e-05,,,7.241650022717094e-05,105.07826171049557,99.99533725471039,-4.417847554472054e-05,-0.0047944979862946735,0.0047944979862946735,SOC_UPPER_BOUND_NOT_REACHED,1087220.6420790614,1087766.923597661,546.2815185998214,0.0,0.921441111686918,99.99999999999999,,,,,,,,,,,,,,,,,,,,,,,,,,,,,1,FIRST_UPWARD_CROSSING,charge_timeseries/cycle-035.csv,,,1086632.1357941462,1096083.338530673,SOC_UPPER_BOUND_NOT_REACHED,SOC_UPPER_BOUND_NOT_REACHED;NON_MONOTONIC_SOC,False,False,3,charge-efficiency-v1
35,virtual,60-80,60.0,80.0,60.0,80.0,100.0,NEGATIVE_PARTICLE_LITHIUM_DELTA_OVER_FROZEN_Q_REF_V1,4.841171514232395,25,20.0,W10_80_PERCENT_DISCHARGE_WINDOW,14.55,3.0000000000000004,3.005470877704901,4.85,99.53195981025357,4.841171514232395,25,,,,0.8012379649501383,0.11489897476694862,0.15102512382670608,0.9682343028464789,,,,,-0.16709416303540167,0.16709416303540167,,,2.4674317145942457e-05,,,0.00021376828915946333,120.84228970687042,99.98779075089543,-0.00014061746724425284,-0.017550025509962396,0.017550025509962396,SOC_UPPER_BOUND_NOT_REACHED,1087766.923597661,1091751.563016179,3984.6394185177533,0.22279398549324772,0.5784439794568906,72.19378071942555,,,,,,,,,,,,,,,,,,,,,,,,,,,,,1,FIRST_UPWARD_CROSSING,charge_timeseries/cycle-035.csv,,,1086632.1357941462,1096083.338530673,SOC_UPPER_BOUND_NOT_REACHED,SOC_UPPER_BOUND_NOT_REACHED;NON_MONOTONIC_SOC,False,False,3,charge-efficiency-v1
35,virtual,80-100,80.0,100.0,80.0,,0.0,NEGATIVE_PARTICLE_LITHIUM_DELTA_OVER_FROZEN_Q_REF_V1,4.841171514232395,25,20.0,W10_80_PERCENT_DISCHARGE_WINDOW,14.55,3.0000000000000004,3.005470877704901,4.85,99.53195981025357,4.841171514232395,25,,,,,,,,,,,,,,,,,,,,,,,,,,,,,,,,,,,,,,,,,,,,,,,,,,,,,,,,,,,,0,FIRST_UPWARD_CROSSING,charge_timeseries/cycle-035.csv,,,1086632.1357941462,1096083.338530673,SOC_UPPER_BOUND_NOT_REACHED,SOC_UPPER_BOUND_NOT_REACHED;NON_MONOTONIC_SOC,False,False,3,charge-efficiency-v1
36,virtual,20-40,20.0,40.0,20.0,40.0,100.0,NEGATIVE_PARTICLE_LITHIUM_DELTA_OVER_FROZEN_Q_REF_V1,4.841171514232395,25,20.0,W10_80_PERCENT_DISCHARGE_WINDOW,14.55,3.0000000000000004,3.005470877704901,4.85,99.53195981025357,4.841171514232395,25,,,,1.1903348624469021,0.04262729466480628,0.07875344372456373,0.9682343028464788,,,,,0.2220930140553161,0.0,,,1.2719368563639255e-05,,,5.0387543098592835e-05,81.34133792033411,99.99936609895708,-5.5561366555156866e-05,-0.004667708920239688,0.004667708920239688,SOC_UPPER_BOUND_NOT_REACHED,1119584.111214286,1120178.4792900812,594.3680757952696,0.041617540950851524,1.1487173214960507,96.50371149633467,,,,,,,,,,,,,,,,,,,,,,,,,,,,,1,FIRST_UPWARD_CROSSING,charge_timeseries/cycle-036.csv,,,1119584.111214286,1129096.0357280641,SOC_UPPER_BOUND_NOT_REACHED,SOC_UPPER_BOUND_NOT_REACHED;NON_MONOTONIC_SOC,False,False,3,charge-efficiency-v1
36,virtual,40-60,40.0,60.0,40.0,60.0,100.0,NEGATIVE_PARTICLE_LITHIUM_DELTA_OVER_FROZEN_Q_REF_V1,4.841171514232395,25,20.0,W10_80_PERCENT_DISCHARGE_WINDOW,14.55,3.0000000000000004,3.005470877704901,4.85,99.53195981025357,4.841171514232395,25,,,,0.9218704552985098,0.07875344372456373,0.1148795927843212,0.9682343028464789,,,,,-0.04641166608484229,0.04641166608484229,,,1.4488682343402701e-05,,,7.162348148154196e-05,105.02932351085666,99.99481287890308,-3.829362695184635e-05,-0.004153905435601202,0.004153905435601202,SOC_UPPER_BOUND_NOT_REACHED,1120178.4792900812,1120729.7214853482,551.2421952669328,0.0,0.9218704552985098,100.0,,,,,,,,,,,,,,,,,,,,,,,,,,,,,1,FIRST_UPWARD_CROSSING,charge_timeseries/cycle-036.csv,,,1119584.111214286,1129096.0357280641,SOC_UPPER_BOUND_NOT_REACHED,SOC_UPPER_BOUND_NOT_REACHED;NON_MONOTONIC_SOC,False,False,3,charge-efficiency-v1
36,virtual,60-80,60.0,80.0,60.0,80.0,100.0,NEGATIVE_PARTICLE_LITHIUM_DELTA_OVER_FROZEN_Q_REF_V1,4.841171514232395,25,20.0,W10_80_PERCENT_DISCHARGE_WINDOW,14.55,3.0000000000000004,3.005470877704901,4.85,99.53195981025357,4.841171514232395,25,,,,0.8030643337427879,0.1148795927843212,0.15100574184407864,0.9682343028464786,,,,,-0.165266886654619,0.165266886654619,,,2.4126620238053807e-05,,,0.00021165057524252795,120.56746416988713,99.98793153339578,-0.00013885964455240263,-0.01729122297154312,0.01729122297154312,SOC_UPPER_BOUND_NOT_REACHED,1120729.7214853482,1124749.9086079877,4020.1871226394223,0.22273324731814054,0.5803310864246474,72.26458230562145,,,,,,,,,,,,,,,,,,,,,,,,,,,,,1,FIRST_UPWARD_CROSSING,charge_timeseries/cycle-036.csv,,,1119584.111214286,1129096.0357280641,SOC_UPPER_BOUND_NOT_REACHED,SOC_UPPER_BOUND_NOT_REACHED;NON_MONOTONIC_SOC,False,False,3,charge-efficiency-v1
36,virtual,80-100,80.0,100.0,80.0,,0.0,NEGATIVE_PARTICLE_LITHIUM_DELTA_OVER_FROZEN_Q_REF_V1,4.841171514232395,25,20.0,W10_80_PERCENT_DISCHARGE_WINDOW,14.55,3.0000000000000004,3.005470877704901,4.85,99.53195981025357,4.841171514232395,25,,,,,,,,,,,,,,,,,,,,,,,,,,,,,,,,,,,,,,,,,,,,,,,,,,,,,,,,,,,,0,FIRST_UPWARD_CROSSING,charge_timeseries/cycle-036.csv,,,1119584.111214286,1129096.0357280641,SOC_UPPER_BOUND_NOT_REACHED,SOC_UPPER_BOUND_NOT_REACHED;NON_MONOTONIC_SOC,False,False,3,charge-efficiency-v1
37,virtual,20-40,20.0,40.0,20.0,40.0,100.0,NEGATIVE_PARTICLE_LITHIUM_DELTA_OVER_FROZEN_Q_REF_V1,4.841171514232395,25,20.0,W10_80_PERCENT_DISCHARGE_WINDOW,14.55,3.0000000000000004,3.005470877704901,4.85,99.53195981025357,4.841171514232395,25,,,,1.2001937829261597,0.042608066950296654,0.0787342160100541,0.9682343028464788,,,,,0.2319455243918487,0.0,,,1.3495486008949752e-05,,,5.1131687648281465e-05,80.67316433566695,99.99883721378741,-5.067148582504899e-05,-0.004221942035186037,0.004221942035186037,SOC_UPPER_BOUND_NOT_REACHED,1152596.8084075376,1153208.1168695695,611.3084620319099,0.0408089838529955,1.1593847990731643,96.59980042943565,,,,,,,,,,,,,,,,,,,,,,,,,,,,,1,FIRST_UPWARD_CROSSING,charge_timeseries/cycle-037.csv,,,1152596.8084075376,1162177.3897332677,SOC_UPPER_BOUND_NOT_REACHED,SOC_UPPER_BOUND_NOT_REACHED;NON_MONOTONIC_SOC,False,False,3,charge-efficiency-v1
37,virtual,40-60,40.0,60.0,40.0,60.0,100.0,NEGATIVE_PARTICLE_LITHIUM_DELTA_OVER_FROZEN_Q_REF_V1,4.841171514232395,25,20.0,W10_80_PERCENT_DISCHARGE_WINDOW,14.55,3.0000000000000004,3.005470877704901,4.85,99.53195981025357,4.841171514232395,25,,,,0.918186426417157,0.0787342160100541,0.11486036506981157,0.9682343028464789,,,,,-0.050095526541870355,0.050095526541870355,,,1.5191165081679999e-05,,,7.126620005405704e-05,105.45073146252152,99.99481040982775,-3.880725258731399e-05,-0.004226511247693266,0.004226511247693266,SOC_UPPER_BOUND_NOT_REACHED,1153208.1168695695,1153771.6499278145,563.5330582449591,0.0,0.918186426417157,100.0,,,,,,,,,,,,,,,,,,,,,,,,,,,,,1,FIRST_UPWARD_CROSSING,charge_timeseries/cycle-037.csv,,,1152596.8084075376,1162177.3897332677,SOC_UPPER_BOUND_NOT_REACHED,SOC_UPPER_BOUND_NOT_REACHED;NON_MONOTONIC_SOC,False,False,3,charge-efficiency-v1
37,virtual,60-80,60.0,80.0,60.0,80.0,100.0,NEGATIVE_PARTICLE_LITHIUM_DELTA_OVER_FROZEN_Q_REF_V1,4.841171514232395,25,20.0,W10_80_PERCENT_DISCHARGE_WINDOW,14.55,3.0000000000000004,3.005470877704901,4.85,99.53195981025357,4.841171514232395,25,,,,0.7968412687777376,0.11486036506981157,0.150986514129569,0.9682343028464786,,,,,-0.1714888335143857,0.1714888335143857,,,2.4526250724248196e-05,,,0.00020835670343812007,121.50905591669945,99.98797759988112,-0.0001370835085175992,-0.017203364570696676,0.017203364570696676,SOC_UPPER_BOUND_NOT_REACHED,1153771.6499278145,1157817.1047562272,4045.4548284126204,0.22278499021822887,0.5740562785595088,72.04148442763824,,,,,,,,,,,,,,,,,,,,,,,,,,,,,1,FIRST_UPWARD_CROSSING,charge_timeseries/cycle-037.csv,,,1152596.8084075376,1162177.3897332677,SOC_UPPER_BOUND_NOT_REACHED,SOC_UPPER_BOUND_NOT_REACHED;NON_MONOTONIC_SOC,False,False,3,charge-efficiency-v1
37,virtual,80-100,80.0,100.0,80.0,,0.0,NEGATIVE_PARTICLE_LITHIUM_DELTA_OVER_FROZEN_Q_REF_V1,4.841171514232395,25,20.0,W10_80_PERCENT_DISCHARGE_WINDOW,14.55,3.0000000000000004,3.005470877704901,4.85,99.53195981025357,4.841171514232395,25,,,,,,,,,,,,,,,,,,,,,,,,,,,,,,,,,,,,,,,,,,,,,,,,,,,,,,,,,,,,0,FIRST_UPWARD_CROSSING,charge_timeseries/cycle-037.csv,,,1152596.8084075376,1162177.3897332677,SOC_UPPER_BOUND_NOT_REACHED,SOC_UPPER_BOUND_NOT_REACHED;NON_MONOTONIC_SOC,False,False,3,charge-efficiency-v1
38,virtual,20-40,20.0,40.0,20.0,40.0,100.0,NEGATIVE_PARTICLE_LITHIUM_DELTA_OVER_FROZEN_Q_REF_V1,4.841171514232395,25,20.0,W10_80_PERCENT_DISCHARGE_WINDOW,14.55,3.0000000000000004,3.005470877704901,4.85,99.53195981025357,4.841171514232395,25,,,,1.2009536731274852,0.04258896184521402,0.07871511090497148,0.9682343028464789,,,,,0.23270850033814902,0.0,,,1.3577660907417195e-05,,,5.1095067200218613e-05,80.62211928000804,99.99909489074388,-5.380278525013438e-05,-0.004480005053818844,0.004480005053818844,SOC_UPPER_BOUND_NOT_REACHED,1185678.1624429189,1186298.4850408563,620.3225979375075,0.04001597285945192,1.1609377002680332,96.66798364043106,,,,,,,,,,,,,,,,,,,,,,,,,,,,,1,FIRST_UPWARD_CROSSING,charge_timeseries/cycle-038.csv,,,1185678.1624429189,1195321.3798898105,SOC_UPPER_BOUND_NOT_REACHED,SOC_UPPER_BOUND_NOT_REACHED;NON_MONOTONIC_SOC,False,False,3,charge-efficiency-v1
38,virtual,40-60,40.0,60.0,40.0,60.0,100.0,NEGATIVE_PARTICLE_LITHIUM_DELTA_OVER_FROZEN_Q_REF_V1,4.841171514232395,25,20.0,W10_80_PERCENT_DISCHARGE_WINDOW,14.55,3.0000000000000004,3.005470877704901,4.85,99.53195981025357,4.841171514232395,25,,,,0.9175256337267559,0.07871511090497148,0.11484125996472892,0.9682343028464786,,,,,-0.05075326460860863,0.05075326460860863,,,1.5208186710243682e-05,,,7.065049241314347e-05,105.52667601380868,99.99513959204553,-4.126319023745051e-05,-0.004497224788134792,0.004497224788134792,SOC_UPPER_BOUND_NOT_REACHED,1186298.4850408563,1186869.1644140466,570.6793731901203,0.0,0.9175256337267559,99.99999999999999,,,,,,,,,,,,,,,,,,,,,,,,,,,,,1,FIRST_UPWARD_CROSSING,charge_timeseries/cycle-038.csv,,,1185678.1624429189,1195321.3798898105,SOC_UPPER_BOUND_NOT_REACHED,SOC_UPPER_BOUND_NOT_REACHED;NON_MONOTONIC_SOC,False,False,3,charge-efficiency-v1
38,virtual,60-80,60.0,80.0,60.0,80.0,100.0,NEGATIVE_PARTICLE_LITHIUM_DELTA_OVER_FROZEN_Q_REF_V1,4.841171514232395,25,20.0,W10_80_PERCENT_DISCHARGE_WINDOW,14.55,3.0000000000000004,3.005470877704901,4.85,99.53195981025357,4.841171514232395,25,,,,0.7966022218898832,0.11484125996472892,0.15096740902448638,0.9682343028464789,,,,,-0.1717267938109971,0.1717267938109971,,,2.424132684120551e-05,,,0.00020608704548105705,121.54551873448341,99.98811039540203,-0.00013561551792096171,-0.017024245501000908,0.017024245501000908,SOC_UPPER_BOUND_NOT_REACHED,1186869.1644140466,1190946.5274343959,4077.3630203493444,0.22278620325404638,0.5738160186358368,72.03294227255584,,,,,,,,,,,,,,,,,,,,,,,,,,,,,1,FIRST_UPWARD_CROSSING,charge_timeseries/cycle-038.csv,,,1185678.1624429189,1195321.3798898105,SOC_UPPER_BOUND_NOT_REACHED,SOC_UPPER_BOUND_NOT_REACHED;NON_MONOTONIC_SOC,False,False,3,charge-efficiency-v1
38,virtual,80-100,80.0,100.0,80.0,,0.0,NEGATIVE_PARTICLE_LITHIUM_DELTA_OVER_FROZEN_Q_REF_V1,4.841171514232395,25,20.0,W10_80_PERCENT_DISCHARGE_WINDOW,14.55,3.0000000000000004,3.005470877704901,4.85,99.53195981025357,4.841171514232395,25,,,,,,,,,,,,,,,,,,,,,,,,,,,,,,,,,,,,,,,,,,,,,,,,,,,,,,,,,,,,0,FIRST_UPWARD_CROSSING,charge_timeseries/cycle-038.csv,,,1185678.1624429189,1195321.3798898105,SOC_UPPER_BOUND_NOT_REACHED,SOC_UPPER_BOUND_NOT_REACHED;NON_MONOTONIC_SOC,False,False,3,charge-efficiency-v1
39,virtual,20-40,20.0,40.0,20.0,40.0,100.0,NEGATIVE_PARTICLE_LITHIUM_DELTA_OVER_FROZEN_Q_REF_V1,4.841171514232395,25,20.0,W10_80_PERCENT_DISCHARGE_WINDOW,14.55,3.0000000000000004,3.005470877704901,4.85,99.53195981025357,4.841171514232395,25,,,,1.206220592876316,0.042569980647369575,0.07869612970712704,0.9682343028464793,,,,,0.2379738616221751,0.0,,,1.4033566818328052e-05,,,5.149527446268731e-05,80.27008563480565,99.99896964056701,-5.310043361972383e-05,-0.004402215808063946,0.004402215808063946,SOC_UPPER_BOUND_NOT_REACHED,1218822.1531265338,1219456.1058008831,633.952674349366,0.03923874643702949,1.1669818464392865,96.74696762194533,,,,,,,,,,,,,,,,,,,,,,,,,,,,,1,FIRST_UPWARD_CROSSING,charge_timeseries/cycle-039.csv,,,1218822.1531265338,1228531.0095781938,SOC_UPPER_BOUND_NOT_REACHED,SOC_UPPER_BOUND_NOT_REACHED;NON_MONOTONIC_SOC,False,False,3,charge-efficiency-v1
39,virtual,40-60,40.0,60.0,40.0,60.0,100.0,NEGATIVE_PARTICLE_LITHIUM_DELTA_OVER_FROZEN_Q_REF_V1,4.841171514232395,25,20.0,W10_80_PERCENT_DISCHARGE_WINDOW,14.55,3.0000000000000004,3.005470877704901,4.85,99.53195981025357,4.841171514232395,25,,,,0.9152823791072062,0.07869612970712704,0.11482227876688449,0.9682343028464786,,,,,-0.05299576396662306,0.05299576396662306,,,1.557848238278132e-05,,,7.02029935694265e-05,105.78531008003489,99.9952101965086,-4.194124860146253e-05,-0.004582328859250331,0.004582328859250331,SOC_UPPER_BOUND_NOT_REACHED,1219456.1058008831,1220036.92150353,580.815702646565,0.0,0.9152823791072062,100.0,,,,,,,,,,,,,,,,,,,,,,,,,,,,,1,FIRST_UPWARD_CROSSING,charge_timeseries/cycle-039.csv,,,1218822.1531265338,1228531.0095781938,SOC_UPPER_BOUND_NOT_REACHED,SOC_UPPER_BOUND_NOT_REACHED;NON_MONOTONIC_SOC,False,False,3,charge-efficiency-v1
39,virtual,60-80,60.0,80.0,60.0,80.0,100.0,NEGATIVE_PARTICLE_LITHIUM_DELTA_OVER_FROZEN_Q_REF_V1,4.841171514232395,25,20.0,W10_80_PERCENT_DISCHARGE_WINDOW,14.55,3.0000000000000004,3.005470877704901,4.85,99.53195981025357,4.841171514232395,25,,,,0.7934900012301639,0.11482227876688449,0.15094842782664195,0.9682343028464789,,,,,-0.17483811610702477,0.17483811610702477,,,2.4290332417288736e-05,,,0.0002034198317759084,122.02224367608986,99.9881769788448,-0.00013389567348343068,-0.016874273560580404,0.016874273560580404,SOC_UPPER_BOUND_NOT_REACHED,1220036.92150353,1224141.5587955778,4104.637292048103,0.22284818750568103,0.5706418137244829,71.91543848565264,,,,,,,,,,,,,,,,,,,,,,,,,,,,,1,FIRST_UPWARD_CROSSING,charge_timeseries/cycle-039.csv,,,1218822.1531265338,1228531.0095781938,SOC_UPPER_BOUND_NOT_REACHED,SOC_UPPER_BOUND_NOT_REACHED;NON_MONOTONIC_SOC,False,False,3,charge-efficiency-v1
39,virtual,80-100,80.0,100.0,80.0,,0.0,NEGATIVE_PARTICLE_LITHIUM_DELTA_OVER_FROZEN_Q_REF_V1,4.841171514232395,25,20.0,W10_80_PERCENT_DISCHARGE_WINDOW,14.55,3.0000000000000004,3.005470877704901,4.85,99.53195981025357,4.841171514232395,25,,,,,,,,,,,,,,,,,,,,,,,,,,,,,,,,,,,,,,,,,,,,,,,,,,,,,,,,,,,,0,FIRST_UPWARD_CROSSING,charge_timeseries/cycle-039.csv,,,1218822.1531265338,1228531.0095781938,SOC_UPPER_BOUND_NOT_REACHED,SOC_UPPER_BOUND_NOT_REACHED;NON_MONOTONIC_SOC,False,False,3,charge-efficiency-v1
40,virtual,20-40,20.0,40.0,20.0,40.0,100.0,NEGATIVE_PARTICLE_LITHIUM_DELTA_OVER_FROZEN_Q_REF_V1,4.841171514232395,25,20.0,W10_80_PERCENT_DISCHARGE_WINDOW,14.55,3.0000000000000004,3.005470877704901,4.85,99.53195981025357,4.841171514232395,25,,,,1.2115961207348398,0.04255110733933526,0.0786772563990927,0.9682343028464786,,,,,0.24334654352538387,0.0,,,1.4512959260289202e-05,,,5.192788112859392e-05,79.91394873889486,99.99873931892684,-5.116647741165714e-05,-0.004223063819371127,0.004223063819371127,SOC_UPPER_BOUND_NOT_REACHED,1252031.782774531,1252679.9247032972,648.1419287662021,0.03847555065824226,1.1731205700765976,96.82439139579726,,,,,,,,,,,,,,,,,,,,,,,,,,,,,1,FIRST_UPWARD_CROSSING,charge_timeseries/cycle-040.csv,,,1252031.782774531,1261806.067856697,SOC_UPPER_BOUND_NOT_REACHED,SOC_UPPER_BOUND_NOT_REACHED;NON_MONOTONIC_SOC,False,False,3,charge-efficiency-v1
40,virtual,40-60,40.0,60.0,40.0,60.0,100.0,NEGATIVE_PARTICLE_LITHIUM_DELTA_OVER_FROZEN_Q_REF_V1,4.841171514232395,25,20.0,W10_80_PERCENT_DISCHARGE_WINDOW,14.55,3.0000000000000004,3.005470877704901,4.85,99.53195981025357,4.841171514232395,25,,,,0.9129401317567499,0.0786772563990927,0.11480340545885016,0.9682343028464789,,,,,-0.05533939469060195,0.05533939469060195,,,1.5966583346422453e-05,,,6.977490809749465e-05,106.05671381576005,99.99504637825638,-4.051789057102351e-05,-0.004438176082045583,0.004438176082045583,SOC_UPPER_BOUND_NOT_REACHED,1252679.9247032972,1253271.256140768,591.3314374707235,0.0,0.9129401317567499,100.0,,,,,,,,,,,,,,,,,,,,,,,,,,,,,1,FIRST_UPWARD_CROSSING,charge_timeseries/cycle-040.csv,,,1252031.782774531,1261806.067856697,SOC_UPPER_BOUND_NOT_REACHED,SOC_UPPER_BOUND_NOT_REACHED;NON_MONOTONIC_SOC,False,False,3,charge-efficiency-v1
40,virtual,60-80,60.0,80.0,60.0,80.0,100.0,NEGATIVE_PARTICLE_LITHIUM_DELTA_OVER_FROZEN_Q_REF_V1,4.841171514232395,25,20.0,W10_80_PERCENT_DISCHARGE_WINDOW,14.55,3.0000000000000004,3.005470877704901,4.85,99.53195981025357,4.841171514232395,25,,,,0.7903767036398022,0.11480340545885016,0.15092955451860762,0.9682343028464789,,,,,-0.17795063283700313,0.17795063283700313,,,2.4342518729536e-05,,,0.00020079249690101164,122.50288987360283,99.98822920388493,-0.000132101385304062,-0.01671372456902076,0.01671372456902076,SOC_UPPER_BOUND_NOT_REACHED,1253271.256140768,1257401.8806673891,4130.624526621209,0.22294097998590479,0.5674357236538974,71.79307297909611,,,,,,,,,,,,,,,,,,,,,,,,,,,,,1,FIRST_UPWARD_CROSSING,charge_timeseries/cycle-040.csv,,,1252031.782774531,1261806.067856697,SOC_UPPER_BOUND_NOT_REACHED,SOC_UPPER_BOUND_NOT_REACHED;NON_MONOTONIC_SOC,False,False,3,charge-efficiency-v1
40,virtual,80-100,80.0,100.0,80.0,,0.0,NEGATIVE_PARTICLE_LITHIUM_DELTA_OVER_FROZEN_Q_REF_V1,4.841171514232395,25,20.0,W10_80_PERCENT_DISCHARGE_WINDOW,14.55,3.0000000000000004,3.005470877704901,4.85,99.53195981025357,4.841171514232395,25,,,,,,,,,,,,,,,,,,,,,,,,,,,,,,,,,,,,,,,,,,,,,,,,,,,,,,,,,,,,0,FIRST_UPWARD_CROSSING,charge_timeseries/cycle-040.csv,,,1252031.782774531,1261806.067856697,SOC_UPPER_BOUND_NOT_REACHED,SOC_UPPER_BOUND_NOT_REACHED;NON_MONOTONIC_SOC,False,False,3,charge-efficiency-v1
41,virtual,20-40,20.0,40.0,20.0,40.0,100.0,NEGATIVE_PARTICLE_LITHIUM_DELTA_OVER_FROZEN_Q_REF_V1,4.841171514232395,25,20.0,W10_80_PERCENT_DISCHARGE_WINDOW,14.55,3.0000000000000004,3.005470877704901,4.85,99.53195981025357,4.841171514232395,25,,,,1.2257026948100098,0.042532312179357004,0.07865846123911446,0.9682343028464789,,,,,0.2574460536545668,0.0,,,1.571890854215087e-05,,,5.323536807891327e-05,78.99422159600948,99.9981775100064,-4.661596765687115e-05,-0.0038032034892520866,0.0038032034892520866,SOC_UPPER_BOUND_NOT_REACHED,1285306.8413378773,1285978.8456360495,672.004298172263,0.03772533995478122,1.1879773548552286,96.92214595639534,,,,,,,,,,,,,,,,,,,,,,,,,,,,,1,FIRST_UPWARD_CROSSING,charge_timeseries/cycle-041.csv,,,1285306.8413378773,1295153.2411797228,SOC_UPPER_BOUND_NOT_REACHED,SOC_UPPER_BOUND_NOT_REACHED;NON_MONOTONIC_SOC,False,False,3,charge-efficiency-v1
41,virtual,40-60,40.0,60.0,40.0,60.0,100.0,NEGATIVE_PARTICLE_LITHIUM_DELTA_OVER_FROZEN_Q_REF_V1,4.841171514232395,25,20.0,W10_80_PERCENT_DISCHARGE_WINDOW,14.55,3.0000000000000004,3.005470877704901,4.85,99.53195981025357,4.841171514232395,25,,,,0.9072715295843538,0.07865846123911446,0.11478461029887192,0.9682343028464789,,,,,-0.061010798949102274,0.061010798949102274,,,1.7065125888950008e-05,,,6.961785453971081e-05,106.71935261652638,99.99470658061989,-3.8657293451538344e-05,-0.004260829552234304,0.004260829552234304,SOC_UPPER_BOUND_NOT_REACHED,1285978.8456360495,1286587.2701807048,608.4245446551982,0.0,0.9072715295843538,99.99999999999999,,,,,,,,,,,,,,,,,,,,,,,,,,,,,1,FIRST_UPWARD_CROSSING,charge_timeseries/cycle-041.csv,,,1285306.8413378773,1295153.2411797228,SOC_UPPER_BOUND_NOT_REACHED,SOC_UPPER_BOUND_NOT_REACHED;NON_MONOTONIC_SOC,False,False,3,charge-efficiency-v1
41,virtual,60-80,60.0,80.0,60.0,80.0,100.0,NEGATIVE_PARTICLE_LITHIUM_DELTA_OVER_FROZEN_Q_REF_V1,4.841171514232395,25,20.0,W10_80_PERCENT_DISCHARGE_WINDOW,14.55,3.0000000000000004,3.005470877704901,4.85,99.53195981025357,4.841171514232395,25,,,,0.7819417670129923,0.11478461029887192,0.15091075935862935,0.9682343028464782,,,,,-0.1863849430579004,0.1863849430579004,,,2.4976670187368613e-05,,,0.00019728021250135785,123.82434903626148,99.9881823393617,-0.0001298496582741171,-0.01660605223457255,0.01660605223457255,SOC_UPPER_BOUND_NOT_REACHED,1286587.2701807048,1290734.3492156996,4147.079034994914,0.22315852002247183,0.5587832469905205,71.46097964878707,,,,,,,,,,,,,,,,,,,,,,,,,,,,,1,FIRST_UPWARD_CROSSING,charge_timeseries/cycle-041.csv,,,1285306.8413378773,1295153.2411797228,SOC_UPPER_BOUND_NOT_REACHED,SOC_UPPER_BOUND_NOT_REACHED;NON_MONOTONIC_SOC,False,False,3,charge-efficiency-v1
41,virtual,80-100,80.0,100.0,80.0,,0.0,NEGATIVE_PARTICLE_LITHIUM_DELTA_OVER_FROZEN_Q_REF_V1,4.841171514232395,25,20.0,W10_80_PERCENT_DISCHARGE_WINDOW,14.55,3.0000000000000004,3.005470877704901,4.85,99.53195981025357,4.841171514232395,25,,,,,,,,,,,,,,,,,,,,,,,,,,,,,,,,,,,,,,,,,,,,,,,,,,,,,,,,,,,,0,FIRST_UPWARD_CROSSING,charge_timeseries/cycle-041.csv,,,1285306.8413378773,1295153.2411797228,SOC_UPPER_BOUND_NOT_REACHED,SOC_UPPER_BOUND_NOT_REACHED;NON_MONOTONIC_SOC,False,False,3,charge-efficiency-v1
42,virtual,20-40,20.0,40.0,20.0,40.0,100.0,NEGATIVE_PARTICLE_LITHIUM_DELTA_OVER_FROZEN_Q_REF_V1,4.841171514232395,25,20.0,W10_80_PERCENT_DISCHARGE_WINDOW,14.55,3.0000000000000004,3.005470877704901,4.85,99.53195981025357,4.841171514232395,25,,,,1.2234858910237196,0.04251356130937006,0.07863971036912751,0.9682343028464786,,,,,0.2552330753481721,0.0,,,1.5620790214017095e-05,,,5.300151703351019e-05,79.13734926982558,99.99848687841806,-5.0109478178406164e-05,-0.004095631878229374,0.004095631878229374,SOC_UPPER_BOUND_NOT_REACHED,1318654.0149214661,1319333.322558291,679.3076368247947,0.03698628114016012,1.1864996098835594,96.97697526293393,,,,,,,,,,,,,,,,,,,,,,,,,,,,,1,FIRST_UPWARD_CROSSING,charge_timeseries/cycle-042.csv,,,1318654.0149214661,1328557.4106231865,SOC_UPPER_BOUND_NOT_REACHED,SOC_UPPER_BOUND_NOT_REACHED;NON_MONOTONIC_SOC,False,False,3,charge-efficiency-v1
42,virtual,40-60,40.0,60.0,40.0,60.0,100.0,NEGATIVE_PARTICLE_LITHIUM_DELTA_OVER_FROZEN_Q_REF_V1,4.841171514232395,25,20.0,W10_80_PERCENT_DISCHARGE_WINDOW,14.55,3.0000000000000004,3.005470877704901,4.85,99.53195981025357,4.841171514232395,25,,,,0.9076272353106833,0.07863971036912751,0.11476585942888498,0.9682343028464794,,,,,-0.06065030609354988,0.06065030609354988,,,1.6867999202356977e-05,,,6.901542160525631e-05,106.6775285246977,99.99523608855357,-4.264486305372017e-05,-0.004698499713830504,0.004698499713830504,SOC_UPPER_BOUND_NOT_REACHED,1319333.322558291,1319947.607307087,614.2847487959503,0.0,0.9076272353106833,100.0,,,,,,,,,,,,,,,,,,,,,,,,,,,,,1,FIRST_UPWARD_CROSSING,charge_timeseries/cycle-042.csv,,,1318654.0149214661,1328557.4106231865,SOC_UPPER_BOUND_NOT_REACHED,SOC_UPPER_BOUND_NOT_REACHED;NON_MONOTONIC_SOC,False,False,3,charge-efficiency-v1
42,virtual,60-80,60.0,80.0,60.0,80.0,100.0,NEGATIVE_PARTICLE_LITHIUM_DELTA_OVER_FROZEN_Q_REF_V1,4.841171514232395,25,20.0,W10_80_PERCENT_DISCHARGE_WINDOW,14.55,3.0000000000000004,3.005470877704901,4.85,99.53195981025357,4.841171514232395,25,,,,0.7836613121545237,0.11476585942888498,0.15089200848864243,0.9682343028464786,,,,,-0.18466440646128213,0.18466440646128213,,,2.4508870674337657e-05,,,0.00019547783987829137,123.5526480418572,99.98833478597075,-0.00012857094122531443,-0.016406442327978873,0.016406442327978873,SOC_UPPER_BOUND_NOT_REACHED,1319947.607307087,1324123.2591494008,4175.651842313862,0.22326662486176657,0.5603946872927571,71.50980641778288,,,,,,,,,,,,,,,,,,,,,,,,,,,,,1,FIRST_UPWARD_CROSSING,charge_timeseries/cycle-042.csv,,,1318654.0149214661,1328557.4106231865,SOC_UPPER_BOUND_NOT_REACHED,SOC_UPPER_BOUND_NOT_REACHED;NON_MONOTONIC_SOC,False,False,3,charge-efficiency-v1
42,virtual,80-100,80.0,100.0,80.0,,0.0,NEGATIVE_PARTICLE_LITHIUM_DELTA_OVER_FROZEN_Q_REF_V1,4.841171514232395,25,20.0,W10_80_PERCENT_DISCHARGE_WINDOW,14.55,3.0000000000000004,3.005470877704901,4.85,99.53195981025357,4.841171514232395,25,,,,,,,,,,,,,,,,,,,,,,,,,,,,,,,,,,,,,,,,,,,,,,,,,,,,,,,,,,,,0,FIRST_UPWARD_CROSSING,charge_timeseries/cycle-042.csv,,,1318654.0149214661,1328557.4106231865,SOC_UPPER_BOUND_NOT_REACHED,SOC_UPPER_BOUND_NOT_REACHED;NON_MONOTONIC_SOC,False,False,3,charge-efficiency-v1
43,virtual,20-40,20.0,40.0,20.0,40.0,100.0,NEGATIVE_PARTICLE_LITHIUM_DELTA_OVER_FROZEN_Q_REF_V1,4.841171514232395,25,20.0,W10_80_PERCENT_DISCHARGE_WINDOW,14.55,3.0000000000000004,3.005470877704901,4.85,99.53195981025357,4.841171514232395,25,,,,1.2294213391106186,0.04249489503182019,0.07862104409157764,0.9682343028464786,,,,,0.2611673541060163,0.0,,,1.6216703600089536e-05,,,5.359728416064191e-05,78.75528690163402,99.9983990713763,-5.0131829637090064e-05,-0.004077676874663341,0.004077676874663341,SOC_UPPER_BOUND_NOT_REACHED,1352058.1844898416,1352754.0713513365,695.8868614949448,0.0362569863368475,1.193164352773771,97.05089010712337,,,,,,,,,,,,,,,,,,,,,,,,,,,,,1,FIRST_UPWARD_CROSSING,charge_timeseries/cycle-043.csv,,,1352058.1844898416,1362023.887211055,SOC_UPPER_BOUND_NOT_REACHED,SOC_UPPER_BOUND_NOT_REACHED;NON_MONOTONIC_SOC,False,False,3,charge-efficiency-v1
43,virtual,40-60,40.0,60.0,40.0,60.0,100.0,NEGATIVE_PARTICLE_LITHIUM_DELTA_OVER_FROZEN_Q_REF_V1,4.841171514232395,25,20.0,W10_80_PERCENT_DISCHARGE_WINDOW,14.55,3.0000000000000004,3.005470877704901,4.85,99.53195981025357,4.841171514232395,25,,,,0.9048561048834992,0.07862104409157764,0.11474719315133511,0.9682343028464794,,,,,-0.06342241555731312,0.06342241555731312,,,1.7338337657346516e-05,,,6.866539092109658e-05,107.00422947040184,99.99511330098849,-4.1786134245547224e-05,-0.004617986663296836,0.004617986663296836,SOC_UPPER_BOUND_NOT_REACHED,1352754.0713513365,1353380.496027498,626.4246761615608,0.0,0.9048561048834992,100.0,,,,,,,,,,,,,,,,,,,,,,,,,,,,,1,FIRST_UPWARD_CROSSING,charge_timeseries/cycle-043.csv,,,1352058.1844898416,1362023.887211055,SOC_UPPER_BOUND_NOT_REACHED,SOC_UPPER_BOUND_NOT_REACHED;NON_MONOTONIC_SOC,False,False,3,charge-efficiency-v1
43,virtual,60-80,60.0,80.0,60.0,80.0,100.0,NEGATIVE_PARTICLE_LITHIUM_DELTA_OVER_FROZEN_Q_REF_V1,4.841171514232395,25,20.0,W10_80_PERCENT_DISCHARGE_WINDOW,14.55,3.0000000000000004,3.005470877704901,4.85,99.53195981025357,4.841171514232395,25,,,,0.7804427883522514,0.11474719315133511,0.15087334221109253,0.9682343028464778,,,,,-0.18788278659268126,0.18788278659268126,,,2.4580906209657402e-05,,,0.00019280438121764554,124.0621756388717,99.98830508785306,-0.00012611318897237656,-0.016159184357208204,0.016159184357208204,SOC_UPPER_BOUND_NOT_REACHED,1353380.496027498,1357574.5675687725,4194.071541274326,0.2235121289205437,0.5569306594317077,71.36085665005056,,,,,,,,,,,,,,,,,,,,,,,,,,,,,1,FIRST_UPWARD_CROSSING,charge_timeseries/cycle-043.csv,,,1352058.1844898416,1362023.887211055,SOC_UPPER_BOUND_NOT_REACHED,SOC_UPPER_BOUND_NOT_REACHED;NON_MONOTONIC_SOC,False,False,3,charge-efficiency-v1
43,virtual,80-100,80.0,100.0,80.0,,0.0,NEGATIVE_PARTICLE_LITHIUM_DELTA_OVER_FROZEN_Q_REF_V1,4.841171514232395,25,20.0,W10_80_PERCENT_DISCHARGE_WINDOW,14.55,3.0000000000000004,3.005470877704901,4.85,99.53195981025357,4.841171514232395,25,,,,,,,,,,,,,,,,,,,,,,,,,,,,,,,,,,,,,,,,,,,,,,,,,,,,,,,,,,,,0,FIRST_UPWARD_CROSSING,charge_timeseries/cycle-043.csv,,,1352058.1844898416,1362023.887211055,SOC_UPPER_BOUND_NOT_REACHED,SOC_UPPER_BOUND_NOT_REACHED;NON_MONOTONIC_SOC,False,False,3,charge-efficiency-v1
44,virtual,20-40,20.0,40.0,20.0,40.0,100.0,NEGATIVE_PARTICLE_LITHIUM_DELTA_OVER_FROZEN_Q_REF_V1,4.841171514232395,25,20.0,W10_80_PERCENT_DISCHARGE_WINDOW,14.55,3.0000000000000004,3.005470877704901,4.85,99.53195981025357,4.841171514232395,25,,,,1.2357401249721431,0.042476275165485654,0.0786024242252431,0.9682343028464788,,,,,0.26748370462976295,0.0,,,1.686959726617974e-05,,,5.426095124567987e-05,78.35258265715903,99.99821018226612,-4.9013052610513697e-05,-0.003966291263028995,0.003966291263028995,SOC_UPPER_BOUND_NOT_REACHED,1385524.6613255518,1386238.2434440453,713.5821184936088,0.03553576425245041,1.2002043607196928,97.12433354438083,,,,,,,,,,,,,,,,,,,,,,,,,,,,,1,FIRST_UPWARD_CROSSING,charge_timeseries/cycle-044.csv,,,1385524.6613255518,1395550.547182473,SOC_UPPER_BOUND_NOT_REACHED,SOC_UPPER_BOUND_NOT_REACHED;NON_MONOTONIC_SOC,False,False,3,charge-efficiency-v1
44,virtual,40-60,40.0,60.0,40.0,60.0,100.0,NEGATIVE_PARTICLE_LITHIUM_DELTA_OVER_FROZEN_Q_REF_V1,4.841171514232395,25,20.0,W10_80_PERCENT_DISCHARGE_WINDOW,14.55,3.0000000000000004,3.005470877704901,4.85,99.53195981025357,4.841171514232395,25,,,,0.9018481653291079,0.0786024242252431,0.11472857328500057,0.9682343028464789,,,,,-0.06642991777917981,0.06642991777917981,,,1.78545299302133e-05,,,6.833505897058112e-05,107.36112131393482,99.99514549527383,-4.2409327091874616e-05,-0.004702490809680623,0.004702490809680623,SOC_UPPER_BOUND_NOT_REACHED,1386238.2434440453,1386877.5692397167,639.3257956713618,0.0,0.9018481653291079,99.99999999999999,,,,,,,,,,,,,,,,,,,,,,,,,,,,,1,FIRST_UPWARD_CROSSING,charge_timeseries/cycle-044.csv,,,1385524.6613255518,1395550.547182473,SOC_UPPER_BOUND_NOT_REACHED,SOC_UPPER_BOUND_NOT_REACHED;NON_MONOTONIC_SOC,False,False,3,charge-efficiency-v1
44,virtual,60-80,60.0,80.0,60.0,80.0,100.0,NEGATIVE_PARTICLE_LITHIUM_DELTA_OVER_FROZEN_Q_REF_V1,4.841171514232395,25,20.0,W10_80_PERCENT_DISCHARGE_WINDOW,14.55,3.0000000000000004,3.005470877704901,4.85,99.53195981025357,4.841171514232395,25,,,,0.7770910025961677,0.11472857328500057,0.15085472234475802,0.9682343028464789,,,,,-0.19123303702647335,0.19123303702647335,,,2.4668971781287644e-05,,,0.00019003962555312615,124.59728649691277,99.98845221784035,-0.00012497182117232608,-0.016082005936860707,0.016082005936860707,SOC_UPPER_BOUND_NOT_REACHED,1386877.5692397167,1391085.926096744,4208.3568570272,0.22383449168272887,0.5532565109134389,71.19584566866368,,,,,,,,,,,,,,,,,,,,,,,,,,,,,1,FIRST_UPWARD_CROSSING,charge_timeseries/cycle-044.csv,,,1385524.6613255518,1395550.547182473,SOC_UPPER_BOUND_NOT_REACHED,SOC_UPPER_BOUND_NOT_REACHED;NON_MONOTONIC_SOC,False,False,3,charge-efficiency-v1
44,virtual,80-100,80.0,100.0,80.0,,0.0,NEGATIVE_PARTICLE_LITHIUM_DELTA_OVER_FROZEN_Q_REF_V1,4.841171514232395,25,20.0,W10_80_PERCENT_DISCHARGE_WINDOW,14.55,3.0000000000000004,3.005470877704901,4.85,99.53195981025357,4.841171514232395,25,,,,,,,,,,,,,,,,,,,,,,,,,,,,,,,,,,,,,,,,,,,,,,,,,,,,,,,,,,,,0,FIRST_UPWARD_CROSSING,charge_timeseries/cycle-044.csv,,,1385524.6613255518,1395550.547182473,SOC_UPPER_BOUND_NOT_REACHED,SOC_UPPER_BOUND_NOT_REACHED;NON_MONOTONIC_SOC,False,False,3,charge-efficiency-v1
45,virtual,20-40,20.0,40.0,20.0,40.0,100.0,NEGATIVE_PARTICLE_LITHIUM_DELTA_OVER_FROZEN_Q_REF_V1,4.841171514232395,25,20.0,W10_80_PERCENT_DISCHARGE_WINDOW,14.55,3.0000000000000004,3.005470877704901,4.85,99.53195981025357,4.841171514232395,25,,,,1.2421724223687793,0.0424576920897257,0.07858384114948315,0.9682343028464788,,,,,0.2739114423698444,0.0,,,1.7574097032017205e-05,,,5.49956403622931e-05,77.94685225744183,99.9978523792691,-4.589258493825632e-05,-0.003694542248067363,0.003694542248067363,SOC_UPPER_BOUND_NOT_REACHED,1419051.3215702486,1419783.6739997533,732.3524295047077,0.034820862855798856,1.2073515595129805,97.19677701511061,,,,,,,,,,,,,,,,,,,,,,,,,,,,,1,FIRST_UPWARD_CROSSING,charge_timeseries/cycle-045.csv,,,1419051.3215702486,1429134.455476198,SOC_UPPER_BOUND_NOT_REACHED,SOC_UPPER_BOUND_NOT_REACHED;NON_MONOTONIC_SOC,False,False,3,charge-efficiency-v1
45,virtual,40-60,40.0,60.0,40.0,60.0,100.0,NEGATIVE_PARTICLE_LITHIUM_DELTA_OVER_FROZEN_Q_REF_V1,4.841171514232395,25,20.0,W10_80_PERCENT_DISCHARGE_WINDOW,14.55,3.0000000000000004,3.005470877704901,4.85,99.53195981025357,4.841171514232395,25,,,,0.8986950943953339,0.07858384114948315,0.1147099902092406,0.9682343028464786,,,,,-0.06958116158576194,0.06958116158576194,,,1.839938196161262e-05,,,6.803294902700541e-05,107.73779771190723,99.99533177215733,-4.447919637129427e-05,-0.004949308908959948,0.004949308908959948,SOC_UPPER_BOUND_NOT_REACHED,1419783.6739997533,1420436.6291815068,652.9551817536246,0.0,0.8986950943953339,100.0,,,,,,,,,,,,,,,,,,,,,,,,,,,,,1,FIRST_UPWARD_CROSSING,charge_timeseries/cycle-045.csv,,,1419051.3215702486,1429134.455476198,SOC_UPPER_BOUND_NOT_REACHED,SOC_UPPER_BOUND_NOT_REACHED;NON_MONOTONIC_SOC,False,False,3,charge-efficiency-v1
45,virtual,60-80,60.0,80.0,60.0,80.0,100.0,NEGATIVE_PARTICLE_LITHIUM_DELTA_OVER_FROZEN_Q_REF_V1,4.841171514232395,25,20.0,W10_80_PERCENT_DISCHARGE_WINDOW,14.55,3.0000000000000004,3.005470877704901,4.85,99.53195981025357,4.841171514232395,25,,,,0.773788649995556,0.1147099902092406,0.15083613926899808,0.9682343028464797,,,,,-0.1945347681107502,0.1945347681107502,,,2.475480560978731e-05,,,0.00018717753381071456,125.12903915714459,99.98848325575375,-0.00012281707959405086,-0.01587217382870067,0.01587217382870067,SOC_UPPER_BOUND_NOT_REACHED,1420436.6291815068,1424654.4009036242,4217.771722117267,0.22424881338025998,0.549539836615296,71.01937158401743,,,,,,,,,,,,,,,,,,,,,,,,,,,,,1,FIRST_UPWARD_CROSSING,charge_timeseries/cycle-045.csv,,,1419051.3215702486,1429134.455476198,SOC_UPPER_BOUND_NOT_REACHED,SOC_UPPER_BOUND_NOT_REACHED;NON_MONOTONIC_SOC,False,False,3,charge-efficiency-v1
45,virtual,80-100,80.0,100.0,80.0,,0.0,NEGATIVE_PARTICLE_LITHIUM_DELTA_OVER_FROZEN_Q_REF_V1,4.841171514232395,25,20.0,W10_80_PERCENT_DISCHARGE_WINDOW,14.55,3.0000000000000004,3.005470877704901,4.85,99.53195981025357,4.841171514232395,25,,,,,,,,,,,,,,,,,,,,,,,,,,,,,,,,,,,,,,,,,,,,,,,,,,,,,,,,,,,,0,FIRST_UPWARD_CROSSING,charge_timeseries/cycle-045.csv,,,1419051.3215702486,1429134.455476198,SOC_UPPER_BOUND_NOT_REACHED,SOC_UPPER_BOUND_NOT_REACHED;NON_MONOTONIC_SOC,False,False,3,charge-efficiency-v1
46,virtual,20-40,20.0,40.0,20.0,40.0,100.0,NEGATIVE_PARTICLE_LITHIUM_DELTA_OVER_FROZEN_Q_REF_V1,4.841171514232395,25,20.0,W10_80_PERCENT_DISCHARGE_WINDOW,14.55,3.0000000000000004,3.005470877704901,4.85,99.53195981025357,4.841171514232395,25,,,,1.1596829705421199,0.04243913449084166,0.07856528355059911,0.9682343028464786,,,,,0.19144175659504145,0.0,,,1.5914374391478876e-05,,,5.0041713958448586e-05,83.49129265853199,99.99940405259237,-5.9044987750001e-05,-0.005091476657831674,0.005091476657831674,NON_MONOTONIC_SOC,1452635.2301681654,1453329.4103682095,694.1802000440108,0.034110260130831474,1.1255727104112885,97.05865646066304,,,,,,,,,,,,,,,,,,,,,,,,,,,,,1,FIRST_UPWARD_CROSSING,charge_timeseries/cycle-046.csv,,,1452635.2301681654,1462683.8726601119,NON_MONOTONIC_SOC,NON_MONOTONIC_SOC;PREEXISTING_PLATED_LITHIUM_RELEASED,False,False,3,charge-efficiency-v1
46,virtual,40-60,40.0,60.0,40.0,60.0,100.0,NEGATIVE_PARTICLE_LITHIUM_DELTA_OVER_FROZEN_Q_REF_V1,4.841171514232395,25,20.0,W10_80_PERCENT_DISCHARGE_WINDOW,14.55,3.0000000000000004,3.005470877704901,4.85,99.53195981025357,4.841171514232395,25,,,,0.6923594243240107,0.07856528355059911,0.11469143261035657,0.9682343028464789,,,,,-0.2758875037483006,0.2758875037483006,,,-9.885200824349613e-08,,,4.2922266720188396e-05,139.84561613959693,99.99817649252847,-3.019818887961545e-05,-0.004361634697050544,0.004361634697050544,NON_MONOTONIC_SOC,1453329.4103682095,1453661.0419299398,331.6315617303695,0.0,0.6923594243240107,100.0,,,,,,,,,,,,,,,,,,,,,,,,,,,,,1,FIRST_UPWARD_CROSSING,charge_timeseries/cycle-046.csv,,,1452635.2301681654,1462683.8726601119,NON_MONOTONIC_SOC,NON_MONOTONIC_SOC;PREEXISTING_PLATED_LITHIUM_RELEASED,False,False,3,charge-efficiency-v1
46,virtual,60-80,60.0,80.0,60.0,80.0,100.0,NEGATIVE_PARTICLE_LITHIUM_DELTA_OVER_FROZEN_Q_REF_V1,4.841171514232395,25,20.0,W10_80_PERCENT_DISCHARGE_WINDOW,14.55,3.0000000000000004,3.005470877704901,4.85,99.53195981025357,4.841171514232395,25,,,,0.9866244339712263,0.11469143261035657,0.15081758167011403,0.9682343028464789,,,,,0.01835292923422273,0.0,,,-3.5797047204590236e-05,,,0.00021451282501216973,98.13605557580549,99.99622937672697,-0.00014151388728289582,-0.014343237650550919,0.014343237650550919,NON_MONOTONIC_SOC,1453661.0419299398,1457896.7502497502,4235.708319810503,0.1543423705220348,0.8322820634491915,84.35652258268155,,,,,,,,,,,,,,,,,,,,,,,,,,,,,1,FIRST_UPWARD_CROSSING,charge_timeseries/cycle-046.csv,,,1452635.2301681654,1462683.8726601119,NON_MONOTONIC_SOC,NON_MONOTONIC_SOC;PREEXISTING_PLATED_LITHIUM_RELEASED,False,False,3,charge-efficiency-v1
46,virtual,80-100,80.0,100.0,80.0,100.0,100.0,NEGATIVE_PARTICLE_LITHIUM_DELTA_OVER_FROZEN_Q_REF_V1,4.841171514232395,25,20.0,W10_80_PERCENT_DISCHARGE_WINDOW,14.55,3.0000000000000004,3.005470877704901,4.85,99.53195981025357,4.841171514232395,25,,,,0.9899675485550234,0.15081758167011403,0.1869437307298715,0.9682343028464794,,,,,0.02170990130524881,0.0,,,-2.1244145352349204e-05,,,0.00012977645739054022,97.80465069382664,99.99764190216848,-8.518790874301185e-05,-0.008605121336285602,0.008605121336285602,NON_MONOTONIC_SOC,1457896.7502497502,1461481.6158949116,3584.8656451612414,0.7563317520588289,0.23363579649619456,23.6003490050976,,,,,,,,,,,,,,,,,,,,,,,,,,,,,1,FIRST_UPWARD_CROSSING,charge_timeseries/cycle-046.csv,,,1452635.2301681654,1462683.8726601119,NON_MONOTONIC_SOC,NON_MONOTONIC_SOC;PREEXISTING_PLATED_LITHIUM_RELEASED,False,False,3,charge-efficiency-v1
47,virtual,20-40,20.0,40.0,20.0,40.0,100.0,NEGATIVE_PARTICLE_LITHIUM_DELTA_OVER_FROZEN_Q_REF_V1,4.841171514232395,25,20.0,W10_80_PERCENT_DISCHARGE_WINDOW,14.55,3.0000000000000004,3.005470877704901,4.85,99.53195981025357,4.841171514232395,25,,,,1.2496907981164442,0.04366734458779088,0.07979349364754834,0.9682343028464789,,,,,0.2814377558401553,0.0,,,1.4173600755247335e-05,,,5.2969693837875975e-05,77.47790928010501,99.99850047469035,-4.840386478299763e-05,-0.0038732672798705713,0.0038732672798705713,SOC_UPPER_BOUND_NOT_REACHED,1486184.6465512556,1486908.9793754697,724.3328242141779,0.03322380804798307,1.2164669900684613,97.34143773019225,,,,,,,,,,,,,,,,,,,,,,,,,,,,,1,FIRST_UPWARD_CROSSING,charge_timeseries/cycle-047.csv,,,1486184.6465512556,1496321.4718665888,SOC_UPPER_BOUND_NOT_REACHED,SOC_UPPER_BOUND_NOT_REACHED;NON_MONOTONIC_SOC,False,False,3,charge-efficiency-v1
47,virtual,40-60,40.0,60.0,40.0,60.0,100.0,NEGATIVE_PARTICLE_LITHIUM_DELTA_OVER_FROZEN_Q_REF_V1,4.841171514232395,25,20.0,W10_80_PERCENT_DISCHARGE_WINDOW,14.55,3.0000000000000004,3.005470877704901,4.85,99.53195981025357,4.841171514232395,25,,,,0.9059785446153066,0.07979349364754834,0.1159196427073058,0.9682343028464789,,,,,-0.06229783776083239,0.06229783776083239,,,1.5811663176715056e-05,,,6.668156842945527e-05,106.87165922429291,99.99535535031042,-4.0413701946184766e-05,-0.004460779141667763,0.004460779141667763,SOC_UPPER_BOUND_NOT_REACHED,1486908.9793754697,1487559.8143126566,650.8349371868899,0.0,0.9059785446153066,100.0,,,,,,,,,,,,,,,,,,,,,,,,,,,,,1,FIRST_UPWARD_CROSSING,charge_timeseries/cycle-047.csv,,,1486184.6465512556,1496321.4718665888,SOC_UPPER_BOUND_NOT_REACHED,SOC_UPPER_BOUND_NOT_REACHED;NON_MONOTONIC_SOC,False,False,3,charge-efficiency-v1
47,virtual,60-80,60.0,80.0,60.0,80.0,100.0,NEGATIVE_PARTICLE_LITHIUM_DELTA_OVER_FROZEN_Q_REF_V1,4.841171514232395,25,20.0,W10_80_PERCENT_DISCHARGE_WINDOW,14.55,3.0000000000000004,3.005470877704901,4.85,99.53195981025357,4.841171514232395,25,,,,0.7984471419013455,0.1159196427073058,0.15204579176706323,0.9682343028464782,,,,,-0.16987299520968877,0.16987299520968877,,,2.1590066885056238e-05,,,0.0001873359388700757,121.26467138961983,99.98924985010883,-0.00012309174119906618,-0.015416391986318258,0.015416391986318258,SOC_UPPER_BOUND_NOT_REACHED,1487559.8143126566,1491910.141020073,4350.326707416411,0.2580549250431166,0.5403922168582289,67.68039967822926,,,,,,,,,,,,,,,,,,,,,,,,,,,,,1,FIRST_UPWARD_CROSSING,charge_timeseries/cycle-047.csv,,,1486184.6465512556,1496321.4718665888,SOC_UPPER_BOUND_NOT_REACHED,SOC_UPPER_BOUND_NOT_REACHED;NON_MONOTONIC_SOC,False,False,3,charge-efficiency-v1
47,virtual,80-100,80.0,100.0,80.0,,0.0,NEGATIVE_PARTICLE_LITHIUM_DELTA_OVER_FROZEN_Q_REF_V1,4.841171514232395,25,20.0,W10_80_PERCENT_DISCHARGE_WINDOW,14.55,3.0000000000000004,3.005470877704901,4.85,99.53195981025357,4.841171514232395,25,,,,,,,,,,,,,,,,,,,,,,,,,,,,,,,,,,,,,,,,,,,,,,,,,,,,,,,,,,,,0,FIRST_UPWARD_CROSSING,charge_timeseries/cycle-047.csv,,,1486184.6465512556,1496321.4718665888,SOC_UPPER_BOUND_NOT_REACHED,SOC_UPPER_BOUND_NOT_REACHED;NON_MONOTONIC_SOC,False,False,3,charge-efficiency-v1
48,virtual,20-40,20.0,40.0,20.0,40.0,100.0,NEGATIVE_PARTICLE_LITHIUM_DELTA_OVER_FROZEN_Q_REF_V1,4.841171514232395,25,20.0,W10_80_PERCENT_DISCHARGE_WINDOW,14.55,3.0000000000000004,3.005470877704901,4.85,99.53195981025357,4.841171514232395,25,,,,1.2640025622524809,0.042408893989378756,0.07853504304913622,0.9682343028464793,,,,,0.2957346009536754,0.0,,,2.0211032977818406e-05,,,5.787703554491208e-05,76.60065982153264,99.99733715315685,-4.4429616196550725e-05,-0.0035149941561333667,0.0035149941561333667,SOC_UPPER_BOUND_NOT_REACHED,1519822.2465208159,1520621.324332917,799.0778121011924,0.032689789609771217,1.2313127726427096,97.41378771008839,,,,,,,,,,,,,,,,,,,,,,,,,,,,,1,FIRST_UPWARD_CROSSING,charge_timeseries/cycle-048.csv,,,1519822.2465208159,1530066.9126107972,SOC_UPPER_BOUND_NOT_REACHED,SOC_UPPER_BOUND_NOT_REACHED;NON_MONOTONIC_SOC,False,False,3,charge-efficiency-v1
48,virtual,40-60,40.0,60.0,40.0,60.0,100.0,NEGATIVE_PARTICLE_LITHIUM_DELTA_OVER_FROZEN_Q_REF_V1,4.841171514232395,25,20.0,W10_80_PERCENT_DISCHARGE_WINDOW,14.55,3.0000000000000004,3.005470877704901,4.85,99.53195981025357,4.841171514232395,25,,,,0.8874157491034228,0.07853504304913622,0.11466119210889367,0.9682343028464786,,,,,-0.08086394662495569,0.08086394662495569,,,2.0413349990699124e-05,,,6.731063252655989e-05,109.10718046470424,99.99488482349498,-4.2331100617354345e-05,-0.004770154311563938,0.004770154311563938,SOC_UPPER_BOUND_NOT_REACHED,1520621.324332917,1521322.7045278833,701.3801949661774,0.0,0.8874157491034228,100.0,,,,,,,,,,,,,,,,,,,,,,,,,,,,,1,FIRST_UPWARD_CROSSING,charge_timeseries/cycle-048.csv,,,1519822.2465208159,1530066.9126107972,SOC_UPPER_BOUND_NOT_REACHED,SOC_UPPER_BOUND_NOT_REACHED;NON_MONOTONIC_SOC,False,False,3,charge-efficiency-v1
48,virtual,60-80,60.0,80.0,60.0,80.0,100.0,NEGATIVE_PARTICLE_LITHIUM_DELTA_OVER_FROZEN_Q_REF_V1,4.841171514232395,25,20.0,W10_80_PERCENT_DISCHARGE_WINDOW,14.55,3.0000000000000004,3.005470877704901,4.85,99.53195981025357,4.841171514232395,25,,,,0.7632760526345084,0.11466119210889367,0.1507873411686511,0.9682343028464786,,,,,-0.20504582681501185,0.20504582681501185,,,2.5094541047311798e-05,,,0.00017788217929341765,126.8524408049408,99.98852622157615,-0.00011540011729904709,-0.015119053833895921,0.015119053833895921,SOC_UPPER_BOUND_NOT_REACHED,1521322.7045278833,1525541.0751566766,4218.370628793368,0.22594222376144185,0.5373338288730665,70.39836072655703,,,,,,,,,,,,,,,,,,,,,,,,,,,,,1,FIRST_UPWARD_CROSSING,charge_timeseries/cycle-048.csv,,,1519822.2465208159,1530066.9126107972,SOC_UPPER_BOUND_NOT_REACHED,SOC_UPPER_BOUND_NOT_REACHED;NON_MONOTONIC_SOC,False,False,3,charge-efficiency-v1
48,virtual,80-100,80.0,100.0,80.0,,0.0,NEGATIVE_PARTICLE_LITHIUM_DELTA_OVER_FROZEN_Q_REF_V1,4.841171514232395,25,20.0,W10_80_PERCENT_DISCHARGE_WINDOW,14.55,3.0000000000000004,3.005470877704901,4.85,99.53195981025357,4.841171514232395,25,,,,,,,,,,,,,,,,,,,,,,,,,,,,,,,,,,,,,,,,,,,,,,,,,,,,,,,,,,,,0,FIRST_UPWARD_CROSSING,charge_timeseries/cycle-048.csv,,,1519822.2465208159,1530066.9126107972,SOC_UPPER_BOUND_NOT_REACHED,SOC_UPPER_BOUND_NOT_REACHED;NON_MONOTONIC_SOC,False,False,3,charge-efficiency-v1
49,virtual,20-40,20.0,40.0,20.0,40.0,100.0,NEGATIVE_PARTICLE_LITHIUM_DELTA_OVER_FROZEN_Q_REF_V1,4.841171514232395,25,20.0,W10_80_PERCENT_DISCHARGE_WINDOW,14.55,3.0000000000000004,3.005470877704901,4.85,99.53195981025357,4.841171514232395,25,,,,1.2846823196757708,0.04239044404560004,0.0785165931053575,0.9682343028464789,,,,,0.31640918387054967,0.0,,,2.2554612721706856e-05,,,6.0608223110505954e-05,75.36760551751368,99.99697723256969,-4.432987709002134e-05,-0.003450648958974492,0.003450648958974492,SOC_UPPER_BOUND_NOT_REACHED,1553567.687345913,1554412.873567788,845.1862218749354,0.03198148012697453,1.2527008395487964,97.51055341564552,,,,,,,,,,,,,,,,,,,,,,,,,,,,,1,FIRST_UPWARD_CROSSING,charge_timeseries/cycle-049.csv,,,1553567.687345913,1563868.0518733833,SOC_UPPER_BOUND_NOT_REACHED,SOC_UPPER_BOUND_NOT_REACHED;NON_MONOTONIC_SOC,False,False,3,charge-efficiency-v1
49,virtual,40-60,40.0,60.0,40.0,60.0,100.0,NEGATIVE_PARTICLE_LITHIUM_DELTA_OVER_FROZEN_Q_REF_V1,4.841171514232395,25,20.0,W10_80_PERCENT_DISCHARGE_WINDOW,14.55,3.0000000000000004,3.005470877704901,4.85,99.53195981025357,4.841171514232395,25,,,,0.8768925087996727,0.0785165931053575,0.11464274216511494,0.9682343028464786,,,,,-0.09138731028851976,0.09138731028851976,,,2.2444540238033064e-05,,,6.733116064443212e-05,110.41653260008326,99.99480937044653,-4.425945916852747e-05,-0.005047307249677805,0.005047307249677805,SOC_UPPER_BOUND_NOT_REACHED,1554412.873567788,1555147.9654351578,735.0918673698689,0.0,0.8768925087996727,100.0,,,,,,,,,,,,,,,,,,,,,,,,,,,,,1,FIRST_UPWARD_CROSSING,charge_timeseries/cycle-049.csv,,,1553567.687345913,1563868.0518733833,SOC_UPPER_BOUND_NOT_REACHED,SOC_UPPER_BOUND_NOT_REACHED;NON_MONOTONIC_SOC,False,False,3,charge-efficiency-v1
49,virtual,60-80,60.0,80.0,60.0,80.0,100.0,NEGATIVE_PARTICLE_LITHIUM_DELTA_OVER_FROZEN_Q_REF_V1,4.841171514232395,25,20.0,W10_80_PERCENT_DISCHARGE_WINDOW,14.55,3.0000000000000004,3.005470877704901,4.85,99.53195981025357,4.841171514232395,25,,,,0.7533401161721064,0.11464274216511494,0.15076889122487241,0.9682343028464794,,,,,-0.21497903566560997,0.21497903566560997,,,2.585276425887996e-05,,,0.00017256793218980992,128.52552015499978,99.98873696098012,-0.00011357170521175686,-0.015075754333758394,0.015075754333758394,SOC_UPPER_BOUND_NOT_REACHED,1555147.9654351578,1559326.7846026854,4178.819167527604,0.22724934648455364,0.5260907696875528,69.83442915010824,,,,,,,,,,,,,,,,,,,,,,,,,,,,,1,FIRST_UPWARD_CROSSING,charge_timeseries/cycle-049.csv,,,1553567.687345913,1563868.0518733833,SOC_UPPER_BOUND_NOT_REACHED,SOC_UPPER_BOUND_NOT_REACHED;NON_MONOTONIC_SOC,False,False,3,charge-efficiency-v1
49,virtual,80-100,80.0,100.0,80.0,,0.0,NEGATIVE_PARTICLE_LITHIUM_DELTA_OVER_FROZEN_Q_REF_V1,4.841171514232395,25,20.0,W10_80_PERCENT_DISCHARGE_WINDOW,14.55,3.0000000000000004,3.005470877704901,4.85,99.53195981025357,4.841171514232395,25,,,,,,,,,,,,,,,,,,,,,,,,,,,,,,,,,,,,,,,,,,,,,,,,,,,,,,,,,,,,0,FIRST_UPWARD_CROSSING,charge_timeseries/cycle-049.csv,,,1553567.687345913,1563868.0518733833,SOC_UPPER_BOUND_NOT_REACHED,SOC_UPPER_BOUND_NOT_REACHED;NON_MONOTONIC_SOC,False,False,3,charge-efficiency-v1
50,virtual,20-40,20.0,40.0,20.0,40.0,100.0,NEGATIVE_PARTICLE_LITHIUM_DELTA_OVER_FROZEN_Q_REF_V1,4.841171514232395,25,20.0,W10_80_PERCENT_DISCHARGE_WINDOW,14.55,3.0000000000000004,3.005470877704901,4.85,99.53195981025357,4.841171514232395,25,,,,1.2772464905168288,0.042371806197877664,0.07849795525763512,0.9682343028464788,,,,,0.30897625715943133,0.0,,,2.20550762232174e-05,,,5.982798650427945e-05,75.80637801985188,99.99718687730322,-4.595255180905866e-05,-0.003597782585447879,0.003597782585447879,SOC_UPPER_BOUND_NOT_REACHED,1587368.8268213498,1588215.9797004524,847.1528791026337,0.03127301748690607,1.2459734730299228,97.55152840746882,,,,,,,,,,,,,,,,,,,,,,,,,,,,,1,FIRST_UPWARD_CROSSING,charge_timeseries/cycle-050.csv,,,1587368.8268213498,1597677.2181872504,SOC_UPPER_BOUND_NOT_REACHED,SOC_UPPER_BOUND_NOT_REACHED;NON_MONOTONIC_SOC,False,False,3,charge-efficiency-v1
50,virtual,40-60,40.0,60.0,40.0,60.0,100.0,NEGATIVE_PARTICLE_LITHIUM_DELTA_OVER_FROZEN_Q_REF_V1,4.841171514232395,25,20.0,W10_80_PERCENT_DISCHARGE_WINDOW,14.55,3.0000000000000004,3.005470877704901,4.85,99.53195981025357,4.841171514232395,25,,,,0.8798070522426509,0.07849795525763512,0.11462410431739256,0.9682343028464786,,,,,-0.08847186825667447,0.08847186825667447,,,2.1751301872135337e-05,,,6.676364224482423e-05,110.05075492159608,99.99492870024932,-4.3897291270078576e-05,-0.004989422528289953,0.004989422528289953,SOC_UPPER_BOUND_NOT_REACHED,1588215.9797004524,1588951.884585747,735.9048852946273,0.0,0.8798070522426509,100.0,,,,,,,,,,,,,,,,,,,,,,,,,,,,,1,FIRST_UPWARD_CROSSING,charge_timeseries/cycle-050.csv,,,1587368.8268213498,1597677.2181872504,SOC_UPPER_BOUND_NOT_REACHED,SOC_UPPER_BOUND_NOT_REACHED;NON_MONOTONIC_SOC,False,False,3,charge-efficiency-v1
50,virtual,60-80,60.0,80.0,60.0,80.0,100.0,NEGATIVE_PARTICLE_LITHIUM_DELTA_OVER_FROZEN_Q_REF_V1,4.841171514232395,25,20.0,W10_80_PERCENT_DISCHARGE_WINDOW,14.55,3.0000000000000004,3.005470877704901,4.85,99.53195981025357,4.841171514232395,25,,,,0.7578437860340648,0.11462410431739256,0.15075025337715006,0.9682343028464802,,,,,-0.21047503514141416,0.21047503514141416,,,2.5171684585435696e-05,,,0.00017050615464049568,127.76172618811424,99.9888475262902,-0.00011115951022722115,-0.014667865894756386,0.014667865894756386,SOC_UPPER_BOUND_NOT_REACHED,1588951.884585747,1593119.6409989358,4167.756413188791,0.22805508950764822,0.5297886965264166,69.90737488248044,,,,,,,,,,,,,,,,,,,,,,,,,,,,,1,FIRST_UPWARD_CROSSING,charge_timeseries/cycle-050.csv,,,1587368.8268213498,1597677.2181872504,SOC_UPPER_BOUND_NOT_REACHED,SOC_UPPER_BOUND_NOT_REACHED;NON_MONOTONIC_SOC,False,False,3,charge-efficiency-v1
50,virtual,80-100,80.0,100.0,80.0,,0.0,NEGATIVE_PARTICLE_LITHIUM_DELTA_OVER_FROZEN_Q_REF_V1,4.841171514232395,25,20.0,W10_80_PERCENT_DISCHARGE_WINDOW,14.55,3.0000000000000004,3.005470877704901,4.85,99.53195981025357,4.841171514232395,25,,,,,,,,,,,,,,,,,,,,,,,,,,,,,,,,,,,,,,,,,,,,,,,,,,,,,,,,,,,,0,FIRST_UPWARD_CROSSING,charge_timeseries/cycle-050.csv,,,1587368.8268213498,1597677.2181872504,SOC_UPPER_BOUND_NOT_REACHED,SOC_UPPER_BOUND_NOT_REACHED;NON_MONOTONIC_SOC,False,False,3,charge-efficiency-v1
51,virtual,20-40,20.0,40.0,20.0,40.0,100.0,NEGATIVE_PARTICLE_LITHIUM_DELTA_OVER_FROZEN_Q_REF_V1,4.841171514232395,25,20.0,W10_80_PERCENT_DISCHARGE_WINDOW,14.55,3.0000000000000004,3.005470877704901,4.85,99.53195981025357,4.841171514232395,25,,,,1.2864796856694742,0.04235319772915705,0.0784793467889145,0.9682343028464786,,,,,0.3182046178351051,0.0,,,2.3499339898920817e-05,,,6.150242766202185e-05,75.26230795806285,99.99683127620712,-4.423677967047013e-05,-0.0034385913872747743,0.0034385913872747743,SOC_UPPER_BOUND_NOT_REACHED,1621177.992746656,1622058.9910950349,880.998348378852,0.03056493531270794,1.2559147503567663,97.62414162826036,,,,,,,,,,,,,,,,,,,,,,,,,,,,,1,FIRST_UPWARD_CROSSING,charge_timeseries/cycle-051.csv,,,1621177.992746656,1631529.9936129295,SOC_UPPER_BOUND_NOT_REACHED,SOC_UPPER_BOUND_NOT_REACHED;NON_MONOTONIC_SOC,False,False,3,charge-efficiency-v1
51,virtual,40-60,40.0,60.0,40.0,60.0,100.0,NEGATIVE_PARTICLE_LITHIUM_DELTA_OVER_FROZEN_Q_REF_V1,4.841171514232395,25,20.0,W10_80_PERCENT_DISCHARGE_WINDOW,14.55,3.0000000000000004,3.005470877704901,4.85,99.53195981025357,4.841171514232395,25,,,,0.8743329830549493,0.0784793467889145,0.11460549584867195,0.9682343028464789,,,,,-0.09394704649530722,0.09394704649530722,,,2.280543381349802e-05,,,6.66601103576081e-05,110.73976638321881,99.9947701042207,-4.3738840393436895e-05,-0.00500253807658175,0.00500253807658175,SOC_UPPER_BOUND_NOT_REACHED,1622058.9910950349,1622819.6997656445,760.7086706096969,0.0,0.8743329830549493,100.0,,,,,,,,,,,,,,,,,,,,,,,,,,,,,1,FIRST_UPWARD_CROSSING,charge_timeseries/cycle-051.csv,,,1621177.992746656,1631529.9936129295,SOC_UPPER_BOUND_NOT_REACHED,SOC_UPPER_BOUND_NOT_REACHED;NON_MONOTONIC_SOC,False,False,3,charge-efficiency-v1
51,virtual,60-80,60.0,80.0,60.0,80.0,100.0,NEGATIVE_PARTICLE_LITHIUM_DELTA_OVER_FROZEN_Q_REF_V1,4.841171514232395,25,20.0,W10_80_PERCENT_DISCHARGE_WINDOW,14.55,3.0000000000000004,3.005470877704901,4.85,99.53195981025357,4.841171514232395,25,,,,0.7542397533377365,0.11460549584867195,0.1507316449084294,0.9682343028464789,,,,,-0.21407660013860758,0.21407660013860758,,,2.5316533202496966e-05,,,0.0001664576048902855,128.37221832471076,99.98912141272028,-0.00010972350822768817,-0.014547563654942454,0.014547563654942454,SOC_UPPER_BOUND_NOT_REACHED,1622819.6997656445,1626956.464277105,4136.764511460234,0.22925472029813038,0.5249850330396062,69.60452968918575,,,,,,,,,,,,,,,,,,,,,,,,,,,,,1,FIRST_UPWARD_CROSSING,charge_timeseries/cycle-051.csv,,,1621177.992746656,1631529.9936129295,SOC_UPPER_BOUND_NOT_REACHED,SOC_UPPER_BOUND_NOT_REACHED;NON_MONOTONIC_SOC,False,False,3,charge-efficiency-v1
51,virtual,80-100,80.0,100.0,80.0,,0.0,NEGATIVE_PARTICLE_LITHIUM_DELTA_OVER_FROZEN_Q_REF_V1,4.841171514232395,25,20.0,W10_80_PERCENT_DISCHARGE_WINDOW,14.55,3.0000000000000004,3.005470877704901,4.85,99.53195981025357,4.841171514232395,25,,,,,,,,,,,,,,,,,,,,,,,,,,,,,,,,,,,,,,,,,,,,,,,,,,,,,,,,,,,,0,FIRST_UPWARD_CROSSING,charge_timeseries/cycle-051.csv,,,1621177.992746656,1631529.9936129295,SOC_UPPER_BOUND_NOT_REACHED,SOC_UPPER_BOUND_NOT_REACHED;NON_MONOTONIC_SOC,False,False,3,charge-efficiency-v1
52,virtual,20-40,20.0,40.0,20.0,40.0,100.0,NEGATIVE_PARTICLE_LITHIUM_DELTA_OVER_FROZEN_Q_REF_V1,4.841171514232395,25,20.0,W10_80_PERCENT_DISCHARGE_WINDOW,14.55,3.0000000000000004,3.005470877704901,4.85,99.53195981025357,4.841171514232395,25,,,,1.1733037843345684,0.04233453512133077,0.07846068418108822,0.9682343028464786,,,,,0.20503181437021076,0.0,,,1.9181820487372547e-05,,,5.2867604111772604e-05,82.52204721180597,99.99678965342294,-3.438230672014875e-05,-0.0029303840300530905,0.0029303840300530905,SOC_UPPER_BOUND_NOT_REACHED,1655030.7681930827,1655824.6751946372,793.9070015544517,0.029857918418658397,1.14344586591591,97.4552269567943,,,,,,,,,,,,,,,,,,,,,,,,,,,,,1,FIRST_UPWARD_CROSSING,charge_timeseries/cycle-052.csv,,,1655030.7681930827,1665597.5356668893,SOC_UPPER_BOUND_NOT_REACHED,SOC_UPPER_BOUND_NOT_REACHED;NON_MONOTONIC_SOC,False,False,3,charge-efficiency-v1
52,virtual,40-60,40.0,60.0,40.0,60.0,100.0,NEGATIVE_PARTICLE_LITHIUM_DELTA_OVER_FROZEN_Q_REF_V1,4.841171514232395,25,20.0,W10_80_PERCENT_DISCHARGE_WINDOW,14.55,3.0000000000000004,3.005470877704901,4.85,99.53195981025357,4.841171514232395,25,,,,0.7636531546489024,0.07846068418108822,0.11458683324084568,0.9682343028464789,,,,,-0.20462166797729234,0.20462166797729234,,,1.961975339323605e-06,,,4.847473893371257e-05,126.78979939415493,99.99469395504109,-9.916934557208101e-06,-0.0012986176377111304,0.0012986176377111304,SOC_UPPER_BOUND_NOT_REACHED,1655824.6751946372,1656261.4346309921,436.75943635511794,0.0,0.7636531546489024,100.00000000000001,,,,,,,,,,,,,,,,,,,,,,,,,,,,,1,FIRST_UPWARD_CROSSING,charge_timeseries/cycle-052.csv,,,1655030.7681930827,1665597.5356668893,SOC_UPPER_BOUND_NOT_REACHED,SOC_UPPER_BOUND_NOT_REACHED;NON_MONOTONIC_SOC,False,False,3,charge-efficiency-v1
52,virtual,60-80,60.0,80.0,60.0,80.0,100.0,NEGATIVE_PARTICLE_LITHIUM_DELTA_OVER_FROZEN_Q_REF_V1,4.841171514232395,25,20.0,W10_80_PERCENT_DISCHARGE_WINDOW,14.55,3.0000000000000004,3.005470877704901,4.85,99.53195981025357,4.841171514232395,25,,,,0.9728818509374658,0.11458683324084568,0.15071298230060315,0.9682343028464794,,,,,0.0045762324008804655,0.0,,,7.639493186345318e-07,,,0.0002056179737587316,99.52229059607721,99.99266964533902,-0.00013506623297132592,-0.013883107475093356,0.013883107475093356,SOC_UPPER_BOUND_NOT_REACHED,1656261.4346309921,1660991.0756920248,4729.6410610324965,0.21995903241198864,0.7529228185254772,77.39098203959331,,,,,,,,,,,,,,,,,,,,,,,,,,,,,1,FIRST_UPWARD_CROSSING,charge_timeseries/cycle-052.csv,,,1655030.7681930827,1665597.5356668893,SOC_UPPER_BOUND_NOT_REACHED,SOC_UPPER_BOUND_NOT_REACHED;NON_MONOTONIC_SOC,False,False,3,charge-efficiency-v1
52,virtual,80-100,80.0,100.0,80.0,,0.0,NEGATIVE_PARTICLE_LITHIUM_DELTA_OVER_FROZEN_Q_REF_V1,4.841171514232395,25,20.0,W10_80_PERCENT_DISCHARGE_WINDOW,14.55,3.0000000000000004,3.005470877704901,4.85,99.53195981025357,4.841171514232395,25,,,,,,,,,,,,,,,,,,,,,,,,,,,,,,,,,,,,,,,,,,,,,,,,,,,,,,,,,,,,0,FIRST_UPWARD_CROSSING,charge_timeseries/cycle-052.csv,,,1655030.7681930827,1665597.5356668893,SOC_UPPER_BOUND_NOT_REACHED,SOC_UPPER_BOUND_NOT_REACHED;NON_MONOTONIC_SOC,False,False,3,charge-efficiency-v1
53,virtual,20-40,20.0,40.0,20.0,40.0,100.0,NEGATIVE_PARTICLE_LITHIUM_DELTA_OVER_FROZEN_Q_REF_V1,4.841171514232395,25,20.0,W10_80_PERCENT_DISCHARGE_WINDOW,14.55,3.0000000000000004,3.005470877704901,4.85,99.53195981025357,4.841171514232395,25,,,,1.1848969739588011,0.042315941717409794,0.07844209077716725,0.9682343028464789,,,,,0.2166229500701964,0.0,,,2.053047705421465e-05,,,5.442140925980554e-05,81.71464052368695,99.99664772186962,-3.523084418821654e-05,-0.0029733255263964843,0.0029733255263964843,SOC_UPPER_BOUND_NOT_REACHED,1689098.3105626947,1689924.428494433,826.1179317382694,0.029144526286124347,1.1557524476726768,97.5403324570278,,,,,,,,,,,,,,,,,,,,,,,,,,,,,1,FIRST_UPWARD_CROSSING,charge_timeseries/cycle-053.csv,,,1689098.3105626947,1699658.8381970103,SOC_UPPER_BOUND_NOT_REACHED,SOC_UPPER_BOUND_NOT_REACHED;NON_MONOTONIC_SOC,False,False,3,charge-efficiency-v1
53,virtual,40-60,40.0,60.0,40.0,60.0,100.0,NEGATIVE_PARTICLE_LITHIUM_DELTA_OVER_FROZEN_Q_REF_V1,4.841171514232395,25,20.0,W10_80_PERCENT_DISCHARGE_WINDOW,14.55,3.0000000000000004,3.005470877704901,4.85,99.53195981025357,4.841171514232395,25,,,,0.7679231330424607,0.07844209077716725,0.1145682398369247,0.9682343028464786,,,,,-0.20038701532375036,0.20038701532375036,,,2.7215730322516576e-06,,,4.8878583580366786e-05,126.0847943218481,99.99012329275301,2.424536311984582e-05,0.0031572643245929176,0.0031572643245929176,SOC_UPPER_BOUND_NOT_REACHED,1689924.428494433,1690380.6463124487,456.2178180157698,0.0,0.7679231330424607,100.0,,,,,,,,,,,,,,,,,,,,,,,,,,,,,1,FIRST_UPWARD_CROSSING,charge_timeseries/cycle-053.csv,,,1689098.3105626947,1699658.8381970103,SOC_UPPER_BOUND_NOT_REACHED,SOC_UPPER_BOUND_NOT_REACHED;NON_MONOTONIC_SOC,False,False,3,charge-efficiency-v1
53,virtual,60-80,60.0,80.0,60.0,80.0,100.0,NEGATIVE_PARTICLE_LITHIUM_DELTA_OVER_FROZEN_Q_REF_V1,4.841171514232395,25,20.0,W10_80_PERCENT_DISCHARGE_WINDOW,14.55,3.0000000000000004,3.005470877704901,4.85,99.53195981025357,4.841171514232395,25,,,,0.9594954199651624,0.1145682398369247,0.15069438889668216,0.9682343028464789,,,,,-0.008820325870134536,0.008820325870134536,,,3.5563113451476253e-06,,,0.0001992169219556389,100.91077900941245,99.99151189394725,-0.00012133024448290897,-0.012645213511005008,0.012645213511005008,SOC_UPPER_BOUND_NOT_REACHED,1690380.6463124487,1695043.2909563202,4662.644643871506,0.22420515709527739,0.735290262869885,76.63301435004057,,,,,,,,,,,,,,,,,,,,,,,,,,,,,1,FIRST_UPWARD_CROSSING,charge_timeseries/cycle-053.csv,,,1689098.3105626947,1699658.8381970103,SOC_UPPER_BOUND_NOT_REACHED,SOC_UPPER_BOUND_NOT_REACHED;NON_MONOTONIC_SOC,False,False,3,charge-efficiency-v1
53,virtual,80-100,80.0,100.0,80.0,,0.0,NEGATIVE_PARTICLE_LITHIUM_DELTA_OVER_FROZEN_Q_REF_V1,4.841171514232395,25,20.0,W10_80_PERCENT_DISCHARGE_WINDOW,14.55,3.0000000000000004,3.005470877704901,4.85,99.53195981025357,4.841171514232395,25,,,,,,,,,,,,,,,,,,,,,,,,,,,,,,,,,,,,,,,,,,,,,,,,,,,,,,,,,,,,0,FIRST_UPWARD_CROSSING,charge_timeseries/cycle-053.csv,,,1689098.3105626947,1699658.8381970103,SOC_UPPER_BOUND_NOT_REACHED,SOC_UPPER_BOUND_NOT_REACHED;NON_MONOTONIC_SOC,False,False,3,charge-efficiency-v1
54,virtual,20-40,20.0,40.0,20.0,40.0,100.0,NEGATIVE_PARTICLE_LITHIUM_DELTA_OVER_FROZEN_Q_REF_V1,4.841171514232395,25,20.0,W10_80_PERCENT_DISCHARGE_WINDOW,14.55,3.0000000000000004,3.005470877704901,4.85,99.53195981025357,4.841171514232395,25,,,,1.3096842572699146,0.04229917201281768,0.07842532107257513,0.9682343028464788,,,,,0.34139742460681605,0.0,,,2.7823753975103876e-05,,,6.633080998870444e-05,73.92883418059856,99.99598912361297,-4.162474734403787e-05,-0.0031782276615896876,0.0031782276615896876,SOC_UPPER_BOUND_NOT_REACHED,1723159.6135154085,1724146.8470412905,987.2335258820227,0.028435036204416262,1.2812492210654982,97.8288632510793,,,,,,,,,,,,,,,,,,,,,,,,,,,,,1,FIRST_UPWARD_CROSSING,charge_timeseries/cycle-054.csv,,,1723159.6135154085,1733723.856978407,SOC_UPPER_BOUND_NOT_REACHED,SOC_UPPER_BOUND_NOT_REACHED;NON_MONOTONIC_SOC,False,False,3,charge-efficiency-v1
54,virtual,40-60,40.0,60.0,40.0,60.0,100.0,NEGATIVE_PARTICLE_LITHIUM_DELTA_OVER_FROZEN_Q_REF_V1,4.841171514232395,25,20.0,W10_80_PERCENT_DISCHARGE_WINDOW,14.55,3.0000000000000004,3.005470877704901,4.85,99.53195981025357,4.841171514232395,25,,,,0.8588316953769084,0.07842532107257513,0.11455147013233259,0.9682343028464789,,,,,-0.10945272062952954,0.10945272062952954,,,2.578974918526246e-05,,,6.610870888494602e-05,112.7385386518086,99.99416496151355,-4.178529811105225e-05,-0.004865365162462277,0.004865365162462277,SOC_UPPER_BOUND_NOT_REACHED,1724146.8470412905,1724984.8158597732,837.968818482797,0.0,0.8588316953769084,99.99999999999999,,,,,,,,,,,,,,,,,,,,,,,,,,,,,1,FIRST_UPWARD_CROSSING,charge_timeseries/cycle-054.csv,,,1723159.6135154085,1733723.856978407,SOC_UPPER_BOUND_NOT_REACHED,SOC_UPPER_BOUND_NOT_REACHED;NON_MONOTONIC_SOC,False,False,3,charge-efficiency-v1
54,virtual,60-80,60.0,80.0,60.0,80.0,100.0,NEGATIVE_PARTICLE_LITHIUM_DELTA_OVER_FROZEN_Q_REF_V1,4.841171514232395,25,20.0,W10_80_PERCENT_DISCHARGE_WINDOW,14.55,3.0000000000000004,3.005470877704901,4.85,99.53195981025357,4.841171514232395,25,,,,0.7467082609678255,0.11455147013233259,0.15067761919209002,0.9682343028464782,,,,,-0.22160528607477625,0.22160528607477625,,,2.54452966380464e-05,,,0.00015738812526200352,129.6670136729876,99.98938752920441,-0.00010358922577646812,-0.013872784217252904,0.013872784217252904,SOC_UPPER_BOUND_NOT_REACHED,1724984.8158597732,1729100.7400674352,4115.924207661993,0.23151073581251158,0.5151975251553139,68.99582502108049,,,,,,,,,,,,,,,,,,,,,,,,,,,,,1,FIRST_UPWARD_CROSSING,charge_timeseries/cycle-054.csv,,,1723159.6135154085,1733723.856978407,SOC_UPPER_BOUND_NOT_REACHED,SOC_UPPER_BOUND_NOT_REACHED;NON_MONOTONIC_SOC,False,False,3,charge-efficiency-v1
54,virtual,80-100,80.0,100.0,80.0,,0.0,NEGATIVE_PARTICLE_LITHIUM_DELTA_OVER_FROZEN_Q_REF_V1,4.841171514232395,25,20.0,W10_80_PERCENT_DISCHARGE_WINDOW,14.55,3.0000000000000004,3.005470877704901,4.85,99.53195981025357,4.841171514232395,25,,,,,,,,,,,,,,,,,,,,,,,,,,,,,,,,,,,,,,,,,,,,,,,,,,,,,,,,,,,,0,FIRST_UPWARD_CROSSING,charge_timeseries/cycle-054.csv,,,1723159.6135154085,1733723.856978407,SOC_UPPER_BOUND_NOT_REACHED,SOC_UPPER_BOUND_NOT_REACHED;NON_MONOTONIC_SOC,False,False,3,charge-efficiency-v1
55,virtual,20-40,20.0,40.0,20.0,40.0,100.0,NEGATIVE_PARTICLE_LITHIUM_DELTA_OVER_FROZEN_Q_REF_V1,4.841171514232395,25,20.0,W10_80_PERCENT_DISCHARGE_WINDOW,14.55,3.0000000000000004,3.005470877704901,4.85,99.53195981025357,4.841171514232395,25,,,,1.353436737490575,0.04228067294369471,0.07840682200345217,0.9682343028464789,,,,,0.38512260821179795,0.0,,,4.167693396120182e-05,,,8.469446883582754e-05,71.53894053753078,99.9941019458031,-4.6544970498940685e-05,-0.0034390207691007662,0.0034390207691007662,SOC_UPPER_BOUND_NOT_REACHED,1757224.6327312072,1758507.9541592475,1283.321428040366,0.027735716493588185,1.3257010209969868,97.95071940007973,,,,,,,,,,,,,,,,,,,,,,,,,,,,,1,FIRST_UPWARD_CROSSING,charge_timeseries/cycle-055.csv,,,1757224.6327312072,1768502.5876376186,SOC_UPPER_BOUND_NOT_REACHED,SOC_UPPER_BOUND_NOT_REACHED;NON_MONOTONIC_SOC,False,False,3,charge-efficiency-v1
55,virtual,40-60,40.0,60.0,40.0,60.0,100.0,NEGATIVE_PARTICLE_LITHIUM_DELTA_OVER_FROZEN_Q_REF_V1,4.841171514232395,25,20.0,W10_80_PERCENT_DISCHARGE_WINDOW,14.55,3.0000000000000004,3.005470877704901,4.85,99.53195981025357,4.841171514232395,25,,,,0.8198927601302425,0.07840682200345217,0.11453297106320962,0.9682343028464786,,,,,-0.1484028303256462,0.1484028303256462,,,3.655135539564619e-05,,,6.834230398271302e-05,118.09279822066871,99.99252492369853,-4.360604996822559e-05,-0.005318506527768173,0.005318506527768173,SOC_UPPER_BOUND_NOT_REACHED,1758507.9541592475,1759610.31704221,1102.3628829623406,0.0,0.8198927601302425,100.0,,,,,,,,,,,,,,,,,,,,,,,,,,,,,1,FIRST_UPWARD_CROSSING,charge_timeseries/cycle-055.csv,,,1757224.6327312072,1768502.5876376186,SOC_UPPER_BOUND_NOT_REACHED,SOC_UPPER_BOUND_NOT_REACHED;NON_MONOTONIC_SOC,False,False,3,charge-efficiency-v1
55,virtual,60-80,60.0,80.0,60.0,80.0,100.0,NEGATIVE_PARTICLE_LITHIUM_DELTA_OVER_FROZEN_Q_REF_V1,4.841171514232395,25,20.0,W10_80_PERCENT_DISCHARGE_WINDOW,14.55,3.0000000000000004,3.005470877704901,4.85,99.53195981025357,4.841171514232395,25,,,,0.7416024238720051,0.11453297106320962,0.15065912012296706,0.9682343028464786,,,,,-0.22671022493304152,0.22671022493304152,,,2.612823329618168e-05,,,0.0001522223060188843,130.55975434805055,99.989435584884,-0.00010000458074699292,-0.013484931754248546,0.013484931754248546,SOC_UPPER_BOUND_NOT_REACHED,1759610.31704221,1763861.0841380765,4250.767095866743,0.23156898084864808,0.5100334430233571,68.77451132918424,,,,,,,,,,,,,,,,,,,,,,,,,,,,,1,FIRST_UPWARD_CROSSING,charge_timeseries/cycle-055.csv,,,1757224.6327312072,1768502.5876376186,SOC_UPPER_BOUND_NOT_REACHED,SOC_UPPER_BOUND_NOT_REACHED;NON_MONOTONIC_SOC,False,False,3,charge-efficiency-v1
55,virtual,80-100,80.0,100.0,80.0,,0.0,NEGATIVE_PARTICLE_LITHIUM_DELTA_OVER_FROZEN_Q_REF_V1,4.841171514232395,25,20.0,W10_80_PERCENT_DISCHARGE_WINDOW,14.55,3.0000000000000004,3.005470877704901,4.85,99.53195981025357,4.841171514232395,25,,,,,,,,,,,,,,,,,,,,,,,,,,,,,,,,,,,,,,,,,,,,,,,,,,,,,,,,,,,,0,FIRST_UPWARD_CROSSING,charge_timeseries/cycle-055.csv,,,1757224.6327312072,1768502.5876376186,SOC_UPPER_BOUND_NOT_REACHED,SOC_UPPER_BOUND_NOT_REACHED;NON_MONOTONIC_SOC,False,False,3,charge-efficiency-v1
56,virtual,20-40,20.0,40.0,20.0,40.0,100.0,NEGATIVE_PARTICLE_LITHIUM_DELTA_OVER_FROZEN_Q_REF_V1,4.841171514232395,25,20.0,W10_80_PERCENT_DISCHARGE_WINDOW,14.55,3.0000000000000004,3.005470877704901,4.85,99.53195981025357,4.841171514232395,25,,,,1.34055120210628,0.042260603853483236,0.0783867529132407,0.9682343028464789,,,,,0.3722460685026402,0.0,,,3.713042565805071e-05,,,7.793248853110724e-05,72.22658122458769,99.99471629602438,-4.42321570284232e-05,-0.0032995499880142916,0.0032995499880142916,SOC_UPPER_BOUND_NOT_REACHED,1792003.3639022068,1793199.5081014924,1196.1441992857076,0.027032573765304845,1.3135186283409752,97.98347323676775,,,,,,,,,,,,,,,,,,,,,,,,,,,,,1,FIRST_UPWARD_CROSSING,charge_timeseries/cycle-056.csv,,,1792003.3639022068,1803068.6871604694,SOC_UPPER_BOUND_NOT_REACHED,SOC_UPPER_BOUND_NOT_REACHED;NON_MONOTONIC_SOC,False,False,3,charge-efficiency-v1
56,virtual,40-60,40.0,60.0,40.0,60.0,100.0,NEGATIVE_PARTICLE_LITHIUM_DELTA_OVER_FROZEN_Q_REF_V1,4.841171514232395,25,20.0,W10_80_PERCENT_DISCHARGE_WINDOW,14.55,3.0000000000000004,3.005470877704901,4.85,99.53195981025357,4.841171514232395,25,,,,0.8325913503178897,0.0783867529132407,0.11451290197299815,0.9682343028464789,,,,,-0.13569894028778043,0.13569894028778043,,,3.234114926347438e-05,,,6.68486064328011e-05,116.2916600655051,99.99327548152286,-4.3201996505093376e-05,-0.005188859635474057,0.005188859635474057,SOC_UPPER_BOUND_NOT_REACHED,1793199.5081014924,1794206.172290043,1006.664188550511,0.0,0.8325913503178897,100.0,,,,,,,,,,,,,,,,,,,,,,,,,,,,,1,FIRST_UPWARD_CROSSING,charge_timeseries/cycle-056.csv,,,1792003.3639022068,1803068.6871604694,SOC_UPPER_BOUND_NOT_REACHED,SOC_UPPER_BOUND_NOT_REACHED;NON_MONOTONIC_SOC,False,False,3,charge-efficiency-v1
56,virtual,60-80,60.0,80.0,60.0,80.0,100.0,NEGATIVE_PARTICLE_LITHIUM_DELTA_OVER_FROZEN_Q_REF_V1,4.841171514232395,25,20.0,W10_80_PERCENT_DISCHARGE_WINDOW,14.55,3.0000000000000004,3.005470877704901,4.85,99.53195981025357,4.841171514232395,25,,,,0.7418748204281277,0.11451290197299815,0.1506390510327556,0.9682343028464786,,,,,-0.22643829524001982,0.22643829524001982,,,2.5728931163146625e-05,,,0.00015157847188956852,130.51181630449747,99.98937653368215,-9.849458138389e-05,-0.013276442153279966,0.013276442153279966,SOC_UPPER_BOUND_NOT_REACHED,1794206.172290043,1798410.1093442836,4203.937054240626,0.23213536967856588,0.5097394507495618,68.70963088562527,,,,,,,,,,,,,,,,,,,,,,,,,,,,,1,FIRST_UPWARD_CROSSING,charge_timeseries/cycle-056.csv,,,1792003.3639022068,1803068.6871604694,SOC_UPPER_BOUND_NOT_REACHED,SOC_UPPER_BOUND_NOT_REACHED;NON_MONOTONIC_SOC,False,False,3,charge-efficiency-v1
56,virtual,80-100,80.0,100.0,80.0,,0.0,NEGATIVE_PARTICLE_LITHIUM_DELTA_OVER_FROZEN_Q_REF_V1,4.841171514232395,25,20.0,W10_80_PERCENT_DISCHARGE_WINDOW,14.55,3.0000000000000004,3.005470877704901,4.85,99.53195981025357,4.841171514232395,25,,,,,,,,,,,,,,,,,,,,,,,,,,,,,,,,,,,,,,,,,,,,,,,,,,,,,,,,,,,,0,FIRST_UPWARD_CROSSING,charge_timeseries/cycle-056.csv,,,1792003.3639022068,1803068.6871604694,SOC_UPPER_BOUND_NOT_REACHED,SOC_UPPER_BOUND_NOT_REACHED;NON_MONOTONIC_SOC,False,False,3,charge-efficiency-v1
57,virtual,20-40,20.0,40.0,20.0,40.0,100.0,NEGATIVE_PARTICLE_LITHIUM_DELTA_OVER_FROZEN_Q_REF_V1,4.841171514232395,25,20.0,W10_80_PERCENT_DISCHARGE_WINDOW,14.55,3.0000000000000004,3.005470877704901,4.85,99.53195981025357,4.841171514232395,25,,,,1.3476620280721419,0.04224091726519993,0.07836706632495738,0.9682343028464788,,,,,0.37931002395022334,0.0,,,5.482994813951151e-05,,,0.00010021134348067728,71.84548371015231,99.99126626164515,-3.7340016180609226e-05,-0.0027707255530546398,0.0027707255530546398,SOC_UPPER_BOUND_NOT_REACHED,1826569.46332514,1828188.3101033273,1618.8467781871261,0.026341244866289217,1.3213207832058527,98.04541165977861,,,,,,,,,,,,,,,,,,,,,,,,,,,,,1,FIRST_UPWARD_CROSSING,charge_timeseries/cycle-057.csv,,,1826569.46332514,1838714.4232049722,SOC_UPPER_BOUND_NOT_REACHED,SOC_UPPER_BOUND_NOT_REACHED;NON_MONOTONIC_SOC,False,False,3,charge-efficiency-v1
57,virtual,40-60,40.0,60.0,40.0,60.0,100.0,NEGATIVE_PARTICLE_LITHIUM_DELTA_OVER_FROZEN_Q_REF_V1,4.841171514232395,25,20.0,W10_80_PERCENT_DISCHARGE_WINDOW,14.55,3.0000000000000004,3.005470877704901,4.85,99.53195981025357,4.841171514232395,25,,,,0.8060537918459609,0.07836706632495738,0.11449321538471482,0.9682343028464786,,,,,-0.1622478550358357,0.1622478550358357,,,4.472583229213085e-05,,,7.139811115522421e-05,120.12030867432614,99.9916452182225,-4.877990812923727e-05,-0.006051693897193309,0.006051693897193309,SOC_UPPER_BOUND_NOT_REACHED,1828188.3101033273,1829615.1751541395,1426.8650508123822,0.0,0.8060537918459609,100.0,,,,,,,,,,,,,,,,,,,,,,,,,,,,,1,FIRST_UPWARD_CROSSING,charge_timeseries/cycle-057.csv,,,1826569.46332514,1838714.4232049722,SOC_UPPER_BOUND_NOT_REACHED,SOC_UPPER_BOUND_NOT_REACHED;NON_MONOTONIC_SOC,False,False,3,charge-efficiency-v1
57,virtual,60-80,60.0,80.0,60.0,80.0,100.0,NEGATIVE_PARTICLE_LITHIUM_DELTA_OVER_FROZEN_Q_REF_V1,4.841171514232395,25,20.0,W10_80_PERCENT_DISCHARGE_WINDOW,14.55,3.0000000000000004,3.005470877704901,4.85,99.53195981025357,4.841171514232395,25,,,,0.7606258274670952,0.11449321538471482,0.1506193644444723,0.9682343028464794,,,,,-0.2076842584022723,0.2076842584022723,,,2.432043090293181e-05,,,0.00015017329194465245,127.29442886139249,99.99003675392663,-9.871069995948112e-05,-0.012977563526627862,0.012977563526627862,SOC_UPPER_BOUND_NOT_REACHED,1829615.1751541395,1834035.5560112952,4420.380857155635,0.23154392793651318,0.5290818995305819,69.55876075000492,,,,,,,,,,,,,,,,,,,,,,,,,,,,,1,FIRST_UPWARD_CROSSING,charge_timeseries/cycle-057.csv,,,1826569.46332514,1838714.4232049722,SOC_UPPER_BOUND_NOT_REACHED,SOC_UPPER_BOUND_NOT_REACHED;NON_MONOTONIC_SOC,False,False,3,charge-efficiency-v1
57,virtual,80-100,80.0,100.0,80.0,,0.0,NEGATIVE_PARTICLE_LITHIUM_DELTA_OVER_FROZEN_Q_REF_V1,4.841171514232395,25,20.0,W10_80_PERCENT_DISCHARGE_WINDOW,14.55,3.0000000000000004,3.005470877704901,4.85,99.53195981025357,4.841171514232395,25,,,,,,,,,,,,,,,,,,,,,,,,,,,,,,,,,,,,,,,,,,,,,,,,,,,,,,,,,,,,0,FIRST_UPWARD_CROSSING,charge_timeseries/cycle-057.csv,,,1826569.46332514,1838714.4232049722,SOC_UPPER_BOUND_NOT_REACHED,SOC_UPPER_BOUND_NOT_REACHED;NON_MONOTONIC_SOC,False,False,3,charge-efficiency-v1
58,virtual,20-40,20.0,40.0,20.0,40.0,100.0,NEGATIVE_PARTICLE_LITHIUM_DELTA_OVER_FROZEN_Q_REF_V1,4.841171514232395,25,20.0,W10_80_PERCENT_DISCHARGE_WINDOW,14.55,3.0000000000000004,3.005470877704901,4.85,99.53195981025357,4.841171514232395,25,,,,1.3470767412487947,0.04221980678176528,0.07834595584152274,0.9682343028464788,,,,,0.3787462356950865,0.0,,,4.686117214847737e-05,,,8.975199703339931e-05,71.8766996117004,99.99285840930338,-4.0410461952467e-05,-0.0029998633867737087,0.0029998633867737087,SOC_UPPER_BOUND_NOT_REACHED,1862215.1997004254,1863657.7359822625,1442.5362818370797,0.0256425130901175,1.3214342281586773,98.09643264522956,,,,,,,,,,,,,,,,,,,,,,,,,,,,,1,FIRST_UPWARD_CROSSING,charge_timeseries/cycle-058.csv,,,1862215.1997004254,1873915.209780558,SOC_UPPER_BOUND_NOT_REACHED,SOC_UPPER_BOUND_NOT_REACHED;NON_MONOTONIC_SOC,False,False,3,charge-efficiency-v1
58,virtual,40-60,40.0,60.0,40.0,60.0,100.0,NEGATIVE_PARTICLE_LITHIUM_DELTA_OVER_FROZEN_Q_REF_V1,4.841171514232395,25,20.0,W10_80_PERCENT_DISCHARGE_WINDOW,14.55,3.0000000000000004,3.005470877704901,4.85,99.53195981025357,4.841171514232395,25,,,,0.8162948808823598,0.07834595584152274,0.11447210490128018,0.9682343028464786,,,,,-0.15201114207247404,0.15201114207247404,,,3.8452998035216554e-05,,,6.804888586803282e-05,118.61330084538598,99.99121394608309,-3.478177554794293e-05,-0.00426093270490024,0.00426093270490024,SOC_UPPER_BOUND_NOT_REACHED,1863657.7359822625,1864879.8234166952,1222.0874344327215,0.0,0.8162948808823598,99.99999999999999,,,,,,,,,,,,,,,,,,,,,,,,,,,,,1,FIRST_UPWARD_CROSSING,charge_timeseries/cycle-058.csv,,,1862215.1997004254,1873915.209780558,SOC_UPPER_BOUND_NOT_REACHED,SOC_UPPER_BOUND_NOT_REACHED;NON_MONOTONIC_SOC,False,False,3,charge-efficiency-v1
58,virtual,60-80,60.0,80.0,60.0,80.0,100.0,NEGATIVE_PARTICLE_LITHIUM_DELTA_OVER_FROZEN_Q_REF_V1,4.841171514232395,25,20.0,W10_80_PERCENT_DISCHARGE_WINDOW,14.55,3.0000000000000004,3.005470877704901,4.85,99.53195981025357,4.841171514232395,25,,,,0.7511806030739788,0.11447210490128018,0.15059825396103765,0.9682343028464794,,,,,-0.21712944007839208,0.21712944007839208,,,2.475734847983465e-05,,,0.00014865975267885911,128.89500858838394,99.98991716431686,-9.767679526717643e-05,-0.013003104029505523,0.013003104029505523,SOC_UPPER_BOUND_NOT_REACHED,1864879.8234166952,1869219.128206239,4339.304789543819,0.2321975090544447,0.5189830940195341,69.08899030349734,,,,,,,,,,,,,,,,,,,,,,,,,,,,,1,FIRST_UPWARD_CROSSING,charge_timeseries/cycle-058.csv,,,1862215.1997004254,1873915.209780558,SOC_UPPER_BOUND_NOT_REACHED,SOC_UPPER_BOUND_NOT_REACHED;NON_MONOTONIC_SOC,False,False,3,charge-efficiency-v1
58,virtual,80-100,80.0,100.0,80.0,,0.0,NEGATIVE_PARTICLE_LITHIUM_DELTA_OVER_FROZEN_Q_REF_V1,4.841171514232395,25,20.0,W10_80_PERCENT_DISCHARGE_WINDOW,14.55,3.0000000000000004,3.005470877704901,4.85,99.53195981025357,4.841171514232395,25,,,,,,,,,,,,,,,,,,,,,,,,,,,,,,,,,,,,,,,,,,,,,,,,,,,,,,,,,,,,0,FIRST_UPWARD_CROSSING,charge_timeseries/cycle-058.csv,,,1862215.1997004254,1873915.209780558,SOC_UPPER_BOUND_NOT_REACHED,SOC_UPPER_BOUND_NOT_REACHED;NON_MONOTONIC_SOC,False,False,3,charge-efficiency-v1
