cycle,mode,soc_bin_id,soc_start_pct,soc_end_pct,actual_soc_start_pct,actual_soc_end_pct,soc_coverage_pct,soc_definition,soc_reference_capacity_ah,capacity_reference_node,soc_anchor_pct,soc_anchor_source,configured_charge_current_a,configured_nominal_charge_rate_c,effective_charge_rate_c,nominal_capacity_ah,soh_pct,q_ref_ah,q_ref_node,lli_pct,negative_lam_pct,positive_lam_pct,external_charge_ah,negative_particle_lithium_mol_start,negative_particle_lithium_mol_end,intercalated_charge_increment_ah,total_plating_inventory_start_ah,total_plating_inventory_end_ah,reversible_plating_inventory_start_ah,reversible_plating_inventory_end_ah,reversible_plating_increment_ah,reversible_plating_depletion_ah,dead_lithium_inventory_start_ah,dead_lithium_inventory_end_ah,dead_lithium_increment_ah,sei_inventory_start_ah,sei_inventory_end_ah,sei_increment_ah,useful_charge_efficiency_pct,reversible_retention_pct,charge_balance_error_ah,charge_balance_error_pct,charge_balance_abs_error_pct,charge_balance_status,time_start_s,time_end_s,duration_s,cc_charge_ah,cv_charge_ah,cv_charge_fraction_pct,mean_current_a,mean_voltage_v,maximum_voltage_v,temperature_start_k,temperature_end_k,temperature_mean_k,temperature_max_k,temperature_rise_k,negative_surface_stoichiometry,negative_average_stoichiometry,negative_particle_radial_stoichiometry_gradient,minimum_electrolyte_concentration_mol_m3,negative_reaction_overpotential_v,plating_reaction_overpotential_v,negative_intercalation_current_density_mean_a_m2,negative_intercalation_current_density_max_a_m2,negative_plating_current_density_mean_a_m2,negative_plating_current_density_extreme_a_m2,negative_sei_current_density_mean_a_m2,negative_sei_current_density_max_a_m2,electrolyte_ohmic_loss_mean_v,electrolyte_ohmic_loss_max_v,negative_particle_concentration_overpotential_mean_v,negative_particle_concentration_overpotential_max_v,irreversible_heating_energy_wh,ohmic_heating_energy_wh,reversible_heating_energy_wh,total_heating_energy_wh,soc_crossing_count,soc_crossing_selection_rule,charge_trace_path,trace_start_row,trace_end_row,trace_start_time_s,trace_end_time_s,primary_status,status_flags,is_valid_for_efficiency_analysis,is_valid_for_mechanism_analysis,output_schema_version,charge_efficiency_algorithm_version
1,virtual,20-40,20.0,40.0,20.0,40.0,100.0,NEGATIVE_PARTICLE_LITHIUM_DELTA_OVER_FROZEN_Q_REF_V1,4.868538429994706,0,20.0,INITIAL_SOC_CONFIGURATION,14.55,3.0000000000000004,2.9885765942317564,4.85,100.0,4.868538429994706,0,,,,1.0571283321513654,0.04274926258206297,0.0790796310699544,0.9737076859989409,,,,,0.08342202706067317,0.0,,,1.6440206161103138e-05,,,0.00046854866033991854,92.10874937173854,100.00013062825077,-0.00048636977474969534,-0.0460085838168657,0.0460085838168657,SOC_UPPER_BOUND_NOT_REACHED,0.0,299.5706577249176,299.5706577249176,0.11052120241259203,0.9466071297387734,89.54514801550442,,,,,,,,,,,,,,,,,,,,,,,,,,,,,1,FIRST_UPWARD_CROSSING,charge_timeseries/cycle-001.csv,,,0.0,7405.664301304164,SOC_UPPER_BOUND_NOT_REACHED,SOC_UPPER_BOUND_NOT_REACHED,False,False,3,charge-efficiency-v1
1,virtual,40-60,40.0,60.0,40.0,60.0,100.0,NEGATIVE_PARTICLE_LITHIUM_DELTA_OVER_FROZEN_Q_REF_V1,4.868538429994706,0,20.0,INITIAL_SOC_CONFIGURATION,14.55,3.0000000000000004,2.9885765942317564,4.85,100.0,4.868538429994706,0,,,,0.9695518135900211,0.0790796310699544,0.11540999955784585,0.9737076859989414,,,,,-0.004256498550867932,0.004256498550867932,,,2.4991160404800372e-05,,,0.0003674426668682357,100.42863850602602,99.98962137551216,-0.0002918076853254403,-0.030097172862267717,0.030097172862267717,SOC_UPPER_BOUND_NOT_REACHED,299.5706577249176,600.3506758395937,300.78001811467607,0.0,0.9695518135900211,100.0,,,,,,,,,,,,,,,,,,,,,,,,,,,,,1,FIRST_UPWARD_CROSSING,charge_timeseries/cycle-001.csv,,,0.0,7405.664301304164,SOC_UPPER_BOUND_NOT_REACHED,SOC_UPPER_BOUND_NOT_REACHED,False,False,3,charge-efficiency-v1
1,virtual,60-80,60.0,80.0,60.0,80.0,100.0,NEGATIVE_PARTICLE_LITHIUM_DELTA_OVER_FROZEN_Q_REF_V1,4.868538429994706,0,20.0,INITIAL_SOC_CONFIGURATION,14.55,3.0000000000000004,2.9885765942317564,4.85,100.0,4.868538429994706,0,,,,0.9104012873158609,0.11540999955784585,0.1517403680457373,0.973707685998941,,,,,-0.06346503008760067,0.06346503008760067,,,9.116177835150372e-05,,,0.0007885838259602561,106.95368070817722,99.98257566122427,-0.0007211141997912618,-0.07920838973298523,0.07920838973298523,SOC_UPPER_BOUND_NOT_REACHED,600.3506758395937,3397.0645583506994,2796.7138825111056,0.2172106064681384,0.6931906808477225,76.14122371151944,,,,,,,,,,,,,,,,,,,,,,,,,,,,,1,FIRST_UPWARD_CROSSING,charge_timeseries/cycle-001.csv,,,0.0,7405.664301304164,SOC_UPPER_BOUND_NOT_REACHED,SOC_UPPER_BOUND_NOT_REACHED,False,False,3,charge-efficiency-v1
1,virtual,80-100,80.0,100.0,80.0,,0.0,NEGATIVE_PARTICLE_LITHIUM_DELTA_OVER_FROZEN_Q_REF_V1,4.868538429994706,0,20.0,INITIAL_SOC_CONFIGURATION,14.55,3.0000000000000004,2.9885765942317564,4.85,100.0,4.868538429994706,0,,,,,,,,,,,,,,,,,,,,,,,,,,,,,,,,,,,,,,,,,,,,,,,,,,,,,,,,,,,,0,FIRST_UPWARD_CROSSING,charge_timeseries/cycle-001.csv,,,0.0,7405.664301304164,SOC_UPPER_BOUND_NOT_REACHED,SOC_UPPER_BOUND_NOT_REACHED,False,False,3,charge-efficiency-v1
2,virtual,20-40,20.0,40.0,20.0,40.0,100.0,NEGATIVE_PARTICLE_LITHIUM_DELTA_OVER_FROZEN_Q_REF_V1,4.868538429994706,0,20.0,W10_80_PERCENT_DISCHARGE_WINDOW,14.55,3.0000000000000004,2.9885765942317564,4.85,100.0,4.868538429994706,0,,,,1.0548640965485387,0.04298314303852033,0.07931351152641178,0.9737076859989414,,,,,0.08113827537346477,0.0,,,1.4579927334809172e-05,,,3.763287169013989e-05,92.30645816696797,99.99828080449491,-3.407762289242555e-05,-0.0032305225861725493,0.0032305225861725493,SOC_UPPER_BOUND_NOT_REACHED,31001.894286609993,31299.491772887286,297.597486277294,0.11500541407022626,0.9398586824783125,89.09760845529598,,,,,,,,,,,,,,,,,,,,,,,,,,,,,1,FIRST_UPWARD_CROSSING,charge_timeseries/cycle-002.csv,,,31001.894286609993,38411.080116123754,SOC_UPPER_BOUND_NOT_REACHED,SOC_UPPER_BOUND_NOT_REACHED,False,False,3,charge-efficiency-v1
2,virtual,40-60,40.0,60.0,40.0,60.0,100.0,NEGATIVE_PARTICLE_LITHIUM_DELTA_OVER_FROZEN_Q_REF_V1,4.868538429994706,0,20.0,W10_80_PERCENT_DISCHARGE_WINDOW,14.55,3.0000000000000004,2.9885765942317564,4.85,100.0,4.868538429994706,0,,,,0.969604810656073,0.07931351152641178,0.11564388001430322,0.973707685998941,,,,,-0.0041637782897287895,0.0041637782897287895,,,2.259977707822782e-05,,,7.806269796081485e-05,100.42314923541807,99.99371878664468,-3.975952817825146e-05,-0.004100591059500684,0.004100591059500684,SOC_UPPER_BOUND_NOT_REACHED,31299.491772887286,31601.07855645292,301.5867835656328,0.0,0.969604810656073,100.0,,,,,,,,,,,,,,,,,,,,,,,,,,,,,1,FIRST_UPWARD_CROSSING,charge_timeseries/cycle-002.csv,,,31001.894286609993,38411.080116123754,SOC_UPPER_BOUND_NOT_REACHED,SOC_UPPER_BOUND_NOT_REACHED,False,False,3,charge-efficiency-v1
2,virtual,60-80,60.0,80.0,60.0,80.0,100.0,NEGATIVE_PARTICLE_LITHIUM_DELTA_OVER_FROZEN_Q_REF_V1,4.868538429994706,0,20.0,W10_80_PERCENT_DISCHARGE_WINDOW,14.55,3.0000000000000004,2.9885765942317564,4.85,100.0,4.868538429994706,0,,,,0.9124018783607872,0.11564388001430322,0.15197424850219465,0.973707685998941,,,,,-0.06145994884639615,0.06145994884639615,,,8.279188229524584e-05,,,0.0002871214468063779,106.71916718850855,99.9831059961736,-0.0002157721208592145,-0.023648802789278413,0.023648802789278413,SOC_UPPER_BOUND_NOT_REACHED,31601.07855645292,34418.58742173377,2817.5088652808518,0.22410805050934596,0.6882938278514413,75.43757243113349,,,,,,,,,,,,,,,,,,,,,,,,,,,,,1,FIRST_UPWARD_CROSSING,charge_timeseries/cycle-002.csv,,,31001.894286609993,38411.080116123754,SOC_UPPER_BOUND_NOT_REACHED,SOC_UPPER_BOUND_NOT_REACHED,False,False,3,charge-efficiency-v1
2,virtual,80-100,80.0,100.0,80.0,,0.0,NEGATIVE_PARTICLE_LITHIUM_DELTA_OVER_FROZEN_Q_REF_V1,4.868538429994706,0,20.0,W10_80_PERCENT_DISCHARGE_WINDOW,14.55,3.0000000000000004,2.9885765942317564,4.85,100.0,4.868538429994706,0,,,,,,,,,,,,,,,,,,,,,,,,,,,,,,,,,,,,,,,,,,,,,,,,,,,,,,,,,,,,0,FIRST_UPWARD_CROSSING,charge_timeseries/cycle-002.csv,,,31001.894286609993,38411.080116123754,SOC_UPPER_BOUND_NOT_REACHED,SOC_UPPER_BOUND_NOT_REACHED,False,False,3,charge-efficiency-v1
3,virtual,20-40,20.0,40.0,20.0,40.0,100.0,NEGATIVE_PARTICLE_LITHIUM_DELTA_OVER_FROZEN_Q_REF_V1,4.868538429994706,0,20.0,W10_80_PERCENT_DISCHARGE_WINDOW,14.55,3.0000000000000004,2.9885765942317564,4.85,100.0,4.868538429994706,0,,,,1.0551510357512592,0.04295477744752071,0.07928514593541215,0.9737076859989413,,,,,0.08143605388067572,0.0,,,1.3872868608523275e-05,,,2.8265084674459692e-05,92.28135622363003,99.99930854717525,-3.4842081640729106e-05,-0.0033020942462442656,0.0033020942462442656,SOC_UPPER_BOUND_NOT_REACHED,62007.31361695175,62306.84048709475,299.5268701429958,0.11274728573168291,0.9424037500195762,89.31458322917649,,,,,,,,,,,,,,,,,,,,,,,,,,,,,1,FIRST_UPWARD_CROSSING,charge_timeseries/cycle-003.csv,,,62007.31361695175,69426.86888459852,SOC_UPPER_BOUND_NOT_REACHED,SOC_UPPER_BOUND_NOT_REACHED,False,False,3,charge-efficiency-v1
3,virtual,40-60,40.0,60.0,40.0,60.0,100.0,NEGATIVE_PARTICLE_LITHIUM_DELTA_OVER_FROZEN_Q_REF_V1,4.868538429994706,0,20.0,W10_80_PERCENT_DISCHARGE_WINDOW,14.55,3.0000000000000004,2.9885765942317564,4.85,100.0,4.868538429994706,0,,,,0.969551223037212,0.07928514593541215,0.11561551442330359,0.973707685998941,,,,,-0.004229009625323674,0.004229009625323674,,,2.133693073377548e-05,,,5.876886329921147e-05,100.42869967702258,99.99251750068785,-7.559130438372641e-06,-0.0007796525091983219,0.0007796525091983219,SOC_UPPER_BOUND_NOT_REACHED,62306.84048709475,62609.95602917344,303.11554207868767,0.0,0.969551223037212,100.0,,,,,,,,,,,,,,,,,,,,,,,,,,,,,1,FIRST_UPWARD_CROSSING,charge_timeseries/cycle-003.csv,,,62007.31361695175,69426.86888459852,SOC_UPPER_BOUND_NOT_REACHED,SOC_UPPER_BOUND_NOT_REACHED,False,False,3,charge-efficiency-v1
3,virtual,60-80,60.0,80.0,60.0,80.0,100.0,NEGATIVE_PARTICLE_LITHIUM_DELTA_OVER_FROZEN_Q_REF_V1,4.868538429994706,0,20.0,W10_80_PERCENT_DISCHARGE_WINDOW,14.55,3.0000000000000004,2.9885765942317564,4.85,100.0,4.868538429994706,0,,,,0.9120871874390264,0.11561551442330359,0.151945882911195,0.9737076859989406,,,,,-0.06176163252701154,0.06176163252701154,,,7.771503937838034e-05,,,0.00021910505701227753,106.75598773982708,99.98452626360277,-0.00015568612929339753,-0.017069215688747436,0.017069215688747436,SOC_UPPER_BOUND_NOT_REACHED,62609.95602917344,65431.90397930586,2821.9479501324276,0.22401289415670647,0.68807429328232,75.43953064556321,,,,,,,,,,,,,,,,,,,,,,,,,,,,,1,FIRST_UPWARD_CROSSING,charge_timeseries/cycle-003.csv,,,62007.31361695175,69426.86888459852,SOC_UPPER_BOUND_NOT_REACHED,SOC_UPPER_BOUND_NOT_REACHED,False,False,3,charge-efficiency-v1
3,virtual,80-100,80.0,100.0,80.0,,0.0,NEGATIVE_PARTICLE_LITHIUM_DELTA_OVER_FROZEN_Q_REF_V1,4.868538429994706,0,20.0,W10_80_PERCENT_DISCHARGE_WINDOW,14.55,3.0000000000000004,2.9885765942317564,4.85,100.0,4.868538429994706,0,,,,,,,,,,,,,,,,,,,,,,,,,,,,,,,,,,,,,,,,,,,,,,,,,,,,,,,,,,,,0,FIRST_UPWARD_CROSSING,charge_timeseries/cycle-003.csv,,,62007.31361695175,69426.86888459852,SOC_UPPER_BOUND_NOT_REACHED,SOC_UPPER_BOUND_NOT_REACHED,False,False,3,charge-efficiency-v1
4,virtual,20-40,20.0,40.0,20.0,40.0,100.0,NEGATIVE_PARTICLE_LITHIUM_DELTA_OVER_FROZEN_Q_REF_V1,4.868538429994706,0,20.0,W10_80_PERCENT_DISCHARGE_WINDOW,14.55,3.0000000000000004,2.9885765942317564,4.85,100.0,4.868538429994706,0,,,,1.057056078306841,0.04292823878367671,0.07925860727156815,0.9737076859989413,,,,,0.08333533829944427,0.0,,,1.3534524476243844e-05,,,2.401941016790584e-05,92.11504535867157,99.99876505998846,-2.4499926188692456e-05,-0.0023177508451524787,0.0023177508451524787,SOC_UPPER_BOUND_NOT_REACHED,93023.10400206536,93324.79561895017,301.69161688481387,0.11102332839007664,0.9460327499167644,89.49693108355139,,,,,,,,,,,,,,,,,,,,,,,,,,,,,1,FIRST_UPWARD_CROSSING,charge_timeseries/cycle-004.csv,,,93023.10400206536,100449.33854392683,SOC_UPPER_BOUND_NOT_REACHED,SOC_UPPER_BOUND_NOT_REACHED,False,False,3,charge-efficiency-v1
4,virtual,40-60,40.0,60.0,40.0,60.0,100.0,NEGATIVE_PARTICLE_LITHIUM_DELTA_OVER_FROZEN_Q_REF_V1,4.868538429994706,0,20.0,W10_80_PERCENT_DISCHARGE_WINDOW,14.55,3.0000000000000004,2.9885765942317564,4.85,100.0,4.868538429994706,0,,,,0.969241336083408,0.07925860727156815,0.11558897575945959,0.973707685998941,,,,,-0.004542967411967844,0.004542967411967844,,,2.0684198946112602e-05,,,4.983069059648782e-05,100.46080885629382,99.99209510639069,6.102606892266493e-06,0.0006296271800505766,0.0006296271800505766,SOC_UPPER_BOUND_NOT_REACHED,93324.79561895017,93629.64537833208,304.8497593819039,0.0,0.969241336083408,100.0,,,,,,,,,,,,,,,,,,,,,,,,,,,,,1,FIRST_UPWARD_CROSSING,charge_timeseries/cycle-004.csv,,,93023.10400206536,100449.33854392683,SOC_UPPER_BOUND_NOT_REACHED,SOC_UPPER_BOUND_NOT_REACHED,False,False,3,charge-efficiency-v1
4,virtual,60-80,60.0,80.0,60.0,80.0,100.0,NEGATIVE_PARTICLE_LITHIUM_DELTA_OVER_FROZEN_Q_REF_V1,4.868538429994706,0,20.0,W10_80_PERCENT_DISCHARGE_WINDOW,14.55,3.0000000000000004,2.9885765942317564,4.85,100.0,4.868538429994706,0,,,,0.9105121128279747,0.11558897575945959,0.15191934424735104,0.9737076859989414,,,,,-0.06332585268708112,0.06332585268708112,,,7.448520669898725e-05,,,0.00018588688867551828,106.94066254370703,99.98569162185994,-0.0001300925792599994,-0.014287847182608334,0.014287847182608334,SOC_UPPER_BOUND_NOT_REACHED,93629.64537833208,96453.02781835382,2823.3824400217422,0.22399921743486098,0.6865128953931138,75.39854612816319,,,,,,,,,,,,,,,,,,,,,,,,,,,,,1,FIRST_UPWARD_CROSSING,charge_timeseries/cycle-004.csv,,,93023.10400206536,100449.33854392683,SOC_UPPER_BOUND_NOT_REACHED,SOC_UPPER_BOUND_NOT_REACHED,False,False,3,charge-efficiency-v1
4,virtual,80-100,80.0,100.0,80.0,,0.0,NEGATIVE_PARTICLE_LITHIUM_DELTA_OVER_FROZEN_Q_REF_V1,4.868538429994706,0,20.0,W10_80_PERCENT_DISCHARGE_WINDOW,14.55,3.0000000000000004,2.9885765942317564,4.85,100.0,4.868538429994706,0,,,,,,,,,,,,,,,,,,,,,,,,,,,,,,,,,,,,,,,,,,,,,,,,,,,,,,,,,,,,0,FIRST_UPWARD_CROSSING,charge_timeseries/cycle-004.csv,,,93023.10400206536,100449.33854392683,SOC_UPPER_BOUND_NOT_REACHED,SOC_UPPER_BOUND_NOT_REACHED,False,False,3,charge-efficiency-v1
5,virtual,20-40,20.0,40.0,20.0,40.0,100.0,NEGATIVE_PARTICLE_LITHIUM_DELTA_OVER_FROZEN_Q_REF_V1,4.868538429994706,0,20.0,W10_80_PERCENT_DISCHARGE_WINDOW,14.55,3.0000000000000004,2.9885765942317564,4.85,100.0,4.868538429994706,0,,,,1.0326532162363327,0.042902871025257444,0.07923323951314888,0.973707685998941,,,,,0.05893187327994646,0.0,,,1.1457258082639117e-05,,,2.0432539047069917e-05,94.29183686153344,99.99867748850916,-1.823283968471756e-05,-0.0017656304554175522,0.0017656304554175522,SOC_UPPER_BOUND_NOT_REACHED,124045.57465680425,124339.32852541395,293.7538686097018,0.10957886874370518,0.9230743474926274,89.38860916512876,,,,,,,,,,,,,,,,,,,,,,,,,,,,,1,FIRST_UPWARD_CROSSING,charge_timeseries/cycle-005.csv,,,124045.57465680425,131496.50438395762,SOC_UPPER_BOUND_NOT_REACHED,SOC_UPPER_BOUND_NOT_REACHED,False,False,3,charge-efficiency-v1
5,virtual,40-60,40.0,60.0,40.0,60.0,100.0,NEGATIVE_PARTICLE_LITHIUM_DELTA_OVER_FROZEN_Q_REF_V1,4.868538429994706,0,20.0,W10_80_PERCENT_DISCHARGE_WINDOW,14.55,3.0000000000000004,2.9885765942317564,4.85,100.0,4.868538429994706,0,,,,0.9763394434887246,0.07923323951314888,0.11556360800104033,0.9737076859989414,,,,,0.002547029636579441,0.0,,,1.4726043495796762e-05,,,4.4186682495629334e-05,99.73044646435883,99.991321885665,2.581512721222534e-05,0.002644072958886196,0.002644072958886196,SOC_UPPER_BOUND_NOT_REACHED,124339.32852541395,124641.38535359001,302.05682817605276,0.0,0.9763394434887246,100.0,,,,,,,,,,,,,,,,,,,,,,,,,,,,,1,FIRST_UPWARD_CROSSING,charge_timeseries/cycle-005.csv,,,124045.57465680425,131496.50438395762,SOC_UPPER_BOUND_NOT_REACHED,SOC_UPPER_BOUND_NOT_REACHED,False,False,3,charge-efficiency-v1
5,virtual,60-80,60.0,80.0,60.0,80.0,100.0,NEGATIVE_PARTICLE_LITHIUM_DELTA_OVER_FROZEN_Q_REF_V1,4.868538429994706,0,20.0,W10_80_PERCENT_DISCHARGE_WINDOW,14.55,3.0000000000000004,2.9885765942317564,4.85,100.0,4.868538429994706,0,,,,0.9268224773828935,0.11556360800104033,0.15189397648893177,0.973707685998941,,,,,-0.04699516624518657,0.04699516624518657,,,5.8712435753923006e-05,,,0.00016788847547291423,105.05870431071537,99.98813606361279,-0.00011664328208782493,-0.012585288438104709,0.012585288438104709,SOC_UPPER_BOUND_NOT_REACHED,124641.38535359001,127495.65855519584,2854.273201605828,0.22299701703854455,0.7038254603443489,75.93961923881795,,,,,,,,,,,,,,,,,,,,,,,,,,,,,1,FIRST_UPWARD_CROSSING,charge_timeseries/cycle-005.csv,,,124045.57465680425,131496.50438395762,SOC_UPPER_BOUND_NOT_REACHED,SOC_UPPER_BOUND_NOT_REACHED,False,False,3,charge-efficiency-v1
5,virtual,80-100,80.0,100.0,80.0,,0.0,NEGATIVE_PARTICLE_LITHIUM_DELTA_OVER_FROZEN_Q_REF_V1,4.868538429994706,0,20.0,W10_80_PERCENT_DISCHARGE_WINDOW,14.55,3.0000000000000004,2.9885765942317564,4.85,100.0,4.868538429994706,0,,,,,,,,,,,,,,,,,,,,,,,,,,,,,,,,,,,,,,,,,,,,,,,,,,,,,,,,,,,,0,FIRST_UPWARD_CROSSING,charge_timeseries/cycle-005.csv,,,124045.57465680425,131496.50438395762,SOC_UPPER_BOUND_NOT_REACHED,SOC_UPPER_BOUND_NOT_REACHED,False,False,3,charge-efficiency-v1
6,virtual,20-40,20.0,40.0,20.0,40.0,100.0,NEGATIVE_PARTICLE_LITHIUM_DELTA_OVER_FROZEN_Q_REF_V1,4.868538429994706,0,20.0,W10_80_PERCENT_DISCHARGE_WINDOW,14.55,3.0000000000000004,2.9885765942317564,4.85,100.0,4.868538429994706,0,,,,1.0587164034736734,0.04287920032713447,0.0792095688150259,0.9737076859989409,,,,,0.08501229023999414,0.0,,,1.2678487576950727e-05,,,1.9544027795720398e-05,91.97058653329476,100.0003374619728,-3.57952806342432e-05,-0.0033810074649639923,0.0033810074649639923,SOC_UPPER_BOUND_NOT_REACHED,155092.7412309921,155397.49570477539,304.75447378328,0.1083129243758371,0.9504034790978363,89.76941095646957,,,,,,,,,,,,,,,,,,,,,,,,,,,,,1,FIRST_UPWARD_CROSSING,charge_timeseries/cycle-006.csv,,,155092.7412309921,162533.09292551805,SOC_UPPER_BOUND_NOT_REACHED,SOC_UPPER_BOUND_NOT_REACHED,False,False,3,charge-efficiency-v1
6,virtual,40-60,40.0,60.0,40.0,60.0,100.0,NEGATIVE_PARTICLE_LITHIUM_DELTA_OVER_FROZEN_Q_REF_V1,4.868538429994706,0,20.0,W10_80_PERCENT_DISCHARGE_WINDOW,14.55,3.0000000000000004,2.9885765942317564,4.85,100.0,4.868538429994706,0,,,,0.9689229534600218,0.0792095688150259,0.11553993730291735,0.9737076859989414,,,,,-0.004847096368874204,0.004847096368874204,,,1.9238298561159283e-05,,,4.0382846549454066e-05,100.49381971206621,99.99356359246813,2.7426848437928086e-06,0.00028306531845475295,0.00028306531845475295,SOC_UPPER_BOUND_NOT_REACHED,155397.49570477539,155704.96596372832,307.4702589529237,0.0,0.9689229534600218,100.0,,,,,,,,,,,,,,,,,,,,,,,,,,,,,1,FIRST_UPWARD_CROSSING,charge_timeseries/cycle-006.csv,,,155092.7412309921,162533.09292551805,SOC_UPPER_BOUND_NOT_REACHED,SOC_UPPER_BOUND_NOT_REACHED,False,False,3,charge-efficiency-v1
6,virtual,60-80,60.0,80.0,60.0,80.0,100.0,NEGATIVE_PARTICLE_LITHIUM_DELTA_OVER_FROZEN_Q_REF_V1,4.868538429994706,0,20.0,W10_80_PERCENT_DISCHARGE_WINDOW,14.55,3.0000000000000004,2.9885765942317564,4.85,100.0,4.868538429994706,0,,,,0.9091423303240178,0.11553993730291735,0.1518703057908088,0.973707685998941,,,,,-0.06474079831356491,0.06474079831356491,,,6.837087543880879e-05,,,0.00015034930290188514,107.1017874233083,99.98070240128635,-4.327753969890491e-05,-0.0047602601105902545,0.0047602601105902545,SOC_UPPER_BOUND_NOT_REACHED,155704.96596372832,158534.73791826796,2829.771954539654,0.22386088467264004,0.6852814456513777,75.37669546276035,,,,,,,,,,,,,,,,,,,,,,,,,,,,,1,FIRST_UPWARD_CROSSING,charge_timeseries/cycle-006.csv,,,155092.7412309921,162533.09292551805,SOC_UPPER_BOUND_NOT_REACHED,SOC_UPPER_BOUND_NOT_REACHED,False,False,3,charge-efficiency-v1
6,virtual,80-100,80.0,100.0,80.0,,0.0,NEGATIVE_PARTICLE_LITHIUM_DELTA_OVER_FROZEN_Q_REF_V1,4.868538429994706,0,20.0,W10_80_PERCENT_DISCHARGE_WINDOW,14.55,3.0000000000000004,2.9885765942317564,4.85,100.0,4.868538429994706,0,,,,,,,,,,,,,,,,,,,,,,,,,,,,,,,,,,,,,,,,,,,,,,,,,,,,,,,,,,,,0,FIRST_UPWARD_CROSSING,charge_timeseries/cycle-006.csv,,,155092.7412309921,162533.09292551805,SOC_UPPER_BOUND_NOT_REACHED,SOC_UPPER_BOUND_NOT_REACHED,False,False,3,charge-efficiency-v1
7,virtual,20-40,20.0,40.0,20.0,40.0,100.0,NEGATIVE_PARTICLE_LITHIUM_DELTA_OVER_FROZEN_Q_REF_V1,4.868538429994706,0,20.0,W10_80_PERCENT_DISCHARGE_WINDOW,14.55,3.0000000000000004,2.9885765942317564,4.85,100.0,4.868538429994706,0,,,,1.0589575503373898,0.04285570291258633,0.07918607140047777,0.9737076859989413,,,,,0.08525278684393973,0.0,,,1.2236437989309639e-05,,,1.8141544104533294e-05,91.94964290010611,100.00027597947532,-3.330048758498627e-05,-0.0031446480148686366,0.0031446480148686366,SOC_UPPER_BOUND_NOT_REACHED,186129.33043415018,186435.2470740523,305.91663990213635,0.10717716225394788,0.951780388083442,89.87899352341361,,,,,,,,,,,,,,,,,,,,,,,,,,,,,1,FIRST_UPWARD_CROSSING,charge_timeseries/cycle-007.csv,,,186129.33043415018,193576.77650180386,SOC_UPPER_BOUND_NOT_REACHED,SOC_UPPER_BOUND_NOT_REACHED,False,False,3,charge-efficiency-v1
7,virtual,40-60,40.0,60.0,40.0,60.0,100.0,NEGATIVE_PARTICLE_LITHIUM_DELTA_OVER_FROZEN_Q_REF_V1,4.868538429994706,0,20.0,W10_80_PERCENT_DISCHARGE_WINDOW,14.55,3.0000000000000004,2.9885765942317564,4.85,100.0,4.868538429994706,0,,,,0.9689158627650588,0.07918607140047777,0.11551643988836921,0.973707685998941,,,,,-0.004908341281791476,0.004908341281791476,,,1.853712390415571e-05,,,3.742759716609395e-05,100.49455514333384,99.98797438948137,6.055332683907455e-05,0.006249595983109364,0.006249595983109364,SOC_UPPER_BOUND_NOT_REACHED,186435.2470740523,186743.79666103565,308.5495869833326,0.0,0.9689158627650588,100.0,,,,,,,,,,,,,,,,,,,,,,,,,,,,,1,FIRST_UPWARD_CROSSING,charge_timeseries/cycle-007.csv,,,186129.33043415018,193576.77650180386,SOC_UPPER_BOUND_NOT_REACHED,SOC_UPPER_BOUND_NOT_REACHED,False,False,3,charge-efficiency-v1
7,virtual,60-80,60.0,80.0,60.0,80.0,100.0,NEGATIVE_PARTICLE_LITHIUM_DELTA_OVER_FROZEN_Q_REF_V1,4.868538429994706,0,20.0,W10_80_PERCENT_DISCHARGE_WINDOW,14.55,3.0000000000000004,2.9885765942317564,4.85,100.0,4.868538429994706,0,,,,0.9088550814359481,0.11551643988836921,0.15184680837626066,0.9737076859989414,,,,,-0.06496443109533981,0.06496443109533981,,,6.561329920219358e-05,,,0.00013919476119484374,107.13563756066912,99.98769588962745,-9.298152805059523e-05,-0.010230622015524061,0.010230622015524061,SOC_UPPER_BOUND_NOT_REACHED,186743.79666103565,189577.67910276342,2833.882441727758,0.22375954018797653,0.6850955412479716,75.3800639113502,,,,,,,,,,,,,,,,,,,,,,,,,,,,,1,FIRST_UPWARD_CROSSING,charge_timeseries/cycle-007.csv,,,186129.33043415018,193576.77650180386,SOC_UPPER_BOUND_NOT_REACHED,SOC_UPPER_BOUND_NOT_REACHED,False,False,3,charge-efficiency-v1
7,virtual,80-100,80.0,100.0,80.0,,0.0,NEGATIVE_PARTICLE_LITHIUM_DELTA_OVER_FROZEN_Q_REF_V1,4.868538429994706,0,20.0,W10_80_PERCENT_DISCHARGE_WINDOW,14.55,3.0000000000000004,2.9885765942317564,4.85,100.0,4.868538429994706,0,,,,,,,,,,,,,,,,,,,,,,,,,,,,,,,,,,,,,,,,,,,,,,,,,,,,,,,,,,,,0,FIRST_UPWARD_CROSSING,charge_timeseries/cycle-007.csv,,,186129.33043415018,193576.77650180386,SOC_UPPER_BOUND_NOT_REACHED,SOC_UPPER_BOUND_NOT_REACHED,False,False,3,charge-efficiency-v1
8,virtual,20-40,20.0,40.0,20.0,40.0,100.0,NEGATIVE_PARTICLE_LITHIUM_DELTA_OVER_FROZEN_Q_REF_V1,4.868538429994706,0,20.0,W10_80_PERCENT_DISCHARGE_WINDOW,14.55,3.0000000000000004,2.9885765942317564,4.85,100.0,4.868538429994706,0,,,,1.0609246881932533,0.042832929585369474,0.07916329807326092,0.9737076859989413,,,,,0.0872355195923403,0.0,,,1.2110825277364965e-05,,,1.707528060962589e-05,91.77915235973613,100.0017454017457,-4.770350391525291e-05,-0.004496408128317913,0.004496408128317913,SOC_UPPER_BOUND_NOT_REACHED,217173.01435670943,217480.67219736378,307.65784065434906,0.10613902231908283,0.9547856658741705,89.99561198827065,,,,,,,,,,,,,,,,,,,,,,,,,,,,,1,FIRST_UPWARD_CROSSING,charge_timeseries/cycle-008.csv,,,217173.01435670943,224626.12918307714,SOC_UPPER_BOUND_NOT_REACHED,SOC_UPPER_BOUND_NOT_REACHED,False,False,3,charge-efficiency-v1
8,virtual,40-60,40.0,60.0,40.0,60.0,100.0,NEGATIVE_PARTICLE_LITHIUM_DELTA_OVER_FROZEN_Q_REF_V1,4.868538429994706,0,20.0,W10_80_PERCENT_DISCHARGE_WINDOW,14.55,3.0000000000000004,2.9885765942317564,4.85,100.0,4.868538429994706,0,,,,0.9685576813946152,0.07916329807326092,0.11549366656115237,0.9737076859989414,,,,,-0.005242372554524588,0.005242372554524588,,,1.828707910990577e-05,,,3.511922100940361e-05,100.53171893664721,99.99046335061166,3.896165007910568e-05,0.004022646335632303,0.004022646335632303,SOC_UPPER_BOUND_NOT_REACHED,217480.67219736378,217790.6811529019,310.0089555381234,0.0,0.9685576813946152,100.0,,,,,,,,,,,,,,,,,,,,,,,,,,,,,1,FIRST_UPWARD_CROSSING,charge_timeseries/cycle-008.csv,,,217173.01435670943,224626.12918307714,SOC_UPPER_BOUND_NOT_REACHED,SOC_UPPER_BOUND_NOT_REACHED,False,False,3,charge-efficiency-v1
8,virtual,60-80,60.0,80.0,60.0,80.0,100.0,NEGATIVE_PARTICLE_LITHIUM_DELTA_OVER_FROZEN_Q_REF_V1,4.868538429994706,0,20.0,W10_80_PERCENT_DISCHARGE_WINDOW,14.55,3.0000000000000004,2.9885765942317564,4.85,100.0,4.868538429994706,0,,,,0.9072443837540883,0.11549366656115237,0.1518240350490438,0.9737076859989406,,,,,-0.06657762402568435,0.06657762402568435,,,6.407062880766268e-05,,,0.0001301737050658433,107.32584333780427,99.98739900925493,-7.992255304145601e-05,-0.008809374240570586,0.008809374240570586,SOC_UPPER_BOUND_NOT_REACHED,217790.6811529019,220626.70065997462,2836.019507072727,0.22371920357538644,0.6835251801787019,75.34080038614754,,,,,,,,,,,,,,,,,,,,,,,,,,,,,1,FIRST_UPWARD_CROSSING,charge_timeseries/cycle-008.csv,,,217173.01435670943,224626.12918307714,SOC_UPPER_BOUND_NOT_REACHED,SOC_UPPER_BOUND_NOT_REACHED,False,False,3,charge-efficiency-v1
8,virtual,80-100,80.0,100.0,80.0,,0.0,NEGATIVE_PARTICLE_LITHIUM_DELTA_OVER_FROZEN_Q_REF_V1,4.868538429994706,0,20.0,W10_80_PERCENT_DISCHARGE_WINDOW,14.55,3.0000000000000004,2.9885765942317564,4.85,100.0,4.868538429994706,0,,,,,,,,,,,,,,,,,,,,,,,,,,,,,,,,,,,,,,,,,,,,,,,,,,,,,,,,,,,,0,FIRST_UPWARD_CROSSING,charge_timeseries/cycle-008.csv,,,217173.01435670943,224626.12918307714,SOC_UPPER_BOUND_NOT_REACHED,SOC_UPPER_BOUND_NOT_REACHED,False,False,3,charge-efficiency-v1
9,virtual,20-40,20.0,40.0,20.0,40.0,100.0,NEGATIVE_PARTICLE_LITHIUM_DELTA_OVER_FROZEN_Q_REF_V1,4.868538429994706,0,20.0,W10_80_PERCENT_DISCHARGE_WINDOW,14.55,3.0000000000000004,2.9885765942317564,4.85,100.0,4.868538429994706,0,,,,1.0609073180333466,0.04281076451142336,0.0791411329993148,0.973707685998941,,,,,0.08719687320276043,0.0,,,1.176494841791803e-05,,,1.615852841793837e-05,91.78065505325652,99.9997399554515,-2.516464519075612e-05,-0.002371992799277226,0.002371992799277226,SOC_UPPER_BOUND_NOT_REACHED,248222.36787573516,248531.00290343567,308.63502770051355,0.10517944183054129,0.9557278762028053,90.08589722752434,,,,,,,,,,,,,,,,,,,,,,,,,,,,,1,FIRST_UPWARD_CROSSING,charge_timeseries/cycle-009.csv,,,248222.36787573516,255682.2047550582,SOC_UPPER_BOUND_NOT_REACHED,SOC_UPPER_BOUND_NOT_REACHED,False,False,3,charge-efficiency-v1
9,virtual,40-60,40.0,60.0,40.0,60.0,100.0,NEGATIVE_PARTICLE_LITHIUM_DELTA_OVER_FROZEN_Q_REF_V1,4.868538429994706,0,20.0,W10_80_PERCENT_DISCHARGE_WINDOW,14.55,3.0000000000000004,2.9885765942317564,4.85,100.0,4.868538429994706,0,,,,0.9685073317701148,0.0791411329993148,0.11547150148720624,0.973707685998941,,,,,-0.005256693005917343,0.005256693005917343,,,1.766513121589583e-05,,,3.31912402622217e-05,100.53694526187236,99.9941829271454,5.48240561304425e-06,0.0005660675384897918,0.0005660675384897918,SOC_UPPER_BOUND_NOT_REACHED,248531.00290343567,248841.85547506483,310.85257162914957,0.0,0.9685073317701148,100.0,,,,,,,,,,,,,,,,,,,,,,,,,,,,,1,FIRST_UPWARD_CROSSING,charge_timeseries/cycle-009.csv,,,248222.36787573516,255682.2047550582,SOC_UPPER_BOUND_NOT_REACHED,SOC_UPPER_BOUND_NOT_REACHED,False,False,3,charge-efficiency-v1
9,virtual,60-80,60.0,80.0,60.0,80.0,100.0,NEGATIVE_PARTICLE_LITHIUM_DELTA_OVER_FROZEN_Q_REF_V1,4.868538429994706,0,20.0,W10_80_PERCENT_DISCHARGE_WINDOW,14.55,3.0000000000000004,2.9885765942317564,4.85,100.0,4.868538429994706,0,,,,0.9072387236907987,0.11547150148720624,0.1518018699750977,0.9737076859989418,,,,,-0.06657817290846559,0.06657817290846559,,,6.173794429290523e-05,,,0.00012291547153628693,107.32651292018667,99.98796230832406,-7.544281550664333e-05,-0.008315652047977996,0.008315652047977996,SOC_UPPER_BOUND_NOT_REACHED,248841.85547506483,251682.35259045888,2840.4971153940455,0.22359873636771466,0.6836399873230841,75.35392498921588,,,,,,,,,,,,,,,,,,,,,,,,,,,,,1,FIRST_UPWARD_CROSSING,charge_timeseries/cycle-009.csv,,,248222.36787573516,255682.2047550582,SOC_UPPER_BOUND_NOT_REACHED,SOC_UPPER_BOUND_NOT_REACHED,False,False,3,charge-efficiency-v1
9,virtual,80-100,80.0,100.0,80.0,,0.0,NEGATIVE_PARTICLE_LITHIUM_DELTA_OVER_FROZEN_Q_REF_V1,4.868538429994706,0,20.0,W10_80_PERCENT_DISCHARGE_WINDOW,14.55,3.0000000000000004,2.9885765942317564,4.85,100.0,4.868538429994706,0,,,,,,,,,,,,,,,,,,,,,,,,,,,,,,,,,,,,,,,,,,,,,,,,,,,,,,,,,,,,0,FIRST_UPWARD_CROSSING,charge_timeseries/cycle-009.csv,,,248222.36787573516,255682.2047550582,SOC_UPPER_BOUND_NOT_REACHED,SOC_UPPER_BOUND_NOT_REACHED,False,False,3,charge-efficiency-v1
10,virtual,20-40,20.0,40.0,20.0,40.0,100.0,NEGATIVE_PARTICLE_LITHIUM_DELTA_OVER_FROZEN_Q_REF_V1,4.868538429994706,0,20.0,W10_80_PERCENT_DISCHARGE_WINDOW,14.55,3.0000000000000004,2.9885765942317564,4.85,100.0,4.868538429994706,0,,,,1.031752326137426,0.0427891280994089,0.07911949658730034,0.9737076859989413,,,,,0.05803221555120324,0.0,,,1.010420038589639e-05,,,1.4586639587603825e-05,94.37416920049151,99.9987957781178,-1.2266252692016977e-05,-0.001188875700231099,0.001188875700231099,SOC_UPPER_BOUND_NOT_REACHED,279278.4437215104,279576.9134150092,298.46969349882943,0.10428310052217722,0.9274692256152487,89.89262268856885,,,,,,,,,,,,,,,,,,,,,,,,,,,,,1,FIRST_UPWARD_CROSSING,charge_timeseries/cycle-010.csv,,,279278.4437215104,286770.72074799734,SOC_UPPER_BOUND_NOT_REACHED,SOC_UPPER_BOUND_NOT_REACHED,False,False,3,charge-efficiency-v1
10,virtual,40-60,40.0,60.0,40.0,60.0,100.0,NEGATIVE_PARTICLE_LITHIUM_DELTA_OVER_FROZEN_Q_REF_V1,4.868538429994706,0,20.0,W10_80_PERCENT_DISCHARGE_WINDOW,14.55,3.0000000000000004,2.9885765942317564,4.85,100.0,4.868538429994706,0,,,,0.954008591615721,0.07911949658730034,0.11544986507519177,0.9737076859989406,,,,,-0.019741196703380683,0.019741196703380683,,,7.433739164819679e-06,,,3.0229407830059327e-05,102.06487599339718,99.99558679863776,4.43917316628184e-06,0.0004653179442297894,0.0004653179442297894,SOC_UPPER_BOUND_NOT_REACHED,279576.9134150092,279864.518399377,287.60498436777436,0.0,0.954008591615721,100.0,,,,,,,,,,,,,,,,,,,,,,,,,,,,,1,FIRST_UPWARD_CROSSING,charge_timeseries/cycle-010.csv,,,279278.4437215104,286770.72074799734,SOC_UPPER_BOUND_NOT_REACHED,SOC_UPPER_BOUND_NOT_REACHED,False,False,3,charge-efficiency-v1
10,virtual,60-80,60.0,80.0,60.0,80.0,100.0,NEGATIVE_PARTICLE_LITHIUM_DELTA_OVER_FROZEN_Q_REF_V1,4.868538429994706,0,20.0,W10_80_PERCENT_DISCHARGE_WINDOW,14.55,3.0000000000000004,2.9885765942317564,4.85,100.0,4.868538429994706,0,,,,0.9486426865970728,0.11544986507519177,0.15178023356308323,0.9737076859989418,,,,,-0.02516061593762355,0.02516061593762355,,,3.457506090817652e-05,,,0.00012153708238978218,102.6421960297592,99.98992070069104,-6.049560754339822e-05,-0.006377069933507343,0.006377069933507343,SOC_UPPER_BOUND_NOT_REACHED,279864.518399377,282762.78248715954,2898.2640877825243,0.22152163937435673,0.7271210472227161,76.6485693186558,,,,,,,,,,,,,,,,,,,,,,,,,,,,,1,FIRST_UPWARD_CROSSING,charge_timeseries/cycle-010.csv,,,279278.4437215104,286770.72074799734,SOC_UPPER_BOUND_NOT_REACHED,SOC_UPPER_BOUND_NOT_REACHED,False,False,3,charge-efficiency-v1
10,virtual,80-100,80.0,100.0,80.0,,0.0,NEGATIVE_PARTICLE_LITHIUM_DELTA_OVER_FROZEN_Q_REF_V1,4.868538429994706,0,20.0,W10_80_PERCENT_DISCHARGE_WINDOW,14.55,3.0000000000000004,2.9885765942317564,4.85,100.0,4.868538429994706,0,,,,,,,,,,,,,,,,,,,,,,,,,,,,,,,,,,,,,,,,,,,,,,,,,,,,,,,,,,,,0,FIRST_UPWARD_CROSSING,charge_timeseries/cycle-010.csv,,,279278.4437215104,286770.72074799734,SOC_UPPER_BOUND_NOT_REACHED,SOC_UPPER_BOUND_NOT_REACHED,False,False,3,charge-efficiency-v1
11,virtual,20-40,20.0,40.0,20.0,40.0,100.0,NEGATIVE_PARTICLE_LITHIUM_DELTA_OVER_FROZEN_Q_REF_V1,4.868538429994706,0,20.0,W10_80_PERCENT_DISCHARGE_WINDOW,14.55,3.0000000000000004,2.9885765942317564,4.85,100.0,4.868538429994706,0,,,,0.9982469016501527,0.04276929841666544,0.07909966690455687,0.9737076859989409,,,,,0.0245282082764246,0.0,,,7.2690859647904765e-06,,,1.3440134863856174e-05,97.54176891401845,99.99889732943132,-9.701846041432205e-06,-0.0009718884201287839,0.0009718884201287839,SOC_UPPER_BOUND_NOT_REACHED,310366.95990231127,310657.4792733973,290.5193710860109,0.10343861720148342,0.8948082844486693,89.63797262676256,,,,,,,,,,,,,,,,,,,,,,,,,,,,,1,FIRST_UPWARD_CROSSING,charge_timeseries/cycle-011.csv,,,310366.95990231127,317889.3312574954,SOC_UPPER_BOUND_NOT_REACHED,SOC_UPPER_BOUND_NOT_REACHED,False,False,3,charge-efficiency-v1
11,virtual,40-60,40.0,60.0,40.0,60.0,100.0,NEGATIVE_PARTICLE_LITHIUM_DELTA_OVER_FROZEN_Q_REF_V1,4.868538429994706,0,20.0,W10_80_PERCENT_DISCHARGE_WINDOW,14.55,3.0000000000000004,2.9885765942317564,4.85,100.0,4.868538429994706,0,,,,0.9774649795736058,0.07909966690455687,0.11543003539244832,0.9737076859989414,,,,,0.003740695024324659,0.0,,,5.044575182811591e-06,,,2.918167860656122e-05,99.61560836928365,99.99830187774634,-1.762770344959641e-05,-0.0018034102313605187,0.0018034102313605187,SOC_UPPER_BOUND_NOT_REACHED,310657.4792733973,310952.5080124486,295.02873905134186,0.0,0.9774649795736058,100.0,,,,,,,,,,,,,,,,,,,,,,,,,,,,,1,FIRST_UPWARD_CROSSING,charge_timeseries/cycle-011.csv,,,310366.95990231127,317889.3312574954,SOC_UPPER_BOUND_NOT_REACHED,SOC_UPPER_BOUND_NOT_REACHED,False,False,3,charge-efficiency-v1
11,virtual,60-80,60.0,80.0,60.0,80.0,100.0,NEGATIVE_PARTICLE_LITHIUM_DELTA_OVER_FROZEN_Q_REF_V1,4.868538429994706,0,20.0,W10_80_PERCENT_DISCHARGE_WINDOW,14.55,3.0000000000000004,2.9885765942317564,4.85,100.0,4.868538429994706,0,,,,0.958130438418818,0.11543003539244832,0.15176040388033976,0.973707685998941,,,,,-0.01565407417376284,0.01565407417376284,,,2.787600900426698e-05,,,0.00011655063376944837,101.62579612916063,99.99198161434401,-6.760004913386464e-05,-0.007055411917131402,0.007055411917131402,SOC_UPPER_BOUND_NOT_REACHED,310952.5080124486,313879.20095543296,2926.6929429843376,0.22099388764224645,0.7371365507765715,76.9348849821588,,,,,,,,,,,,,,,,,,,,,,,,,,,,,1,FIRST_UPWARD_CROSSING,charge_timeseries/cycle-011.csv,,,310366.95990231127,317889.3312574954,SOC_UPPER_BOUND_NOT_REACHED,SOC_UPPER_BOUND_NOT_REACHED,False,False,3,charge-efficiency-v1
11,virtual,80-100,80.0,100.0,80.0,,0.0,NEGATIVE_PARTICLE_LITHIUM_DELTA_OVER_FROZEN_Q_REF_V1,4.868538429994706,0,20.0,W10_80_PERCENT_DISCHARGE_WINDOW,14.55,3.0000000000000004,2.9885765942317564,4.85,100.0,4.868538429994706,0,,,,,,,,,,,,,,,,,,,,,,,,,,,,,,,,,,,,,,,,,,,,,,,,,,,,,,,,,,,,0,FIRST_UPWARD_CROSSING,charge_timeseries/cycle-011.csv,,,310366.95990231127,317889.3312574954,SOC_UPPER_BOUND_NOT_REACHED,SOC_UPPER_BOUND_NOT_REACHED,False,False,3,charge-efficiency-v1
12,virtual,20-40,20.0,40.0,20.0,40.0,100.0,NEGATIVE_PARTICLE_LITHIUM_DELTA_OVER_FROZEN_Q_REF_V1,4.868538429994706,0,20.0,W10_80_PERCENT_DISCHARGE_WINDOW,14.55,3.0000000000000004,2.9885765942317564,4.85,100.0,4.868538429994706,0,,,,1.0631589309500822,0.04275035525136173,0.07908072373925316,0.973707685998941,,,,,0.0894610040690464,0.0,,,1.112341069899915e-05,,,1.4195767701440445e-05,91.58627723973461,100.00091793593798,-3.5078296305446344e-05,-0.003299440496078883,0.003299440496078883,SOC_UPPER_BOUND_NOT_REACHED,341485.5709381148,341797.69807127444,312.1271331596867,0.10264037033829405,0.9605185606117882,90.34571715006238,,,,,,,,,,,,,,,,,,,,,,,,,,,,,1,FIRST_UPWARD_CROSSING,charge_timeseries/cycle-012.csv,,,341485.5709381148,348965.3589828189,SOC_UPPER_BOUND_NOT_REACHED,SOC_UPPER_BOUND_NOT_REACHED,False,False,3,charge-efficiency-v1
12,virtual,40-60,40.0,60.0,40.0,60.0,100.0,NEGATIVE_PARTICLE_LITHIUM_DELTA_OVER_FROZEN_Q_REF_V1,4.868538429994706,0,20.0,W10_80_PERCENT_DISCHARGE_WINDOW,14.55,3.0000000000000004,2.9885765942317564,4.85,100.0,4.868538429994706,0,,,,0.968088483733072,0.07908072373925316,0.1154110922271446,0.973707685998941,,,,,-0.005680012714016691,0.005680012714016691,,,1.6585147628052094e-05,,,2.8995131570400817e-05,100.58044304423503,99.99371850309454,1.5230168949331713e-05,0.0015732207546362135,0.0015732207546362135,SOC_UPPER_BOUND_NOT_REACHED,341797.69807127444,342111.6532661513,313.9551948768629,0.0,0.968088483733072,100.0,,,,,,,,,,,,,,,,,,,,,,,,,,,,,1,FIRST_UPWARD_CROSSING,charge_timeseries/cycle-012.csv,,,341485.5709381148,348965.3589828189,SOC_UPPER_BOUND_NOT_REACHED,SOC_UPPER_BOUND_NOT_REACHED,False,False,3,charge-efficiency-v1
12,virtual,60-80,60.0,80.0,60.0,80.0,100.0,NEGATIVE_PARTICLE_LITHIUM_DELTA_OVER_FROZEN_Q_REF_V1,4.868538429994706,0,20.0,W10_80_PERCENT_DISCHARGE_WINDOW,14.55,3.0000000000000004,2.9885765942317564,4.85,100.0,4.868538429994706,0,,,,0.9053374124526843,0.1154110922271446,0.15174146071503605,0.9737076859989414,,,,,-0.06847349659399818,0.06847349659399818,,,5.7067545796059445e-05,,,0.00010678806980078843,107.55191076894002,99.9885983892501,-6.063256785582283e-05,-0.006697234315277087,0.006697234315277087,SOC_UPPER_BOUND_NOT_REACHED,342111.6532661513,344964.4836526542,2852.830386502883,0.22330291638520855,0.6820344960674758,75.3348405452228,,,,,,,,,,,,,,,,,,,,,,,,,,,,,1,FIRST_UPWARD_CROSSING,charge_timeseries/cycle-012.csv,,,341485.5709381148,348965.3589828189,SOC_UPPER_BOUND_NOT_REACHED,SOC_UPPER_BOUND_NOT_REACHED,False,False,3,charge-efficiency-v1
12,virtual,80-100,80.0,100.0,80.0,,0.0,NEGATIVE_PARTICLE_LITHIUM_DELTA_OVER_FROZEN_Q_REF_V1,4.868538429994706,0,20.0,W10_80_PERCENT_DISCHARGE_WINDOW,14.55,3.0000000000000004,2.9885765942317564,4.85,100.0,4.868538429994706,0,,,,,,,,,,,,,,,,,,,,,,,,,,,,,,,,,,,,,,,,,,,,,,,,,,,,,,,,,,,,0,FIRST_UPWARD_CROSSING,charge_timeseries/cycle-012.csv,,,341485.5709381148,348965.3589828189,SOC_UPPER_BOUND_NOT_REACHED,SOC_UPPER_BOUND_NOT_REACHED,False,False,3,charge-efficiency-v1
13,virtual,20-40,20.0,40.0,20.0,40.0,100.0,NEGATIVE_PARTICLE_LITHIUM_DELTA_OVER_FROZEN_Q_REF_V1,4.868538429994706,0,20.0,W10_80_PERCENT_DISCHARGE_WINDOW,14.55,3.0000000000000004,2.9885765942317564,4.85,100.0,4.868538429994706,0,,,,1.0646214859567122,0.042730229993564024,0.07906059848145545,0.9737076859989409,,,,,0.09092522036512785,0.0,,,1.1030066834412117e-05,,,1.3717515413333436e-05,91.460457903865,100.00107271997673,-3.616798960415224e-05,-0.003397262790695062,0.003397262790695062,SOC_UPPER_BOUND_NOT_REACHED,372561.5989643463,372875.0924333875,313.4934690411629,0.10188366731845036,0.9627378186382619,90.4300571928723,,,,,,,,,,,,,,,,,,,,,,,,,,,,,1,FIRST_UPWARD_CROSSING,charge_timeseries/cycle-013.csv,,,372561.5989643463,380047.59372660983,SOC_UPPER_BOUND_NOT_REACHED,SOC_UPPER_BOUND_NOT_REACHED,False,False,3,charge-efficiency-v1
13,virtual,40-60,40.0,60.0,40.0,60.0,100.0,NEGATIVE_PARTICLE_LITHIUM_DELTA_OVER_FROZEN_Q_REF_V1,4.868538429994706,0,20.0,W10_80_PERCENT_DISCHARGE_WINDOW,14.55,3.0000000000000004,2.9885765942317564,4.85,100.0,4.868538429994706,0,,,,0.9678590468059427,0.07906059848145545,0.11539096696934692,0.9737076859989418,,,,,-0.005937766999049479,0.005937766999049479,,,1.642854214868551e-05,,,2.7951393602605387e-05,100.60428625555554,99.99079124110638,4.4747870299177706e-05,0.004623387098240321,0.004623387098240321,SOC_UPPER_BOUND_NOT_REACHED,372875.0924333875,373190.2512697588,315.15883637132475,0.0,0.9678590468059427,100.0,,,,,,,,,,,,,,,,,,,,,,,,,,,,,1,FIRST_UPWARD_CROSSING,charge_timeseries/cycle-013.csv,,,372561.5989643463,380047.59372660983,SOC_UPPER_BOUND_NOT_REACHED,SOC_UPPER_BOUND_NOT_REACHED,False,False,3,charge-efficiency-v1
13,virtual,60-80,60.0,80.0,60.0,80.0,100.0,NEGATIVE_PARTICLE_LITHIUM_DELTA_OVER_FROZEN_Q_REF_V1,4.868538429994706,0,20.0,W10_80_PERCENT_DISCHARGE_WINDOW,14.55,3.0000000000000004,2.9885765942317564,4.85,100.0,4.868538429994706,0,,,,0.9041489743353259,0.11539096696934692,0.15172133545723834,0.9737076859989406,,,,,-0.069668112411723,0.069668112411723,,,5.6106146946024137e-05,,,0.000102673075545609,107.69327993926554,99.98790014132476,-4.937847438335474e-05,-0.005461320621378211,0.005461320621378211,SOC_UPPER_BOUND_NOT_REACHED,373190.2512697588,376046.8395978971,2856.5883281383212,0.22322002101276844,0.6809289533225574,75.31158831686271,,,,,,,,,,,,,,,,,,,,,,,,,,,,,1,FIRST_UPWARD_CROSSING,charge_timeseries/cycle-013.csv,,,372561.5989643463,380047.59372660983,SOC_UPPER_BOUND_NOT_REACHED,SOC_UPPER_BOUND_NOT_REACHED,False,False,3,charge-efficiency-v1
13,virtual,80-100,80.0,100.0,80.0,,0.0,NEGATIVE_PARTICLE_LITHIUM_DELTA_OVER_FROZEN_Q_REF_V1,4.868538429994706,0,20.0,W10_80_PERCENT_DISCHARGE_WINDOW,14.55,3.0000000000000004,2.9885765942317564,4.85,100.0,4.868538429994706,0,,,,,,,,,,,,,,,,,,,,,,,,,,,,,,,,,,,,,,,,,,,,,,,,,,,,,,,,,,,,0,FIRST_UPWARD_CROSSING,charge_timeseries/cycle-013.csv,,,372561.5989643463,380047.59372660983,SOC_UPPER_BOUND_NOT_REACHED,SOC_UPPER_BOUND_NOT_REACHED,False,False,3,charge-efficiency-v1
14,virtual,20-40,20.0,40.0,20.0,40.0,100.0,NEGATIVE_PARTICLE_LITHIUM_DELTA_OVER_FROZEN_Q_REF_V1,4.868538429994706,0,20.0,W10_80_PERCENT_DISCHARGE_WINDOW,14.55,3.0000000000000004,2.9885765942317564,4.85,100.0,4.868538429994706,0,,,,1.0350992169377902,0.04271033838687931,0.07904070687477076,0.9737076859989414,,,,,0.061380918508396914,0.0,,,9.480407007067017e-06,,,1.2571012443767654e-05,94.06901967132507,99.99897474268377,-1.1438988998913047e-05,-0.0011051103905530763,0.0011051103905530763,SOC_UPPER_BOUND_NOT_REACHED,403643.83418843633,403946.74590087007,302.9117124337303,0.10116228620659835,0.9339369307311918,90.22680294301891,,,,,,,,,,,,,,,,,,,,,,,,,,,,,1,FIRST_UPWARD_CROSSING,charge_timeseries/cycle-014.csv,,,403643.83418843633,411148.1820835825,SOC_UPPER_BOUND_NOT_REACHED,SOC_UPPER_BOUND_NOT_REACHED,False,False,3,charge-efficiency-v1
14,virtual,40-60,40.0,60.0,40.0,60.0,100.0,NEGATIVE_PARTICLE_LITHIUM_DELTA_OVER_FROZEN_Q_REF_V1,4.868538429994706,0,20.0,W10_80_PERCENT_DISCHARGE_WINDOW,14.55,3.0000000000000004,2.9885765942317564,4.85,100.0,4.868538429994706,0,,,,0.9559183802348598,0.07904070687477076,0.11537107536266218,0.9737076859989406,,,,,-0.01783266447254013,0.01783266447254013,,,7.593722095060578e-06,,,2.5965502723847983e-05,101.86096492461105,99.99546418299346,9.799483640438034e-06,0.001025138112526971,0.001025138112526971,SOC_UPPER_BOUND_NOT_REACHED,403946.74590087007,404240.0025850991,293.2566842290344,0.0,0.9559183802348598,100.0,,,,,,,,,,,,,,,,,,,,,,,,,,,,,1,FIRST_UPWARD_CROSSING,charge_timeseries/cycle-014.csv,,,403643.83418843633,411148.1820835825,SOC_UPPER_BOUND_NOT_REACHED,SOC_UPPER_BOUND_NOT_REACHED,False,False,3,charge-efficiency-v1
14,virtual,60-80,60.0,80.0,60.0,80.0,100.0,NEGATIVE_PARTICLE_LITHIUM_DELTA_OVER_FROZEN_Q_REF_V1,4.868538429994706,0,20.0,W10_80_PERCENT_DISCHARGE_WINDOW,14.55,3.0000000000000004,2.9885765942317564,4.85,100.0,4.868538429994706,0,,,,0.9434812888872147,0.11537107536266218,0.15170144385055362,0.973707685998941,,,,,-0.03029046220166727,0.03029046220166727,,,3.341139057324357e-05,,,0.00010266627019178687,103.20370922749052,99.9932097127208,-7.201257082389834e-05,-0.007632644300644613,0.007632644300644613,SOC_UPPER_BOUND_NOT_REACHED,404240.0025850991,407140.2477716754,2900.245186576335,0.22147969282448018,0.7220015960627345,76.52526918835841,,,,,,,,,,,,,,,,,,,,,,,,,,,,,1,FIRST_UPWARD_CROSSING,charge_timeseries/cycle-014.csv,,,403643.83418843633,411148.1820835825,SOC_UPPER_BOUND_NOT_REACHED,SOC_UPPER_BOUND_NOT_REACHED,False,False,3,charge-efficiency-v1
14,virtual,80-100,80.0,100.0,80.0,,0.0,NEGATIVE_PARTICLE_LITHIUM_DELTA_OVER_FROZEN_Q_REF_V1,4.868538429994706,0,20.0,W10_80_PERCENT_DISCHARGE_WINDOW,14.55,3.0000000000000004,2.9885765942317564,4.85,100.0,4.868538429994706,0,,,,,,,,,,,,,,,,,,,,,,,,,,,,,,,,,,,,,,,,,,,,,,,,,,,,,,,,,,,,0,FIRST_UPWARD_CROSSING,charge_timeseries/cycle-014.csv,,,403643.83418843633,411148.1820835825,SOC_UPPER_BOUND_NOT_REACHED,SOC_UPPER_BOUND_NOT_REACHED,False,False,3,charge-efficiency-v1
15,virtual,20-40,20.0,40.0,20.0,40.0,100.0,NEGATIVE_PARTICLE_LITHIUM_DELTA_OVER_FROZEN_Q_REF_V1,4.868538429994706,0,20.0,W10_80_PERCENT_DISCHARGE_WINDOW,14.55,3.0000000000000004,2.9885765942317564,4.85,100.0,4.868538429994706,0,,,,1.065548301818112,0.04269188023558801,0.07902224872347945,0.973707685998941,,,,,0.09185037545908645,0.0,,,1.0660696889294111e-05,,,1.2875718788243201e-05,91.3809054303342,100.00091592656088,-3.3296055592879625e-05,-0.003124781442199063,0.003124781442199063,SOC_UPPER_BOUND_NOT_REACHED,434744.42296269943,435059.8457975606,315.42283486115934,0.1004702612920989,0.9650780405260131,90.57102703644034,,,,,,,,,,,,,,,,,,,,,,,,,,,,,1,FIRST_UPWARD_CROSSING,charge_timeseries/cycle-015.csv,,,434744.42296269943,442243.62985188904,SOC_UPPER_BOUND_NOT_REACHED,SOC_UPPER_BOUND_NOT_REACHED,False,False,3,charge-efficiency-v1
15,virtual,40-60,40.0,60.0,40.0,60.0,100.0,NEGATIVE_PARTICLE_LITHIUM_DELTA_OVER_FROZEN_Q_REF_V1,4.868538429994706,0,20.0,W10_80_PERCENT_DISCHARGE_WINDOW,14.55,3.0000000000000004,2.9885765942317564,4.85,100.0,4.868538429994706,0,,,,0.9676257853106024,0.07902224872347945,0.11535261721137088,0.973707685998941,,,,,-0.006126008360263599,0.006126008360263599,,,1.5820701119662484e-05,,,2.6154424870215853e-05,100.62853850948032,99.99544166013406,2.132545935062957e-06,0.00022038953151485335,0.00022038953151485335,SOC_UPPER_BOUND_NOT_REACHED,435059.8457975606,435376.7378992222,316.89210166160024,0.0,0.9676257853106024,100.0,,,,,,,,,,,,,,,,,,,,,,,,,,,,,1,FIRST_UPWARD_CROSSING,charge_timeseries/cycle-015.csv,,,434744.42296269943,442243.62985188904,SOC_UPPER_BOUND_NOT_REACHED,SOC_UPPER_BOUND_NOT_REACHED,False,False,3,charge-efficiency-v1
15,virtual,60-80,60.0,80.0,60.0,80.0,100.0,NEGATIVE_PARTICLE_LITHIUM_DELTA_OVER_FROZEN_Q_REF_V1,4.868538429994706,0,20.0,W10_80_PERCENT_DISCHARGE_WINDOW,14.55,3.0000000000000004,2.9885765942317564,4.85,100.0,4.868538429994706,0,,,,0.9033361317912745,0.11535261721137088,0.15168298569926233,0.9737076859989414,,,,,-0.07046507072930454,0.07046507072930454,,,5.3625859384592856e-05,,,9.582014070732073e-05,107.79018481947837,99.9896476496017,-5.592947845434182e-05,-0.006191435998849753,0.006191435998849753,SOC_UPPER_BOUND_NOT_REACHED,435376.7378992222,438242.7385982255,2866.000699003311,0.222979795316607,0.6803563364746675,75.31596628660827,,,,,,,,,,,,,,,,,,,,,,,,,,,,,1,FIRST_UPWARD_CROSSING,charge_timeseries/cycle-015.csv,,,434744.42296269943,442243.62985188904,SOC_UPPER_BOUND_NOT_REACHED,SOC_UPPER_BOUND_NOT_REACHED,False,False,3,charge-efficiency-v1
15,virtual,80-100,80.0,100.0,80.0,,0.0,NEGATIVE_PARTICLE_LITHIUM_DELTA_OVER_FROZEN_Q_REF_V1,4.868538429994706,0,20.0,W10_80_PERCENT_DISCHARGE_WINDOW,14.55,3.0000000000000004,2.9885765942317564,4.85,100.0,4.868538429994706,0,,,,,,,,,,,,,,,,,,,,,,,,,,,,,,,,,,,,,,,,,,,,,,,,,,,,,,,,,,,,0,FIRST_UPWARD_CROSSING,charge_timeseries/cycle-015.csv,,,434744.42296269943,442243.62985188904,SOC_UPPER_BOUND_NOT_REACHED,SOC_UPPER_BOUND_NOT_REACHED,False,False,3,charge-efficiency-v1
16,virtual,20-40,20.0,40.0,20.0,40.0,100.0,NEGATIVE_PARTICLE_LITHIUM_DELTA_OVER_FROZEN_Q_REF_V1,4.868538429994706,0,20.0,W10_80_PERCENT_DISCHARGE_WINDOW,14.55,3.0000000000000004,2.9885765942317564,4.85,100.0,4.868538429994706,0,,,,1.0663411664085223,0.0426727676400903,0.07900313612798174,0.973707685998941,,,,,0.09265457089663039,0.0,,,1.0553387458054307e-05,,,1.252304105507987e-05,91.31296030504248,100.00197783671057,-4.4166915562193765e-05,-0.004141912265372781,0.004141912265372781,SOC_UPPER_BOUND_NOT_REACHED,465839.87103663717,466156.36740608746,316.4963694503029,0.09980733355346438,0.9665338328550579,90.64020627754442,,,,,,,,,,,,,,,,,,,,,,,,,,,,,1,FIRST_UPWARD_CROSSING,charge_timeseries/cycle-016.csv,,,465839.87103663717,473345.543028462,SOC_UPPER_BOUND_NOT_REACHED,SOC_UPPER_BOUND_NOT_REACHED,False,False,3,charge-efficiency-v1
16,virtual,40-60,40.0,60.0,40.0,60.0,100.0,NEGATIVE_PARTICLE_LITHIUM_DELTA_OVER_FROZEN_Q_REF_V1,4.868538429994706,0,20.0,W10_80_PERCENT_DISCHARGE_WINDOW,14.55,3.0000000000000004,2.9885765942317564,4.85,100.0,4.868538429994706,0,,,,0.967515656922635,0.07900313612798174,0.11533350461587318,0.973707685998941,,,,,-0.006279008867835112,0.006279008867835112,,,1.561311275015409e-05,,,2.5394151882917465e-05,100.63999264838782,99.99100998615302,4.597252689608755e-05,0.0047516054719271205,0.0047516054719271205,SOC_UPPER_BOUND_NOT_REACHED,466156.36740608746,466474.21650502953,317.8490989420787,0.0,0.967515656922635,100.0,,,,,,,,,,,,,,,,,,,,,,,,,,,,,1,FIRST_UPWARD_CROSSING,charge_timeseries/cycle-016.csv,,,465839.87103663717,473345.543028462,SOC_UPPER_BOUND_NOT_REACHED,SOC_UPPER_BOUND_NOT_REACHED,False,False,3,charge-efficiency-v1
16,virtual,60-80,60.0,80.0,60.0,80.0,100.0,NEGATIVE_PARTICLE_LITHIUM_DELTA_OVER_FROZEN_Q_REF_V1,4.868538429994706,0,20.0,W10_80_PERCENT_DISCHARGE_WINDOW,14.55,3.0000000000000004,2.9885765942317564,4.85,100.0,4.868538429994706,0,,,,0.9026668706047736,0.11533350461587318,0.15166387310376464,0.9737076859989418,,,,,-0.07113251460141792,0.07113251460141792,,,5.266520811534302e-05,,,9.287199514529734e-05,107.87010332467081,99.98984130134428,-5.38379960108859e-05,-0.005964326127845507,0.005964326127845507,SOC_UPPER_BOUND_NOT_REACHED,466474.21650502953,469344.83652514836,2870.620020118831,0.22286710856148445,0.6797997620432892,75.31014864740004,,,,,,,,,,,,,,,,,,,,,,,,,,,,,1,FIRST_UPWARD_CROSSING,charge_timeseries/cycle-016.csv,,,465839.87103663717,473345.543028462,SOC_UPPER_BOUND_NOT_REACHED,SOC_UPPER_BOUND_NOT_REACHED,False,False,3,charge-efficiency-v1
16,virtual,80-100,80.0,100.0,80.0,,0.0,NEGATIVE_PARTICLE_LITHIUM_DELTA_OVER_FROZEN_Q_REF_V1,4.868538429994706,0,20.0,W10_80_PERCENT_DISCHARGE_WINDOW,14.55,3.0000000000000004,2.9885765942317564,4.85,100.0,4.868538429994706,0,,,,,,,,,,,,,,,,,,,,,,,,,,,,,,,,,,,,,,,,,,,,,,,,,,,,,,,,,,,,0,FIRST_UPWARD_CROSSING,charge_timeseries/cycle-016.csv,,,465839.87103663717,473345.543028462,SOC_UPPER_BOUND_NOT_REACHED,SOC_UPPER_BOUND_NOT_REACHED,False,False,3,charge-efficiency-v1
17,virtual,20-40,20.0,40.0,20.0,40.0,100.0,NEGATIVE_PARTICLE_LITHIUM_DELTA_OVER_FROZEN_Q_REF_V1,4.868538429994706,0,20.0,W10_80_PERCENT_DISCHARGE_WINDOW,14.55,3.0000000000000004,2.9885765942317564,4.85,100.0,4.868538429994706,0,,,,1.0643201511286247,0.04265385820958756,0.078984226697479,0.973707685998941,,,,,0.09059874571440549,0.0,,,1.0208244403457373e-05,,,1.2153441218732547e-05,91.48635257599918,99.99871096913239,-8.642270344028091e-06,-0.0008119991277872235,0.0008119991277872235,SOC_UPPER_BOUND_NOT_REACHED,496941.7843245947,497258.33656501793,316.55224042319793,0.09916940161856447,0.9651507495100601,90.68237113490677,,,,,,,,,,,,,,,,,,,,,,,,,,,,,1,FIRST_UPWARD_CROSSING,charge_timeseries/cycle-017.csv,,,496941.7843245947,504454.05444084667,SOC_UPPER_BOUND_NOT_REACHED,SOC_UPPER_BOUND_NOT_REACHED,False,False,3,charge-efficiency-v1
17,virtual,40-60,40.0,60.0,40.0,60.0,100.0,NEGATIVE_PARTICLE_LITHIUM_DELTA_OVER_FROZEN_Q_REF_V1,4.868538429994706,0,20.0,W10_80_PERCENT_DISCHARGE_WINDOW,14.55,3.0000000000000004,2.9885765942317564,4.85,100.0,4.868538429994706,0,,,,0.9677946482872014,0.078984226697479,0.11531459518537043,0.973707685998941,,,,,-0.005961495226547847,0.005961495226547847,,,1.4938840389835777e-05,,,2.466338702896559e-05,100.61098061682861,99.99499299620079,8.855287389475386e-06,0.0009149965238129218,0.0009149965238129218,SOC_UPPER_BOUND_NOT_REACHED,497258.33656501793,497576.2376473496,317.901082331688,0.0,0.9677946482872014,100.0,,,,,,,,,,,,,,,,,,,,,,,,,,,,,1,FIRST_UPWARD_CROSSING,charge_timeseries/cycle-017.csv,,,496941.7843245947,504454.05444084667,SOC_UPPER_BOUND_NOT_REACHED,SOC_UPPER_BOUND_NOT_REACHED,False,False,3,charge-efficiency-v1
17,virtual,60-80,60.0,80.0,60.0,80.0,100.0,NEGATIVE_PARTICLE_LITHIUM_DELTA_OVER_FROZEN_Q_REF_V1,4.868538429994706,0,20.0,W10_80_PERCENT_DISCHARGE_WINDOW,14.55,3.0000000000000004,2.9885765942317564,4.85,100.0,4.868538429994706,0,,,,0.9042674691210568,0.11531459518537043,0.15164496367326188,0.9737076859989414,,,,,-0.0695244111543246,0.0695244111543246,,,5.0654043382763764e-05,,,9.034032044301366e-05,107.6791678622897,99.99068922865025,-5.680008738573328e-05,-0.006281337029733322,0.006281337029733322,SOC_UPPER_BOUND_NOT_REACHED,497576.2376473496,500453.1906691796,2876.953021830013,0.22267434860127663,0.6815931205197802,75.37516761299453,,,,,,,,,,,,,,,,,,,,,,,,,,,,,1,FIRST_UPWARD_CROSSING,charge_timeseries/cycle-017.csv,,,496941.7843245947,504454.05444084667,SOC_UPPER_BOUND_NOT_REACHED,SOC_UPPER_BOUND_NOT_REACHED,False,False,3,charge-efficiency-v1
17,virtual,80-100,80.0,100.0,80.0,,0.0,NEGATIVE_PARTICLE_LITHIUM_DELTA_OVER_FROZEN_Q_REF_V1,4.868538429994706,0,20.0,W10_80_PERCENT_DISCHARGE_WINDOW,14.55,3.0000000000000004,2.9885765942317564,4.85,100.0,4.868538429994706,0,,,,,,,,,,,,,,,,,,,,,,,,,,,,,,,,,,,,,,,,,,,,,,,,,,,,,,,,,,,,0,FIRST_UPWARD_CROSSING,charge_timeseries/cycle-017.csv,,,496941.7843245947,504454.05444084667,SOC_UPPER_BOUND_NOT_REACHED,SOC_UPPER_BOUND_NOT_REACHED,False,False,3,charge-efficiency-v1
18,virtual,20-40,20.0,40.0,20.0,40.0,100.0,NEGATIVE_PARTICLE_LITHIUM_DELTA_OVER_FROZEN_Q_REF_V1,4.868538429994706,0,20.0,W10_80_PERCENT_DISCHARGE_WINDOW,14.55,3.0000000000000004,2.9885765942317564,4.85,100.0,4.868538429994706,0,,,,1.0313657804892298,0.04263527805118297,0.07896564653907441,0.973707685998941,,,,,0.05764745331798957,0.0,,,8.789473840547894e-06,,,1.1172709829768146e-05,94.40953970152678,99.99896824458396,-9.321011370966303e-06,-0.0009037541818136402,0.0009037541818136402,SOC_UPPER_BOUND_NOT_REACHED,528050.2959195542,528355.2127680272,304.91684847305413,0.09855423686192041,0.9328115436273093,90.44429835405523,,,,,,,,,,,,,,,,,,,,,,,,,,,,,1,FIRST_UPWARD_CROSSING,charge_timeseries/cycle-018.csv,,,528050.2959195542,535578.5106444448,SOC_UPPER_BOUND_NOT_REACHED,SOC_UPPER_BOUND_NOT_REACHED,False,False,3,charge-efficiency-v1
18,virtual,40-60,40.0,60.0,40.0,60.0,100.0,NEGATIVE_PARTICLE_LITHIUM_DELTA_OVER_FROZEN_Q_REF_V1,4.868538429994706,0,20.0,W10_80_PERCENT_DISCHARGE_WINDOW,14.55,3.0000000000000004,2.9885765942317564,4.85,100.0,4.868538429994706,0,,,,0.9494497666642383,0.07896564653907441,0.11529601502696585,0.973707685998941,,,,,-0.024297120965990494,0.024297120965990494,,,5.267543276656073e-06,,,2.2834277900569966e-05,102.5549449993473,99.99587112107831,1.1099810110493102e-05,0.001169078186146779,0.001169078186146779,SOC_UPPER_BOUND_NOT_REACHED,528355.2127680272,528645.3074743996,290.09470637233125,0.0,0.9494497666642383,100.0,,,,,,,,,,,,,,,,,,,,,,,,,,,,,1,FIRST_UPWARD_CROSSING,charge_timeseries/cycle-018.csv,,,528050.2959195542,535578.5106444448,SOC_UPPER_BOUND_NOT_REACHED,SOC_UPPER_BOUND_NOT_REACHED,False,False,3,charge-efficiency-v1
18,virtual,60-80,60.0,80.0,60.0,80.0,100.0,NEGATIVE_PARTICLE_LITHIUM_DELTA_OVER_FROZEN_Q_REF_V1,4.868538429994706,0,20.0,W10_80_PERCENT_DISCHARGE_WINDOW,14.55,3.0000000000000004,2.9885765942317564,4.85,100.0,4.868538429994706,0,,,,0.953126713388662,0.11529601502696585,0.1516263835148573,0.9737076859989414,,,,,-0.020688391381839193,0.020688391381839193,,,2.553375876283284e-05,,,9.168757130064917e-05,102.15931127741743,99.98872985406338,-9.802558503690939e-06,-0.0010284633056647625,0.0010284633056647625,SOC_UPPER_BOUND_NOT_REACHED,528645.3074743996,531569.2619920805,2923.9545176808556,0.2207305597162078,0.7323961536724541,76.84142552972396,,,,,,,,,,,,,,,,,,,,,,,,,,,,,1,FIRST_UPWARD_CROSSING,charge_timeseries/cycle-018.csv,,,528050.2959195542,535578.5106444448,SOC_UPPER_BOUND_NOT_REACHED,SOC_UPPER_BOUND_NOT_REACHED,False,False,3,charge-efficiency-v1
18,virtual,80-100,80.0,100.0,80.0,,0.0,NEGATIVE_PARTICLE_LITHIUM_DELTA_OVER_FROZEN_Q_REF_V1,4.868538429994706,0,20.0,W10_80_PERCENT_DISCHARGE_WINDOW,14.55,3.0000000000000004,2.9885765942317564,4.85,100.0,4.868538429994706,0,,,,,,,,,,,,,,,,,,,,,,,,,,,,,,,,,,,,,,,,,,,,,,,,,,,,,,,,,,,,0,FIRST_UPWARD_CROSSING,charge_timeseries/cycle-018.csv,,,528050.2959195542,535578.5106444448,SOC_UPPER_BOUND_NOT_REACHED,SOC_UPPER_BOUND_NOT_REACHED,False,False,3,charge-efficiency-v1
19,virtual,20-40,20.0,40.0,20.0,40.0,100.0,NEGATIVE_PARTICLE_LITHIUM_DELTA_OVER_FROZEN_Q_REF_V1,4.868538429994706,0,20.0,W10_80_PERCENT_DISCHARGE_WINDOW,14.55,3.0000000000000004,2.9885765942317564,4.85,100.0,4.868538429994706,0,,,,0.9740929957118574,0.042618162709768925,0.07894853119766038,0.9737076859989414,,,,,0.00037708870642537,0.0,,,6.39805732982222e-06,,,1.0075863058584683e-05,99.96044425792896,99.99915603473931,-8.25291389783267e-06,-0.0008472408624395788,0.0008472408624395788,SOC_UPPER_BOUND_NOT_REACHED,559174.7522432532,559464.0958248728,289.3435816197201,0.0979586543076662,0.8761343414041911,89.94360346097356,,,,,,,,,,,,,,,,,,,,,,,,,,,,,1,FIRST_UPWARD_CROSSING,charge_timeseries/cycle-019.csv,,,559174.7522432532,566744.734350607,SOC_UPPER_BOUND_NOT_REACHED,SOC_UPPER_BOUND_NOT_REACHED,False,False,3,charge-efficiency-v1
19,virtual,40-60,40.0,60.0,40.0,60.0,100.0,NEGATIVE_PARTICLE_LITHIUM_DELTA_OVER_FROZEN_Q_REF_V1,4.868538429994706,0,20.0,W10_80_PERCENT_DISCHARGE_WINDOW,14.55,3.0000000000000004,2.9885765942317564,4.85,100.0,4.868538429994706,0,,,,0.9805439282531617,0.07894853119766038,0.1152788996855518,0.9737076859989406,,,,,0.006810955782271138,0.0,,,7.464377052681173e-07,,,2.2371941647249954e-05,99.30281121964624,99.99742117908016,2.1680925974543186e-06,0.000221111215416608,0.000221111215416608,SOC_UPPER_BOUND_NOT_REACHED,559464.0958248728,559758.1911883728,294.09536349989685,0.0,0.9805439282531617,100.0,,,,,,,,,,,,,,,,,,,,,,,,,,,,,1,FIRST_UPWARD_CROSSING,charge_timeseries/cycle-019.csv,,,559174.7522432532,566744.734350607,SOC_UPPER_BOUND_NOT_REACHED,SOC_UPPER_BOUND_NOT_REACHED,False,False,3,charge-efficiency-v1
19,virtual,60-80,60.0,80.0,60.0,80.0,100.0,NEGATIVE_PARTICLE_LITHIUM_DELTA_OVER_FROZEN_Q_REF_V1,4.868538429994706,0,20.0,W10_80_PERCENT_DISCHARGE_WINDOW,14.55,3.0000000000000004,2.9885765942317564,4.85,100.0,4.868538429994706,0,,,,0.9780389670542622,0.1152788996855518,0.15160926817344325,0.9737076859989414,,,,,0.0042781520878000965,0.0,,,1.2796803767671592e-05,,,9.085865780427207e-05,99.55714637133876,99.99456780667127,-5.0526494051239546e-05,-0.005166102349011653,0.005166102349011653,SOC_UPPER_BOUND_NOT_REACHED,559758.1911883728,562731.2838481792,2973.092659806371,0.21962879417225223,0.75841017288201,77.5439628102193,,,,,,,,,,,,,,,,,,,,,,,,,,,,,1,FIRST_UPWARD_CROSSING,charge_timeseries/cycle-019.csv,,,559174.7522432532,566744.734350607,SOC_UPPER_BOUND_NOT_REACHED,SOC_UPPER_BOUND_NOT_REACHED,False,False,3,charge-efficiency-v1
19,virtual,80-100,80.0,100.0,80.0,,0.0,NEGATIVE_PARTICLE_LITHIUM_DELTA_OVER_FROZEN_Q_REF_V1,4.868538429994706,0,20.0,W10_80_PERCENT_DISCHARGE_WINDOW,14.55,3.0000000000000004,2.9885765942317564,4.85,100.0,4.868538429994706,0,,,,,,,,,,,,,,,,,,,,,,,,,,,,,,,,,,,,,,,,,,,,,,,,,,,,,,,,,,,,0,FIRST_UPWARD_CROSSING,charge_timeseries/cycle-019.csv,,,559174.7522432532,566744.734350607,SOC_UPPER_BOUND_NOT_REACHED,SOC_UPPER_BOUND_NOT_REACHED,False,False,3,charge-efficiency-v1
20,virtual,20-40,20.0,40.0,20.0,40.0,100.0,NEGATIVE_PARTICLE_LITHIUM_DELTA_OVER_FROZEN_Q_REF_V1,4.868538429994706,0,20.0,W10_80_PERCENT_DISCHARGE_WINDOW,14.55,3.0000000000000004,2.9885765942317564,4.85,100.0,4.868538429994706,0,,,,1.0131200804633531,0.04260204193058236,0.0789324104184738,0.9737076859989413,,,,,0.03940376581781263,0.0,,,7.87377711298316e-06,,,1.0391680758940758e-05,96.10980028681433,99.99914830958683,-9.636811272750734e-06,-0.0009512012898158442,0.0009512012898158442,SOC_UPPER_BOUND_NOT_REACHED,590340.9760976814,590641.9355055302,300.959407848798,0.09738188557381397,0.9157381948895392,90.3879226706003,,,,,,,,,,,,,,,,,,,,,,,,,,,,,1,FIRST_UPWARD_CROSSING,charge_timeseries/cycle-020.csv,,,590340.9760976814,597901.9908774471,SOC_UPPER_BOUND_NOT_REACHED,SOC_UPPER_BOUND_NOT_REACHED,False,False,3,charge-efficiency-v1
20,virtual,40-60,40.0,60.0,40.0,60.0,100.0,NEGATIVE_PARTICLE_LITHIUM_DELTA_OVER_FROZEN_Q_REF_V1,4.868538429994706,0,20.0,W10_80_PERCENT_DISCHARGE_WINDOW,14.55,3.0000000000000004,2.9885765942317564,4.85,100.0,4.868538429994706,0,,,,0.9391614113195391,0.0789324104184738,0.11526277890636524,0.973707685998941,,,,,-0.03458462436578193,0.03458462436578193,,,8.174196126468913e-07,,,2.1161788659705694e-05,103.67841717760355,99.99591660326779,1.6370478107652353e-05,0.0017430952667285946,0.0017430952667285946,SOC_UPPER_BOUND_NOT_REACHED,590641.9355055302,590920.3795191931,278.44401366281164,0.0,0.9391614113195391,100.0,,,,,,,,,,,,,,,,,,,,,,,,,,,,,1,FIRST_UPWARD_CROSSING,charge_timeseries/cycle-020.csv,,,590340.9760976814,597901.9908774471,SOC_UPPER_BOUND_NOT_REACHED,SOC_UPPER_BOUND_NOT_REACHED,False,False,3,charge-efficiency-v1
20,virtual,60-80,60.0,80.0,60.0,80.0,100.0,NEGATIVE_PARTICLE_LITHIUM_DELTA_OVER_FROZEN_Q_REF_V1,4.868538429994706,0,20.0,W10_80_PERCENT_DISCHARGE_WINDOW,14.55,3.0000000000000004,2.9885765942317564,4.85,100.0,4.868538429994706,0,,,,0.980274400493782,0.11526277890636524,0.1515931473942567,0.9737076859989414,,,,,0.006517556893922672,0.0,,,1.1382357831476574e-05,,,8.920572207184521e-05,99.33011466059577,99.99498532238594,-5.143047898537034e-05,-0.005246539026160826,0.005246539026160826,SOC_UPPER_BOUND_NOT_REACHED,590920.3795191931,593888.1288375926,2967.7493183994884,0.21944830598310816,0.7608260945106738,77.61358392379032,,,,,,,,,,,,,,,,,,,,,,,,,,,,,1,FIRST_UPWARD_CROSSING,charge_timeseries/cycle-020.csv,,,590340.9760976814,597901.9908774471,SOC_UPPER_BOUND_NOT_REACHED,SOC_UPPER_BOUND_NOT_REACHED,False,False,3,charge-efficiency-v1
20,virtual,80-100,80.0,100.0,80.0,,0.0,NEGATIVE_PARTICLE_LITHIUM_DELTA_OVER_FROZEN_Q_REF_V1,4.868538429994706,0,20.0,W10_80_PERCENT_DISCHARGE_WINDOW,14.55,3.0000000000000004,2.9885765942317564,4.85,100.0,4.868538429994706,0,,,,,,,,,,,,,,,,,,,,,,,,,,,,,,,,,,,,,,,,,,,,,,,,,,,,,,,,,,,,0,FIRST_UPWARD_CROSSING,charge_timeseries/cycle-020.csv,,,590340.9760976814,597901.9908774471,SOC_UPPER_BOUND_NOT_REACHED,SOC_UPPER_BOUND_NOT_REACHED,False,False,3,charge-efficiency-v1
21,virtual,20-40,20.0,40.0,20.0,40.0,100.0,NEGATIVE_PARTICLE_LITHIUM_DELTA_OVER_FROZEN_Q_REF_V1,4.868538429994706,0,20.0,W10_80_PERCENT_DISCHARGE_WINDOW,14.55,3.0000000000000004,2.9885765942317564,4.85,100.0,4.868538429994706,0,,,,1.071221107013633,0.04258614671794522,0.07891651520583666,0.973707685998941,,,,,0.09751962075798004,0.0,,,1.0224629669057864e-05,,,1.1172221200762833e-05,90.89698472367282,100.00057875477317,-2.7596594158074694e-05,-0.002576180956236842,0.002576180956236842,SOC_UPPER_BOUND_NOT_REACHED,621498.2329521237,621820.21965048,321.98669835622763,0.09682249052513497,0.974398616488498,90.96148405859381,,,,,,,,,,,,,,,,,,,,,,,,,,,,,1,FIRST_UPWARD_CROSSING,charge_timeseries/cycle-021.csv,,,621498.2329521237,629036.3214898874,SOC_UPPER_BOUND_NOT_REACHED,SOC_UPPER_BOUND_NOT_REACHED,False,False,3,charge-efficiency-v1
21,virtual,40-60,40.0,60.0,40.0,60.0,100.0,NEGATIVE_PARTICLE_LITHIUM_DELTA_OVER_FROZEN_Q_REF_V1,4.868538429994706,0,20.0,W10_80_PERCENT_DISCHARGE_WINDOW,14.55,3.0000000000000004,2.9885765942317564,4.85,100.0,4.868538429994706,0,,,,0.9665633866086699,0.07891651520583666,0.1152468836937281,0.973707685998941,,,,,-0.007179173767216593,0.007179173767216593,,,1.4935391918085867e-05,,,2.2444348956547622e-05,100.73914442542024,99.99639192034081,-2.5053639292060836e-06,-0.0002592032725340986,0.0002592032725340986,SOC_UPPER_BOUND_NOT_REACHED,621820.21965048,622142.7734918225,322.5538413425643,0.0,0.9665633866086699,100.0,,,,,,,,,,,,,,,,,,,,,,,,,,,,,1,FIRST_UPWARD_CROSSING,charge_timeseries/cycle-021.csv,,,621498.2329521237,629036.3214898874,SOC_UPPER_BOUND_NOT_REACHED,SOC_UPPER_BOUND_NOT_REACHED,False,False,3,charge-efficiency-v1
21,virtual,60-80,60.0,80.0,60.0,80.0,100.0,NEGATIVE_PARTICLE_LITHIUM_DELTA_OVER_FROZEN_Q_REF_V1,4.868538429994706,0,20.0,W10_80_PERCENT_DISCHARGE_WINDOW,14.55,3.0000000000000004,2.9885765942317564,4.85,100.0,4.868538429994706,0,,,,0.8987608306390895,0.1152468836937281,0.15157725218161955,0.9737076859989414,,,,,-0.07514219978406501,0.07514219978406501,,,4.9110766319520206e-05,,,8.136377317282881e-05,108.3389098417383,99.97826513822658,6.486988472076405e-05,0.007217702697906457,0.007217702697906457,SOC_UPPER_BOUND_NOT_REACHED,622142.7734918225,625036.3687444618,2893.595252639271,0.22231814737137673,0.6764426832677127,75.2639256415646,,,,,,,,,,,,,,,,,,,,,,,,,,,,,1,FIRST_UPWARD_CROSSING,charge_timeseries/cycle-021.csv,,,621498.2329521237,629036.3214898874,SOC_UPPER_BOUND_NOT_REACHED,SOC_UPPER_BOUND_NOT_REACHED,False,False,3,charge-efficiency-v1
21,virtual,80-100,80.0,100.0,80.0,,0.0,NEGATIVE_PARTICLE_LITHIUM_DELTA_OVER_FROZEN_Q_REF_V1,4.868538429994706,0,20.0,W10_80_PERCENT_DISCHARGE_WINDOW,14.55,3.0000000000000004,2.9885765942317564,4.85,100.0,4.868538429994706,0,,,,,,,,,,,,,,,,,,,,,,,,,,,,,,,,,,,,,,,,,,,,,,,,,,,,,,,,,,,,0,FIRST_UPWARD_CROSSING,charge_timeseries/cycle-021.csv,,,621498.2329521237,629036.3214898874,SOC_UPPER_BOUND_NOT_REACHED,SOC_UPPER_BOUND_NOT_REACHED,False,False,3,charge-efficiency-v1
22,virtual,20-40,20.0,40.0,20.0,40.0,100.0,NEGATIVE_PARTICLE_LITHIUM_DELTA_OVER_FROZEN_Q_REF_V1,4.868538429994706,0,20.0,W10_80_PERCENT_DISCHARGE_WINDOW,14.55,3.0000000000000004,2.9885765942317564,4.85,100.0,4.868538429994706,0,,,,1.0262327062560848,0.04256855790149092,0.07889892638938235,0.973707685998941,,,,,0.05251536635336052,0.0,,,8.23503745207366e-06,,,1.0146871235676425e-05,94.88176317740191,99.9990592870677,-8.728004904590136e-06,-0.0008504898403045207,0.0008504898403045207,SOC_UPPER_BOUND_NOT_REACHED,652632.563427068,652938.8460711223,306.28264405443383,0.09628113078935958,0.9299515754667252,90.61800211565918,,,,,,,,,,,,,,,,,,,,,,,,,,,,,1,FIRST_UPWARD_CROSSING,charge_timeseries/cycle-022.csv,,,652632.563427068,660193.8013496599,SOC_UPPER_BOUND_NOT_REACHED,SOC_UPPER_BOUND_NOT_REACHED,False,False,3,charge-efficiency-v1
22,virtual,40-60,40.0,60.0,40.0,60.0,100.0,NEGATIVE_PARTICLE_LITHIUM_DELTA_OVER_FROZEN_Q_REF_V1,4.868538429994706,0,20.0,W10_80_PERCENT_DISCHARGE_WINDOW,14.55,3.0000000000000004,2.9885765942317564,4.85,100.0,4.868538429994706,0,,,,0.9259558588263518,0.07889892638938235,0.1152292948772738,0.9737076859989414,,,,,-0.04778322780606736,0.04778322780606736,,,1.1442339511807086e-06,,,1.9958010486792466e-05,105.15703062056491,99.99660884121221,1.0298389039764544e-05,0.001112190061934242,0.001112190061934242,SOC_UPPER_BOUND_NOT_REACHED,652938.8460711223,653212.5798055846,273.73373446221046,0.0,0.9259558588263518,100.0,,,,,,,,,,,,,,,,,,,,,,,,,,,,,1,FIRST_UPWARD_CROSSING,charge_timeseries/cycle-022.csv,,,652632.563427068,660193.8013496599,SOC_UPPER_BOUND_NOT_REACHED,SOC_UPPER_BOUND_NOT_REACHED,False,False,3,charge-efficiency-v1
22,virtual,60-80,60.0,80.0,60.0,80.0,100.0,NEGATIVE_PARTICLE_LITHIUM_DELTA_OVER_FROZEN_Q_REF_V1,4.868538429994706,0,20.0,W10_80_PERCENT_DISCHARGE_WINDOW,14.55,3.0000000000000004,2.9885765942317564,4.85,100.0,4.868538429994706,0,,,,0.9803415671867359,0.1152292948772738,0.15155966336516521,0.9737076859989403,,,,,0.0065548621491537925,0.0,,,1.0871167164344837e-05,,,8.529761570046437e-05,99.32330920060518,99.99193964213222,-1.714974422295512e-05,-0.0017493641805038783,0.0017493641805038783,SOC_UPPER_BOUND_NOT_REACHED,653212.5798055846,656180.3533735311,2967.7735679465845,0.21931062231153514,0.7610309448752008,77.62916215611607,,,,,,,,,,,,,,,,,,,,,,,,,,,,,1,FIRST_UPWARD_CROSSING,charge_timeseries/cycle-022.csv,,,652632.563427068,660193.8013496599,SOC_UPPER_BOUND_NOT_REACHED,SOC_UPPER_BOUND_NOT_REACHED,False,False,3,charge-efficiency-v1
22,virtual,80-100,80.0,100.0,80.0,,0.0,NEGATIVE_PARTICLE_LITHIUM_DELTA_OVER_FROZEN_Q_REF_V1,4.868538429994706,0,20.0,W10_80_PERCENT_DISCHARGE_WINDOW,14.55,3.0000000000000004,2.9885765942317564,4.85,100.0,4.868538429994706,0,,,,,,,,,,,,,,,,,,,,,,,,,,,,,,,,,,,,,,,,,,,,,,,,,,,,,,,,,,,,0,FIRST_UPWARD_CROSSING,charge_timeseries/cycle-022.csv,,,652632.563427068,660193.8013496599,SOC_UPPER_BOUND_NOT_REACHED,SOC_UPPER_BOUND_NOT_REACHED,False,False,3,charge-efficiency-v1
23,virtual,20-40,20.0,40.0,20.0,40.0,100.0,NEGATIVE_PARTICLE_LITHIUM_DELTA_OVER_FROZEN_Q_REF_V1,4.868538429994706,0,20.0,W10_80_PERCENT_DISCHARGE_WINDOW,14.55,3.0000000000000004,2.9885765942317564,4.85,100.0,4.868538429994706,0,,,,1.0704534255488078,0.042552860789825064,0.07888322927771652,0.9737076859989414,,,,,0.09675282512767072,0.0,,,9.806276046024805e-06,,,1.0718003903675832e-05,90.96217198798107,100.00066192303515,-2.7609857754073985e-05,-0.002579267541688585,0.002579267541688585,SOC_UPPER_BOUND_NOT_REACHED,683790.0427052053,684113.0561091184,323.013403913167,0.09575294487546078,0.974700480673347,91.05491723506144,,,,,,,,,,,,,,,,,,,,,,,,,,,,,1,FIRST_UPWARD_CROSSING,charge_timeseries/cycle-023.csv,,,683790.0427052053,691340.8582723313,SOC_UPPER_BOUND_NOT_REACHED,SOC_UPPER_BOUND_NOT_REACHED,False,False,3,charge-efficiency-v1
23,virtual,40-60,40.0,60.0,40.0,60.0,100.0,NEGATIVE_PARTICLE_LITHIUM_DELTA_OVER_FROZEN_Q_REF_V1,4.868538429994706,0,20.0,W10_80_PERCENT_DISCHARGE_WINDOW,14.55,3.0000000000000004,2.9885765942317564,4.85,100.0,4.868538429994706,0,,,,0.9666532217460017,0.07888322927771652,0.11521359776560795,0.973707685998941,,,,,-0.007087475425121975,0.007087475425121975,,,1.433185964360914e-05,,,2.1505732986516757e-05,100.72978231430267,99.9965850036559,-2.8264204474659493e-06,-0.00029239238890248285,0.00029239238890248285,SOC_UPPER_BOUND_NOT_REACHED,684113.0561091184,684436.701780924,323.64567180559897,0.0,0.9666532217460017,100.0,,,,,,,,,,,,,,,,,,,,,,,,,,,,,1,FIRST_UPWARD_CROSSING,charge_timeseries/cycle-023.csv,,,683790.0427052053,691340.8582723313,SOC_UPPER_BOUND_NOT_REACHED,SOC_UPPER_BOUND_NOT_REACHED,False,False,3,charge-efficiency-v1
23,virtual,60-80,60.0,80.0,60.0,80.0,100.0,NEGATIVE_PARTICLE_LITHIUM_DELTA_OVER_FROZEN_Q_REF_V1,4.868538429994706,0,20.0,W10_80_PERCENT_DISCHARGE_WINDOW,14.55,3.0000000000000004,2.9885765942317564,4.85,100.0,4.868538429994706,0,,,,0.899206031847037,0.11521359776560795,0.1515439662534994,0.973707685998941,,,,,-0.07458865747227615,0.07458865747227615,,,4.706960914115316e-05,,,7.794258503142706e-05,108.28527072920896,99.9903244287415,-3.80088738004547e-05,-0.004226937148362051,0.004226937148362051,SOC_UPPER_BOUND_NOT_REACHED,684436.701780924,687341.1617246245,2904.4599437004126,0.22203187446486522,0.6771741573821718,75.30800877649865,,,,,,,,,,,,,,,,,,,,,,,,,,,,,1,FIRST_UPWARD_CROSSING,charge_timeseries/cycle-023.csv,,,683790.0427052053,691340.8582723313,SOC_UPPER_BOUND_NOT_REACHED,SOC_UPPER_BOUND_NOT_REACHED,False,False,3,charge-efficiency-v1
23,virtual,80-100,80.0,100.0,80.0,,0.0,NEGATIVE_PARTICLE_LITHIUM_DELTA_OVER_FROZEN_Q_REF_V1,4.868538429994706,0,20.0,W10_80_PERCENT_DISCHARGE_WINDOW,14.55,3.0000000000000004,2.9885765942317564,4.85,100.0,4.868538429994706,0,,,,,,,,,,,,,,,,,,,,,,,,,,,,,,,,,,,,,,,,,,,,,,,,,,,,,,,,,,,,0,FIRST_UPWARD_CROSSING,charge_timeseries/cycle-023.csv,,,683790.0427052053,691340.8582723313,SOC_UPPER_BOUND_NOT_REACHED,SOC_UPPER_BOUND_NOT_REACHED,False,False,3,charge-efficiency-v1
24,virtual,20-40,20.0,40.0,20.0,40.0,100.0,NEGATIVE_PARTICLE_LITHIUM_DELTA_OVER_FROZEN_Q_REF_V1,4.868538429994706,0,20.0,W10_80_PERCENT_DISCHARGE_WINDOW,14.55,3.0000000000000004,2.9885765942317564,4.85,100.0,4.868538429994706,0,,,,1.0298156947527604,0.04253570476519063,0.07886607325308206,0.973707685998941,,,,,0.05609908767108812,0.0,,,8.104837599151593e-06,,,9.8219980966055e-06,94.55164559642006,99.9991337204534,-9.005752964474922e-06,-0.0008745014287859573,0.0008745014287859573,SOC_UPPER_BOUND_NOT_REACHED,714937.0997336374,715245.7976528072,308.697919169843,0.0952409820972775,0.934574712655483,90.75164783537863,,,,,,,,,,,,,,,,,,,,,,,,,,,,,1,FIRST_UPWARD_CROSSING,charge_timeseries/cycle-024.csv,,,714937.0997336374,722504.4341010156,SOC_UPPER_BOUND_NOT_REACHED,SOC_UPPER_BOUND_NOT_REACHED,False,False,3,charge-efficiency-v1
24,virtual,40-60,40.0,60.0,40.0,60.0,100.0,NEGATIVE_PARTICLE_LITHIUM_DELTA_OVER_FROZEN_Q_REF_V1,4.868538429994706,0,20.0,W10_80_PERCENT_DISCHARGE_WINDOW,14.55,3.0000000000000004,2.9885765942317564,4.85,100.0,4.868538429994706,0,,,,0.9168037997746913,0.07886607325308206,0.1151964417409735,0.973707685998941,,,,,-0.05693704585482471,0.05693704585482471,,,9.97234224337385e-07,,,1.873945909370428e-05,106.20676814801968,99.9963831268388,1.3422937257034917e-05,0.0014641013988307711,0.0014641013988307711,SOC_UPPER_BOUND_NOT_REACHED,715245.7976528072,715513.3919991167,267.59434630947555,0.0,0.9168037997746913,100.0,,,,,,,,,,,,,,,,,,,,,,,,,,,,,1,FIRST_UPWARD_CROSSING,charge_timeseries/cycle-024.csv,,,714937.0997336374,722504.4341010156,SOC_UPPER_BOUND_NOT_REACHED,SOC_UPPER_BOUND_NOT_REACHED,False,False,3,charge-efficiency-v1
24,virtual,60-80,60.0,80.0,60.0,80.0,100.0,NEGATIVE_PARTICLE_LITHIUM_DELTA_OVER_FROZEN_Q_REF_V1,4.868538429994706,0,20.0,W10_80_PERCENT_DISCHARGE_WINDOW,14.55,3.0000000000000004,2.9885765942317564,4.85,100.0,4.868538429994706,0,,,,0.9855933633269686,0.1151964417409735,0.15152681022886494,0.973707685998941,,,,,0.01183540676343715,0.0,,,7.985705084545287e-06,,,8.221410718212488e-05,98.79405870917125,99.99489946194232,-3.992924767626249e-05,-0.004051290234085723,0.004051290234085723,SOC_UPPER_BOUND_NOT_REACHED,715513.3919991167,718490.7126742518,2977.3206751350026,0.21895025024676837,0.7666431130802002,77.78493054096063,,,,,,,,,,,,,,,,,,,,,,,,,,,,,1,FIRST_UPWARD_CROSSING,charge_timeseries/cycle-024.csv,,,714937.0997336374,722504.4341010156,SOC_UPPER_BOUND_NOT_REACHED,SOC_UPPER_BOUND_NOT_REACHED,False,False,3,charge-efficiency-v1
24,virtual,80-100,80.0,100.0,80.0,,0.0,NEGATIVE_PARTICLE_LITHIUM_DELTA_OVER_FROZEN_Q_REF_V1,4.868538429994706,0,20.0,W10_80_PERCENT_DISCHARGE_WINDOW,14.55,3.0000000000000004,2.9885765942317564,4.85,100.0,4.868538429994706,0,,,,,,,,,,,,,,,,,,,,,,,,,,,,,,,,,,,,,,,,,,,,,,,,,,,,,,,,,,,,0,FIRST_UPWARD_CROSSING,charge_timeseries/cycle-024.csv,,,714937.0997336374,722504.4341010156,SOC_UPPER_BOUND_NOT_REACHED,SOC_UPPER_BOUND_NOT_REACHED,False,False,3,charge-efficiency-v1
25,virtual,20-40,20.0,40.0,20.0,40.0,100.0,NEGATIVE_PARTICLE_LITHIUM_DELTA_OVER_FROZEN_Q_REF_V1,4.868538429994706,0,20.0,W10_80_PERCENT_DISCHARGE_WINDOW,14.55,3.0000000000000004,2.9885765942317564,4.85,100.0,4.868538429994706,0,,,,1.0723955390075979,0.04252041104586394,0.07885077953375538,0.9737076859989413,,,,,0.09869047944937089,0.0,,,9.735963905571545e-06,,,1.0361359030590378e-05,90.797439058728,100.00024491343154,-2.2723763650311923e-05,-0.0021189722284130955,0.0021189722284130955,SOC_UPPER_BOUND_NOT_REACHED,746100.6756969552,746425.7622508459,325.0865538907523,0.09474057046769786,0.9776549685399001,91.1655199017919,,,,,,,,,,,,,,,,,,,,,,,,,,,,,1,FIRST_UPWARD_CROSSING,charge_timeseries/cycle-025.csv,,,746100.6756969552,753664.0134235494,SOC_UPPER_BOUND_NOT_REACHED,SOC_UPPER_BOUND_NOT_REACHED,False,False,3,charge-efficiency-v1
25,virtual,40-60,40.0,60.0,40.0,60.0,100.0,NEGATIVE_PARTICLE_LITHIUM_DELTA_OVER_FROZEN_Q_REF_V1,4.868538429994706,0,20.0,W10_80_PERCENT_DISCHARGE_WINDOW,14.55,3.0000000000000004,2.9885765942317564,4.85,100.0,4.868538429994706,0,,,,0.9663302794194956,0.07885077953375538,0.11518114802164682,0.973707685998941,,,,,-0.007452001390721927,0.007452001390721927,,,1.4182528828797763e-05,,,2.0717680926991833e-05,100.76344565999497,99.99228060913902,3.9694601520645634e-05,0.004107767537253558,0.004107767537253558,SOC_UPPER_BOUND_NOT_REACHED,746425.7622508459,746751.2157568744,325.45350602852983,0.0,0.9663302794194956,100.0,,,,,,,,,,,,,,,,,,,,,,,,,,,,,1,FIRST_UPWARD_CROSSING,charge_timeseries/cycle-025.csv,,,746100.6756969552,753664.0134235494,SOC_UPPER_BOUND_NOT_REACHED,SOC_UPPER_BOUND_NOT_REACHED,False,False,3,charge-efficiency-v1
25,virtual,60-80,60.0,80.0,60.0,80.0,100.0,NEGATIVE_PARTICLE_LITHIUM_DELTA_OVER_FROZEN_Q_REF_V1,4.868538429994706,0,20.0,W10_80_PERCENT_DISCHARGE_WINDOW,14.55,3.0000000000000004,2.9885765942317564,4.85,100.0,4.868538429994706,0,,,,0.8976091493957227,0.11518114802164682,0.15151151650953826,0.973707685998941,,,,,-0.07617921812933098,0.07617921812933098,,,4.613121512637855e-05,,,7.484074572434996e-05,108.4779145415851,99.9910115080526,-4.0290434738188274e-05,-0.004488639043542738,0.004488639043542738,SOC_UPPER_BOUND_NOT_REACHED,746751.2157568744,749665.0821901622,2913.8664332876497,0.22180715276870866,0.675801996627014,75.28911632440122,,,,,,,,,,,,,,,,,,,,,,,,,,,,,1,FIRST_UPWARD_CROSSING,charge_timeseries/cycle-025.csv,,,746100.6756969552,753664.0134235494,SOC_UPPER_BOUND_NOT_REACHED,SOC_UPPER_BOUND_NOT_REACHED,False,False,3,charge-efficiency-v1
25,virtual,80-100,80.0,100.0,80.0,,0.0,NEGATIVE_PARTICLE_LITHIUM_DELTA_OVER_FROZEN_Q_REF_V1,4.868538429994706,0,20.0,W10_80_PERCENT_DISCHARGE_WINDOW,14.55,3.0000000000000004,2.9885765942317564,4.85,100.0,4.868538429994706,0,,,,,,,,,,,,,,,,,,,,,,,,,,,,,,,,,,,,,,,,,,,,,,,,,,,,,,,,,,,,0,FIRST_UPWARD_CROSSING,charge_timeseries/cycle-025.csv,,,746100.6756969552,753664.0134235494,SOC_UPPER_BOUND_NOT_REACHED,SOC_UPPER_BOUND_NOT_REACHED,False,False,3,charge-efficiency-v1
26,virtual,20-40,20.0,40.0,20.0,40.0,100.0,NEGATIVE_PARTICLE_LITHIUM_DELTA_OVER_FROZEN_Q_REF_V1,4.855571466149088,25,20.0,W10_80_PERCENT_DISCHARGE_WINDOW,14.55,3.0000000000000004,2.996557686656702,4.85,99.7336579749329,4.855571466149088,25,,,,1.0701024685605554,0.042503613637368313,0.07873721908611477,0.9711142932298176,,,,,0.09900697487955248,0.0,,,9.62224850717527e-06,,,1.0154719976517707e-05,90.74965452010485,100.00175679893908,-3.857651729832767e-05,-0.0036049367636931764,0.0036049367636931764,SOC_UPPER_BOUND_NOT_REACHED,777260.2548827855,777585.4269803734,325.1720975879265,0.0942541502666082,0.9758483182939471,91.19204440361736,,,,,,,,,,,,,,,,,,,,,,,,,,,,,1,FIRST_UPWARD_CROSSING,charge_timeseries/cycle-026.csv,,,777260.2548827855,784829.6795678036,SOC_UPPER_BOUND_NOT_REACHED,SOC_UPPER_BOUND_NOT_REACHED,False,False,3,charge-efficiency-v1
26,virtual,40-60,40.0,60.0,40.0,60.0,100.0,NEGATIVE_PARTICLE_LITHIUM_DELTA_OVER_FROZEN_Q_REF_V1,4.855571466149088,25,20.0,W10_80_PERCENT_DISCHARGE_WINDOW,14.55,3.0000000000000004,2.996557686656702,4.85,99.7336579749329,4.855571466149088,25,,,,0.9638531022361367,0.07873721908611477,0.1149708245348612,0.971114293229817,,,,,-0.007367719920710905,0.007367719920710905,,,1.395770452027479e-05,,,2.0231620364085517e-05,100.7533503784793,99.98894759722374,7.233960214625412e-05,0.007505251783536976,0.007505251783536976,SOC_UPPER_BOUND_NOT_REACHED,777585.4269803734,777909.8148352854,324.38785491197166,0.0,0.9638531022361367,100.0,,,,,,,,,,,,,,,,,,,,,,,,,,,,,1,FIRST_UPWARD_CROSSING,charge_timeseries/cycle-026.csv,,,777260.2548827855,784829.6795678036,SOC_UPPER_BOUND_NOT_REACHED,SOC_UPPER_BOUND_NOT_REACHED,False,False,3,charge-efficiency-v1
26,virtual,60-80,60.0,80.0,60.0,80.0,100.0,NEGATIVE_PARTICLE_LITHIUM_DELTA_OVER_FROZEN_Q_REF_V1,4.855571466149088,25,20.0,W10_80_PERCENT_DISCHARGE_WINDOW,14.55,3.0000000000000004,2.996557686656702,4.85,99.7336579749329,4.855571466149088,25,,,,0.8944954790884179,0.1149708245348612,0.15120442998360767,0.9711142932298181,,,,,-0.07668749449507703,0.07668749449507703,,,4.5445961992382315e-05,,,7.325180145965546e-05,108.56558986966402,99.9923218892345,-5.001740977528257e-05,-0.0055916894992309426,0.0055916894992309426,SOC_UPPER_BOUND_NOT_REACHED,777909.8148352854,780808.0264123237,2898.2115770383425,0.2138233273547991,0.6806721517336188,76.0956503019214,,,,,,,,,,,,,,,,,,,,,,,,,,,,,1,FIRST_UPWARD_CROSSING,charge_timeseries/cycle-026.csv,,,777260.2548827855,784829.6795678036,SOC_UPPER_BOUND_NOT_REACHED,SOC_UPPER_BOUND_NOT_REACHED,False,False,3,charge-efficiency-v1
26,virtual,80-100,80.0,100.0,80.0,,0.0,NEGATIVE_PARTICLE_LITHIUM_DELTA_OVER_FROZEN_Q_REF_V1,4.855571466149088,25,20.0,W10_80_PERCENT_DISCHARGE_WINDOW,14.55,3.0000000000000004,2.996557686656702,4.85,99.7336579749329,4.855571466149088,25,,,,,,,,,,,,,,,,,,,,,,,,,,,,,,,,,,,,,,,,,,,,,,,,,,,,,,,,,,,,0,FIRST_UPWARD_CROSSING,charge_timeseries/cycle-026.csv,,,777260.2548827855,784829.6795678036,SOC_UPPER_BOUND_NOT_REACHED,SOC_UPPER_BOUND_NOT_REACHED,False,False,3,charge-efficiency-v1
27,virtual,20-40,20.0,40.0,20.0,40.0,100.0,NEGATIVE_PARTICLE_LITHIUM_DELTA_OVER_FROZEN_Q_REF_V1,4.855571466149088,25,20.0,W10_80_PERCENT_DISCHARGE_WINDOW,14.55,3.0000000000000004,2.996557686656702,4.85,99.7336579749329,4.855571466149088,25,,,,1.0698151721110287,0.042873828028478174,0.07910743347722461,0.9711142932298172,,,,,0.09870033204352999,0.0,,,9.482900328941068e-06,,,9.977898622108572e-06,90.77402513497275,99.99994888484517,-1.89139612694067e-05,-0.0017679653235880403,0.0017679653235880403,SOC_UPPER_BOUND_NOT_REACHED,808387.5024160185,808714.1169512408,326.6145352222544,0.09195290955014568,0.9778622625608832,91.40478542955246,,,,,,,,,,,,,,,,,,,,,,,,,,,,,1,FIRST_UPWARD_CROSSING,charge_timeseries/cycle-027.csv,,,808387.5024160185,815970.3418324076,SOC_UPPER_BOUND_NOT_REACHED,SOC_UPPER_BOUND_NOT_REACHED,False,False,3,charge-efficiency-v1
27,virtual,40-60,40.0,60.0,40.0,60.0,100.0,NEGATIVE_PARTICLE_LITHIUM_DELTA_OVER_FROZEN_Q_REF_V1,4.855571466149088,25,20.0,W10_80_PERCENT_DISCHARGE_WINDOW,14.55,3.0000000000000004,2.996557686656702,4.85,99.7336579749329,4.855571466149088,25,,,,0.9635073878595128,0.07910743347722461,0.11534103892597107,0.9711142932298177,,,,,-0.007661740290990718,0.007661740290990718,,,1.3859839359297525e-05,,,1.991255201284209e-05,100.78950150939724,99.99430882197927,2.1062529313775613e-05,0.002186026757985451,0.002186026757985451,SOC_UPPER_BOUND_NOT_REACHED,808714.1169512408,809042.8815929213,328.76464168051893,0.0,0.9635073878595128,100.0,,,,,,,,,,,,,,,,,,,,,,,,,,,,,1,FIRST_UPWARD_CROSSING,charge_timeseries/cycle-027.csv,,,808387.5024160185,815970.3418324076,SOC_UPPER_BOUND_NOT_REACHED,SOC_UPPER_BOUND_NOT_REACHED,False,False,3,charge-efficiency-v1
27,virtual,60-80,60.0,80.0,60.0,80.0,100.0,NEGATIVE_PARTICLE_LITHIUM_DELTA_OVER_FROZEN_Q_REF_V1,4.855571466149088,25,20.0,W10_80_PERCENT_DISCHARGE_WINDOW,14.55,3.0000000000000004,2.996557686656702,4.85,99.7336579749329,4.855571466149088,25,,,,0.8952164460466759,0.11534103892597107,0.15157464437471752,0.9711142932298173,,,,,-0.0760728061512086,0.0760728061512086,,,4.4685419191971536e-05,,,7.190765242889863e-05,108.47815603905741,99.98045623839467,5.836589644625523e-05,0.006519752480419922,0.006519752480419922,SOC_UPPER_BOUND_NOT_REACHED,809042.8815929213,811980.1389402186,2937.257347297303,0.22414707659474672,0.6710693694519292,74.96168914405088,,,,,,,,,,,,,,,,,,,,,,,,,,,,,1,FIRST_UPWARD_CROSSING,charge_timeseries/cycle-027.csv,,,808387.5024160185,815970.3418324076,SOC_UPPER_BOUND_NOT_REACHED,SOC_UPPER_BOUND_NOT_REACHED,False,False,3,charge-efficiency-v1
27,virtual,80-100,80.0,100.0,80.0,,0.0,NEGATIVE_PARTICLE_LITHIUM_DELTA_OVER_FROZEN_Q_REF_V1,4.855571466149088,25,20.0,W10_80_PERCENT_DISCHARGE_WINDOW,14.55,3.0000000000000004,2.996557686656702,4.85,99.7336579749329,4.855571466149088,25,,,,,,,,,,,,,,,,,,,,,,,,,,,,,,,,,,,,,,,,,,,,,,,,,,,,,,,,,,,,0,FIRST_UPWARD_CROSSING,charge_timeseries/cycle-027.csv,,,808387.5024160185,815970.3418324076,SOC_UPPER_BOUND_NOT_REACHED,SOC_UPPER_BOUND_NOT_REACHED,False,False,3,charge-efficiency-v1
28,virtual,20-40,20.0,40.0,20.0,40.0,100.0,NEGATIVE_PARTICLE_LITHIUM_DELTA_OVER_FROZEN_Q_REF_V1,4.855571466149088,25,20.0,W10_80_PERCENT_DISCHARGE_WINDOW,14.55,3.0000000000000004,2.996557686656702,4.85,99.7336579749329,4.855571466149088,25,,,,1.0688376283092087,0.04285726775780777,0.07909087320655422,0.9711142932298176,,,,,0.09773695952803589,0.0,,,9.286038472690154e-06,,,9.807176457734407e-06,90.85704577654332,100.00127469769814,-3.271766357526573e-05,-0.0030610508751475855,0.0030610508751475855,SOC_UPPER_BOUND_NOT_REACHED,839528.1647805664,839855.0196324858,326.8548519195052,0.09149239139220602,0.9773452369170026,91.44001025329379,,,,,,,,,,,,,,,,,,,,,,,,,,,,,1,FIRST_UPWARD_CROSSING,charge_timeseries/cycle-028.csv,,,839528.1647805664,847116.6384939576,SOC_UPPER_BOUND_NOT_REACHED,SOC_UPPER_BOUND_NOT_REACHED,False,False,3,charge-efficiency-v1
28,virtual,40-60,40.0,60.0,40.0,60.0,100.0,NEGATIVE_PARTICLE_LITHIUM_DELTA_OVER_FROZEN_Q_REF_V1,4.855571466149088,25,20.0,W10_80_PERCENT_DISCHARGE_WINDOW,14.55,3.0000000000000004,2.996557686656702,4.85,99.7336579749329,4.855571466149088,25,,,,0.9636460527141005,0.07909087320655422,0.11532447865530067,0.9711142932298173,,,,,-0.007513355870742436,0.007513355870742436,,,1.3535568965131368e-05,,,1.9572031980528287e-05,100.77499829887567,99.99531826494817,1.2007754079945698e-05,0.0012460751586255104,0.0012460751586255104,SOC_UPPER_BOUND_NOT_REACHED,839855.0196324858,840184.0935223155,329.0738898296248,0.0,0.9636460527141005,100.0,,,,,,,,,,,,,,,,,,,,,,,,,,,,,1,FIRST_UPWARD_CROSSING,charge_timeseries/cycle-028.csv,,,839528.1647805664,847116.6384939576,SOC_UPPER_BOUND_NOT_REACHED,SOC_UPPER_BOUND_NOT_REACHED,False,False,3,charge-efficiency-v1
28,virtual,60-80,60.0,80.0,60.0,80.0,100.0,NEGATIVE_PARTICLE_LITHIUM_DELTA_OVER_FROZEN_Q_REF_V1,4.855571466149088,25,20.0,W10_80_PERCENT_DISCHARGE_WINDOW,14.55,3.0000000000000004,2.996557686656702,4.85,99.7336579749329,4.855571466149088,25,,,,0.8958448025907628,0.11532447865530067,0.1515580841040471,0.9711142932298173,,,,,-0.07533593847580522,0.07533593847580522,,,4.3702711863629305e-05,,,7.072014110433636e-05,108.40206812847235,99.99258266202376,-4.797501621722766e-05,-0.0053552820844062505,0.0053552820844062505,SOC_UPPER_BOUND_NOT_REACHED,840184.0935223155,843126.8869452422,2942.7934229267107,0.22398930819999013,0.6718554943907726,74.99686245293624,,,,,,,,,,,,,,,,,,,,,,,,,,,,,1,FIRST_UPWARD_CROSSING,charge_timeseries/cycle-028.csv,,,839528.1647805664,847116.6384939576,SOC_UPPER_BOUND_NOT_REACHED,SOC_UPPER_BOUND_NOT_REACHED,False,False,3,charge-efficiency-v1
28,virtual,80-100,80.0,100.0,80.0,,0.0,NEGATIVE_PARTICLE_LITHIUM_DELTA_OVER_FROZEN_Q_REF_V1,4.855571466149088,25,20.0,W10_80_PERCENT_DISCHARGE_WINDOW,14.55,3.0000000000000004,2.996557686656702,4.85,99.7336579749329,4.855571466149088,25,,,,,,,,,,,,,,,,,,,,,,,,,,,,,,,,,,,,,,,,,,,,,,,,,,,,,,,,,,,,0,FIRST_UPWARD_CROSSING,charge_timeseries/cycle-028.csv,,,839528.1647805664,847116.6384939576,SOC_UPPER_BOUND_NOT_REACHED,SOC_UPPER_BOUND_NOT_REACHED,False,False,3,charge-efficiency-v1
29,virtual,20-40,20.0,40.0,20.0,40.0,100.0,NEGATIVE_PARTICLE_LITHIUM_DELTA_OVER_FROZEN_Q_REF_V1,4.855571466149088,25,20.0,W10_80_PERCENT_DISCHARGE_WINDOW,14.55,3.0000000000000004,2.996557686656702,4.85,99.7336579749329,4.855571466149088,25,,,,1.0698957471369057,0.042840877793955054,0.0790744832427015,0.9711142932298173,,,,,0.0988121099062314,0.0,,,9.277909868617325e-06,,,9.674544579823391e-06,90.7671888432651,100.00286532582497,-4.9608453591476476e-05,-0.004636755845065388,0.004636755845065388,SOC_UPPER_BOUND_NOT_REACHED,870674.4616074288,871002.3599729978,327.898365568941,0.09104217554903288,0.9788535715878729,91.49055636563972,,,,,,,,,,,,,,,,,,,,,,,,,,,,,1,FIRST_UPWARD_CROSSING,charge_timeseries/cycle-029.csv,,,870674.4616074288,878269.0622244988,SOC_UPPER_BOUND_NOT_REACHED,SOC_UPPER_BOUND_NOT_REACHED,False,False,3,charge-efficiency-v1
29,virtual,40-60,40.0,60.0,40.0,60.0,100.0,NEGATIVE_PARTICLE_LITHIUM_DELTA_OVER_FROZEN_Q_REF_V1,4.855571466149088,25,20.0,W10_80_PERCENT_DISCHARGE_WINDOW,14.55,3.0000000000000004,2.996557686656702,4.85,99.7336579749329,4.855571466149088,25,,,,0.9634610911727565,0.0790744832427015,0.11530808869144796,0.9711142932298177,,,,,-0.007716482738732031,0.007716482738732031,,,1.3509943824993945e-05,,,1.927191855371005e-05,100.79434469405977,99.99343194216657,3.049881929217957e-05,0.003165547583769616,0.003165547583769616,SOC_UPPER_BOUND_NOT_REACHED,871002.3599729978,871332.3501055469,329.9901325491062,0.0,0.9634610911727565,100.0,,,,,,,,,,,,,,,,,,,,,,,,,,,,,1,FIRST_UPWARD_CROSSING,charge_timeseries/cycle-029.csv,,,870674.4616074288,878269.0622244988,SOC_UPPER_BOUND_NOT_REACHED,SOC_UPPER_BOUND_NOT_REACHED,False,False,3,charge-efficiency-v1
29,virtual,60-80,60.0,80.0,60.0,80.0,100.0,NEGATIVE_PARTICLE_LITHIUM_DELTA_OVER_FROZEN_Q_REF_V1,4.855571466149088,25,20.0,W10_80_PERCENT_DISCHARGE_WINDOW,14.55,3.0000000000000004,2.996557686656702,4.85,99.7336579749329,4.855571466149088,25,,,,0.8949744263898766,0.11530808869144796,0.15154169414019442,0.9711142932298177,,,,,-0.07621334275162917,0.07621334275162917,,,4.339938015149314e-05,,,6.9523609344712e-05,108.50749078351568,99.99179016634203,-3.944707780823009e-05,-0.004407620669939211,0.004407620669939211,SOC_UPPER_BOUND_NOT_REACHED,871332.3501055469,874279.955486835,2947.605381288126,0.22387337072361976,0.6711010556662568,74.98550080065705,,,,,,,,,,,,,,,,,,,,,,,,,,,,,1,FIRST_UPWARD_CROSSING,charge_timeseries/cycle-029.csv,,,870674.4616074288,878269.0622244988,SOC_UPPER_BOUND_NOT_REACHED,SOC_UPPER_BOUND_NOT_REACHED,False,False,3,charge-efficiency-v1
29,virtual,80-100,80.0,100.0,80.0,,0.0,NEGATIVE_PARTICLE_LITHIUM_DELTA_OVER_FROZEN_Q_REF_V1,4.855571466149088,25,20.0,W10_80_PERCENT_DISCHARGE_WINDOW,14.55,3.0000000000000004,2.996557686656702,4.85,99.7336579749329,4.855571466149088,25,,,,,,,,,,,,,,,,,,,,,,,,,,,,,,,,,,,,,,,,,,,,,,,,,,,,,,,,,,,,0,FIRST_UPWARD_CROSSING,charge_timeseries/cycle-029.csv,,,870674.4616074288,878269.0622244988,SOC_UPPER_BOUND_NOT_REACHED,SOC_UPPER_BOUND_NOT_REACHED,False,False,3,charge-efficiency-v1
30,virtual,20-40,20.0,40.0,20.0,40.0,100.0,NEGATIVE_PARTICLE_LITHIUM_DELTA_OVER_FROZEN_Q_REF_V1,4.855571466149088,25,20.0,W10_80_PERCENT_DISCHARGE_WINDOW,14.55,3.0000000000000004,2.996557686656702,4.85,99.7336579749329,4.855571466149088,25,,,,1.070751840815082,0.04282467640450256,0.07905828185324901,0.9711142932298173,,,,,0.09966630934061217,0.0,,,9.271188808094091e-06,,,9.546269108342414e-06,90.69461813771731,100.00268612709792,-4.7579213263926334e-05,-0.0044435331745689925,0.0044435331745689925,SOC_UPPER_BOUND_NOT_REACHED,901826.8853582564,902155.7615804197,328.8762221632882,0.09060170816408149,0.9801501326510005,91.53849615657786,,,,,,,,,,,,,,,,,,,,,,,,,,,,,1,FIRST_UPWARD_CROSSING,charge_timeseries/cycle-030.csv,,,901826.8853582564,909427.6098716521,SOC_UPPER_BOUND_NOT_REACHED,SOC_UPPER_BOUND_NOT_REACHED,False,False,3,charge-efficiency-v1
30,virtual,40-60,40.0,60.0,40.0,60.0,100.0,NEGATIVE_PARTICLE_LITHIUM_DELTA_OVER_FROZEN_Q_REF_V1,4.855571466149088,25,20.0,W10_80_PERCENT_DISCHARGE_WINDOW,14.55,3.0000000000000004,2.996557686656702,4.85,99.7336579749329,4.855571466149088,25,,,,0.9632888851097111,0.07905828185324901,0.11529188730199545,0.9711142932298173,,,,,-0.00788016010380145,0.00788016010380145,,,1.3456602977381799e-05,,,1.898552520353952e-05,100.81236358490891,99.99431614082322,2.2309855514324184e-05,0.0023160088172078583,0.0023160088172078583,SOC_UPPER_BOUND_NOT_REACHED,902155.7615804197,902486.5669845496,330.8054041299727,0.0,0.9632888851097111,100.0,,,,,,,,,,,,,,,,,,,,,,,,,,,,,1,FIRST_UPWARD_CROSSING,charge_timeseries/cycle-030.csv,,,901826.8853582564,909427.6098716521,SOC_UPPER_BOUND_NOT_REACHED,SOC_UPPER_BOUND_NOT_REACHED,False,False,3,charge-efficiency-v1
30,virtual,60-80,60.0,80.0,60.0,80.0,100.0,NEGATIVE_PARTICLE_LITHIUM_DELTA_OVER_FROZEN_Q_REF_V1,4.855571466149088,25,20.0,W10_80_PERCENT_DISCHARGE_WINDOW,14.55,3.0000000000000004,2.996557686656702,4.85,99.7336579749329,4.855571466149088,25,,,,0.8943498082777668,0.11529188730199545,0.1515254927507419,0.9711142932298173,,,,,-0.0769171808825386,0.0769171808825386,,,4.304573455481131e-05,,,6.839805914062719e-05,108.5832729253752,99.9829265988459,4.1252136792624405e-05,0.004612528164126618,0.004612528164126618,SOC_UPPER_BOUND_NOT_REACHED,902486.5669845496,905439.1042290074,2952.5372444577315,0.22375392439208425,0.6705958838856825,74.98138621811043,,,,,,,,,,,,,,,,,,,,,,,,,,,,,1,FIRST_UPWARD_CROSSING,charge_timeseries/cycle-030.csv,,,901826.8853582564,909427.6098716521,SOC_UPPER_BOUND_NOT_REACHED,SOC_UPPER_BOUND_NOT_REACHED,False,False,3,charge-efficiency-v1
30,virtual,80-100,80.0,100.0,80.0,,0.0,NEGATIVE_PARTICLE_LITHIUM_DELTA_OVER_FROZEN_Q_REF_V1,4.855571466149088,25,20.0,W10_80_PERCENT_DISCHARGE_WINDOW,14.55,3.0000000000000004,2.996557686656702,4.85,99.7336579749329,4.855571466149088,25,,,,,,,,,,,,,,,,,,,,,,,,,,,,,,,,,,,,,,,,,,,,,,,,,,,,,,,,,,,,0,FIRST_UPWARD_CROSSING,charge_timeseries/cycle-030.csv,,,901826.8853582564,909427.6098716521,SOC_UPPER_BOUND_NOT_REACHED,SOC_UPPER_BOUND_NOT_REACHED,False,False,3,charge-efficiency-v1
31,virtual,20-40,20.0,40.0,20.0,40.0,100.0,NEGATIVE_PARTICLE_LITHIUM_DELTA_OVER_FROZEN_Q_REF_V1,4.855571466149088,25,20.0,W10_80_PERCENT_DISCHARGE_WINDOW,14.55,3.0000000000000004,2.996557686656702,4.85,99.7336579749329,4.855571466149088,25,,,,1.071242200611555,0.04280863598867467,0.07904224143742111,0.9711142932298173,,,,,0.10013693356664384,0.0,,,9.201987994486918e-06,,,9.41793660485038e-06,90.65310278809254,100.0008425904899,-2.7646109505452543e-05,-0.0025807524656580767,0.0025807524656580767,SOC_UPPER_BOUND_NOT_REACHED,932985.4331855237,933315.103542299,329.67035677525786,0.09017023428207487,0.9810719663294801,91.58264730136676,,,,,,,,,,,,,,,,,,,,,,,,,,,,,1,FIRST_UPWARD_CROSSING,charge_timeseries/cycle-031.csv,,,932985.4331855237,940592.2000493023,SOC_UPPER_BOUND_NOT_REACHED,SOC_UPPER_BOUND_NOT_REACHED,False,False,3,charge-efficiency-v1
31,virtual,40-60,40.0,60.0,40.0,60.0,100.0,NEGATIVE_PARTICLE_LITHIUM_DELTA_OVER_FROZEN_Q_REF_V1,4.855571466149088,25,20.0,W10_80_PERCENT_DISCHARGE_WINDOW,14.55,3.0000000000000004,2.996557686656702,4.85,99.7336579749329,4.855571466149088,25,,,,0.9632067854959165,0.07904224143742111,0.11527584688616757,0.9711142932298177,,,,,-0.007979910867043097,0.007979910867043097,,,1.3356181316592775e-05,,,1.8707666547483626e-05,100.8209563982494,99.99248311637416,4.033928527791275e-05,0.004188019217196822,0.004188019217196822,SOC_UPPER_BOUND_NOT_REACHED,933315.103542299,933646.6381485428,331.5346062438775,0.0,0.9632067854959165,100.0,,,,,,,,,,,,,,,,,,,,,,,,,,,,,1,FIRST_UPWARD_CROSSING,charge_timeseries/cycle-031.csv,,,932985.4331855237,940592.2000493023,SOC_UPPER_BOUND_NOT_REACHED,SOC_UPPER_BOUND_NOT_REACHED,False,False,3,charge-efficiency-v1
31,virtual,60-80,60.0,80.0,60.0,80.0,100.0,NEGATIVE_PARTICLE_LITHIUM_DELTA_OVER_FROZEN_Q_REF_V1,4.855571466149088,25,20.0,W10_80_PERCENT_DISCHARGE_WINDOW,14.55,3.0000000000000004,2.996557686656702,4.85,99.7336579749329,4.855571466149088,25,,,,0.893865985887247,0.11527584688616757,0.151509452334914,0.971114293229817,,,,,-0.07731453568637267,0.07731453568637267,,,4.259321004081943e-05,,,6.733529882439054e-05,108.64204573864546,99.99259079718344,-4.37001650626101e-05,-0.004888894504608935,0.004888894504608935,SOC_UPPER_BOUND_NOT_REACHED,933646.6381485428,936604.1787995759,2957.5406510330167,0.22362822652545997,0.670237759361787,74.98190667771212,,,,,,,,,,,,,,,,,,,,,,,,,,,,,1,FIRST_UPWARD_CROSSING,charge_timeseries/cycle-031.csv,,,932985.4331855237,940592.2000493023,SOC_UPPER_BOUND_NOT_REACHED,SOC_UPPER_BOUND_NOT_REACHED,False,False,3,charge-efficiency-v1
31,virtual,80-100,80.0,100.0,80.0,,0.0,NEGATIVE_PARTICLE_LITHIUM_DELTA_OVER_FROZEN_Q_REF_V1,4.855571466149088,25,20.0,W10_80_PERCENT_DISCHARGE_WINDOW,14.55,3.0000000000000004,2.996557686656702,4.85,99.7336579749329,4.855571466149088,25,,,,,,,,,,,,,,,,,,,,,,,,,,,,,,,,,,,,,,,,,,,,,,,,,,,,,,,,,,,,0,FIRST_UPWARD_CROSSING,charge_timeseries/cycle-031.csv,,,932985.4331855237,940592.2000493023,SOC_UPPER_BOUND_NOT_REACHED,SOC_UPPER_BOUND_NOT_REACHED,False,False,3,charge-efficiency-v1
32,virtual,20-40,20.0,40.0,20.0,40.0,100.0,NEGATIVE_PARTICLE_LITHIUM_DELTA_OVER_FROZEN_Q_REF_V1,4.855571466149088,25,20.0,W10_80_PERCENT_DISCHARGE_WINDOW,14.55,3.0000000000000004,2.996557686656702,4.85,99.7336579749329,4.855571466149088,25,,,,1.072176472575168,0.04279278487330809,0.07902639032205454,0.9711142932298173,,,,,0.10107899389462681,0.0,,,9.207760110404098e-06,,,9.303945865461044e-06,90.57410958639878,100.00156826322032,-3.532625525215494e-05,-0.0032948172391162305,0.0032948172391162305,SOC_UPPER_BOUND_NOT_REACHED,964150.0234977454,964480.701234113,330.6777363675166,0.08974760329083811,0.9824288692843298,91.62940004873627,,,,,,,,,,,,,,,,,,,,,,,,,,,,,1,FIRST_UPWARD_CROSSING,charge_timeseries/cycle-032.csv,,,964150.0234977454,971762.9228409082,SOC_UPPER_BOUND_NOT_REACHED,SOC_UPPER_BOUND_NOT_REACHED,False,False,3,charge-efficiency-v1
32,virtual,40-60,40.0,60.0,40.0,60.0,100.0,NEGATIVE_PARTICLE_LITHIUM_DELTA_OVER_FROZEN_Q_REF_V1,4.855571466149088,25,20.0,W10_80_PERCENT_DISCHARGE_WINDOW,14.55,3.0000000000000004,2.996557686656702,4.85,99.7336579749329,4.855571466149088,25,,,,0.9630142594298255,0.07902639032205454,0.11525999577080098,0.9711142932298173,,,,,-0.00816060067450787,0.00816060067450787,,,1.3323761135233814e-05,,,1.8449119413052606e-05,100.84111255058545,99.99371069805841,2.8793993967712872e-05,0.0029899862526190433,0.0029899862526190433,SOC_UPPER_BOUND_NOT_REACHED,964480.701234113,964813.0655219717,332.36428785871857,0.0,0.9630142594298255,100.0,,,,,,,,,,,,,,,,,,,,,,,,,,,,,1,FIRST_UPWARD_CROSSING,charge_timeseries/cycle-032.csv,,,964150.0234977454,971762.9228409082,SOC_UPPER_BOUND_NOT_REACHED,SOC_UPPER_BOUND_NOT_REACHED,False,False,3,charge-efficiency-v1
32,virtual,60-80,60.0,80.0,60.0,80.0,100.0,NEGATIVE_PARTICLE_LITHIUM_DELTA_OVER_FROZEN_Q_REF_V1,4.855571466149088,25,20.0,W10_80_PERCENT_DISCHARGE_WINDOW,14.55,3.0000000000000004,2.996557686656702,4.85,99.7336579749329,4.855571466149088,25,,,,0.8930935285356799,0.11525999577080098,0.15149360121954744,0.9711142932298177,,,,,-0.0780859219021827,0.0780859219021827,,,4.2302269438322486e-05,,,6.631139711339717e-05,108.73601276924052,99.99270432424342,-4.345645850689639e-05,-0.004865835113389276,0.004865835113389276,SOC_UPPER_BOUND_NOT_REACHED,964813.0655219717,967775.4216115423,2962.3560895706855,0.22351266459930189,0.6695808639363781,74.97320745725543,,,,,,,,,,,,,,,,,,,,,,,,,,,,,1,FIRST_UPWARD_CROSSING,charge_timeseries/cycle-032.csv,,,964150.0234977454,971762.9228409082,SOC_UPPER_BOUND_NOT_REACHED,SOC_UPPER_BOUND_NOT_REACHED,False,False,3,charge-efficiency-v1
32,virtual,80-100,80.0,100.0,80.0,,0.0,NEGATIVE_PARTICLE_LITHIUM_DELTA_OVER_FROZEN_Q_REF_V1,4.855571466149088,25,20.0,W10_80_PERCENT_DISCHARGE_WINDOW,14.55,3.0000000000000004,2.996557686656702,4.85,99.7336579749329,4.855571466149088,25,,,,,,,,,,,,,,,,,,,,,,,,,,,,,,,,,,,,,,,,,,,,,,,,,,,,,,,,,,,,0,FIRST_UPWARD_CROSSING,charge_timeseries/cycle-032.csv,,,964150.0234977454,971762.9228409082,SOC_UPPER_BOUND_NOT_REACHED,SOC_UPPER_BOUND_NOT_REACHED,False,False,3,charge-efficiency-v1
33,virtual,20-40,20.0,40.0,20.0,40.0,100.0,NEGATIVE_PARTICLE_LITHIUM_DELTA_OVER_FROZEN_Q_REF_V1,4.855571466149088,25,20.0,W10_80_PERCENT_DISCHARGE_WINDOW,14.55,3.0000000000000004,2.996557686656702,4.85,99.7336579749329,4.855571466149088,25,,,,1.0718159303549153,0.04277708485774248,0.07901069030648893,0.9711142932298173,,,,,0.10071531541918778,0.0,,,9.07964140702943e-06,,,9.176443183565863e-06,90.60457730911388,100.0012761793982,-3.193437868032056e-05,-0.002979464829352367,0.002979464829352367,SOC_UPPER_BOUND_NOT_REACHED,995320.7459727658,995651.8788035447,331.132830778808,0.08933336099001182,0.9824825693649035,91.66523295092,,,,,,,,,,,,,,,,,,,,,,,,,,,,,1,FIRST_UPWARD_CROSSING,charge_timeseries/cycle-033.csv,,,995320.7459727658,1002939.777901599,SOC_UPPER_BOUND_NOT_REACHED,SOC_UPPER_BOUND_NOT_REACHED,False,False,3,charge-efficiency-v1
33,virtual,40-60,40.0,60.0,40.0,60.0,100.0,NEGATIVE_PARTICLE_LITHIUM_DELTA_OVER_FROZEN_Q_REF_V1,4.855571466149088,25,20.0,W10_80_PERCENT_DISCHARGE_WINDOW,14.55,3.0000000000000004,2.996557686656702,4.85,99.7336579749329,4.855571466149088,25,,,,0.9630862883479445,0.07901069030648893,0.11524429575523538,0.9711142932298177,,,,,-0.00811556967347607,0.00811556967347607,,,1.312083453359255e-05,,,1.8187876133363146e-05,100.83357067575369,99.99090789759316,5.625608093584589e-05,0.0058412295571507135,0.0058412295571507135,SOC_UPPER_BOUND_NOT_REACHED,995651.8788035447,995984.7167747718,332.83797122710865,0.0,0.9630862883479445,100.0,,,,,,,,,,,,,,,,,,,,,,,,,,,,,1,FIRST_UPWARD_CROSSING,charge_timeseries/cycle-033.csv,,,995320.7459727658,1002939.777901599,SOC_UPPER_BOUND_NOT_REACHED,SOC_UPPER_BOUND_NOT_REACHED,False,False,3,charge-efficiency-v1
33,virtual,60-80,60.0,80.0,60.0,80.0,100.0,NEGATIVE_PARTICLE_LITHIUM_DELTA_OVER_FROZEN_Q_REF_V1,4.855571466149088,25,20.0,W10_80_PERCENT_DISCHARGE_WINDOW,14.55,3.0000000000000004,2.996557686656702,4.85,99.7336579749329,4.855571466149088,25,,,,0.8933956825881244,0.11524429575523538,0.15147790120398186,0.9711142932298181,,,,,-0.07782274673266207,0.07782274673266207,,,4.164039711812822e-05,,,6.537182713111517e-05,108.69923732075205,99.98834378842456,-2.876133280871329e-06,-0.00032193274905239176,0.00032193274905239176,SOC_UPPER_BOUND_NOT_REACHED,995984.7167747718,998952.5789527002,2967.862177928443,0.22337419348041998,0.6700214891077044,74.99717114892299,,,,,,,,,,,,,,,,,,,,,,,,,,,,,1,FIRST_UPWARD_CROSSING,charge_timeseries/cycle-033.csv,,,995320.7459727658,1002939.777901599,SOC_UPPER_BOUND_NOT_REACHED,SOC_UPPER_BOUND_NOT_REACHED,False,False,3,charge-efficiency-v1
33,virtual,80-100,80.0,100.0,80.0,,0.0,NEGATIVE_PARTICLE_LITHIUM_DELTA_OVER_FROZEN_Q_REF_V1,4.855571466149088,25,20.0,W10_80_PERCENT_DISCHARGE_WINDOW,14.55,3.0000000000000004,2.996557686656702,4.85,99.7336579749329,4.855571466149088,25,,,,,,,,,,,,,,,,,,,,,,,,,,,,,,,,,,,,,,,,,,,,,,,,,,,,,,,,,,,,0,FIRST_UPWARD_CROSSING,charge_timeseries/cycle-033.csv,,,995320.7459727658,1002939.777901599,SOC_UPPER_BOUND_NOT_REACHED,SOC_UPPER_BOUND_NOT_REACHED,False,False,3,charge-efficiency-v1
34,virtual,20-40,20.0,40.0,20.0,40.0,100.0,NEGATIVE_PARTICLE_LITHIUM_DELTA_OVER_FROZEN_Q_REF_V1,4.855571466149088,25,20.0,W10_80_PERCENT_DISCHARGE_WINDOW,14.55,3.0000000000000004,2.996557686656702,4.85,99.7336579749329,4.855571466149088,25,,,,1.0718107091424853,0.042761566943269026,0.07899517239201548,0.9711142932298176,,,,,0.10069538369019705,0.0,,,8.979088144417217e-06,,,9.059192063731736e-06,90.60501867972275,99.9999036935849,-1.7006057737578573e-05,-0.001586666152196265,0.001586666152196265,SOC_UPPER_BOUND_NOT_REACHED,1026497.601066732,1026829.3175066652,331.7164399332875,0.08892708367161006,0.9828836254708752,91.70309804585202,,,,,,,,,,,,,,,,,,,,,,,,,,,,,1,FIRST_UPWARD_CROSSING,charge_timeseries/cycle-034.csv,,,1026497.601066732,1034122.7301269255,SOC_UPPER_BOUND_NOT_REACHED,SOC_UPPER_BOUND_NOT_REACHED,False,False,3,charge-efficiency-v1
34,virtual,40-60,40.0,60.0,40.0,60.0,100.0,NEGATIVE_PARTICLE_LITHIUM_DELTA_OVER_FROZEN_Q_REF_V1,4.855571466149088,25,20.0,W10_80_PERCENT_DISCHARGE_WINDOW,14.55,3.0000000000000004,2.996557686656702,4.85,99.7336579749329,4.855571466149088,25,,,,0.9630517890737225,0.07899517239201548,0.11522877784076194,0.9711142932298177,,,,,-0.008127937673089988,0.008127937673089988,,,1.2969973427909287e-05,,,1.7940872127648888e-05,100.83718282314285,99.9932056076592,3.452267143910781e-05,0.003584715986282755,0.003584715986282755,SOC_UPPER_BOUND_NOT_REACHED,1026829.3175066652,1027162.7011470058,333.3836403405248,0.0,0.9630517890737225,100.0,,,,,,,,,,,,,,,,,,,,,,,,,,,,,1,FIRST_UPWARD_CROSSING,charge_timeseries/cycle-034.csv,,,1026497.601066732,1034122.7301269255,SOC_UPPER_BOUND_NOT_REACHED,SOC_UPPER_BOUND_NOT_REACHED,False,False,3,charge-efficiency-v1
34,virtual,60-80,60.0,80.0,60.0,80.0,100.0,NEGATIVE_PARTICLE_LITHIUM_DELTA_OVER_FROZEN_Q_REF_V1,4.855571466149088,25,20.0,W10_80_PERCENT_DISCHARGE_WINDOW,14.55,3.0000000000000004,2.996557686656702,4.85,99.7336579749329,4.855571466149088,25,,,,0.8933612644013055,0.11522877784076194,0.15146238328950837,0.971114293229817,,,,,-0.07783305103669888,0.07783305103669888,,,4.1103436963000305e-05,,,6.446415058284152e-05,108.70342513458074,99.99104257019238,-2.5545379358393738e-05,-0.0028594679863933005,0.0028594679863933005,SOC_UPPER_BOUND_NOT_REACHED,1027162.7011470058,1030135.789660387,2973.0885133811616,0.2232441431271109,0.6701171212741945,75.01076529474108,,,,,,,,,,,,,,,,,,,,,,,,,,,,,1,FIRST_UPWARD_CROSSING,charge_timeseries/cycle-034.csv,,,1026497.601066732,1034122.7301269255,SOC_UPPER_BOUND_NOT_REACHED,SOC_UPPER_BOUND_NOT_REACHED,False,False,3,charge-efficiency-v1
34,virtual,80-100,80.0,100.0,80.0,,0.0,NEGATIVE_PARTICLE_LITHIUM_DELTA_OVER_FROZEN_Q_REF_V1,4.855571466149088,25,20.0,W10_80_PERCENT_DISCHARGE_WINDOW,14.55,3.0000000000000004,2.996557686656702,4.85,99.7336579749329,4.855571466149088,25,,,,,,,,,,,,,,,,,,,,,,,,,,,,,,,,,,,,,,,,,,,,,,,,,,,,,,,,,,,,0,FIRST_UPWARD_CROSSING,charge_timeseries/cycle-034.csv,,,1026497.601066732,1034122.7301269255,SOC_UPPER_BOUND_NOT_REACHED,SOC_UPPER_BOUND_NOT_REACHED,False,False,3,charge-efficiency-v1
35,virtual,20-40,20.0,40.0,20.0,40.0,100.0,NEGATIVE_PARTICLE_LITHIUM_DELTA_OVER_FROZEN_Q_REF_V1,4.855571466149088,25,20.0,W10_80_PERCENT_DISCHARGE_WINDOW,14.55,3.0000000000000004,2.996557686656702,4.85,99.7336579749329,4.855571466149088,25,,,,1.0719641664772104,0.042746238159361453,0.0789798436081079,0.9711142932298176,,,,,0.10085595865253348,0.0,,,8.901495161911e-06,,,8.949231714516781e-06,90.59204809253885,100.00056768736596,-2.3936132017121636e-05,-0.002232922775374368,0.002232922775374368,SOC_UPPER_BOUND_NOT_REACHED,1057680.5534812335,1058012.927592922,332.3741116884173,0.08852841041214929,0.9834357560650611,91.74147670410666,,,,,,,,,,,,,,,,,,,,,,,,,,,,,1,FIRST_UPWARD_CROSSING,charge_timeseries/cycle-035.csv,,,1057680.5534812335,1065312.0628786015,SOC_UPPER_BOUND_NOT_REACHED,SOC_UPPER_BOUND_NOT_REACHED,False,False,3,charge-efficiency-v1
35,virtual,40-60,40.0,60.0,40.0,60.0,100.0,NEGATIVE_PARTICLE_LITHIUM_DELTA_OVER_FROZEN_Q_REF_V1,4.855571466149088,25,20.0,W10_80_PERCENT_DISCHARGE_WINDOW,14.55,3.0000000000000004,2.996557686656702,4.85,99.7336579749329,4.855571466149088,25,,,,0.963022881734686,0.0789798436081079,0.11521344905685436,0.9711142932298177,,,,,-0.008174377552677636,0.008174377552677636,,,1.2849422027336362e-05,,,1.770615315974458e-05,100.84020968230335,99.99138483008873,5.2410482358822286e-05,0.00544228837682607,0.00544228837682607,SOC_UPPER_BOUND_NOT_REACHED,1058012.927592922,1058346.9378175202,334.010224598181,0.0,0.963022881734686,100.0,,,,,,,,,,,,,,,,,,,,,,,,,,,,,1,FIRST_UPWARD_CROSSING,charge_timeseries/cycle-035.csv,,,1057680.5534812335,1065312.0628786015,SOC_UPPER_BOUND_NOT_REACHED,SOC_UPPER_BOUND_NOT_REACHED,False,False,3,charge-efficiency-v1
35,virtual,60-80,60.0,80.0,60.0,80.0,100.0,NEGATIVE_PARTICLE_LITHIUM_DELTA_OVER_FROZEN_Q_REF_V1,4.855571466149088,25,20.0,W10_80_PERCENT_DISCHARGE_WINDOW,14.55,3.0000000000000004,2.996557686656702,4.85,99.7336579749329,4.855571466149088,25,,,,0.8931989661835187,0.11521344905685436,0.1514470545056008,0.9711142932298173,,,,,-0.07798385552934023,0.07798385552934023,,,4.0638460325215404e-05,,,6.358806325280214e-05,108.72317702954999,99.99232774716093,-3.5698040536491504e-05,-0.003996650453932221,0.003996650453932221,SOC_UPPER_BOUND_NOT_REACHED,1058346.9378175202,1061325.3034773713,2978.3656598512953,0.2231192178470461,0.6700797483364725,75.02021091667905,,,,,,,,,,,,,,,,,,,,,,,,,,,,,1,FIRST_UPWARD_CROSSING,charge_timeseries/cycle-035.csv,,,1057680.5534812335,1065312.0628786015,SOC_UPPER_BOUND_NOT_REACHED,SOC_UPPER_BOUND_NOT_REACHED,False,False,3,charge-efficiency-v1
35,virtual,80-100,80.0,100.0,80.0,,0.0,NEGATIVE_PARTICLE_LITHIUM_DELTA_OVER_FROZEN_Q_REF_V1,4.855571466149088,25,20.0,W10_80_PERCENT_DISCHARGE_WINDOW,14.55,3.0000000000000004,2.996557686656702,4.85,99.7336579749329,4.855571466149088,25,,,,,,,,,,,,,,,,,,,,,,,,,,,,,,,,,,,,,,,,,,,,,,,,,,,,,,,,,,,,0,FIRST_UPWARD_CROSSING,charge_timeseries/cycle-035.csv,,,1057680.5534812335,1065312.0628786015,SOC_UPPER_BOUND_NOT_REACHED,SOC_UPPER_BOUND_NOT_REACHED,False,False,3,charge-efficiency-v1
36,virtual,20-40,20.0,40.0,20.0,40.0,100.0,NEGATIVE_PARTICLE_LITHIUM_DELTA_OVER_FROZEN_Q_REF_V1,4.855571466149088,25,20.0,W10_80_PERCENT_DISCHARGE_WINDOW,14.55,3.0000000000000004,2.996557686656702,4.85,99.7336579749329,4.855571466149088,25,,,,1.0723671857883903,0.04273109583560554,0.078964701284352,0.9711142932298177,,,,,0.10126736248530793,0.0,,,8.849285371846823e-06,,,8.847447841488915e-06,90.55800159680074,100.00134934441552,-3.21666599485404e-05,-0.002999593830810096,0.002999593830810096,SOC_UPPER_BOUND_NOT_REACHED,1088869.886303531,1089203.0101080365,333.12380450543924,0.08813702659811597,0.9842301591902742,91.7810776228369,,,,,,,,,,,,,,,,,,,,,,,,,,,,,1,FIRST_UPWARD_CROSSING,charge_timeseries/cycle-036.csv,,,1088869.886303531,1096507.7484484424,SOC_UPPER_BOUND_NOT_REACHED,SOC_UPPER_BOUND_NOT_REACHED,False,False,3,charge-efficiency-v1
36,virtual,40-60,40.0,60.0,40.0,60.0,100.0,NEGATIVE_PARTICLE_LITHIUM_DELTA_OVER_FROZEN_Q_REF_V1,4.855571466149088,25,20.0,W10_80_PERCENT_DISCHARGE_WINDOW,14.55,3.0000000000000004,2.996557686656702,4.85,99.7336579749329,4.855571466149088,25,,,,0.9629108984808015,0.078964701284352,0.11519830673309844,0.9711142932298173,,,,,-0.008261000463555962,0.008261000463555962,,,1.2765528997179913e-05,,,1.7483646687108806e-05,100.85193705481561,99.99401754465227,2.7356538855771717e-05,0.0028410249483033713,0.0028410249483033713,SOC_UPPER_BOUND_NOT_REACHED,1089203.0101080365,1089537.688347078,334.6782390415601,0.0,0.9629108984808015,100.0,,,,,,,,,,,,,,,,,,,,,,,,,,,,,1,FIRST_UPWARD_CROSSING,charge_timeseries/cycle-036.csv,,,1088869.886303531,1096507.7484484424,SOC_UPPER_BOUND_NOT_REACHED,SOC_UPPER_BOUND_NOT_REACHED,False,False,3,charge-efficiency-v1
36,virtual,60-80,60.0,80.0,60.0,80.0,100.0,NEGATIVE_PARTICLE_LITHIUM_DELTA_OVER_FROZEN_Q_REF_V1,4.855571466149088,25,20.0,W10_80_PERCENT_DISCHARGE_WINDOW,14.55,3.0000000000000004,2.996557686656702,4.85,99.7336579749329,4.855571466149088,25,,,,0.892850071658935,0.11519830673309844,0.15143191218184487,0.971114293229817,,,,,-0.07833608299198659,0.07833608299198659,,,4.0263222200205735e-05,,,6.274302787537614e-05,108.76566223772211,99.9919514570939,-3.1144828970930405e-05,-0.0034882484707721003,0.0034882484707721003,SOC_UPPER_BOUND_NOT_REACHED,1089537.688347078,1092521.137588686,2983.4492416080116,0.22300137935757633,0.6698486923013587,75.02364770568536,,,,,,,,,,,,,,,,,,,,,,,,,,,,,1,FIRST_UPWARD_CROSSING,charge_timeseries/cycle-036.csv,,,1088869.886303531,1096507.7484484424,SOC_UPPER_BOUND_NOT_REACHED,SOC_UPPER_BOUND_NOT_REACHED,False,False,3,charge-efficiency-v1
36,virtual,80-100,80.0,100.0,80.0,,0.0,NEGATIVE_PARTICLE_LITHIUM_DELTA_OVER_FROZEN_Q_REF_V1,4.855571466149088,25,20.0,W10_80_PERCENT_DISCHARGE_WINDOW,14.55,3.0000000000000004,2.996557686656702,4.85,99.7336579749329,4.855571466149088,25,,,,,,,,,,,,,,,,,,,,,,,,,,,,,,,,,,,,,,,,,,,,,,,,,,,,,,,,,,,,0,FIRST_UPWARD_CROSSING,charge_timeseries/cycle-036.csv,,,1088869.886303531,1096507.7484484424,SOC_UPPER_BOUND_NOT_REACHED,SOC_UPPER_BOUND_NOT_REACHED,False,False,3,charge-efficiency-v1
37,virtual,20-40,20.0,40.0,20.0,40.0,100.0,NEGATIVE_PARTICLE_LITHIUM_DELTA_OVER_FROZEN_Q_REF_V1,4.855571466149088,25,20.0,W10_80_PERCENT_DISCHARGE_WINDOW,14.55,3.0000000000000004,2.996557686656702,4.85,99.7336579749329,4.855571466149088,25,,,,1.0762472561468088,0.042716113113332524,0.07894971856207897,0.9711142932298173,,,,,0.10513573548917622,0.0,,,9.157589713789174e-06,,,8.796201132671433e-06,90.23152325671059,100.00025761479705,-2.0726363031187134e-05,-0.0019257993841853651,0.0019257993841853651,SOC_UPPER_BOUND_NOT_REACHED,1120065.5719718006,1120400.9006807855,335.3287089849012,0.08775252983326047,0.9884947263135484,91.84643404830291,,,,,,,,,,,,,,,,,,,,,,,,,,,,,1,FIRST_UPWARD_CROSSING,charge_timeseries/cycle-037.csv,,,1120065.5719718006,1127710.4432723066,SOC_UPPER_BOUND_NOT_REACHED,SOC_UPPER_BOUND_NOT_REACHED,False,False,3,charge-efficiency-v1
37,virtual,40-60,40.0,60.0,40.0,60.0,100.0,NEGATIVE_PARTICLE_LITHIUM_DELTA_OVER_FROZEN_Q_REF_V1,4.855571466149088,25,20.0,W10_80_PERCENT_DISCHARGE_WINDOW,14.55,3.0000000000000004,2.996557686656702,4.85,99.7336579749329,4.855571466149088,25,,,,0.9621739353470062,0.07894971856207897,0.11518332401082541,0.9711142932298173,,,,,-0.008958734633224677,0.008958734633224677,,,1.3128782276234513e-05,,,1.7308680964431278e-05,100.92918312940859,99.99809008020915,-1.2060712827000053e-05,-0.0012534857143735015,0.0012534857143735015,SOC_UPPER_BOUND_NOT_REACHED,1120400.9006807855,1120737.2177255335,336.31704474802046,0.0,0.9621739353470062,100.0,,,,,,,,,,,,,,,,,,,,,,,,,,,,,1,FIRST_UPWARD_CROSSING,charge_timeseries/cycle-037.csv,,,1120065.5719718006,1127710.4432723066,SOC_UPPER_BOUND_NOT_REACHED,SOC_UPPER_BOUND_NOT_REACHED,False,False,3,charge-efficiency-v1
37,virtual,60-80,60.0,80.0,60.0,80.0,100.0,NEGATIVE_PARTICLE_LITHIUM_DELTA_OVER_FROZEN_Q_REF_V1,4.855571466149088,25,20.0,W10_80_PERCENT_DISCHARGE_WINDOW,14.55,3.0000000000000004,2.996557686656702,4.85,99.7336579749329,4.855571466149088,25,,,,0.8897891215762075,0.11518332401082541,0.15141692945957186,0.9711142932298173,,,,,-0.08141844924447499,0.08141844924447499,,,4.0872811572742994e-05,,,6.183745124056436e-05,109.13982534530736,99.98951688792285,-9.432671948195193e-06,-0.00106010196342767,0.00106010196342767,SOC_UPPER_BOUND_NOT_REACHED,1120737.2177255335,1123724.27295952,2987.0552339864525,0.22294571297128882,0.6668434086049186,74.94398306686936,,,,,,,,,,,,,,,,,,,,,,,,,,,,,1,FIRST_UPWARD_CROSSING,charge_timeseries/cycle-037.csv,,,1120065.5719718006,1127710.4432723066,SOC_UPPER_BOUND_NOT_REACHED,SOC_UPPER_BOUND_NOT_REACHED,False,False,3,charge-efficiency-v1
37,virtual,80-100,80.0,100.0,80.0,,0.0,NEGATIVE_PARTICLE_LITHIUM_DELTA_OVER_FROZEN_Q_REF_V1,4.855571466149088,25,20.0,W10_80_PERCENT_DISCHARGE_WINDOW,14.55,3.0000000000000004,2.996557686656702,4.85,99.7336579749329,4.855571466149088,25,,,,,,,,,,,,,,,,,,,,,,,,,,,,,,,,,,,,,,,,,,,,,,,,,,,,,,,,,,,,0,FIRST_UPWARD_CROSSING,charge_timeseries/cycle-037.csv,,,1120065.5719718006,1127710.4432723066,SOC_UPPER_BOUND_NOT_REACHED,SOC_UPPER_BOUND_NOT_REACHED,False,False,3,charge-efficiency-v1
38,virtual,20-40,20.0,40.0,20.0,40.0,100.0,NEGATIVE_PARTICLE_LITHIUM_DELTA_OVER_FROZEN_Q_REF_V1,4.855571466149088,25,20.0,W10_80_PERCENT_DISCHARGE_WINDOW,14.55,3.0000000000000004,2.996557686656702,4.85,99.7336579749329,4.855571466149088,25,,,,1.0746993446143385,0.04270126049459976,0.0789348659433462,0.9711142932298172,,,,,0.10359662881353605,0.0,,,8.930587172654124e-06,,,8.677115366364369e-06,90.36148557234924,100.00107727143157,-2.918513155392155e-05,-0.0027156554714746557,0.0027156554714746557,SOC_UPPER_BOUND_NOT_REACHED,1151268.2670444662,1151603.5468017147,335.27975724841076,0.08737471934975741,0.9873246252645811,91.86984529323294,,,,,,,,,,,,,,,,,,,,,,,,,,,,,1,FIRST_UPWARD_CROSSING,charge_timeseries/cycle-038.csv,,,1151268.2670444662,1158919.386974683,SOC_UPPER_BOUND_NOT_REACHED,SOC_UPPER_BOUND_NOT_REACHED,False,False,3,charge-efficiency-v1
38,virtual,40-60,40.0,60.0,40.0,60.0,100.0,NEGATIVE_PARTICLE_LITHIUM_DELTA_OVER_FROZEN_Q_REF_V1,4.855571466149088,25,20.0,W10_80_PERCENT_DISCHARGE_WINDOW,14.55,3.0000000000000004,2.996557686656702,4.85,99.7336579749329,4.855571466149088,25,,,,0.962464147958284,0.0789348659433462,0.11516847139209266,0.9711142932298177,,,,,-0.008704979726614714,0.008704979726614714,,,1.2799953371258645e-05,,,1.7084092860733535e-05,100.89874986926874,99.99430270153985,2.495040884908928e-05,0.002592346832037083,0.002592346832037083,SOC_UPPER_BOUND_NOT_REACHED,1151603.5468017147,1151939.9792639823,336.43246226754,0.0,0.962464147958284,100.0,,,,,,,,,,,,,,,,,,,,,,,,,,,,,1,FIRST_UPWARD_CROSSING,charge_timeseries/cycle-038.csv,,,1151268.2670444662,1158919.386974683,SOC_UPPER_BOUND_NOT_REACHED,SOC_UPPER_BOUND_NOT_REACHED,False,False,3,charge-efficiency-v1
38,virtual,60-80,60.0,80.0,60.0,80.0,100.0,NEGATIVE_PARTICLE_LITHIUM_DELTA_OVER_FROZEN_Q_REF_V1,4.855571466149088,25,20.0,W10_80_PERCENT_DISCHARGE_WINDOW,14.55,3.0000000000000004,2.996557686656702,4.85,99.7336579749329,4.855571466149088,25,,,,0.8909483402181635,0.11516847139209266,0.15140207684083912,0.9711142932298177,,,,,-0.08022593285756033,0.08022593285756033,,,3.997290759752588e-05,,,6.111444330612545e-05,108.99782281338828,99.9932678649032,-4.1107504997528466e-05,-0.004613904436643612,0.004613904436643612,SOC_UPPER_BOUND_NOT_REACHED,1151939.9792639823,1154932.9430073262,2992.963743344051,0.22279695275853667,0.6681513874596268,74.99328045170596,,,,,,,,,,,,,,,,,,,,,,,,,,,,,1,FIRST_UPWARD_CROSSING,charge_timeseries/cycle-038.csv,,,1151268.2670444662,1158919.386974683,SOC_UPPER_BOUND_NOT_REACHED,SOC_UPPER_BOUND_NOT_REACHED,False,False,3,charge-efficiency-v1
38,virtual,80-100,80.0,100.0,80.0,,0.0,NEGATIVE_PARTICLE_LITHIUM_DELTA_OVER_FROZEN_Q_REF_V1,4.855571466149088,25,20.0,W10_80_PERCENT_DISCHARGE_WINDOW,14.55,3.0000000000000004,2.996557686656702,4.85,99.7336579749329,4.855571466149088,25,,,,,,,,,,,,,,,,,,,,,,,,,,,,,,,,,,,,,,,,,,,,,,,,,,,,,,,,,,,,0,FIRST_UPWARD_CROSSING,charge_timeseries/cycle-038.csv,,,1151268.2670444662,1158919.386974683,SOC_UPPER_BOUND_NOT_REACHED,SOC_UPPER_BOUND_NOT_REACHED,False,False,3,charge-efficiency-v1
39,virtual,20-40,20.0,40.0,20.0,40.0,100.0,NEGATIVE_PARTICLE_LITHIUM_DELTA_OVER_FROZEN_Q_REF_V1,4.855571466149088,25,20.0,W10_80_PERCENT_DISCHARGE_WINDOW,14.55,3.0000000000000004,2.996557686656702,4.85,99.7336579749329,4.855571466149088,25,,,,1.0739003025480347,0.042686583728770384,0.07892018917751684,0.9711142932298176,,,,,0.10281121311629118,0.0,,,8.75195718278484e-06,,,8.570833255967109e-06,90.42871958650747,100.00234694021543,-4.252658851289226e-05,-0.003960012713655985,0.003960012713655985,SOC_UPPER_BOUND_NOT_REACHED,1182477.2109852482,1182812.7158088533,335.5048236050993,0.08700326920379152,0.9868970333442432,91.89838488755804,,,,,,,,,,,,,,,,,,,,,,,,,,,,,1,FIRST_UPWARD_CROSSING,charge_timeseries/cycle-039.csv,,,1182477.2109852482,1190134.9874378927,SOC_UPPER_BOUND_NOT_REACHED,SOC_UPPER_BOUND_NOT_REACHED,False,False,3,charge-efficiency-v1
39,virtual,40-60,40.0,60.0,40.0,60.0,100.0,NEGATIVE_PARTICLE_LITHIUM_DELTA_OVER_FROZEN_Q_REF_V1,4.855571466149088,25,20.0,W10_80_PERCENT_DISCHARGE_WINDOW,14.55,3.0000000000000004,2.996557686656702,4.85,99.7336579749329,4.855571466149088,25,,,,0.9625846311479421,0.07892018917751684,0.11515379462626328,0.9711142932298173,,,,,-0.008582179946116736,0.008582179946116736,,,1.2575724620620364e-05,,,1.687282153475453e-05,100.88612074262011,99.99454407825118,2.30693180861552e-05,0.002396601539195946,0.002396601539195946,SOC_UPPER_BOUND_NOT_REACHED,1182812.7158088533,1183149.4930270307,336.77721817730185,0.0,0.9625846311479421,100.0,,,,,,,,,,,,,,,,,,,,,,,,,,,,,1,FIRST_UPWARD_CROSSING,charge_timeseries/cycle-039.csv,,,1182477.2109852482,1190134.9874378927,SOC_UPPER_BOUND_NOT_REACHED,SOC_UPPER_BOUND_NOT_REACHED,False,False,3,charge-efficiency-v1
39,virtual,60-80,60.0,80.0,60.0,80.0,100.0,NEGATIVE_PARTICLE_LITHIUM_DELTA_OVER_FROZEN_Q_REF_V1,4.855571466149088,25,20.0,W10_80_PERCENT_DISCHARGE_WINDOW,14.55,3.0000000000000004,2.996557686656702,4.85,99.7336579749329,4.855571466149088,25,,,,0.8915911023273596,0.11515379462626328,0.1513874000750097,0.9711142932298166,,,,,-0.07963078131684388,0.07963078131684388,,,3.930745187809975e-05,,,6.039669861742508e-05,108.91924456119786,99.98793276266373,7.886263891365708e-06,0.0008845157685826883,0.0008845157685826883,SOC_UPPER_BOUND_NOT_REACHED,1183149.4930270307,1186148.2653045042,2998.772277473502,0.2226641198335638,0.6689269824937958,75.02620660386428,,,,,,,,,,,,,,,,,,,,,,,,,,,,,1,FIRST_UPWARD_CROSSING,charge_timeseries/cycle-039.csv,,,1182477.2109852482,1190134.9874378927,SOC_UPPER_BOUND_NOT_REACHED,SOC_UPPER_BOUND_NOT_REACHED,False,False,3,charge-efficiency-v1
39,virtual,80-100,80.0,100.0,80.0,,0.0,NEGATIVE_PARTICLE_LITHIUM_DELTA_OVER_FROZEN_Q_REF_V1,4.855571466149088,25,20.0,W10_80_PERCENT_DISCHARGE_WINDOW,14.55,3.0000000000000004,2.996557686656702,4.85,99.7336579749329,4.855571466149088,25,,,,,,,,,,,,,,,,,,,,,,,,,,,,,,,,,,,,,,,,,,,,,,,,,,,,,,,,,,,,0,FIRST_UPWARD_CROSSING,charge_timeseries/cycle-039.csv,,,1182477.2109852482,1190134.9874378927,SOC_UPPER_BOUND_NOT_REACHED,SOC_UPPER_BOUND_NOT_REACHED,False,False,3,charge-efficiency-v1
40,virtual,20-40,20.0,40.0,20.0,40.0,100.0,NEGATIVE_PARTICLE_LITHIUM_DELTA_OVER_FROZEN_Q_REF_V1,4.855571466149088,25,20.0,W10_80_PERCENT_DISCHARGE_WINDOW,14.55,3.0000000000000004,2.996557686656702,4.85,99.7336579749329,4.855571466149088,25,,,,1.0749273695386654,0.04267208270283978,0.07890568815158623,0.9711142932298176,,,,,0.10382234239572617,0.0,,,8.761716096005769e-06,,,8.491806863079182e-06,90.3423171415384,100.0008620198109,-2.651960983723889e-05,-0.0024671071356775023,0.0024671071356775023,SOC_UPPER_BOUND_NOT_REACHED,1213692.811558132,1214029.3048073791,336.49324924708077,0.08663789895438437,0.9882894705842811,91.94011601066896,,,,,,,,,,,,,,,,,,,,,,,,,,,,,1,FIRST_UPWARD_CROSSING,charge_timeseries/cycle-040.csv,,,1213692.811558132,1221357.4330680456,SOC_UPPER_BOUND_NOT_REACHED,SOC_UPPER_BOUND_NOT_REACHED,False,False,3,charge-efficiency-v1
40,virtual,40-60,40.0,60.0,40.0,60.0,100.0,NEGATIVE_PARTICLE_LITHIUM_DELTA_OVER_FROZEN_Q_REF_V1,4.855571466149088,25,20.0,W10_80_PERCENT_DISCHARGE_WINDOW,14.55,3.0000000000000004,2.996557686656702,4.85,99.7336579749329,4.855571466149088,25,,,,0.9624374050523565,0.07890568815158623,0.11513929360033268,0.9711142932298173,,,,,-0.008779578532167334,0.008779578532167334,,,1.2581414428166487e-05,,,1.6690556272007384e-05,100.90155350695132,99.98933017834017,7.341838400642953e-05,0.007628380154492808,0.007628380154492808,SOC_UPPER_BOUND_NOT_REACHED,1214029.3048073791,1214366.9443313929,337.63952401363764,0.0,0.9624374050523565,100.0,,,,,,,,,,,,,,,,,,,,,,,,,,,,,1,FIRST_UPWARD_CROSSING,charge_timeseries/cycle-040.csv,,,1213692.811558132,1221357.4330680456,SOC_UPPER_BOUND_NOT_REACHED,SOC_UPPER_BOUND_NOT_REACHED,False,False,3,charge-efficiency-v1
40,virtual,60-80,60.0,80.0,60.0,80.0,100.0,NEGATIVE_PARTICLE_LITHIUM_DELTA_OVER_FROZEN_Q_REF_V1,4.855571466149088,25,20.0,W10_80_PERCENT_DISCHARGE_WINDOW,14.55,3.0000000000000004,2.996557686656702,4.85,99.7336579749329,4.855571466149088,25,,,,0.8907291392508865,0.11513929360033268,0.15137289904907913,0.9711142932298177,,,,,-0.08045191683123351,0.08045191683123351,,,3.914697349422999e-05,,,5.9658298236932306e-05,109.02464626300831,99.99250469650532,-3.204241942889041e-05,-0.0035973247103870945,0.0035973247103870945,SOC_UPPER_BOUND_NOT_REACHED,1214366.9443313929,1217370.5458212926,3003.6014898996827,0.22256394896322285,0.6681651902876636,75.0132852787996,,,,,,,,,,,,,,,,,,,,,,,,,,,,,1,FIRST_UPWARD_CROSSING,charge_timeseries/cycle-040.csv,,,1213692.811558132,1221357.4330680456,SOC_UPPER_BOUND_NOT_REACHED,SOC_UPPER_BOUND_NOT_REACHED,False,False,3,charge-efficiency-v1
40,virtual,80-100,80.0,100.0,80.0,,0.0,NEGATIVE_PARTICLE_LITHIUM_DELTA_OVER_FROZEN_Q_REF_V1,4.855571466149088,25,20.0,W10_80_PERCENT_DISCHARGE_WINDOW,14.55,3.0000000000000004,2.996557686656702,4.85,99.7336579749329,4.855571466149088,25,,,,,,,,,,,,,,,,,,,,,,,,,,,,,,,,,,,,,,,,,,,,,,,,,,,,,,,,,,,,0,FIRST_UPWARD_CROSSING,charge_timeseries/cycle-040.csv,,,1213692.811558132,1221357.4330680456,SOC_UPPER_BOUND_NOT_REACHED,SOC_UPPER_BOUND_NOT_REACHED,False,False,3,charge-efficiency-v1
41,virtual,20-40,20.0,40.0,20.0,40.0,100.0,NEGATIVE_PARTICLE_LITHIUM_DELTA_OVER_FROZEN_Q_REF_V1,4.855571466149088,25,20.0,W10_80_PERCENT_DISCHARGE_WINDOW,14.55,3.0000000000000004,2.996557686656702,4.85,99.7336579749329,4.855571466149088,25,,,,1.0751055604359425,0.0426577360979869,0.07889134154673336,0.9711142932298177,,,,,0.10400724748680795,0.0,,,8.712556124334213e-06,,,8.406254374624528e-06,90.32734356206309,100.0014863917806,-3.3099091182098306e-05,-0.003078682912650644,0.003078682912650644,SOC_UPPER_BOUND_NOT_REACHED,1244915.2572475716,1245252.4104625306,337.153214959064,0.08627839200259384,0.9888271684333486,91.97489110114833,,,,,,,,,,,,,,,,,,,,,,,,,,,,,1,FIRST_UPWARD_CROSSING,charge_timeseries/cycle-041.csv,,,1244915.2572475716,1252586.6248980737,SOC_UPPER_BOUND_NOT_REACHED,SOC_UPPER_BOUND_NOT_REACHED,False,False,3,charge-efficiency-v1
41,virtual,40-60,40.0,60.0,40.0,60.0,100.0,NEGATIVE_PARTICLE_LITHIUM_DELTA_OVER_FROZEN_Q_REF_V1,4.855571466149088,25,20.0,W10_80_PERCENT_DISCHARGE_WINDOW,14.55,3.0000000000000004,2.996557686656702,4.85,99.7336579749329,4.855571466149088,25,,,,0.9623309806558632,0.07889134154673336,0.1151249469954798,0.9711142932298173,,,,,-0.00882692460211254,0.00882692460211254,,,1.2485294523805097e-05,,,1.650519800308614e-05,100.91271223212289,99.9954680843665,1.4621535631476057e-05,0.0015193873963728107,0.0015193873963728107,SOC_UPPER_BOUND_NOT_REACHED,1245252.4104625306,1245590.6194655069,338.20900297608927,0.0,0.9623309806558632,100.0,,,,,,,,,,,,,,,,,,,,,,,,,,,,,1,FIRST_UPWARD_CROSSING,charge_timeseries/cycle-041.csv,,,1244915.2572475716,1252586.6248980737,SOC_UPPER_BOUND_NOT_REACHED,SOC_UPPER_BOUND_NOT_REACHED,False,False,3,charge-efficiency-v1
41,virtual,60-80,60.0,80.0,60.0,80.0,100.0,NEGATIVE_PARTICLE_LITHIUM_DELTA_OVER_FROZEN_Q_REF_V1,4.855571466149088,25,20.0,W10_80_PERCENT_DISCHARGE_WINDOW,14.55,3.0000000000000004,2.996557686656702,4.85,99.7336579749329,4.855571466149088,25,,,,0.890601488330691,0.1151249469954798,0.15135855244422625,0.9711142932298173,,,,,-0.08062382427214994,0.08062382427214994,,,3.8774470346282855e-05,,,5.897205121353777e-05,109.04027288906023,99.98753433780672,1.3272851463796975e-05,0.0014903244198115023,0.0014903244198115023,SOC_UPPER_BOUND_NOT_REACHED,1245590.6194655069,1248599.4525880485,3008.833122541817,0.2224519892235865,0.6681494991071044,75.02227515467754,,,,,,,,,,,,,,,,,,,,,,,,,,,,,1,FIRST_UPWARD_CROSSING,charge_timeseries/cycle-041.csv,,,1244915.2572475716,1252586.6248980737,SOC_UPPER_BOUND_NOT_REACHED,SOC_UPPER_BOUND_NOT_REACHED,False,False,3,charge-efficiency-v1
41,virtual,80-100,80.0,100.0,80.0,,0.0,NEGATIVE_PARTICLE_LITHIUM_DELTA_OVER_FROZEN_Q_REF_V1,4.855571466149088,25,20.0,W10_80_PERCENT_DISCHARGE_WINDOW,14.55,3.0000000000000004,2.996557686656702,4.85,99.7336579749329,4.855571466149088,25,,,,,,,,,,,,,,,,,,,,,,,,,,,,,,,,,,,,,,,,,,,,,,,,,,,,,,,,,,,,0,FIRST_UPWARD_CROSSING,charge_timeseries/cycle-041.csv,,,1244915.2572475716,1252586.6248980737,SOC_UPPER_BOUND_NOT_REACHED,SOC_UPPER_BOUND_NOT_REACHED,False,False,3,charge-efficiency-v1
42,virtual,20-40,20.0,40.0,20.0,40.0,100.0,NEGATIVE_PARTICLE_LITHIUM_DELTA_OVER_FROZEN_Q_REF_V1,4.855571466149088,25,20.0,W10_80_PERCENT_DISCHARGE_WINDOW,14.55,3.0000000000000004,2.996557686656702,4.85,99.7336579749329,4.855571466149088,25,,,,1.0754662436303426,0.04264350548180274,0.0788771109305492,0.9711142932298176,,,,,0.10436708187562849,0.0,,,8.675494018588713e-06,,,8.325592625084421e-06,90.29705013815453,100.0014069688559,-3.213256174716683e-05,-0.002987779666491455,0.002987779666491455,SOC_UPPER_BOUND_NOT_REACHED,1276144.4491714996,1276482.3269629804,337.8777914807881,0.08592454676386238,0.9895416968664803,92.01048407862477,,,,,,,,,,,,,,,,,,,,,,,,,,,,,1,FIRST_UPWARD_CROSSING,charge_timeseries/cycle-042.csv,,,1276144.4491714996,1283822.613863901,SOC_UPPER_BOUND_NOT_REACHED,SOC_UPPER_BOUND_NOT_REACHED,False,False,3,charge-efficiency-v1
42,virtual,40-60,40.0,60.0,40.0,60.0,100.0,NEGATIVE_PARTICLE_LITHIUM_DELTA_OVER_FROZEN_Q_REF_V1,4.855571466149088,25,20.0,W10_80_PERCENT_DISCHARGE_WINDOW,14.55,3.0000000000000004,2.996557686656702,4.85,99.7336579749329,4.855571466149088,25,,,,0.9622370225150347,0.0788771109305492,0.11511071637929564,0.9711142932298173,,,,,-0.008907265161911496,0.008907265161911496,,,1.2414444992883342e-05,,,1.6328888469165775e-05,100.92256590705476,99.99688284212444,1.2511136668891254e-06,0.00013002136039403712,0.00013002136039403712,SOC_UPPER_BOUND_NOT_REACHED,1276482.3269629804,1276821.1690006654,338.8420376851575,0.0,0.9622370225150347,100.0,,,,,,,,,,,,,,,,,,,,,,,,,,,,,1,FIRST_UPWARD_CROSSING,charge_timeseries/cycle-042.csv,,,1276144.4491714996,1283822.613863901,SOC_UPPER_BOUND_NOT_REACHED,SOC_UPPER_BOUND_NOT_REACHED,False,False,3,charge-efficiency-v1
42,virtual,60-80,60.0,80.0,60.0,80.0,100.0,NEGATIVE_PARTICLE_LITHIUM_DELTA_OVER_FROZEN_Q_REF_V1,4.855571466149088,25,20.0,W10_80_PERCENT_DISCHARGE_WINDOW,14.55,3.0000000000000004,2.996557686656702,4.85,99.7336579749329,4.855571466149088,25,,,,0.8902663501775212,0.11511071637929564,0.15134432182804206,0.9711142932298166,,,,,-0.08093157692630878,0.08093157692630878,,,3.8460036273129175e-05,,,5.830455775986815e-05,109.08132077958177,99.99060574692093,-1.313072001962734e-05,-0.0014749204007327744,0.0014749204007327744,SOC_UPPER_BOUND_NOT_REACHED,1276821.1690006654,1279835.0757944372,3013.906793771602,0.2223441257235783,0.6679222244539429,75.02498823197773,,,,,,,,,,,,,,,,,,,,,,,,,,,,,1,FIRST_UPWARD_CROSSING,charge_timeseries/cycle-042.csv,,,1276144.4491714996,1283822.613863901,SOC_UPPER_BOUND_NOT_REACHED,SOC_UPPER_BOUND_NOT_REACHED,False,False,3,charge-efficiency-v1
42,virtual,80-100,80.0,100.0,80.0,,0.0,NEGATIVE_PARTICLE_LITHIUM_DELTA_OVER_FROZEN_Q_REF_V1,4.855571466149088,25,20.0,W10_80_PERCENT_DISCHARGE_WINDOW,14.55,3.0000000000000004,2.996557686656702,4.85,99.7336579749329,4.855571466149088,25,,,,,,,,,,,,,,,,,,,,,,,,,,,,,,,,,,,,,,,,,,,,,,,,,,,,,,,,,,,,0,FIRST_UPWARD_CROSSING,charge_timeseries/cycle-042.csv,,,1276144.4491714996,1283822.613863901,SOC_UPPER_BOUND_NOT_REACHED,SOC_UPPER_BOUND_NOT_REACHED,False,False,3,charge-efficiency-v1
43,virtual,20-40,20.0,40.0,20.0,40.0,100.0,NEGATIVE_PARTICLE_LITHIUM_DELTA_OVER_FROZEN_Q_REF_V1,4.855571466149088,25,20.0,W10_80_PERCENT_DISCHARGE_WINDOW,14.55,3.0000000000000004,2.996557686656702,4.85,99.7336579749329,4.855571466149088,25,,,,1.076091051103123,0.0426294248967776,0.07886303034552405,0.9711142932298176,,,,,0.10499988596915218,0.0,,,8.658216026970547e-06,,,8.251132099356545e-06,90.2446212366796,100.00214926941572,-4.0037443973073295e-05,-0.0037206372018455214,0.0037206372018455214,SOC_UPPER_BOUND_NOT_REACHED,1307380.4382412832,1307719.1389393783,338.70069809512563,0.08557614101542074,0.9905149100877022,92.04749998360317,,,,,,,,,,,,,,,,,,,,,,,,,,,,,1,FIRST_UPWARD_CROSSING,charge_timeseries/cycle-043.csv,,,1307380.4382412832,1315065.6096182412,SOC_UPPER_BOUND_NOT_REACHED,SOC_UPPER_BOUND_NOT_REACHED,False,False,3,charge-efficiency-v1
43,virtual,40-60,40.0,60.0,40.0,60.0,100.0,NEGATIVE_PARTICLE_LITHIUM_DELTA_OVER_FROZEN_Q_REF_V1,4.855571466149088,25,20.0,W10_80_PERCENT_DISCHARGE_WINDOW,14.55,3.0000000000000004,2.996557686656702,4.85,99.7336579749329,4.855571466149088,25,,,,0.9621551367898392,0.07886303034552405,0.1150966357942705,0.9711142932298173,,,,,-0.00903921967799537,0.00903921967799537,,,1.2380653379689965e-05,,,1.6162142735365315e-05,100.93115508065256,99.99167876000908,5.15204419021531e-05,0.005354691767696353,0.005354691767696353,SOC_UPPER_BOUND_NOT_REACHED,1307719.1389393783,1308058.7265619417,339.58762256341686,0.0,0.9621551367898392,100.0,,,,,,,,,,,,,,,,,,,,,,,,,,,,,1,FIRST_UPWARD_CROSSING,charge_timeseries/cycle-043.csv,,,1307380.4382412832,1315065.6096182412,SOC_UPPER_BOUND_NOT_REACHED,SOC_UPPER_BOUND_NOT_REACHED,False,False,3,charge-efficiency-v1
43,virtual,60-80,60.0,80.0,60.0,80.0,100.0,NEGATIVE_PARTICLE_LITHIUM_DELTA_OVER_FROZEN_Q_REF_V1,4.855571466149088,25,20.0,W10_80_PERCENT_DISCHARGE_WINDOW,14.55,3.0000000000000004,2.996557686656702,4.85,99.7336579749329,4.855571466149088,25,,,,0.8897193473877412,0.1150966357942705,0.15133024124301694,0.9711142932298173,,,,,-0.08145213817373351,0.08145213817373351,,,3.8227459322812476e-05,,,5.765180972969533e-05,109.14838438447536,99.99357186827224,-3.8686937395171483e-05,-0.004348218065478535,0.004348218065478535,SOC_UPPER_BOUND_NOT_REACHED,1308058.7265619417,1311077.6667940053,3018.940232063693,0.2222426310384027,0.6674767163493385,75.02104099557712,,,,,,,,,,,,,,,,,,,,,,,,,,,,,1,FIRST_UPWARD_CROSSING,charge_timeseries/cycle-043.csv,,,1307380.4382412832,1315065.6096182412,SOC_UPPER_BOUND_NOT_REACHED,SOC_UPPER_BOUND_NOT_REACHED,False,False,3,charge-efficiency-v1
43,virtual,80-100,80.0,100.0,80.0,,0.0,NEGATIVE_PARTICLE_LITHIUM_DELTA_OVER_FROZEN_Q_REF_V1,4.855571466149088,25,20.0,W10_80_PERCENT_DISCHARGE_WINDOW,14.55,3.0000000000000004,2.996557686656702,4.85,99.7336579749329,4.855571466149088,25,,,,,,,,,,,,,,,,,,,,,,,,,,,,,,,,,,,,,,,,,,,,,,,,,,,,,,,,,,,,0,FIRST_UPWARD_CROSSING,charge_timeseries/cycle-043.csv,,,1307380.4382412832,1315065.6096182412,SOC_UPPER_BOUND_NOT_REACHED,SOC_UPPER_BOUND_NOT_REACHED,False,False,3,charge-efficiency-v1
44,virtual,20-40,20.0,40.0,20.0,40.0,100.0,NEGATIVE_PARTICLE_LITHIUM_DELTA_OVER_FROZEN_Q_REF_V1,4.855571466149088,25,20.0,W10_80_PERCENT_DISCHARGE_WINDOW,14.55,3.0000000000000004,2.996557686656702,4.85,99.7336579749329,4.855571466149088,25,,,,1.0770909965851678,0.042615471401130006,0.07884907684987646,0.9711142932298177,,,,,0.10598386709124737,0.0,,,8.67668933090919e-06,,,8.183613483897512e-06,90.16084029192139,100.00066510034156,-2.4024038711933926e-05,-0.0022304558099640838,0.0022304558099640838,SOC_UPPER_BOUND_NOT_REACHED,1338623.434050043,1338963.1123929152,339.67834287209723,0.08523299329975807,0.9918580032854097,92.08674164300115,,,,,,,,,,,,,,,,,,,,,,,,,,,,,1,FIRST_UPWARD_CROSSING,charge_timeseries/cycle-044.csv,,,1338623.434050043,1346315.7107025406,SOC_UPPER_BOUND_NOT_REACHED,SOC_UPPER_BOUND_NOT_REACHED,False,False,3,charge-efficiency-v1
44,virtual,40-60,40.0,60.0,40.0,60.0,100.0,NEGATIVE_PARTICLE_LITHIUM_DELTA_OVER_FROZEN_Q_REF_V1,4.855571466149088,25,20.0,W10_80_PERCENT_DISCHARGE_WINDOW,14.55,3.0000000000000004,2.996557686656702,4.85,99.7336579749329,4.855571466149088,25,,,,0.9619445496518628,0.07884907684987646,0.11508268229862291,0.9711142932298173,,,,,-0.009231480300184919,0.009231480300184919,,,1.2390548693807547e-05,,,1.6003731690888978e-05,100.95325074415912,99.9935820913739,3.334244184571844e-05,0.0034661500871110917,0.0034661500871110917,SOC_UPPER_BOUND_NOT_REACHED,1338963.1123929152,1339303.5125542523,340.40016133717006,0.0,0.9619445496518628,100.0,,,,,,,,,,,,,,,,,,,,,,,,,,,,,1,FIRST_UPWARD_CROSSING,charge_timeseries/cycle-044.csv,,,1338623.434050043,1346315.7107025406,SOC_UPPER_BOUND_NOT_REACHED,SOC_UPPER_BOUND_NOT_REACHED,False,False,3,charge-efficiency-v1
44,virtual,60-80,60.0,80.0,60.0,80.0,100.0,NEGATIVE_PARTICLE_LITHIUM_DELTA_OVER_FROZEN_Q_REF_V1,4.855571466149088,25,20.0,W10_80_PERCENT_DISCHARGE_WINDOW,14.55,3.0000000000000004,2.996557686656702,4.85,99.7336579749329,4.855571466149088,25,,,,0.8889260358904228,0.11508268229862291,0.15131628774736935,0.9711142932298173,,,,,-0.08225225141914834,0.08225225141914834,,,3.809553248970091e-05,,,5.7013788685496974e-05,109.24579256552744,99.992800966878,-3.1115241421297846e-05,-0.003500318380272236,0.003500318380272236,SOC_UPPER_BOUND_NOT_REACHED,1339303.5125542523,1342327.3463198834,3023.8337656309486,0.22214851014670298,0.6667775257437198,75.00933697771823,,,,,,,,,,,,,,,,,,,,,,,,,,,,,1,FIRST_UPWARD_CROSSING,charge_timeseries/cycle-044.csv,,,1338623.434050043,1346315.7107025406,SOC_UPPER_BOUND_NOT_REACHED,SOC_UPPER_BOUND_NOT_REACHED,False,False,3,charge-efficiency-v1
44,virtual,80-100,80.0,100.0,80.0,,0.0,NEGATIVE_PARTICLE_LITHIUM_DELTA_OVER_FROZEN_Q_REF_V1,4.855571466149088,25,20.0,W10_80_PERCENT_DISCHARGE_WINDOW,14.55,3.0000000000000004,2.996557686656702,4.85,99.7336579749329,4.855571466149088,25,,,,,,,,,,,,,,,,,,,,,,,,,,,,,,,,,,,,,,,,,,,,,,,,,,,,,,,,,,,,0,FIRST_UPWARD_CROSSING,charge_timeseries/cycle-044.csv,,,1338623.434050043,1346315.7107025406,SOC_UPPER_BOUND_NOT_REACHED,SOC_UPPER_BOUND_NOT_REACHED,False,False,3,charge-efficiency-v1
45,virtual,20-40,20.0,40.0,20.0,40.0,100.0,NEGATIVE_PARTICLE_LITHIUM_DELTA_OVER_FROZEN_Q_REF_V1,4.855571466149088,25,20.0,W10_80_PERCENT_DISCHARGE_WINDOW,14.55,3.0000000000000004,2.996557686656702,4.85,99.7336579749329,4.855571466149088,25,,,,1.0775711100542629,0.042601629615235025,0.07883523506398148,0.9711142932298176,,,,,0.10646763810648348,0.0,,,8.669693311353852e-06,,,8.11324786533646e-06,90.12066899055186,100.00100422904227,-2.7604223214794388e-05,-0.0025617078035253126,0.0025617078035253126,SOC_UPPER_BOUND_NOT_REACHED,1369873.5351661204,1370214.0019682294,340.4668021089664,0.08489490866113412,0.9926762013931287,92.12164210147958,,,,,,,,,,,,,,,,,,,,,,,,,,,,,1,FIRST_UPWARD_CROSSING,charge_timeseries/cycle-045.csv,,,1369873.5351661204,1377572.8600618758,SOC_UPPER_BOUND_NOT_REACHED,SOC_UPPER_BOUND_NOT_REACHED,False,False,3,charge-efficiency-v1
45,virtual,40-60,40.0,60.0,40.0,60.0,100.0,NEGATIVE_PARTICLE_LITHIUM_DELTA_OVER_FROZEN_Q_REF_V1,4.855571466149088,25,20.0,W10_80_PERCENT_DISCHARGE_WINDOW,14.55,3.0000000000000004,2.996557686656702,4.85,99.7336579749329,4.855571466149088,25,,,,0.9618435254056205,0.07883523506398148,0.11506884051272794,0.9711142932298177,,,,,-0.00933463880583238,0.00933463880583238,,,1.2341751803778e-05,,,1.5846879887024268e-05,100.96385405518923,99.99335952470977,3.5682349944443637e-05,0.0037097874032469033,0.0037097874032469033,SOC_UPPER_BOUND_NOT_REACHED,1370214.0019682294,1370555.0604396698,341.05847144050057,0.0,0.9618435254056205,100.0,,,,,,,,,,,,,,,,,,,,,,,,,,,,,1,FIRST_UPWARD_CROSSING,charge_timeseries/cycle-045.csv,,,1369873.5351661204,1377572.8600618758,SOC_UPPER_BOUND_NOT_REACHED,SOC_UPPER_BOUND_NOT_REACHED,False,False,3,charge-efficiency-v1
45,virtual,60-80,60.0,80.0,60.0,80.0,100.0,NEGATIVE_PARTICLE_LITHIUM_DELTA_OVER_FROZEN_Q_REF_V1,4.855571466149088,25,20.0,W10_80_PERCENT_DISCHARGE_WINDOW,14.55,3.0000000000000004,2.996557686656702,4.85,99.7336579749329,4.855571466149088,25,,,,0.8885305609063777,0.11506884051272794,0.15130244596147438,0.9711142932298173,,,,,-0.0826570878789093,0.0826570878789093,,,3.784144035281437e-05,,,5.641134891822691e-05,109.29441664214646,99.99174417192867,-2.089723380138686e-05,-0.0023518868929021286,0.0023518868929021286,SOC_UPPER_BOUND_NOT_REACHED,1370555.0604396698,1373583.96345213,3028.9030124601527,0.22204726016727347,0.6664833007391042,75.0096091302964,,,,,,,,,,,,,,,,,,,,,,,,,,,,,1,FIRST_UPWARD_CROSSING,charge_timeseries/cycle-045.csv,,,1369873.5351661204,1377572.8600618758,SOC_UPPER_BOUND_NOT_REACHED,SOC_UPPER_BOUND_NOT_REACHED,False,False,3,charge-efficiency-v1
45,virtual,80-100,80.0,100.0,80.0,,0.0,NEGATIVE_PARTICLE_LITHIUM_DELTA_OVER_FROZEN_Q_REF_V1,4.855571466149088,25,20.0,W10_80_PERCENT_DISCHARGE_WINDOW,14.55,3.0000000000000004,2.996557686656702,4.85,99.7336579749329,4.855571466149088,25,,,,,,,,,,,,,,,,,,,,,,,,,,,,,,,,,,,,,,,,,,,,,,,,,,,,,,,,,,,,0,FIRST_UPWARD_CROSSING,charge_timeseries/cycle-045.csv,,,1369873.5351661204,1377572.8600618758,SOC_UPPER_BOUND_NOT_REACHED,SOC_UPPER_BOUND_NOT_REACHED,False,False,3,charge-efficiency-v1
46,virtual,20-40,20.0,40.0,20.0,40.0,100.0,NEGATIVE_PARTICLE_LITHIUM_DELTA_OVER_FROZEN_Q_REF_V1,4.855571466149088,25,20.0,W10_80_PERCENT_DISCHARGE_WINDOW,14.55,3.0000000000000004,2.996557686656702,4.85,99.7336579749329,4.855571466149088,25,,,,1.0300079493413492,0.04258790042584455,0.07882150587459101,0.9711142932298177,,,,,0.05888657443098376,0.0,,,7.224633269618287e-06,,,7.440609426631606e-06,94.28221343833397,99.99931246350552,-7.583562148472112e-06,-0.0007362624874226952,0.0007362624874226952,SOC_UPPER_BOUND_NOT_REACHED,1401130.685150815,1401454.1197035322,323.4345527172463,0.08456188153893515,0.945446067802414,91.7901719503224,,,,,,,,,,,,,,,,,,,,,,,,,,,,,1,FIRST_UPWARD_CROSSING,charge_timeseries/cycle-046.csv,,,1401130.685150815,1408798.0236766944,SOC_UPPER_BOUND_NOT_REACHED,SOC_UPPER_BOUND_NOT_REACHED,False,False,3,charge-efficiency-v1
46,virtual,40-60,40.0,60.0,40.0,60.0,100.0,NEGATIVE_PARTICLE_LITHIUM_DELTA_OVER_FROZEN_Q_REF_V1,4.855571466149088,25,20.0,W10_80_PERCENT_DISCHARGE_WINDOW,14.55,3.0000000000000004,2.996557686656702,4.85,99.7336579749329,4.855571466149088,25,,,,0.9154747819793976,0.07882150587459101,0.11505511132333746,0.9711142932298173,,,,,-0.05566824228237879,0.05566824228237879,,,8.160654177014753e-07,,,1.4099540399555022e-05,106.07766727665819,99.9968616249705,1.3815426141761122e-05,0.0015090995856696394,0.0015090995856696394,SOC_UPPER_BOUND_NOT_REACHED,1401454.1197035322,1401737.8647849446,283.7450814123575,0.0,0.9154747819793976,100.0,,,,,,,,,,,,,,,,,,,,,,,,,,,,,1,FIRST_UPWARD_CROSSING,charge_timeseries/cycle-046.csv,,,1401130.685150815,1408798.0236766944,SOC_UPPER_BOUND_NOT_REACHED,SOC_UPPER_BOUND_NOT_REACHED,False,False,3,charge-efficiency-v1
46,virtual,60-80,60.0,80.0,60.0,80.0,100.0,NEGATIVE_PARTICLE_LITHIUM_DELTA_OVER_FROZEN_Q_REF_V1,4.855571466149088,25,20.0,W10_80_PERCENT_DISCHARGE_WINDOW,14.55,3.0000000000000004,2.996557686656702,4.85,99.7336579749329,4.855571466149088,25,,,,0.9787563691713808,0.11505511132333746,0.15128871677208391,0.9711142932298177,,,,,0.007614899530488674,0.0,,,7.335326050690594e-06,,,5.958155877992116e-05,99.21920549564005,99.99722337325912,-3.974047375621126e-05,-0.004060302952598481,0.004060302952598481,SOC_UPPER_BOUND_NOT_REACHED,1401737.8647849446,1404796.3582628588,3058.493477914227,0.21993794441125986,0.758818424760121,77.5288364562613,,,,,,,,,,,,,,,,,,,,,,,,,,,,,1,FIRST_UPWARD_CROSSING,charge_timeseries/cycle-046.csv,,,1401130.685150815,1408798.0236766944,SOC_UPPER_BOUND_NOT_REACHED,SOC_UPPER_BOUND_NOT_REACHED,False,False,3,charge-efficiency-v1
46,virtual,80-100,80.0,100.0,80.0,,0.0,NEGATIVE_PARTICLE_LITHIUM_DELTA_OVER_FROZEN_Q_REF_V1,4.855571466149088,25,20.0,W10_80_PERCENT_DISCHARGE_WINDOW,14.55,3.0000000000000004,2.996557686656702,4.85,99.7336579749329,4.855571466149088,25,,,,,,,,,,,,,,,,,,,,,,,,,,,,,,,,,,,,,,,,,,,,,,,,,,,,,,,,,,,,0,FIRST_UPWARD_CROSSING,charge_timeseries/cycle-046.csv,,,1401130.685150815,1408798.0236766944,SOC_UPPER_BOUND_NOT_REACHED,SOC_UPPER_BOUND_NOT_REACHED,False,False,3,charge-efficiency-v1
47,virtual,20-40,20.0,40.0,20.0,40.0,100.0,NEGATIVE_PARTICLE_LITHIUM_DELTA_OVER_FROZEN_Q_REF_V1,4.855571466149088,25,20.0,W10_80_PERCENT_DISCHARGE_WINDOW,14.55,3.0000000000000004,2.996557686656702,4.85,99.7336579749329,4.855571466149088,25,,,,1.0793264502262514,0.04257511529765781,0.07880872074640426,0.9711142932298173,,,,,0.10823739644574447,0.0,,,8.706265405567133e-06,,,7.988088927941839e-06,89.97410311090307,100.00233844443495,-4.193380364370114e-05,-0.00388518261874439,0.00388518261874439,SOC_UPPER_BOUND_NOT_REACHED,1432355.8487064145,1432698.188574119,342.33986770446523,0.084232587845032,0.9950938623812194,92.19581917710116,,,,,,,,,,,,,,,,,,,,,,,,,,,,,1,FIRST_UPWARD_CROSSING,charge_timeseries/cycle-047.csv,,,1432355.8487064145,1440069.2712305905,SOC_UPPER_BOUND_NOT_REACHED,SOC_UPPER_BOUND_NOT_REACHED,False,False,3,charge-efficiency-v1
47,virtual,40-60,40.0,60.0,40.0,60.0,100.0,NEGATIVE_PARTICLE_LITHIUM_DELTA_OVER_FROZEN_Q_REF_V1,4.855571466149088,25,20.0,W10_80_PERCENT_DISCHARGE_WINDOW,14.55,3.0000000000000004,2.996557686656702,4.85,99.7336579749329,4.855571466149088,25,,,,0.9614808048938183,0.07880872074640426,0.11504232619515072,0.9711142932298177,,,,,-0.00968661252034446,0.00968661252034446,,,1.2345383713286383e-05,,,1.5553585024384586e-05,101.00194286635428,99.99447475351826,2.5225215607327378e-05,0.002623579740639039,0.002623579740639039,SOC_UPPER_BOUND_NOT_REACHED,1432698.188574119,1433040.8055352164,342.61696109751523,0.0,0.9614808048938183,100.0,,,,,,,,,,,,,,,,,,,,,,,,,,,,,1,FIRST_UPWARD_CROSSING,charge_timeseries/cycle-047.csv,,,1432355.8487064145,1440069.2712305905,SOC_UPPER_BOUND_NOT_REACHED,SOC_UPPER_BOUND_NOT_REACHED,False,False,3,charge-efficiency-v1
47,virtual,60-80,60.0,80.0,60.0,80.0,100.0,NEGATIVE_PARTICLE_LITHIUM_DELTA_OVER_FROZEN_Q_REF_V1,4.855571466149088,25,20.0,W10_80_PERCENT_DISCHARGE_WINDOW,14.55,3.0000000000000004,2.996557686656702,4.85,99.7336579749329,4.855571466149088,25,,,,0.8870879324119573,0.11504232619515072,0.15127593164389716,0.9711142932298173,,,,,-0.08409582165770801,0.08409582165770801,,,3.7558166354464094e-05,,,5.523446513278074e-05,109.47215690212307,99.99216979091813,-2.333179163926946e-05,-0.0026301554543562817,0.0026301554543562817,SOC_UPPER_BOUND_NOT_REACHED,1433040.8055352164,1436079.087840311,3038.2823050946436,0.22185500640381037,0.6652329260081469,74.9906409164427,,,,,,,,,,,,,,,,,,,,,,,,,,,,,1,FIRST_UPWARD_CROSSING,charge_timeseries/cycle-047.csv,,,1432355.8487064145,1440069.2712305905,SOC_UPPER_BOUND_NOT_REACHED,SOC_UPPER_BOUND_NOT_REACHED,False,False,3,charge-efficiency-v1
47,virtual,80-100,80.0,100.0,80.0,,0.0,NEGATIVE_PARTICLE_LITHIUM_DELTA_OVER_FROZEN_Q_REF_V1,4.855571466149088,25,20.0,W10_80_PERCENT_DISCHARGE_WINDOW,14.55,3.0000000000000004,2.996557686656702,4.85,99.7336579749329,4.855571466149088,25,,,,,,,,,,,,,,,,,,,,,,,,,,,,,,,,,,,,,,,,,,,,,,,,,,,,,,,,,,,,0,FIRST_UPWARD_CROSSING,charge_timeseries/cycle-047.csv,,,1432355.8487064145,1440069.2712305905,SOC_UPPER_BOUND_NOT_REACHED,SOC_UPPER_BOUND_NOT_REACHED,False,False,3,charge-efficiency-v1
48,virtual,20-40,20.0,40.0,20.0,40.0,100.0,NEGATIVE_PARTICLE_LITHIUM_DELTA_OVER_FROZEN_Q_REF_V1,4.855571466149088,25,20.0,W10_80_PERCENT_DISCHARGE_WINDOW,14.55,3.0000000000000004,2.996557686656702,4.85,99.7336579749329,4.855571466149088,25,,,,1.0779177923506815,0.04256216336260899,0.07879576881135544,0.9711142932298176,,,,,0.106816390532516,0.0,,,8.501043900072114e-06,,,7.900750523620603e-06,90.0916841823391,100.00119595499244,-2.9293206075697853e-05,-0.0027175732958091693,0.0027175732958091693,SOC_UPPER_BOUND_NOT_REACHED,1463627.0964349182,1463969.3714689873,342.2750340689908,0.08390862108829203,0.9940091712623895,92.2156752876945,,,,,,,,,,,,,,,,,,,,,,,,,,,,,1,FIRST_UPWARD_CROSSING,charge_timeseries/cycle-048.csv,,,1463627.0964349182,1471347.2692862933,SOC_UPPER_BOUND_NOT_REACHED,SOC_UPPER_BOUND_NOT_REACHED,False,False,3,charge-efficiency-v1
48,virtual,40-60,40.0,60.0,40.0,60.0,100.0,NEGATIVE_PARTICLE_LITHIUM_DELTA_OVER_FROZEN_Q_REF_V1,4.855571466149088,25,20.0,W10_80_PERCENT_DISCHARGE_WINDOW,14.55,3.0000000000000004,2.996557686656702,4.85,99.7336579749329,4.855571466149088,25,,,,0.9617300058021245,0.07879576881135544,0.11502937426010189,0.9711142932298173,,,,,-0.009447297676118127,0.009447297676118127,,,1.2080517371475773e-05,,,1.539212005533669e-05,100.97577151290668,99.99344823931402,3.5537610998614966e-05,0.0036951754426103258,0.0036951754426103258,SOC_UPPER_BOUND_NOT_REACHED,1463969.3714689873,1464312.1091016703,342.7376326831247,0.0,0.9617300058021245,100.0,,,,,,,,,,,,,,,,,,,,,,,,,,,,,1,FIRST_UPWARD_CROSSING,charge_timeseries/cycle-048.csv,,,1463627.0964349182,1471347.2692862933,SOC_UPPER_BOUND_NOT_REACHED,SOC_UPPER_BOUND_NOT_REACHED,False,False,3,charge-efficiency-v1
48,virtual,60-80,60.0,80.0,60.0,80.0,100.0,NEGATIVE_PARTICLE_LITHIUM_DELTA_OVER_FROZEN_Q_REF_V1,4.855571466149088,25,20.0,W10_80_PERCENT_DISCHARGE_WINDOW,14.55,3.0000000000000004,2.996557686656702,4.85,99.7336579749329,4.855571466149088,25,,,,0.8881862247004846,0.11502937426010189,0.15126297970884833,0.9711142932298173,,,,,-0.08299685100807352,0.08299685100807352,,,3.685291370007348e-05,,,5.4731567061649944e-05,109.33678841476042,99.99225584941222,-2.2802002020982926e-05,-0.0025672546349919186,0.0025672546349919186,SOC_UPPER_BOUND_NOT_REACHED,1464312.1091016703,1467356.2514763025,3044.142374632152,0.22174382892939642,0.6664423957710881,75.0340837582599,,,,,,,,,,,,,,,,,,,,,,,,,,,,,1,FIRST_UPWARD_CROSSING,charge_timeseries/cycle-048.csv,,,1463627.0964349182,1471347.2692862933,SOC_UPPER_BOUND_NOT_REACHED,SOC_UPPER_BOUND_NOT_REACHED,False,False,3,charge-efficiency-v1
48,virtual,80-100,80.0,100.0,80.0,,0.0,NEGATIVE_PARTICLE_LITHIUM_DELTA_OVER_FROZEN_Q_REF_V1,4.855571466149088,25,20.0,W10_80_PERCENT_DISCHARGE_WINDOW,14.55,3.0000000000000004,2.996557686656702,4.85,99.7336579749329,4.855571466149088,25,,,,,,,,,,,,,,,,,,,,,,,,,,,,,,,,,,,,,,,,,,,,,,,,,,,,,,,,,,,,0,FIRST_UPWARD_CROSSING,charge_timeseries/cycle-048.csv,,,1463627.0964349182,1471347.2692862933,SOC_UPPER_BOUND_NOT_REACHED,SOC_UPPER_BOUND_NOT_REACHED,False,False,3,charge-efficiency-v1
49,virtual,20-40,20.0,40.0,20.0,40.0,100.0,NEGATIVE_PARTICLE_LITHIUM_DELTA_OVER_FROZEN_Q_REF_V1,4.855571466149088,25,20.0,W10_80_PERCENT_DISCHARGE_WINDOW,14.55,3.0000000000000004,2.996557686656702,4.85,99.7336579749329,4.855571466149088,25,,,,1.0784063052815929,0.04254875630796231,0.07878236175670876,0.9711142932298176,,,,,0.10730360880145773,0.0,,,8.482900857390181e-06,,,7.838889758485235e-06,90.05087307758654,100.00107535996644,-2.7918540298266237e-05,-0.002588870276586167,0.002588870276586167,SOC_UPPER_BOUND_NOT_REACHED,1494905.0945779905,1495248.1299066427,343.0353286521527,0.08358920423724402,0.994817101044349,92.24882089173086,,,,,,,,,,,,,,,,,,,,,,,,,,,,,1,FIRST_UPWARD_CROSSING,charge_timeseries/cycle-049.csv,,,1494905.0945779905,1502632.413850816,SOC_UPPER_BOUND_NOT_REACHED,SOC_UPPER_BOUND_NOT_REACHED,False,False,3,charge-efficiency-v1
49,virtual,40-60,40.0,60.0,40.0,60.0,100.0,NEGATIVE_PARTICLE_LITHIUM_DELTA_OVER_FROZEN_Q_REF_V1,4.855571466149088,25,20.0,W10_80_PERCENT_DISCHARGE_WINDOW,14.55,3.0000000000000004,2.996557686656702,4.85,99.7336579749329,4.855571466149088,25,,,,0.961621413125587,0.07878236175670876,0.11501596720545522,0.9711142932298177,,,,,-0.009552196518661085,0.009552196518661085,,,1.2041835976890972e-05,,,1.5253717155459812e-05,100.9871743676522,99.99383162504279,3.202086129805437e-05,0.003329882307214437,0.003329882307214437,SOC_UPPER_BOUND_NOT_REACHED,1495248.1299066427,1495591.5296931593,343.39978651655355,0.0,0.961621413125587,100.0,,,,,,,,,,,,,,,,,,,,,,,,,,,,,1,FIRST_UPWARD_CROSSING,charge_timeseries/cycle-049.csv,,,1494905.0945779905,1502632.413850816,SOC_UPPER_BOUND_NOT_REACHED,SOC_UPPER_BOUND_NOT_REACHED,False,False,3,charge-efficiency-v1
49,virtual,60-80,60.0,80.0,60.0,80.0,100.0,NEGATIVE_PARTICLE_LITHIUM_DELTA_OVER_FROZEN_Q_REF_V1,4.855571466149088,25,20.0,W10_80_PERCENT_DISCHARGE_WINDOW,14.55,3.0000000000000004,2.996557686656702,4.85,99.7336579749329,4.855571466149088,25,,,,0.8877699634116053,0.11501596720545522,0.15124957265420166,0.9711142932298173,,,,,-0.08340243923896111,0.08340243923896111,,,3.66343570517404e-05,,,5.419961925214045e-05,109.38805470483915,99.9934544506861,-3.2724555554808354e-05,-0.003686152596225646,0.003686152596225646,SOC_UPPER_BOUND_NOT_REACHED,1495591.5296931593,1498640.6878805365,3049.1581873773566,0.2216486015399238,0.6661213618716815,75.03310421900828,,,,,,,,,,,,,,,,,,,,,,,,,,,,,1,FIRST_UPWARD_CROSSING,charge_timeseries/cycle-049.csv,,,1494905.0945779905,1502632.413850816,SOC_UPPER_BOUND_NOT_REACHED,SOC_UPPER_BOUND_NOT_REACHED,False,False,3,charge-efficiency-v1
49,virtual,80-100,80.0,100.0,80.0,,0.0,NEGATIVE_PARTICLE_LITHIUM_DELTA_OVER_FROZEN_Q_REF_V1,4.855571466149088,25,20.0,W10_80_PERCENT_DISCHARGE_WINDOW,14.55,3.0000000000000004,2.996557686656702,4.85,99.7336579749329,4.855571466149088,25,,,,,,,,,,,,,,,,,,,,,,,,,,,,,,,,,,,,,,,,,,,,,,,,,,,,,,,,,,,,0,FIRST_UPWARD_CROSSING,charge_timeseries/cycle-049.csv,,,1494905.0945779905,1502632.413850816,SOC_UPPER_BOUND_NOT_REACHED,SOC_UPPER_BOUND_NOT_REACHED,False,False,3,charge-efficiency-v1
50,virtual,20-40,20.0,40.0,20.0,40.0,100.0,NEGATIVE_PARTICLE_LITHIUM_DELTA_OVER_FROZEN_Q_REF_V1,4.855571466149088,25,20.0,W10_80_PERCENT_DISCHARGE_WINDOW,14.55,3.0000000000000004,2.996557686656702,4.85,99.7336579749329,4.855571466149088,25,,,,1.0792738033732536,0.04253544622483863,0.07876905167358507,0.9711142932298172,,,,,0.10817181872060824,0.0,,,8.48913045114856e-06,,,7.783592175417131e-06,89.97849203738797,100.00114044991487,-2.8581299798435822e-05,-0.002648197307217632,0.002648197307217632,SOC_UPPER_BOUND_NOT_REACHED,1526190.2394278508,1526534.1902836093,343.9508557586124,0.08327404511524424,0.9959997582580093,92.28425216520844,,,,,,,,,,,,,,,,,,,,,,,,,,,,,1,FIRST_UPWARD_CROSSING,charge_timeseries/cycle-050.csv,,,1526190.2394278508,1533924.970380521,SOC_UPPER_BOUND_NOT_REACHED,SOC_UPPER_BOUND_NOT_REACHED,False,False,3,charge-efficiency-v1
50,virtual,40-60,40.0,60.0,40.0,60.0,100.0,NEGATIVE_PARTICLE_LITHIUM_DELTA_OVER_FROZEN_Q_REF_V1,4.855571466149088,25,20.0,W10_80_PERCENT_DISCHARGE_WINDOW,14.55,3.0000000000000004,2.996557686656702,4.85,99.7336579749329,4.855571466149088,25,,,,0.9614551753505232,0.07876905167358507,0.11500265712233153,0.9711142932298177,,,,,-0.009725696250757448,0.009725696250757448,,,1.2049546657081668e-05,,,1.5122707060541418e-05,101.00463527857895,99.99307524956234,3.940611774533309e-05,0.004098591255797919,0.004098591255797919,SOC_UPPER_BOUND_NOT_REACHED,1526534.1902836093,1526878.379630896,344.18934728652914,0.0,0.9614551753505232,100.0,,,,,,,,,,,,,,,,,,,,,,,,,,,,,1,FIRST_UPWARD_CROSSING,charge_timeseries/cycle-050.csv,,,1526190.2394278508,1533924.970380521,SOC_UPPER_BOUND_NOT_REACHED,SOC_UPPER_BOUND_NOT_REACHED,False,False,3,charge-efficiency-v1
50,virtual,60-80,60.0,80.0,60.0,80.0,100.0,NEGATIVE_PARTICLE_LITHIUM_DELTA_OVER_FROZEN_Q_REF_V1,4.855571466149088,25,20.0,W10_80_PERCENT_DISCHARGE_WINDOW,14.55,3.0000000000000004,2.996557686656702,4.85,99.7336579749329,4.855571466149088,25,,,,0.8870894085604988,0.11500265712233153,0.15123626257107797,0.9711142932298173,,,,,-0.08410922373806985,0.08410922373806985,,,3.651669984974272e-05,,,5.3674306053019816e-05,109.47197473653391,99.9904926078547,-5.851937151524211e-06,-0.0006596783926233873,0.0006596783926233873,SOC_UPPER_BOUND_NOT_REACHED,1526878.379630896,1529932.5368423434,3054.1572114473793,0.22155942774513732,0.6655299808153615,75.02400258563935,,,,,,,,,,,,,,,,,,,,,,,,,,,,,1,FIRST_UPWARD_CROSSING,charge_timeseries/cycle-050.csv,,,1526190.2394278508,1533924.970380521,SOC_UPPER_BOUND_NOT_REACHED,SOC_UPPER_BOUND_NOT_REACHED,False,False,3,charge-efficiency-v1
50,virtual,80-100,80.0,100.0,80.0,,0.0,NEGATIVE_PARTICLE_LITHIUM_DELTA_OVER_FROZEN_Q_REF_V1,4.855571466149088,25,20.0,W10_80_PERCENT_DISCHARGE_WINDOW,14.55,3.0000000000000004,2.996557686656702,4.85,99.7336579749329,4.855571466149088,25,,,,,,,,,,,,,,,,,,,,,,,,,,,,,,,,,,,,,,,,,,,,,,,,,,,,,,,,,,,,0,FIRST_UPWARD_CROSSING,charge_timeseries/cycle-050.csv,,,1526190.2394278508,1533924.970380521,SOC_UPPER_BOUND_NOT_REACHED,SOC_UPPER_BOUND_NOT_REACHED,False,False,3,charge-efficiency-v1
51,virtual,20-40,20.0,40.0,20.0,40.0,100.0,NEGATIVE_PARTICLE_LITHIUM_DELTA_OVER_FROZEN_Q_REF_V1,4.855571466149088,25,20.0,W10_80_PERCENT_DISCHARGE_WINDOW,14.55,3.0000000000000004,2.996557686656702,4.85,99.7336579749329,4.855571466149088,25,,,,1.0798300855490632,0.042522222666097925,0.07875582811484437,0.9711142932298173,,,,,0.10872974649637697,0.0,,,8.482628552002741e-06,,,7.726308530693615e-06,89.93213897499744,100.00129225674648,-3.0163114213888065e-05,-0.0027933204137900055,0.0027933204137900055,SOC_UPPER_BOUND_NOT_REACHED,1557482.7960394146,1557827.5320072684,344.7359678538882,0.08296297330942831,0.9968671122396349,92.3170344649877,,,,,,,,,,,,,,,,,,,,,,,,,,,,,1,FIRST_UPWARD_CROSSING,charge_timeseries/cycle-051.csv,,,1557482.7960394146,1565224.8004486922,SOC_UPPER_BOUND_NOT_REACHED,SOC_UPPER_BOUND_NOT_REACHED,False,False,3,charge-efficiency-v1
51,virtual,40-60,40.0,60.0,40.0,60.0,100.0,NEGATIVE_PARTICLE_LITHIUM_DELTA_OVER_FROZEN_Q_REF_V1,4.855571466149088,25,20.0,W10_80_PERCENT_DISCHARGE_WINDOW,14.55,3.0000000000000004,2.996557686656702,4.85,99.7336579749329,4.855571466149088,25,,,,0.9613155536659115,0.07875582811484437,0.11498943356359083,0.9711142932298177,,,,,-0.009843349764678044,0.009843349764678044,,,1.2021989956415534e-05,,,1.4992886875946076e-05,101.0193052142493,99.99535946333108,1.7595323939523233e-05,0.0018303380063314967,0.0018303380063314967,SOC_UPPER_BOUND_NOT_REACHED,1557827.5320072684,1558172.3913422592,344.85933499066795,0.0,0.9613155536659115,100.0,,,,,,,,,,,,,,,,,,,,,,,,,,,,,1,FIRST_UPWARD_CROSSING,charge_timeseries/cycle-051.csv,,,1557482.7960394146,1565224.8004486922,SOC_UPPER_BOUND_NOT_REACHED,SOC_UPPER_BOUND_NOT_REACHED,False,False,3,charge-efficiency-v1
51,virtual,60-80,60.0,80.0,60.0,80.0,100.0,NEGATIVE_PARTICLE_LITHIUM_DELTA_OVER_FROZEN_Q_REF_V1,4.855571466149088,25,20.0,W10_80_PERCENT_DISCHARGE_WINDOW,14.55,3.0000000000000004,2.996557686656702,4.85,99.7336579749329,4.855571466149088,25,,,,0.8866062855478789,0.11498943356359083,0.15122303901233727,0.9711142932298173,,,,,-0.08457074122087771,0.08457074122087771,,,3.632826670076344e-05,,,5.317292614666347e-05,109.5316274043463,99.99292430699377,-2.676765390818847e-05,-0.0030191139341683533,0.0030191139341683533,SOC_UPPER_BOUND_NOT_REACHED,1558172.3913422592,1561231.562854847,3059.1715125878463,0.22146621546474976,0.6651400700831291,75.02090622695117,,,,,,,,,,,,,,,,,,,,,,,,,,,,,1,FIRST_UPWARD_CROSSING,charge_timeseries/cycle-051.csv,,,1557482.7960394146,1565224.8004486922,SOC_UPPER_BOUND_NOT_REACHED,SOC_UPPER_BOUND_NOT_REACHED,False,False,3,charge-efficiency-v1
51,virtual,80-100,80.0,100.0,80.0,,0.0,NEGATIVE_PARTICLE_LITHIUM_DELTA_OVER_FROZEN_Q_REF_V1,4.855571466149088,25,20.0,W10_80_PERCENT_DISCHARGE_WINDOW,14.55,3.0000000000000004,2.996557686656702,4.85,99.7336579749329,4.855571466149088,25,,,,,,,,,,,,,,,,,,,,,,,,,,,,,,,,,,,,,,,,,,,,,,,,,,,,,,,,,,,,0,FIRST_UPWARD_CROSSING,charge_timeseries/cycle-051.csv,,,1557482.7960394146,1565224.8004486922,SOC_UPPER_BOUND_NOT_REACHED,SOC_UPPER_BOUND_NOT_REACHED,False,False,3,charge-efficiency-v1
52,virtual,20-40,20.0,40.0,20.0,40.0,100.0,NEGATIVE_PARTICLE_LITHIUM_DELTA_OVER_FROZEN_Q_REF_V1,4.855571466149088,25,20.0,W10_80_PERCENT_DISCHARGE_WINDOW,14.55,3.0000000000000004,2.996557686656702,4.85,99.7336579749329,4.855571466149088,25,,,,1.0815379151367832,0.04250909999968743,0.07874270544843388,0.9711142932298176,,,,,0.11043283202250603,0.0,,,8.57929447233615e-06,,,7.68426854001053e-06,89.7901293739665,100.00085157583581,-2.547367855276761e-05,-0.0023553199750325836,0.0023553199750325836,SOC_UPPER_BOUND_NOT_REACHED,1588782.6263615177,1589128.6459690402,346.01960752257395,0.08265601337711884,0.9988819017596643,92.35754824492997,,,,,,,,,,,,,,,,,,,,,,,,,,,,,1,FIRST_UPWARD_CROSSING,charge_timeseries/cycle-052.csv,,,1588782.6263615177,1596532.3001116824,SOC_UPPER_BOUND_NOT_REACHED,SOC_UPPER_BOUND_NOT_REACHED,False,False,3,charge-efficiency-v1
52,virtual,40-60,40.0,60.0,40.0,60.0,100.0,NEGATIVE_PARTICLE_LITHIUM_DELTA_OVER_FROZEN_Q_REF_V1,4.855571466149088,25,20.0,W10_80_PERCENT_DISCHARGE_WINDOW,14.55,3.0000000000000004,2.996557686656702,4.85,99.7336579749329,4.855571466149088,25,,,,0.9610149608385127,0.07874270544843388,0.11497631089718033,0.9711142932298173,,,,,-0.010173174847503352,0.010173174847503352,,,1.2126816245280024e-05,,,1.4878289365180541e-05,101.05090272293917,99.99231620118232,4.6837350588191384e-05,0.004873737922594303,0.004873737922594303,SOC_UPPER_BOUND_NOT_REACHED,1589128.6459690402,1589474.5361743888,345.89020534856087,0.0,0.9610149608385127,100.0,,,,,,,,,,,,,,,,,,,,,,,,,,,,,1,FIRST_UPWARD_CROSSING,charge_timeseries/cycle-052.csv,,,1588782.6263615177,1596532.3001116824,SOC_UPPER_BOUND_NOT_REACHED,SOC_UPPER_BOUND_NOT_REACHED,False,False,3,charge-efficiency-v1
52,virtual,60-80,60.0,80.0,60.0,80.0,100.0,NEGATIVE_PARTICLE_LITHIUM_DELTA_OVER_FROZEN_Q_REF_V1,4.855571466149088,25,20.0,W10_80_PERCENT_DISCHARGE_WINDOW,14.55,3.0000000000000004,2.996557686656702,4.85,99.7336579749329,4.855571466149088,25,,,,0.8852424973602484,0.11497631089718033,0.1512099163459268,0.9711142932298177,,,,,-0.08593118619219262,0.08593118619219262,,,3.6419587593172244e-05,,,5.265920232481319e-05,109.70036979987233,99.99329106738544,-2.968846729456409e-05,-0.0033537101283652453,0.0033537101283652453,SOC_UPPER_BOUND_NOT_REACHED,1589474.5361743888,1592538.3544022269,3063.818227838057,0.22139162919683647,0.6638508681634119,74.99084941617511,,,,,,,,,,,,,,,,,,,,,,,,,,,,,1,FIRST_UPWARD_CROSSING,charge_timeseries/cycle-052.csv,,,1588782.6263615177,1596532.3001116824,SOC_UPPER_BOUND_NOT_REACHED,SOC_UPPER_BOUND_NOT_REACHED,False,False,3,charge-efficiency-v1
52,virtual,80-100,80.0,100.0,80.0,,0.0,NEGATIVE_PARTICLE_LITHIUM_DELTA_OVER_FROZEN_Q_REF_V1,4.855571466149088,25,20.0,W10_80_PERCENT_DISCHARGE_WINDOW,14.55,3.0000000000000004,2.996557686656702,4.85,99.7336579749329,4.855571466149088,25,,,,,,,,,,,,,,,,,,,,,,,,,,,,,,,,,,,,,,,,,,,,,,,,,,,,,,,,,,,,0,FIRST_UPWARD_CROSSING,charge_timeseries/cycle-052.csv,,,1588782.6263615177,1596532.3001116824,SOC_UPPER_BOUND_NOT_REACHED,SOC_UPPER_BOUND_NOT_REACHED,False,False,3,charge-efficiency-v1
53,virtual,20-40,20.0,40.0,20.0,40.0,100.0,NEGATIVE_PARTICLE_LITHIUM_DELTA_OVER_FROZEN_Q_REF_V1,4.855571466149088,25,20.0,W10_80_PERCENT_DISCHARGE_WINDOW,14.55,3.0000000000000004,2.996557686656702,4.85,99.7336579749329,4.855571466149088,25,,,,1.0807448189906368,0.042496043373623865,0.07872964882237031,0.9711142932298173,,,,,0.10965747780934197,0.0,,,8.447622649596781e-06,,,7.615003076139049e-06,89.85602115925857,100.00249384017845,-4.301467424827621e-05,-0.00398009534650833,0.00398009534650833,SOC_UPPER_BOUND_NOT_REACHED,1620090.1260242753,1620436.3429671247,346.2169428492337,0.08235283994209595,0.9983919790485408,92.37999215957292,,,,,,,,,,,,,,,,,,,,,,,,,,,,,1,FIRST_UPWARD_CROSSING,charge_timeseries/cycle-053.csv,,,1620090.1260242753,1627846.7728538204,SOC_UPPER_BOUND_NOT_REACHED,SOC_UPPER_BOUND_NOT_REACHED,False,False,3,charge-efficiency-v1
53,virtual,40-60,40.0,60.0,40.0,60.0,100.0,NEGATIVE_PARTICLE_LITHIUM_DELTA_OVER_FROZEN_Q_REF_V1,4.855571466149088,25,20.0,W10_80_PERCENT_DISCHARGE_WINDOW,14.55,3.0000000000000004,2.996557686656702,4.85,99.7336579749329,4.855571466149088,25,,,,0.9611128209131966,0.07872964882237031,0.11496325427111677,0.9711142932298177,,,,,-0.010045457786790543,0.010045457786790543,,,1.1951157717357032e-05,,,1.4742932242330087e-05,101.04061376552215,99.99542348523374,1.7291380209782936e-05,0.001799099942642906,0.001799099942642906,SOC_UPPER_BOUND_NOT_REACHED,1620436.3429671247,1620782.509217399,346.16625027438994,0.0,0.9611128209131966,100.0,,,,,,,,,,,,,,,,,,,,,,,,,,,,,1,FIRST_UPWARD_CROSSING,charge_timeseries/cycle-053.csv,,,1620090.1260242753,1627846.7728538204,SOC_UPPER_BOUND_NOT_REACHED,SOC_UPPER_BOUND_NOT_REACHED,False,False,3,charge-efficiency-v1
53,virtual,60-80,60.0,80.0,60.0,80.0,100.0,NEGATIVE_PARTICLE_LITHIUM_DELTA_OVER_FROZEN_Q_REF_V1,4.855571466149088,25,20.0,W10_80_PERCENT_DISCHARGE_WINDOW,14.55,3.0000000000000004,2.996557686656702,4.85,99.7336579749329,4.855571466149088,25,,,,0.8858309699492407,0.11496325427111677,0.15119685971986319,0.9711142932298166,,,,,-0.08534427835085426,0.08534427835085426,,,3.59250069135713e-05,,,5.221590235103546e-05,109.62749397726101,99.99311888245657,-2.7185838986198974e-05,-0.0030689646115846184,0.0030689646115846184,SOC_UPPER_BOUND_NOT_REACHED,1620782.509217399,1623851.812820727,3069.303603328027,0.2212817783144212,0.6645491916348195,75.01986430581661,,,,,,,,,,,,,,,,,,,,,,,,,,,,,1,FIRST_UPWARD_CROSSING,charge_timeseries/cycle-053.csv,,,1620090.1260242753,1627846.7728538204,SOC_UPPER_BOUND_NOT_REACHED,SOC_UPPER_BOUND_NOT_REACHED,False,False,3,charge-efficiency-v1
53,virtual,80-100,80.0,100.0,80.0,,0.0,NEGATIVE_PARTICLE_LITHIUM_DELTA_OVER_FROZEN_Q_REF_V1,4.855571466149088,25,20.0,W10_80_PERCENT_DISCHARGE_WINDOW,14.55,3.0000000000000004,2.996557686656702,4.85,99.7336579749329,4.855571466149088,25,,,,,,,,,,,,,,,,,,,,,,,,,,,,,,,,,,,,,,,,,,,,,,,,,,,,,,,,,,,,0,FIRST_UPWARD_CROSSING,charge_timeseries/cycle-053.csv,,,1620090.1260242753,1627846.7728538204,SOC_UPPER_BOUND_NOT_REACHED,SOC_UPPER_BOUND_NOT_REACHED,False,False,3,charge-efficiency-v1
54,virtual,20-40,20.0,40.0,20.0,40.0,100.0,NEGATIVE_PARTICLE_LITHIUM_DELTA_OVER_FROZEN_Q_REF_V1,4.855571466149088,25,20.0,W10_80_PERCENT_DISCHARGE_WINDOW,14.55,3.0000000000000004,2.996557686656702,4.85,99.7336579749329,4.855571466149088,25,,,,1.0813742227555516,0.04248308649832543,0.07871669194707188,0.9711142932298176,,,,,0.1102731112370597,0.0,,,8.446375920703915e-06,,,7.563637209787033e-06,89.80372130151483,100.00121897776442,-2.9191724456145707e-05,-0.0026995025257546385,0.0026995025257546385,SOC_UPPER_BOUND_NOT_REACHED,1651404.5987896111,1651751.63205015,347.03326053885775,0.08205341264979733,0.9993208101057542,92.41211683031344,,,,,,,,,,,,,,,,,,,,,,,,,,,,,1,FIRST_UPWARD_CROSSING,charge_timeseries/cycle-054.csv,,,1651404.5987896111,1659168.6863489759,SOC_UPPER_BOUND_NOT_REACHED,SOC_UPPER_BOUND_NOT_REACHED,False,False,3,charge-efficiency-v1
54,virtual,40-60,40.0,60.0,40.0,60.0,100.0,NEGATIVE_PARTICLE_LITHIUM_DELTA_OVER_FROZEN_Q_REF_V1,4.855571466149088,25,20.0,W10_80_PERCENT_DISCHARGE_WINDOW,14.55,3.0000000000000004,2.996557686656702,4.85,99.7336579749329,4.855571466149088,25,,,,0.9609947548166192,0.07871669194707188,0.11495029739581833,0.9711142932298173,,,,,-0.010175753906926419,0.010175753906926419,,,1.193506494660216e-05,,,1.4625079278629549e-05,101.05302743459086,99.9941502808994,2.965534950305493e-05,0.003085901286601078,0.003085901286601078,SOC_UPPER_BOUND_NOT_REACHED,1651751.63205015,1652098.4952351537,346.86318500367616,0.0,0.9609947548166192,100.0,,,,,,,,,,,,,,,,,,,,,,,,,,,,,1,FIRST_UPWARD_CROSSING,charge_timeseries/cycle-054.csv,,,1651404.5987896111,1659168.6863489759,SOC_UPPER_BOUND_NOT_REACHED,SOC_UPPER_BOUND_NOT_REACHED,False,False,3,charge-efficiency-v1
54,virtual,60-80,60.0,80.0,60.0,80.0,100.0,NEGATIVE_PARTICLE_LITHIUM_DELTA_OVER_FROZEN_Q_REF_V1,4.855571466149088,25,20.0,W10_80_PERCENT_DISCHARGE_WINDOW,14.55,3.0000000000000004,2.996557686656702,4.85,99.7336579749329,4.855571466149088,25,,,,0.8853264478130107,0.11495029739581833,0.1511839028445648,0.9711142932298177,,,,,-0.08584912872834058,0.08584912872834058,,,3.576778705228784e-05,,,5.175441892778937e-05,109.68996754007806,99.99307788537381,-2.6238894446417582e-05,-0.0029637535974706905,0.0029637535974706905,SOC_UPPER_BOUND_NOT_REACHED,1652098.4952351537,1655172.8261271107,3074.3308919571564,0.22119261085752612,0.6641338369554847,75.01570054707729,,,,,,,,,,,,,,,,,,,,,,,,,,,,,1,FIRST_UPWARD_CROSSING,charge_timeseries/cycle-054.csv,,,1651404.5987896111,1659168.6863489759,SOC_UPPER_BOUND_NOT_REACHED,SOC_UPPER_BOUND_NOT_REACHED,False,False,3,charge-efficiency-v1
54,virtual,80-100,80.0,100.0,80.0,,0.0,NEGATIVE_PARTICLE_LITHIUM_DELTA_OVER_FROZEN_Q_REF_V1,4.855571466149088,25,20.0,W10_80_PERCENT_DISCHARGE_WINDOW,14.55,3.0000000000000004,2.996557686656702,4.85,99.7336579749329,4.855571466149088,25,,,,,,,,,,,,,,,,,,,,,,,,,,,,,,,,,,,,,,,,,,,,,,,,,,,,,,,,,,,,0,FIRST_UPWARD_CROSSING,charge_timeseries/cycle-054.csv,,,1651404.5987896111,1659168.6863489759,SOC_UPPER_BOUND_NOT_REACHED,SOC_UPPER_BOUND_NOT_REACHED,False,False,3,charge-efficiency-v1
55,virtual,20-40,20.0,40.0,20.0,40.0,100.0,NEGATIVE_PARTICLE_LITHIUM_DELTA_OVER_FROZEN_Q_REF_V1,4.855571466149088,25,20.0,W10_80_PERCENT_DISCHARGE_WINDOW,14.55,3.0000000000000004,2.996557686656702,4.85,99.7336579749329,4.855571466149088,25,,,,1.081414403997967,0.04247021003236871,0.07870381548111516,0.9711142932298173,,,,,0.11033190108901567,0.0,,,8.40147480559144e-06,,,7.507820380808772e-06,89.80038453710507,100.00293969830146,-4.7699616052332416e-05,-0.004410854513865167,0.004410854513865167,SOC_UPPER_BOUND_NOT_REACHED,1682726.5125045064,1683074.112365083,347.5998605766609,0.08175774825933528,0.9996566557386316,92.43973929355124,,,,,,,,,,,,,,,,,,,,,,,,,,,,,1,FIRST_UPWARD_CROSSING,charge_timeseries/cycle-055.csv,,,1682726.5125045064,1690497.83161268,SOC_UPPER_BOUND_NOT_REACHED,SOC_UPPER_BOUND_NOT_REACHED,False,False,3,charge-efficiency-v1
55,virtual,40-60,40.0,60.0,40.0,60.0,100.0,NEGATIVE_PARTICLE_LITHIUM_DELTA_OVER_FROZEN_Q_REF_V1,4.855571466149088,25,20.0,W10_80_PERCENT_DISCHARGE_WINDOW,14.55,3.0000000000000004,2.996557686656702,4.85,99.7336579749329,4.855571466149088,25,,,,0.9609691990105665,0.07870381548111516,0.11493742092986162,0.9711142932298177,,,,,-0.010202712913861128,0.010202712913861128,,,1.1858105426482655e-05,,,1.4505304670620056e-05,101.0557148168429,99.99400410599327,3.125528451286552e-05,0.003252475162059991,0.003252475162059991,SOC_UPPER_BOUND_NOT_REACHED,1683074.112365083,1683421.4993111016,347.38694601854814,0.0,0.9609691990105665,100.0,,,,,,,,,,,,,,,,,,,,,,,,,,,,,1,FIRST_UPWARD_CROSSING,charge_timeseries/cycle-055.csv,,,1682726.5125045064,1690497.83161268,SOC_UPPER_BOUND_NOT_REACHED,SOC_UPPER_BOUND_NOT_REACHED,False,False,3,charge-efficiency-v1
55,virtual,60-80,60.0,80.0,60.0,80.0,100.0,NEGATIVE_PARTICLE_LITHIUM_DELTA_OVER_FROZEN_Q_REF_V1,4.855571466149088,25,20.0,W10_80_PERCENT_DISCHARGE_WINDOW,14.55,3.0000000000000004,2.996557686656702,4.85,99.7336579749329,4.855571466149088,25,,,,0.8852508994054863,0.11493742092986162,0.15117102637860805,0.971114293229817,,,,,-0.08591639829456643,0.08591639829456643,,,3.5485951685252336e-05,,,5.131800235491646e-05,109.69932861768281,99.9940124917951,-3.3799483804441977e-05,-0.0038180682817877867,0.0038180682817877867,SOC_UPPER_BOUND_NOT_REACHED,1683421.4993111016,1686500.9848889257,3079.4855778240717,0.22109704298287666,0.6641538564226096,75.024363925373,,,,,,,,,,,,,,,,,,,,,,,,,,,,,1,FIRST_UPWARD_CROSSING,charge_timeseries/cycle-055.csv,,,1682726.5125045064,1690497.83161268,SOC_UPPER_BOUND_NOT_REACHED,SOC_UPPER_BOUND_NOT_REACHED,False,False,3,charge-efficiency-v1
55,virtual,80-100,80.0,100.0,80.0,,0.0,NEGATIVE_PARTICLE_LITHIUM_DELTA_OVER_FROZEN_Q_REF_V1,4.855571466149088,25,20.0,W10_80_PERCENT_DISCHARGE_WINDOW,14.55,3.0000000000000004,2.996557686656702,4.85,99.7336579749329,4.855571466149088,25,,,,,,,,,,,,,,,,,,,,,,,,,,,,,,,,,,,,,,,,,,,,,,,,,,,,,,,,,,,,0,FIRST_UPWARD_CROSSING,charge_timeseries/cycle-055.csv,,,1682726.5125045064,1690497.83161268,SOC_UPPER_BOUND_NOT_REACHED,SOC_UPPER_BOUND_NOT_REACHED,False,False,3,charge-efficiency-v1
56,virtual,20-40,20.0,40.0,20.0,40.0,100.0,NEGATIVE_PARTICLE_LITHIUM_DELTA_OVER_FROZEN_Q_REF_V1,4.855571466149088,25,20.0,W10_80_PERCENT_DISCHARGE_WINDOW,14.55,3.0000000000000004,2.996557686656702,4.85,99.7336579749329,4.855571466149088,25,,,,1.0815932731912035,0.042457414692247494,0.07869102014099394,0.9711142932298173,,,,,0.11050051409590733,0.0,,,8.376860871546835e-06,,,7.454648487899285e-06,89.78553373992224,100.00199096416877,-3.73656438805714e-05,-0.0034546853060878754,0.0034546853060878754,SOC_UPPER_BOUND_NOT_REACHED,1714055.6574033345,1714403.8932460293,348.23584269474287,0.08146546068605404,1.0001278125051494,92.46801337385419,,,,,,,,,,,,,,,,,,,,,,,,,,,,,1,FIRST_UPWARD_CROSSING,charge_timeseries/cycle-056.csv,,,1714055.6574033345,1721834.2286654697,SOC_UPPER_BOUND_NOT_REACHED,SOC_UPPER_BOUND_NOT_REACHED,False,False,3,charge-efficiency-v1
56,virtual,40-60,40.0,60.0,40.0,60.0,100.0,NEGATIVE_PARTICLE_LITHIUM_DELTA_OVER_FROZEN_Q_REF_V1,4.855571466149088,25,20.0,W10_80_PERCENT_DISCHARGE_WINDOW,14.55,3.0000000000000004,2.996557686656702,4.85,99.7336579749329,4.855571466149088,25,,,,0.9609183367661333,0.07869102014099394,0.11492462558974038,0.9711142932298173,,,,,-0.010250198486124545,0.010250198486124545,,,1.1794791241903461e-05,,,1.4390266757070835e-05,101.06106378383802,99.99435518915968,2.8056964441414145e-05,0.002919807372584524,0.002919807372584524,SOC_UPPER_BOUND_NOT_REACHED,1714403.8932460293,1714751.8198686352,347.926622605982,0.0,0.9609183367661333,100.0,,,,,,,,,,,,,,,,,,,,,,,,,,,,,1,FIRST_UPWARD_CROSSING,charge_timeseries/cycle-056.csv,,,1714055.6574033345,1721834.2286654697,SOC_UPPER_BOUND_NOT_REACHED,SOC_UPPER_BOUND_NOT_REACHED,False,False,3,charge-efficiency-v1
56,virtual,60-80,60.0,80.0,60.0,80.0,100.0,NEGATIVE_PARTICLE_LITHIUM_DELTA_OVER_FROZEN_Q_REF_V1,4.855571466149088,25,20.0,W10_80_PERCENT_DISCHARGE_WINDOW,14.55,3.0000000000000004,2.996557686656702,4.85,99.7336579749329,4.855571466149088,25,,,,0.8851055316591083,0.11492462558974038,0.15115823103848683,0.9711142932298173,,,,,-0.08606950017333427,0.08606950017333427,,,3.523621279369945e-05,,,5.089200876606109e-05,109.71734538925406,99.99313769935304,-2.5389618934501534e-05,-0.0028685414367379813,0.0028685414367379813,SOC_UPPER_BOUND_NOT_REACHED,1714751.8198686352,1717836.3984135627,3084.578544927466,0.22100382143100394,0.6641017102281044,75.0307942357181,,,,,,,,,,,,,,,,,,,,,,,,,,,,,1,FIRST_UPWARD_CROSSING,charge_timeseries/cycle-056.csv,,,1714055.6574033345,1721834.2286654697,SOC_UPPER_BOUND_NOT_REACHED,SOC_UPPER_BOUND_NOT_REACHED,False,False,3,charge-efficiency-v1
56,virtual,80-100,80.0,100.0,80.0,,0.0,NEGATIVE_PARTICLE_LITHIUM_DELTA_OVER_FROZEN_Q_REF_V1,4.855571466149088,25,20.0,W10_80_PERCENT_DISCHARGE_WINDOW,14.55,3.0000000000000004,2.996557686656702,4.85,99.7336579749329,4.855571466149088,25,,,,,,,,,,,,,,,,,,,,,,,,,,,,,,,,,,,,,,,,,,,,,,,,,,,,,,,,,,,,0,FIRST_UPWARD_CROSSING,charge_timeseries/cycle-056.csv,,,1714055.6574033345,1721834.2286654697,SOC_UPPER_BOUND_NOT_REACHED,SOC_UPPER_BOUND_NOT_REACHED,False,False,3,charge-efficiency-v1
57,virtual,20-40,20.0,40.0,20.0,40.0,100.0,NEGATIVE_PARTICLE_LITHIUM_DELTA_OVER_FROZEN_Q_REF_V1,4.855571466149088,25,20.0,W10_80_PERCENT_DISCHARGE_WINDOW,14.55,3.0000000000000004,2.996557686656702,4.85,99.7336579749329,4.855571466149088,25,,,,1.0824630882588624,0.04244468622992556,0.078678291678672,0.9711142932298173,,,,,0.11135886513368447,0.0,,,8.388016487804843e-06,,,7.410411023277275e-06,89.71338642058002,100.00093029542981,-2.586853215058582e-05,-0.0023897842273952505,0.0023897842273952505,SOC_UPPER_BOUND_NOT_REACHED,1745392.054531997,1745741.199992611,349.14546061405906,0.08117676802074718,1.0012863202381153,92.50073569239947,,,,,,,,,,,,,,,,,,,,,,,,,,,,,1,FIRST_UPWARD_CROSSING,charge_timeseries/cycle-057.csv,,,1745392.054531997,1753178.3395602305,SOC_UPPER_BOUND_NOT_REACHED,SOC_UPPER_BOUND_NOT_REACHED,False,False,3,charge-efficiency-v1
57,virtual,40-60,40.0,60.0,40.0,60.0,100.0,NEGATIVE_PARTICLE_LITHIUM_DELTA_OVER_FROZEN_Q_REF_V1,4.855571466149088,25,20.0,W10_80_PERCENT_DISCHARGE_WINDOW,14.55,3.0000000000000004,2.996557686656702,4.85,99.7336579749329,4.855571466149088,25,,,,0.9607298749495364,0.078678291678672,0.11491189712741846,0.9711142932298177,,,,,-0.010425212303076331,0.010425212303076331,,,1.180987661434079e-05,,,1.4283223515723642e-05,101.08088845273252,99.99575385091494,1.47009226650896e-05,0.0015301827338159734,0.0015301827338159734,SOC_UPPER_BOUND_NOT_REACHED,1745741.199992611,1746089.8934635741,348.6934709629296,0.0,0.9607298749495364,100.0,,,,,,,,,,,,,,,,,,,,,,,,,,,,,1,FIRST_UPWARD_CROSSING,charge_timeseries/cycle-057.csv,,,1745392.054531997,1753178.3395602305,SOC_UPPER_BOUND_NOT_REACHED,SOC_UPPER_BOUND_NOT_REACHED,False,False,3,charge-efficiency-v1
57,virtual,60-80,60.0,80.0,60.0,80.0,100.0,NEGATIVE_PARTICLE_LITHIUM_DELTA_OVER_FROZEN_Q_REF_V1,4.855571466149088,25,20.0,W10_80_PERCENT_DISCHARGE_WINDOW,14.55,3.0000000000000004,2.996557686656702,4.85,99.7336579749329,4.855571466149088,25,,,,0.8844738192264059,0.11491189712741846,0.15114550257616488,0.9711142932298166,,,,,-0.0867653209333669,0.0867653209333669,,,3.515192643916386e-05,,,5.0461224960836326e-05,109.79570815099872,99.98588460989548,3.9233778556080345e-05,0.004435832661547369,0.004435832661547369,SOC_UPPER_BOUND_NOT_REACHED,1746089.8934635741,1749179.5107922934,3089.6173287193924,0.22092073485176525,0.6635530843746407,75.02235452882134,,,,,,,,,,,,,,,,,,,,,,,,,,,,,1,FIRST_UPWARD_CROSSING,charge_timeseries/cycle-057.csv,,,1745392.054531997,1753178.3395602305,SOC_UPPER_BOUND_NOT_REACHED,SOC_UPPER_BOUND_NOT_REACHED,False,False,3,charge-efficiency-v1
57,virtual,80-100,80.0,100.0,80.0,,0.0,NEGATIVE_PARTICLE_LITHIUM_DELTA_OVER_FROZEN_Q_REF_V1,4.855571466149088,25,20.0,W10_80_PERCENT_DISCHARGE_WINDOW,14.55,3.0000000000000004,2.996557686656702,4.85,99.7336579749329,4.855571466149088,25,,,,,,,,,,,,,,,,,,,,,,,,,,,,,,,,,,,,,,,,,,,,,,,,,,,,,,,,,,,,0,FIRST_UPWARD_CROSSING,charge_timeseries/cycle-057.csv,,,1745392.054531997,1753178.3395602305,SOC_UPPER_BOUND_NOT_REACHED,SOC_UPPER_BOUND_NOT_REACHED,False,False,3,charge-efficiency-v1
58,virtual,20-40,20.0,40.0,20.0,40.0,100.0,NEGATIVE_PARTICLE_LITHIUM_DELTA_OVER_FROZEN_Q_REF_V1,4.855571466149088,25,20.0,W10_80_PERCENT_DISCHARGE_WINDOW,14.55,3.0000000000000004,2.996557686656702,4.85,99.7336579749329,4.855571466149088,25,,,,1.0825857159068115,0.04243205405409391,0.07866565950284035,0.9711142932298173,,,,,0.11148652014978365,0.0,,,8.351079696410253e-06,,,7.359338044375663e-06,89.70322432310851,100.00139457528098,-3.08078905302267e-05,-0.002845769168903262,0.002845769168903262,SOC_UPPER_BOUND_NOT_REACHED,1776736.1654001765,1777085.900258998,349.73485882147077,0.08089141521502385,1.0016943006917876,92.52794360516143,,,,,,,,,,,,,,,,,,,,,,,,,,,,,1,FIRST_UPWARD_CROSSING,charge_timeseries/cycle-058.csv,,,1776736.1654001765,1784529.7026655115,SOC_UPPER_BOUND_NOT_REACHED,SOC_UPPER_BOUND_NOT_REACHED,False,False,3,charge-efficiency-v1
58,virtual,40-60,40.0,60.0,40.0,60.0,100.0,NEGATIVE_PARTICLE_LITHIUM_DELTA_OVER_FROZEN_Q_REF_V1,4.855571466149088,25,20.0,W10_80_PERCENT_DISCHARGE_WINDOW,14.55,3.0000000000000004,2.996557686656702,4.85,99.7336579749329,4.855571466149088,25,,,,0.9607102917911275,0.07866565950284035,0.11489926495158681,0.9711142932298177,,,,,-0.010466440153802756,0.010466440153802756,,,1.1745852335084961e-05,,,1.4173326320282564e-05,101.0829488897525,99.99350077586905,3.651953645722461e-05,0.003801305843110973,0.003801305843110973,SOC_UPPER_BOUND_NOT_REACHED,1777085.900258998,1777435.1428241206,349.24256512260297,0.0,0.9607102917911275,100.0,,,,,,,,,,,,,,,,,,,,,,,,,,,,,1,FIRST_UPWARD_CROSSING,charge_timeseries/cycle-058.csv,,,1776736.1654001765,1784529.7026655115,SOC_UPPER_BOUND_NOT_REACHED,SOC_UPPER_BOUND_NOT_REACHED,False,False,3,charge-efficiency-v1
58,virtual,60-80,60.0,80.0,60.0,80.0,100.0,NEGATIVE_PARTICLE_LITHIUM_DELTA_OVER_FROZEN_Q_REF_V1,4.855571466149088,25,20.0,W10_80_PERCENT_DISCHARGE_WINDOW,14.55,3.0000000000000004,2.996557686656702,4.85,99.7336579749329,4.855571466149088,25,,,,0.8842812053816836,0.11489926495158681,0.15113287040033327,0.9711142932298177,,,,,-0.08688454783172542,0.08688454783172542,,,3.490378202584965e-05,,,5.005638051774203e-05,109.8196238164594,99.99418058607623,-3.350017895220603e-05,-0.003788407889744337,0.003788407889744337,SOC_UPPER_BOUND_NOT_REACHED,1777435.1428241206,1780529.8183242688,3094.6755001481424,0.22082917474926755,0.6634520306324161,75.02726809013761,,,,,,,,,,,,,,,,,,,,,,,,,,,,,1,FIRST_UPWARD_CROSSING,charge_timeseries/cycle-058.csv,,,1776736.1654001765,1784529.7026655115,SOC_UPPER_BOUND_NOT_REACHED,SOC_UPPER_BOUND_NOT_REACHED,False,False,3,charge-efficiency-v1
58,virtual,80-100,80.0,100.0,80.0,,0.0,NEGATIVE_PARTICLE_LITHIUM_DELTA_OVER_FROZEN_Q_REF_V1,4.855571466149088,25,20.0,W10_80_PERCENT_DISCHARGE_WINDOW,14.55,3.0000000000000004,2.996557686656702,4.85,99.7336579749329,4.855571466149088,25,,,,,,,,,,,,,,,,,,,,,,,,,,,,,,,,,,,,,,,,,,,,,,,,,,,,,,,,,,,,0,FIRST_UPWARD_CROSSING,charge_timeseries/cycle-058.csv,,,1776736.1654001765,1784529.7026655115,SOC_UPPER_BOUND_NOT_REACHED,SOC_UPPER_BOUND_NOT_REACHED,False,False,3,charge-efficiency-v1
59,virtual,20-40,20.0,40.0,20.0,40.0,100.0,NEGATIVE_PARTICLE_LITHIUM_DELTA_OVER_FROZEN_Q_REF_V1,4.855571466149088,25,20.0,W10_80_PERCENT_DISCHARGE_WINDOW,14.55,3.0000000000000004,2.996557686656702,4.85,99.7336579749329,4.855571466149088,25,,,,1.0831845767741128,0.042419474635063154,0.0786530800838096,0.9711142932298173,,,,,0.11207377520424269,0.0,,,8.341084563331415e-06,,,7.314887353747357e-06,89.65363005093207,100.00032235133533,-1.9147631864280257e-05,-0.0017677164423172268,0.0017677164423172268,SOC_UPPER_BOUND_NOT_REACHED,1808087.5283717143,1808438.0635095127,350.5351377983651,0.08060936022789843,1.0025752165462145,92.55811410572655,,,,,,,,,,,,,,,,,,,,,,,,,,,,,1,FIRST_UPWARD_CROSSING,charge_timeseries/cycle-059.csv,,,1808087.5283717143,1815888.6674737476,SOC_UPPER_BOUND_NOT_REACHED,SOC_UPPER_BOUND_NOT_REACHED,False,False,3,charge-efficiency-v1
59,virtual,40-60,40.0,60.0,40.0,60.0,100.0,NEGATIVE_PARTICLE_LITHIUM_DELTA_OVER_FROZEN_Q_REF_V1,4.855571466149088,25,20.0,W10_80_PERCENT_DISCHARGE_WINDOW,14.55,3.0000000000000004,2.996557686656702,4.85,99.7336579749329,4.855571466149088,25,,,,0.9605788316687525,0.0786530800838096,0.11488668553255606,0.9711142932298177,,,,,-0.010591640576607983,0.010591640576607983,,,1.1733492763729876e-05,,,1.4069657301454819e-05,101.09678260791596,99.99415154553789,3.03758654776054e-05,0.003162245978795446,0.003162245978795446,SOC_UPPER_BOUND_NOT_REACHED,1808438.0635095127,1808787.9892318407,349.9257223281644,0.0,0.9605788316687525,100.0,,,,,,,,,,,,,,,,,,,,,,,,,,,,,1,FIRST_UPWARD_CROSSING,charge_timeseries/cycle-059.csv,,,1808087.5283717143,1815888.6674737476,SOC_UPPER_BOUND_NOT_REACHED,SOC_UPPER_BOUND_NOT_REACHED,False,False,3,charge-efficiency-v1
59,virtual,60-80,60.0,80.0,60.0,80.0,100.0,NEGATIVE_PARTICLE_LITHIUM_DELTA_OVER_FROZEN_Q_REF_V1,4.855571466149088,25,20.0,W10_80_PERCENT_DISCHARGE_WINDOW,14.55,3.0000000000000004,2.996557686656702,4.85,99.7336579749329,4.855571466149088,25,,,,0.8838533887577789,0.11488668553255606,0.1511202909813025,0.9711142932298173,,,,,-0.08736661654403542,0.08736661654403542,,,3.4766271532649974e-05,,,4.9652828331261945e-05,109.87278043869699,99.98803963719078,2.1292972133046817e-05,0.002409106804803142,0.002409106804803142,SOC_UPPER_BOUND_NOT_REACHED,1808787.9892318407,1811887.737299836,3099.7480679952723,0.22074427370239758,0.6631091150553813,75.02478617945393,,,,,,,,,,,,,,,,,,,,,,,,,,,,,1,FIRST_UPWARD_CROSSING,charge_timeseries/cycle-059.csv,,,1808087.5283717143,1815888.6674737476,SOC_UPPER_BOUND_NOT_REACHED,SOC_UPPER_BOUND_NOT_REACHED,False,False,3,charge-efficiency-v1
59,virtual,80-100,80.0,100.0,80.0,,0.0,NEGATIVE_PARTICLE_LITHIUM_DELTA_OVER_FROZEN_Q_REF_V1,4.855571466149088,25,20.0,W10_80_PERCENT_DISCHARGE_WINDOW,14.55,3.0000000000000004,2.996557686656702,4.85,99.7336579749329,4.855571466149088,25,,,,,,,,,,,,,,,,,,,,,,,,,,,,,,,,,,,,,,,,,,,,,,,,,,,,,,,,,,,,0,FIRST_UPWARD_CROSSING,charge_timeseries/cycle-059.csv,,,1808087.5283717143,1815888.6674737476,SOC_UPPER_BOUND_NOT_REACHED,SOC_UPPER_BOUND_NOT_REACHED,False,False,3,charge-efficiency-v1
60,virtual,20-40,20.0,40.0,20.0,40.0,100.0,NEGATIVE_PARTICLE_LITHIUM_DELTA_OVER_FROZEN_Q_REF_V1,4.855571466149088,25,20.0,W10_80_PERCENT_DISCHARGE_WINDOW,14.55,3.0000000000000004,2.996557686656702,4.85,99.7336579749329,4.855571466149088,25,,,,1.0835363433317873,0.04240696570816756,0.07864057115691402,0.9711142932298177,,,,,0.11243917477234444,0.0,,,8.34163743912257e-06,,,7.269140868279567e-06,89.62452429087142,100.00158044263861,-3.273544868220846e-05,-0.0030211675763038627,0.0030211675763038627,SOC_UPPER_BOUND_NOT_REACHED,1839446.4932255666,1839797.7255143449,351.2322887783089,0.08033050365519565,1.0032058396765917,92.58626587381595,,,,,,,,,,,,,,,,,,,,,,,,,,,,,1,FIRST_UPWARD_CROSSING,charge_timeseries/cycle-060.csv,,,1839446.4932255666,1847255.0029499638,SOC_UPPER_BOUND_NOT_REACHED,SOC_UPPER_BOUND_NOT_REACHED,False,False,3,charge-efficiency-v1
60,virtual,40-60,40.0,60.0,40.0,60.0,100.0,NEGATIVE_PARTICLE_LITHIUM_DELTA_OVER_FROZEN_Q_REF_V1,4.855571466149088,25,20.0,W10_80_PERCENT_DISCHARGE_WINDOW,14.55,3.0000000000000004,2.996557686656702,4.85,99.7336579749329,4.855571466149088,25,,,,0.9605157996754504,0.07864057115691402,0.11487417660566046,0.9711142932298173,,,,,-0.01067704286753092,0.01067704286753092,,,1.1697642932776212e-05,,,1.3967998818115168e-05,101.10341688892031,99.99182217375389,5.288367141309536e-05,0.005505757576394294,0.005505757576394294,SOC_UPPER_BOUND_NOT_REACHED,1839797.7255143449,1840148.2524876983,350.5269733533853,0.0,0.9605157996754504,100.0,,,,,,,,,,,,,,,,,,,,,,,,,,,,,1,FIRST_UPWARD_CROSSING,charge_timeseries/cycle-060.csv,,,1839446.4932255666,1847255.0029499638,SOC_UPPER_BOUND_NOT_REACHED,SOC_UPPER_BOUND_NOT_REACHED,False,False,3,charge-efficiency-v1
60,virtual,60-80,60.0,80.0,60.0,80.0,100.0,NEGATIVE_PARTICLE_LITHIUM_DELTA_OVER_FROZEN_Q_REF_V1,4.855571466149088,25,20.0,W10_80_PERCENT_DISCHARGE_WINDOW,14.55,3.0000000000000004,2.996557686656702,4.85,99.7336579749329,4.855571466149088,25,,,,0.8834999648451707,0.11487417660566046,0.15110778205440692,0.9711142932298177,,,,,-0.08767231138114531,0.08767231138114531,,,3.4582228950073325e-05,,,4.926494871193565e-05,109.91673252641283,99.99343712520594,-2.586418116368172e-05,-0.002927468273098834,0.002927468273098834,SOC_UPPER_BOUND_NOT_REACHED,1840148.2524876983,1843252.9578620086,3104.7053743103434,0.2206572683716777,0.6628426964734929,75.02464321995225,,,,,,,,,,,,,,,,,,,,,,,,,,,,,1,FIRST_UPWARD_CROSSING,charge_timeseries/cycle-060.csv,,,1839446.4932255666,1847255.0029499638,SOC_UPPER_BOUND_NOT_REACHED,SOC_UPPER_BOUND_NOT_REACHED,False,False,3,charge-efficiency-v1
60,virtual,80-100,80.0,100.0,80.0,,0.0,NEGATIVE_PARTICLE_LITHIUM_DELTA_OVER_FROZEN_Q_REF_V1,4.855571466149088,25,20.0,W10_80_PERCENT_DISCHARGE_WINDOW,14.55,3.0000000000000004,2.996557686656702,4.85,99.7336579749329,4.855571466149088,25,,,,,,,,,,,,,,,,,,,,,,,,,,,,,,,,,,,,,,,,,,,,,,,,,,,,,,,,,,,,0,FIRST_UPWARD_CROSSING,charge_timeseries/cycle-060.csv,,,1839446.4932255666,1847255.0029499638,SOC_UPPER_BOUND_NOT_REACHED,SOC_UPPER_BOUND_NOT_REACHED,False,False,3,charge-efficiency-v1
61,virtual,20-40,20.0,40.0,20.0,40.0,100.0,NEGATIVE_PARTICLE_LITHIUM_DELTA_OVER_FROZEN_Q_REF_V1,4.855571466149088,25,20.0,W10_80_PERCENT_DISCHARGE_WINDOW,14.55,3.0000000000000004,2.996557686656702,4.85,99.7336579749329,4.855571466149088,25,,,,1.0833259225412488,0.042394534732966886,0.07862814018171334,0.9711142932298176,,,,,0.11223887401732277,0.0,,,8.280169404147227e-06,,,7.218484613810694e-06,89.64193259142115,100.00251491313229,-4.274335990950284e-05,-0.003945567905292633,0.003945567905292633,SOC_UPPER_BOUND_NOT_REACHED,1870812.828737184,1871164.5065086111,351.6777714271279,0.08005474908663808,1.0032711734546107,92.61028030245534,,,,,,,,,,,,,,,,,,,,,,,,,,,,,1,FIRST_UPWARD_CROSSING,charge_timeseries/cycle-061.csv,,,1870812.828737184,1878628.5726772405,SOC_UPPER_BOUND_NOT_REACHED,SOC_UPPER_BOUND_NOT_REACHED,False,False,3,charge-efficiency-v1
61,virtual,40-60,40.0,60.0,40.0,60.0,100.0,NEGATIVE_PARTICLE_LITHIUM_DELTA_OVER_FROZEN_Q_REF_V1,4.855571466149088,25,20.0,W10_80_PERCENT_DISCHARGE_WINDOW,14.55,3.0000000000000004,2.996557686656702,4.85,99.7336579749329,4.855571466149088,25,,,,0.9604859173601855,0.07862814018171334,0.11486174563045978,0.9711142932298173,,,,,-0.01065323300501278,0.01065323300501278,,,1.160215134395938e-05,,,1.3862611788428847e-05,101.10656238446921,99.99741202500405,-6.076277515587591e-07,-6.326253624090322e-05,6.326253624090322e-05,SOC_UPPER_BOUND_NOT_REACHED,1871164.5065086111,1871515.4462323845,350.9397237734452,0.0,0.9604859173601855,100.0,,,,,,,,,,,,,,,,,,,,,,,,,,,,,1,FIRST_UPWARD_CROSSING,charge_timeseries/cycle-061.csv,,,1870812.828737184,1878628.5726772405,SOC_UPPER_BOUND_NOT_REACHED,SOC_UPPER_BOUND_NOT_REACHED,False,False,3,charge-efficiency-v1
61,virtual,60-80,60.0,80.0,60.0,80.0,100.0,NEGATIVE_PARTICLE_LITHIUM_DELTA_OVER_FROZEN_Q_REF_V1,4.855571466149088,25,20.0,W10_80_PERCENT_DISCHARGE_WINDOW,14.55,3.0000000000000004,2.996557686656702,4.85,99.7336579749329,4.855571466149088,25,,,,0.8836276692475291,0.11486174563045978,0.1510953510792062,0.971114293229817,,,,,-0.08753735006921068,0.08753735006921068,,,3.4278729212028e-05,,,4.8899085886303095e-05,109.90084704531593,99.99425933697097,-3.24517281755643e-05,-0.0036725568137990993,0.0036725568137990993,SOC_UPPER_BOUND_NOT_REACHED,1871515.4462323845,1874625.3575141109,3109.911281726415,0.2205630956486296,0.6630645735988995,75.03891024186073,,,,,,,,,,,,,,,,,,,,,,,,,,,,,1,FIRST_UPWARD_CROSSING,charge_timeseries/cycle-061.csv,,,1870812.828737184,1878628.5726772405,SOC_UPPER_BOUND_NOT_REACHED,SOC_UPPER_BOUND_NOT_REACHED,False,False,3,charge-efficiency-v1
61,virtual,80-100,80.0,100.0,80.0,,0.0,NEGATIVE_PARTICLE_LITHIUM_DELTA_OVER_FROZEN_Q_REF_V1,4.855571466149088,25,20.0,W10_80_PERCENT_DISCHARGE_WINDOW,14.55,3.0000000000000004,2.996557686656702,4.85,99.7336579749329,4.855571466149088,25,,,,,,,,,,,,,,,,,,,,,,,,,,,,,,,,,,,,,,,,,,,,,,,,,,,,,,,,,,,,0,FIRST_UPWARD_CROSSING,charge_timeseries/cycle-061.csv,,,1870812.828737184,1878628.5726772405,SOC_UPPER_BOUND_NOT_REACHED,SOC_UPPER_BOUND_NOT_REACHED,False,False,3,charge-efficiency-v1
62,virtual,20-40,20.0,40.0,20.0,40.0,100.0,NEGATIVE_PARTICLE_LITHIUM_DELTA_OVER_FROZEN_Q_REF_V1,4.855571466149088,25,20.0,W10_80_PERCENT_DISCHARGE_WINDOW,14.55,3.0000000000000004,2.996557686656702,4.85,99.7336579749329,4.855571466149088,25,,,,1.0843544812212818,0.042382161643510684,0.07861576709225714,0.9711142932298176,,,,,0.11325307052634133,0.0,,,8.313026442056254e-06,,,7.181871442579757e-06,89.5569032126907,100.001188037224,-2.837743276185023e-05,-0.002616988563545145,0.002616988563545145,SOC_UPPER_BOUND_NOT_REACHED,1902186.3986624521,1902539.0494515079,352.6507890556618,0.07978214456547598,1.0045723366558057,92.64242957933652,,,,,,,,,,,,,,,,,,,,,,,,,,,,,1,FIRST_UPWARD_CROSSING,charge_timeseries/cycle-062.csv,,,1902186.3986624521,1910009.8797854641,SOC_UPPER_BOUND_NOT_REACHED,SOC_UPPER_BOUND_NOT_REACHED,False,False,3,charge-efficiency-v1
62,virtual,40-60,40.0,60.0,40.0,60.0,100.0,NEGATIVE_PARTICLE_LITHIUM_DELTA_OVER_FROZEN_Q_REF_V1,4.855571466149088,25,20.0,W10_80_PERCENT_DISCHARGE_WINDOW,14.55,3.0000000000000004,2.996557686656702,4.85,99.7336579749329,4.855571466149088,25,,,,0.960301547440654,0.07861576709225714,0.1148493725410036,0.9711142932298177,,,,,-0.010859744301785684,0.010859744301785684,,,1.1639139043225638e-05,,,1.3770693035278225e-05,101.12597400451777,99.99510585890991,2.158868054347174e-05,0.002248114730316615,0.002248114730316615,SOC_UPPER_BOUND_NOT_REACHED,1902539.0494515079,1902890.8038209958,351.7543694879779,0.0,0.960301547440654,100.0,,,,,,,,,,,,,,,,,,,,,,,,,,,,,1,FIRST_UPWARD_CROSSING,charge_timeseries/cycle-062.csv,,,1902186.3986624521,1910009.8797854641,SOC_UPPER_BOUND_NOT_REACHED,SOC_UPPER_BOUND_NOT_REACHED,False,False,3,charge-efficiency-v1
62,virtual,60-80,60.0,80.0,60.0,80.0,100.0,NEGATIVE_PARTICLE_LITHIUM_DELTA_OVER_FROZEN_Q_REF_V1,4.855571466149088,25,20.0,W10_80_PERCENT_DISCHARGE_WINDOW,14.55,3.0000000000000004,2.996557686656702,4.85,99.7336579749329,4.855571466149088,25,,,,0.8828251254576647,0.1148493725410036,0.15108297798975004,0.9711142932298173,,,,,-0.08835275176497973,0.08835275176497973,,,3.4248545945310405e-05,,,4.851549399019495e-05,110.00075385557052,99.99279766841774,-1.9180047108546816e-05,-0.0021725760352146414,0.0021725760352146414,SOC_UPPER_BOUND_NOT_REACHED,1902890.8038209958,1906005.5877483068,3114.7839273110994,0.22048652329046042,0.6623386021672043,75.02489259397119,,,,,,,,,,,,,,,,,,,,,,,,,,,,,1,FIRST_UPWARD_CROSSING,charge_timeseries/cycle-062.csv,,,1902186.3986624521,1910009.8797854641,SOC_UPPER_BOUND_NOT_REACHED,SOC_UPPER_BOUND_NOT_REACHED,False,False,3,charge-efficiency-v1
62,virtual,80-100,80.0,100.0,80.0,,0.0,NEGATIVE_PARTICLE_LITHIUM_DELTA_OVER_FROZEN_Q_REF_V1,4.855571466149088,25,20.0,W10_80_PERCENT_DISCHARGE_WINDOW,14.55,3.0000000000000004,2.996557686656702,4.85,99.7336579749329,4.855571466149088,25,,,,,,,,,,,,,,,,,,,,,,,,,,,,,,,,,,,,,,,,,,,,,,,,,,,,,,,,,,,,0,FIRST_UPWARD_CROSSING,charge_timeseries/cycle-062.csv,,,1902186.3986624521,1910009.8797854641,SOC_UPPER_BOUND_NOT_REACHED,SOC_UPPER_BOUND_NOT_REACHED,False,False,3,charge-efficiency-v1
63,virtual,20-40,20.0,40.0,20.0,40.0,100.0,NEGATIVE_PARTICLE_LITHIUM_DELTA_OVER_FROZEN_Q_REF_V1,4.855571466149088,25,20.0,W10_80_PERCENT_DISCHARGE_WINDOW,14.55,3.0000000000000004,2.996557686656702,4.85,99.7336579749329,4.855571466149088,25,,,,1.0848241401055094,0.04236984695949562,0.07860345240824207,0.9711142932298176,,,,,0.11372390665883535,0.0,,,8.315640802971508e-06,,,7.141090408516182e-06,89.5181308497954,100.00129604261407,-2.951651435512126e-05,-0.002720857073871024,0.002720857073871024,SOC_UPPER_BOUND_NOT_REACHED,1933567.7057920976,1933921.1087899935,353.4029978958007,0.07951236092330934,1.0053117791822002,92.67048381541584,,,,,,,,,,,,,,,,,,,,,,,,,,,,,1,FIRST_UPWARD_CROSSING,charge_timeseries/cycle-063.csv,,,1933567.7057920976,1941398.6505681374,SOC_UPPER_BOUND_NOT_REACHED,SOC_UPPER_BOUND_NOT_REACHED,False,False,3,charge-efficiency-v1
63,virtual,40-60,40.0,60.0,40.0,60.0,100.0,NEGATIVE_PARTICLE_LITHIUM_DELTA_OVER_FROZEN_Q_REF_V1,4.855571466149088,25,20.0,W10_80_PERCENT_DISCHARGE_WINDOW,14.55,3.0000000000000004,2.996557686656702,4.85,99.7336579749329,4.855571466149088,25,,,,0.9601756901397125,0.07860345240824207,0.11483705785698853,0.9711142932298177,,,,,-0.010962963283270913,0.010962963283270913,,,1.1618023107101e-05,,,1.3676617695884685e-05,101.13922933088563,99.99746294418658,-9.344476372685762e-07,-9.732048487215994e-05,9.732048487215994e-05,SOC_UPPER_BOUND_NOT_REACHED,1933921.1087899935,1934273.4817139928,352.37292399943294,0.0,0.9601756901397125,100.0,,,,,,,,,,,,,,,,,,,,,,,,,,,,,1,FIRST_UPWARD_CROSSING,charge_timeseries/cycle-063.csv,,,1933567.7057920976,1941398.6505681374,SOC_UPPER_BOUND_NOT_REACHED,SOC_UPPER_BOUND_NOT_REACHED,False,False,3,charge-efficiency-v1
63,virtual,60-80,60.0,80.0,60.0,80.0,100.0,NEGATIVE_PARTICLE_LITHIUM_DELTA_OVER_FROZEN_Q_REF_V1,4.855571466149088,25,20.0,W10_80_PERCENT_DISCHARGE_WINDOW,14.55,3.0000000000000004,2.996557686656702,4.85,99.7336579749329,4.855571466149088,25,,,,0.8824215241624436,0.11483705785698853,0.15107066330573496,0.971114293229817,,,,,-0.08874278064796298,0.08874278064796298,,,3.4101635902518065e-05,,,4.8153499470890426e-05,110.05106591790775,99.99433246138948,-3.2243554783928374e-05,-0.003653985527441952,0.003653985527441952,SOC_UPPER_BOUND_NOT_REACHED,1934273.4817139928,1937393.184678075,3119.702964081958,0.22040337319043785,0.6620181509720058,75.02289244364987,,,,,,,,,,,,,,,,,,,,,,,,,,,,,1,FIRST_UPWARD_CROSSING,charge_timeseries/cycle-063.csv,,,1933567.7057920976,1941398.6505681374,SOC_UPPER_BOUND_NOT_REACHED,SOC_UPPER_BOUND_NOT_REACHED,False,False,3,charge-efficiency-v1
63,virtual,80-100,80.0,100.0,80.0,,0.0,NEGATIVE_PARTICLE_LITHIUM_DELTA_OVER_FROZEN_Q_REF_V1,4.855571466149088,25,20.0,W10_80_PERCENT_DISCHARGE_WINDOW,14.55,3.0000000000000004,2.996557686656702,4.85,99.7336579749329,4.855571466149088,25,,,,,,,,,,,,,,,,,,,,,,,,,,,,,,,,,,,,,,,,,,,,,,,,,,,,,,,,,,,,0,FIRST_UPWARD_CROSSING,charge_timeseries/cycle-063.csv,,,1933567.7057920976,1941398.6505681374,SOC_UPPER_BOUND_NOT_REACHED,SOC_UPPER_BOUND_NOT_REACHED,False,False,3,charge-efficiency-v1
64,virtual,20-40,20.0,40.0,20.0,40.0,100.0,NEGATIVE_PARTICLE_LITHIUM_DELTA_OVER_FROZEN_Q_REF_V1,4.855571466149088,25,20.0,W10_80_PERCENT_DISCHARGE_WINDOW,14.55,3.0000000000000004,2.996557686656702,4.85,99.7336579749329,4.855571466149088,25,,,,0.9974118907199498,0.04235760229417816,0.07859120774292462,0.9711142932298177,,,,,0.026291544776495906,0.0,,,5.751419062624899e-06,,,6.225339264441521e-06,97.36341648472326,99.99939315806313,-5.924044690797103e-06,-0.0005939416549887951,0.0005939416549887951,SOC_UPPER_BOUND_NOT_REACHED,1964956.4767066461,1965279.3941822061,322.9174755599953,0.07924550846324092,0.9181663822567089,92.05488633125879,,,,,,,,,,,,,,,,,,,,,,,,,,,,,1,FIRST_UPWARD_CROSSING,charge_timeseries/cycle-064.csv,,,1964956.4767066461,1972752.8291225862,SOC_UPPER_BOUND_NOT_REACHED,SOC_UPPER_BOUND_NOT_REACHED,False,False,3,charge-efficiency-v1
64,virtual,40-60,40.0,60.0,40.0,60.0,100.0,NEGATIVE_PARTICLE_LITHIUM_DELTA_OVER_FROZEN_Q_REF_V1,4.855571466149088,25,20.0,W10_80_PERCENT_DISCHARGE_WINDOW,14.55,3.0000000000000004,2.996557686656702,4.85,99.7336579749329,4.855571466149088,25,,,,0.9504579893429942,0.07859120774292462,0.11482481319167107,0.9711142932298173,,,,,-0.02067540603794832,0.02067540603794832,,,4.1305867100067256e-07,,,1.2598092738132227e-05,102.17330004255126,99.9979902161548,6.090999716046319e-06,0.0006408489154009567,0.0006408489154009567,SOC_UPPER_BOUND_NOT_REACHED,1965279.3941822061,1965586.9208650673,307.52668286119024,0.0,0.9504579893429942,100.0,,,,,,,,,,,,,,,,,,,,,,,,,,,,,1,FIRST_UPWARD_CROSSING,charge_timeseries/cycle-064.csv,,,1964956.4767066461,1972752.8291225862,SOC_UPPER_BOUND_NOT_REACHED,SOC_UPPER_BOUND_NOT_REACHED,False,False,3,charge-efficiency-v1
64,virtual,60-80,60.0,80.0,60.0,80.0,100.0,NEGATIVE_PARTICLE_LITHIUM_DELTA_OVER_FROZEN_Q_REF_V1,4.855571466149088,25,20.0,W10_80_PERCENT_DISCHARGE_WINDOW,14.55,3.0000000000000004,2.996557686656702,4.85,99.7336579749329,4.855571466149088,25,,,,0.9761878940419476,0.11482481319167107,0.1510584186404175,0.971114293229817,,,,,0.0050392792741077806,0.0,,,6.997474050945106e-06,,,5.0706197503358474e-05,99.48026390789143,99.99648412582943,-2.3382133531479887e-05,-0.0023952492828675804,0.0023952492828675804,SOC_UPPER_BOUND_NOT_REACHED,1965586.9208650673,1968735.4143876985,3148.4935226312105,0.21860547614607917,0.7575824178958684,77.60620906279284,,,,,,,,,,,,,,,,,,,,,,,,,,,,,1,FIRST_UPWARD_CROSSING,charge_timeseries/cycle-064.csv,,,1964956.4767066461,1972752.8291225862,SOC_UPPER_BOUND_NOT_REACHED,SOC_UPPER_BOUND_NOT_REACHED,False,False,3,charge-efficiency-v1
64,virtual,80-100,80.0,100.0,80.0,,0.0,NEGATIVE_PARTICLE_LITHIUM_DELTA_OVER_FROZEN_Q_REF_V1,4.855571466149088,25,20.0,W10_80_PERCENT_DISCHARGE_WINDOW,14.55,3.0000000000000004,2.996557686656702,4.85,99.7336579749329,4.855571466149088,25,,,,,,,,,,,,,,,,,,,,,,,,,,,,,,,,,,,,,,,,,,,,,,,,,,,,,,,,,,,,0,FIRST_UPWARD_CROSSING,charge_timeseries/cycle-064.csv,,,1964956.4767066461,1972752.8291225862,SOC_UPPER_BOUND_NOT_REACHED,SOC_UPPER_BOUND_NOT_REACHED,False,False,3,charge-efficiency-v1
65,virtual,20-40,20.0,40.0,20.0,40.0,100.0,NEGATIVE_PARTICLE_LITHIUM_DELTA_OVER_FROZEN_Q_REF_V1,4.855571466149088,25,20.0,W10_80_PERCENT_DISCHARGE_WINDOW,14.55,3.0000000000000004,2.996557686656702,4.85,99.7336579749329,4.855571466149088,25,,,,1.087602034763699,0.042345919868369886,0.07857952531711634,0.9711142932298177,,,,,0.11650002685771098,0.0,,,8.472372704601376e-06,,,7.082005135231051e-06,89.28948845161085,100.00112957896702,-2.7839701669307715e-05,-0.002559732400220857,0.002559732400220857,SOC_UPPER_BOUND_NOT_REACHED,1996310.655234034,1996666.3691144793,355.7138804454383,0.07898100298562714,1.008621031778072,92.73806038779736,,,,,,,,,,,,,,,,,,,,,,,,,,,,,1,FIRST_UPWARD_CROSSING,charge_timeseries/cycle-065.csv,,,1996310.655234034,2004156.8931107428,SOC_UPPER_BOUND_NOT_REACHED,SOC_UPPER_BOUND_NOT_REACHED,False,False,3,charge-efficiency-v1
65,virtual,40-60,40.0,60.0,40.0,60.0,100.0,NEGATIVE_PARTICLE_LITHIUM_DELTA_OVER_FROZEN_Q_REF_V1,4.855571466149088,25,20.0,W10_80_PERCENT_DISCHARGE_WINDOW,14.55,3.0000000000000004,2.996557686656702,4.85,99.7336579749329,4.855571466149088,25,,,,0.9596531759425051,0.07857952531711634,0.11481313076586279,0.9711142932298173,,,,,-0.011520665066857366,0.011520665066857366,,,1.1771940851556216e-05,,,1.3510512745514014e-05,101.1942978541238,99.99379486453671,3.4265325947968606e-05,0.0035705947530799936,0.0035705947530799936,SOC_UPPER_BOUND_NOT_REACHED,1996666.3691144793,1997020.55931795,354.19020347054067,0.0,0.9596531759425051,100.0,,,,,,,,,,,,,,,,,,,,,,,,,,,,,1,FIRST_UPWARD_CROSSING,charge_timeseries/cycle-065.csv,,,1996310.655234034,2004156.8931107428,SOC_UPPER_BOUND_NOT_REACHED,SOC_UPPER_BOUND_NOT_REACHED,False,False,3,charge-efficiency-v1
65,virtual,60-80,60.0,80.0,60.0,80.0,100.0,NEGATIVE_PARTICLE_LITHIUM_DELTA_OVER_FROZEN_Q_REF_V1,4.855571466149088,25,20.0,W10_80_PERCENT_DISCHARGE_WINDOW,14.55,3.0000000000000004,2.996557686656702,4.85,99.7336579749329,4.855571466149088,25,,,,0.8802851228922611,0.11481313076586279,0.15104673621460923,0.9711142932298173,,,,,-0.09095413874987276,0.09095413874987276,,,3.421115343924322e-05,,,4.741136488031761e-05,110.31815351361708,99.98580364372104,4.3345893997015494e-05,0.004924074356112983,0.004924074356112983,SOC_UPPER_BOUND_NOT_REACHED,1997020.55931795,2000149.1472970296,3128.5879790797585,0.22025058066665637,0.6600345422256048,74.97963160583676,,,,,,,,,,,,,,,,,,,,,,,,,,,,,1,FIRST_UPWARD_CROSSING,charge_timeseries/cycle-065.csv,,,1996310.655234034,2004156.8931107428,SOC_UPPER_BOUND_NOT_REACHED,SOC_UPPER_BOUND_NOT_REACHED,False,False,3,charge-efficiency-v1
65,virtual,80-100,80.0,100.0,80.0,,0.0,NEGATIVE_PARTICLE_LITHIUM_DELTA_OVER_FROZEN_Q_REF_V1,4.855571466149088,25,20.0,W10_80_PERCENT_DISCHARGE_WINDOW,14.55,3.0000000000000004,2.996557686656702,4.85,99.7336579749329,4.855571466149088,25,,,,,,,,,,,,,,,,,,,,,,,,,,,,,,,,,,,,,,,,,,,,,,,,,,,,,,,,,,,,0,FIRST_UPWARD_CROSSING,charge_timeseries/cycle-065.csv,,,1996310.655234034,2004156.8931107428,SOC_UPPER_BOUND_NOT_REACHED,SOC_UPPER_BOUND_NOT_REACHED,False,False,3,charge-efficiency-v1
66,virtual,20-40,20.0,40.0,20.0,40.0,100.0,NEGATIVE_PARTICLE_LITHIUM_DELTA_OVER_FROZEN_Q_REF_V1,4.855571466149088,25,20.0,W10_80_PERCENT_DISCHARGE_WINDOW,14.55,3.0000000000000004,2.996557686656702,4.85,99.7336579749329,4.855571466149088,25,,,,1.0854678497440002,0.04233452233917057,0.07856812778791702,0.9711142932298176,,,,,0.11437887672650367,0.0,,,8.238194086389143e-06,,,7.015537212932965e-06,89.46504435473128,100.00233265428608,-4.057394362044775e-05,-0.003737922189958627,0.003737922189958627,SOC_UPPER_BOUND_NOT_REACHED,2027714.71931055,2028069.9951126417,355.27580209169975,0.07871964972994104,1.0067482000140593,92.74785985153716,,,,,,,,,,,,,,,,,,,,,,,,,,,,,1,FIRST_UPWARD_CROSSING,charge_timeseries/cycle-066.csv,,,2027714.71931055,2035567.6546600955,SOC_UPPER_BOUND_NOT_REACHED,SOC_UPPER_BOUND_NOT_REACHED,False,False,3,charge-efficiency-v1
66,virtual,40-60,40.0,60.0,40.0,60.0,100.0,NEGATIVE_PARTICLE_LITHIUM_DELTA_OVER_FROZEN_Q_REF_V1,4.855571466149088,25,20.0,W10_80_PERCENT_DISCHARGE_WINDOW,14.55,3.0000000000000004,2.996557686656702,4.85,99.7336579749329,4.855571466149088,25,,,,0.9600125645109079,0.07856812778791702,0.11480173323666348,0.9711142932298177,,,,,-0.011135991436602266,0.011135991436602266,,,1.1482475896878487e-05,,,1.3400065286460483e-05,101.15641493969046,99.99643101361804,9.3801765090884e-06,0.0009770889315253144,0.0009770889315253144,SOC_UPPER_BOUND_NOT_REACHED,2028069.9951126417,2028424.0390952134,354.0439825715958,0.0,0.9600125645109079,100.0,,,,,,,,,,,,,,,,,,,,,,,,,,,,,1,FIRST_UPWARD_CROSSING,charge_timeseries/cycle-066.csv,,,2027714.71931055,2035567.6546600955,SOC_UPPER_BOUND_NOT_REACHED,SOC_UPPER_BOUND_NOT_REACHED,False,False,3,charge-efficiency-v1
66,virtual,60-80,60.0,80.0,60.0,80.0,100.0,NEGATIVE_PARTICLE_LITHIUM_DELTA_OVER_FROZEN_Q_REF_V1,4.855571466149088,25,20.0,W10_80_PERCENT_DISCHARGE_WINDOW,14.55,3.0000000000000004,2.996557686656702,4.85,99.7336579749329,4.855571466149088,25,,,,0.8818613548247018,0.11480173323666348,0.15103533868540991,0.971114293229817,,,,,-0.08931037337055747,0.08931037337055747,,,3.352114024516694e-05,,,4.7124476589825715e-05,110.12097172835713,99.99348707536302,-2.3210651392657766e-05,-0.0026320068643071026,0.0026320068643071026,SOC_UPPER_BOUND_NOT_REACHED,2028424.0390952134,2031558.5250436906,3134.485948477308,0.22015496221113956,0.6617063926135623,75.03519561134387,,,,,,,,,,,,,,,,,,,,,,,,,,,,,1,FIRST_UPWARD_CROSSING,charge_timeseries/cycle-066.csv,,,2027714.71931055,2035567.6546600955,SOC_UPPER_BOUND_NOT_REACHED,SOC_UPPER_BOUND_NOT_REACHED,False,False,3,charge-efficiency-v1
66,virtual,80-100,80.0,100.0,80.0,,0.0,NEGATIVE_PARTICLE_LITHIUM_DELTA_OVER_FROZEN_Q_REF_V1,4.855571466149088,25,20.0,W10_80_PERCENT_DISCHARGE_WINDOW,14.55,3.0000000000000004,2.996557686656702,4.85,99.7336579749329,4.855571466149088,25,,,,,,,,,,,,,,,,,,,,,,,,,,,,,,,,,,,,,,,,,,,,,,,,,,,,,,,,,,,,0,FIRST_UPWARD_CROSSING,charge_timeseries/cycle-066.csv,,,2027714.71931055,2035567.6546600955,SOC_UPPER_BOUND_NOT_REACHED,SOC_UPPER_BOUND_NOT_REACHED,False,False,3,charge-efficiency-v1
67,virtual,20-40,20.0,40.0,20.0,40.0,100.0,NEGATIVE_PARTICLE_LITHIUM_DELTA_OVER_FROZEN_Q_REF_V1,4.855571466149088,25,20.0,W10_80_PERCENT_DISCHARGE_WINDOW,14.55,3.0000000000000004,2.996557686656702,4.85,99.7336579749329,4.855571466149088,25,,,,1.0859245030197504,0.042322429064741415,0.07855603451348787,0.9711142932298177,,,,,0.11482970797483304,0.0,,,8.233874738554012e-06,,,6.978330070038508e-06,89.42742248925525,100.00179553779715,-3.4710389708703104e-05,-0.0031963906894245486,0.0031963906894245486,SOC_UPPER_BOUND_NOT_REACHED,2059125.4810187921,2059481.4857136372,356.0046948450441,0.07846101547465745,1.007463487545093,92.77472648821606,,,,,,,,,,,,,,,,,,,,,,,,,,,,,1,FIRST_UPWARD_CROSSING,charge_timeseries/cycle-067.csv,,,2059125.4810187921,2066985.9732401134,SOC_UPPER_BOUND_NOT_REACHED,SOC_UPPER_BOUND_NOT_REACHED,False,False,3,charge-efficiency-v1
67,virtual,40-60,40.0,60.0,40.0,60.0,100.0,NEGATIVE_PARTICLE_LITHIUM_DELTA_OVER_FROZEN_Q_REF_V1,4.855571466149088,25,20.0,W10_80_PERCENT_DISCHARGE_WINDOW,14.55,3.0000000000000004,2.996557686656702,4.85,99.7336579749329,4.855571466149088,25,,,,0.9598978192980723,0.07855603451348787,0.1147896399622343,0.971114293229817,,,,,-0.01123630509441742,0.01123630509441742,,,1.146379951440235e-05,,,1.331415814781467e-05,101.1685070750496,99.99793403399049,-4.94679498963535e-06,-0.0005153459972700747,0.0005153459972700747,SOC_UPPER_BOUND_NOT_REACHED,2059481.4857136372,2059836.1455381436,354.65982450634976,0.0,0.9598978192980723,100.0,,,,,,,,,,,,,,,,,,,,,,,,,,,,,1,FIRST_UPWARD_CROSSING,charge_timeseries/cycle-067.csv,,,2059125.4810187921,2066985.9732401134,SOC_UPPER_BOUND_NOT_REACHED,SOC_UPPER_BOUND_NOT_REACHED,False,False,3,charge-efficiency-v1
67,virtual,60-80,60.0,80.0,60.0,80.0,100.0,NEGATIVE_PARTICLE_LITHIUM_DELTA_OVER_FROZEN_Q_REF_V1,4.855571466149088,25,20.0,W10_80_PERCENT_DISCHARGE_WINDOW,14.55,3.0000000000000004,2.996557686656702,4.85,99.7336579749329,4.855571466149088,25,,,,0.881488966154705,0.1147896399622343,0.15102324541098078,0.9711142932298181,,,,,-0.0896835720629127,0.0896835720629127,,,3.338625443748567e-05,,,4.679487172686708e-05,110.16749278962426,99.99339243143864,-2.193613836487529e-05,-0.002488532381813774,0.002488532381813774,SOC_UPPER_BOUND_NOT_REACHED,2059836.1455381436,2062975.5937988067,3139.4482606631,0.22007385843466695,0.661415107720038,75.03384989664826,,,,,,,,,,,,,,,,,,,,,,,,,,,,,1,FIRST_UPWARD_CROSSING,charge_timeseries/cycle-067.csv,,,2059125.4810187921,2066985.9732401134,SOC_UPPER_BOUND_NOT_REACHED,SOC_UPPER_BOUND_NOT_REACHED,False,False,3,charge-efficiency-v1
67,virtual,80-100,80.0,100.0,80.0,,0.0,NEGATIVE_PARTICLE_LITHIUM_DELTA_OVER_FROZEN_Q_REF_V1,4.855571466149088,25,20.0,W10_80_PERCENT_DISCHARGE_WINDOW,14.55,3.0000000000000004,2.996557686656702,4.85,99.7336579749329,4.855571466149088,25,,,,,,,,,,,,,,,,,,,,,,,,,,,,,,,,,,,,,,,,,,,,,,,,,,,,,,,,,,,,0,FIRST_UPWARD_CROSSING,charge_timeseries/cycle-067.csv,,,2059125.4810187921,2066985.9732401134,SOC_UPPER_BOUND_NOT_REACHED,SOC_UPPER_BOUND_NOT_REACHED,False,False,3,charge-efficiency-v1
68,virtual,20-40,20.0,40.0,20.0,40.0,100.0,NEGATIVE_PARTICLE_LITHIUM_DELTA_OVER_FROZEN_Q_REF_V1,4.855571466149088,25,20.0,W10_80_PERCENT_DISCHARGE_WINDOW,14.55,3.0000000000000004,2.996557686656702,4.85,99.7336579749329,4.855571466149088,25,,,,1.0873218671148581,0.04231041102639736,0.07854401647514382,0.9711142932298177,,,,,0.11621777085969771,0.0,,,8.295682551512883e-06,,,6.95145575913686e-06,89.31249546250825,100.00093780645508,-2.5444112968120436e-05,-0.0023400718533910137,0.0023400718533910137,SOC_UPPER_BOUND_NOT_REACHED,2090543.7995884628,2090900.9350005002,357.1354120373524,0.07820495540411679,1.0091169117107412,92.8075616089991,,,,,,,,,,,,,,,,,,,,,,,,,,,,,1,FIRST_UPWARD_CROSSING,charge_timeseries/cycle-068.csv,,,2090543.7995884628,2098412.2292294647,SOC_UPPER_BOUND_NOT_REACHED,SOC_UPPER_BOUND_NOT_REACHED,False,False,3,charge-efficiency-v1
68,virtual,40-60,40.0,60.0,40.0,60.0,100.0,NEGATIVE_PARTICLE_LITHIUM_DELTA_OVER_FROZEN_Q_REF_V1,4.855571466149088,25,20.0,W10_80_PERCENT_DISCHARGE_WINDOW,14.55,3.0000000000000004,2.996557686656702,4.85,99.7336579749329,4.855571466149088,25,,,,0.9596450398147456,0.07854401647514382,0.11477762192389027,0.9711142932298173,,,,,-0.01151691291672248,0.01151691291672248,,,1.1543787591081038e-05,,,1.3237756143293089e-05,101.19515580649339,99.99503363226262,2.287795791644509e-05,0.0023840021015334545,0.0023840021015334545,SOC_UPPER_BOUND_NOT_REACHED,2090900.9350005002,2091256.5274345104,355.59243401014857,0.0,0.9596450398147456,100.0,,,,,,,,,,,,,,,,,,,,,,,,,,,,,1,FIRST_UPWARD_CROSSING,charge_timeseries/cycle-068.csv,,,2090543.7995884628,2098412.2292294647,SOC_UPPER_BOUND_NOT_REACHED,SOC_UPPER_BOUND_NOT_REACHED,False,False,3,charge-efficiency-v1
68,virtual,60-80,60.0,80.0,60.0,80.0,100.0,NEGATIVE_PARTICLE_LITHIUM_DELTA_OVER_FROZEN_Q_REF_V1,4.855571466149088,25,20.0,W10_80_PERCENT_DISCHARGE_WINDOW,14.55,3.0000000000000004,2.996557686656702,4.85,99.7336579749329,4.855571466149088,25,,,,0.880374138911723,0.11477762192389027,0.15101122737263672,0.9711142932298177,,,,,-0.09078884479625851,0.09078884479625851,,,3.345123599108289e-05,,,4.645249713866595e-05,110.30699907090221,99.99446934252022,-3.121325496591165e-05,-0.003545453414215007,0.003545453414215007,SOC_UPPER_BOUND_NOT_REACHED,2091256.5274345104,2094400.6723663167,3144.1449318064024,0.22000629294547056,0.6603678459662524,75.0099096257607,,,,,,,,,,,,,,,,,,,,,,,,,,,,,1,FIRST_UPWARD_CROSSING,charge_timeseries/cycle-068.csv,,,2090543.7995884628,2098412.2292294647,SOC_UPPER_BOUND_NOT_REACHED,SOC_UPPER_BOUND_NOT_REACHED,False,False,3,charge-efficiency-v1
68,virtual,80-100,80.0,100.0,80.0,,0.0,NEGATIVE_PARTICLE_LITHIUM_DELTA_OVER_FROZEN_Q_REF_V1,4.855571466149088,25,20.0,W10_80_PERCENT_DISCHARGE_WINDOW,14.55,3.0000000000000004,2.996557686656702,4.85,99.7336579749329,4.855571466149088,25,,,,,,,,,,,,,,,,,,,,,,,,,,,,,,,,,,,,,,,,,,,,,,,,,,,,,,,,,,,,0,FIRST_UPWARD_CROSSING,charge_timeseries/cycle-068.csv,,,2090543.7995884628,2098412.2292294647,SOC_UPPER_BOUND_NOT_REACHED,SOC_UPPER_BOUND_NOT_REACHED,False,False,3,charge-efficiency-v1
69,virtual,20-40,20.0,40.0,20.0,40.0,100.0,NEGATIVE_PARTICLE_LITHIUM_DELTA_OVER_FROZEN_Q_REF_V1,4.855571466149088,25,20.0,W10_80_PERCENT_DISCHARGE_WINDOW,14.55,3.0000000000000004,2.996557686656702,4.85,99.7336579749329,4.855571466149088,25,,,,1.0873913025682227,0.04229843377676769,0.07853203922551413,0.9711142932298173,,,,,0.11630959464831025,0.0,,,8.275129595362515e-06,,,6.9127764175877515e-06,89.30679240639685,100.00299664985623,-4.777321591786787e-05,-0.004393378520228746,0.004393378520228746,SOC_UPPER_BOUND_NOT_REACHED,2121970.0558281275,2122327.7757171704,357.7198890427046,0.0779515021632859,1.0094398004049367,92.83132925753787,,,,,,,,,,,,,,,,,,,,,,,,,,,,,1,FIRST_UPWARD_CROSSING,charge_timeseries/cycle-069.csv,,,2121970.0558281275,2129845.9344823477,SOC_UPPER_BOUND_NOT_REACHED,SOC_UPPER_BOUND_NOT_REACHED,False,False,3,charge-efficiency-v1
69,virtual,40-60,40.0,60.0,40.0,60.0,100.0,NEGATIVE_PARTICLE_LITHIUM_DELTA_OVER_FROZEN_Q_REF_V1,4.855571466149088,25,20.0,W10_80_PERCENT_DISCHARGE_WINDOW,14.55,3.0000000000000004,2.996557686656702,4.85,99.7336579749329,4.855571466149088,25,,,,0.959603285455787,0.07853203922551413,0.11476564467426058,0.9711142932298173,,,,,-0.011550487644322593,0.011550487644322593,,,1.1489328168653654e-05,,,1.3152882515563014e-05,101.19955902074292,99.99588581334696,1.4837659608080145e-05,0.0015462285126538137,0.0015462285126538137,SOC_UPPER_BOUND_NOT_REACHED,2122327.7757171704,2122683.8720258176,356.0963086471843,0.0,0.959603285455787,100.0,,,,,,,,,,,,,,,,,,,,,,,,,,,,,1,FIRST_UPWARD_CROSSING,charge_timeseries/cycle-069.csv,,,2121970.0558281275,2129845.9344823477,SOC_UPPER_BOUND_NOT_REACHED,SOC_UPPER_BOUND_NOT_REACHED,False,False,3,charge-efficiency-v1
69,virtual,60-80,60.0,80.0,60.0,80.0,100.0,NEGATIVE_PARTICLE_LITHIUM_DELTA_OVER_FROZEN_Q_REF_V1,4.855571466149088,25,20.0,W10_80_PERCENT_DISCHARGE_WINDOW,14.55,3.0000000000000004,2.996557686656702,4.85,99.7336579749329,4.855571466149088,25,,,,0.8802830756601849,0.11476564467426058,0.15099925012300702,0.9711142932298173,,,,,-0.09087938719279338,0.09087938719279338,,,3.324645267163695e-05,,,4.6144652239621387e-05,110.31841007524902,99.99452793942167,-3.12214817502765e-05,-0.0035467547444168867,0.0035467547444168867,SOC_UPPER_BOUND_NOT_REACHED,2122683.8720258176,2125833.0930684176,3149.2210426002957,0.2199219721914488,0.6603611034687361,75.01690328119575,,,,,,,,,,,,,,,,,,,,,,,,,,,,,1,FIRST_UPWARD_CROSSING,charge_timeseries/cycle-069.csv,,,2121970.0558281275,2129845.9344823477,SOC_UPPER_BOUND_NOT_REACHED,SOC_UPPER_BOUND_NOT_REACHED,False,False,3,charge-efficiency-v1
69,virtual,80-100,80.0,100.0,80.0,,0.0,NEGATIVE_PARTICLE_LITHIUM_DELTA_OVER_FROZEN_Q_REF_V1,4.855571466149088,25,20.0,W10_80_PERCENT_DISCHARGE_WINDOW,14.55,3.0000000000000004,2.996557686656702,4.85,99.7336579749329,4.855571466149088,25,,,,,,,,,,,,,,,,,,,,,,,,,,,,,,,,,,,,,,,,,,,,,,,,,,,,,,,,,,,,0,FIRST_UPWARD_CROSSING,charge_timeseries/cycle-069.csv,,,2121970.0558281275,2129845.9344823477,SOC_UPPER_BOUND_NOT_REACHED,SOC_UPPER_BOUND_NOT_REACHED,False,False,3,charge-efficiency-v1
70,virtual,20-40,20.0,40.0,20.0,40.0,100.0,NEGATIVE_PARTICLE_LITHIUM_DELTA_OVER_FROZEN_Q_REF_V1,4.855571466149088,25,20.0,W10_80_PERCENT_DISCHARGE_WINDOW,14.55,3.0000000000000004,2.996557686656702,4.85,99.7336579749329,4.855571466149088,25,,,,1.0296483759578159,0.04228649211773838,0.07852009756648484,0.9711142932298177,,,,,0.05852206794598838,0.0,,,6.189735252851852e-06,,,6.330830413368849e-06,94.31513863424028,99.99883311795655,-5.057836565125484e-07,-4.912197875726753e-05,4.912197875726753e-05,SOC_UPPER_BOUND_NOT_REACHED,2153403.761401688,2153741.023329285,337.2619275968256,0.07770058537649427,0.9519477905813217,92.45367766406524,,,,,,,,,,,,,,,,,,,,,,,,,,,,,1,FIRST_UPWARD_CROSSING,charge_timeseries/cycle-070.csv,,,2153403.761401688,2161263.148472319,SOC_UPPER_BOUND_NOT_REACHED,SOC_UPPER_BOUND_NOT_REACHED,False,False,3,charge-efficiency-v1
70,virtual,40-60,40.0,60.0,40.0,60.0,100.0,NEGATIVE_PARTICLE_LITHIUM_DELTA_OVER_FROZEN_Q_REF_V1,4.855571466149088,25,20.0,W10_80_PERCENT_DISCHARGE_WINDOW,14.55,3.0000000000000004,2.996557686656702,4.85,99.7336579749329,4.855571466149088,25,,,,0.9696507620971534,0.07852009756648484,0.11475370301523129,0.9711142932298173,,,,,-0.0015034139742685637,0.0015034139742685637,,,5.706002849353853e-06,,,1.2709443318228986e-05,100.15093384029304,99.99588688596312,2.1467395437069214e-05,0.0022139306517575145,0.0022139306517575145,SOC_UPPER_BOUND_NOT_REACHED,2153741.023329285,2154078.3810618664,337.35773258131024,0.0,0.9696507620971534,100.0,,,,,,,,,,,,,,,,,,,,,,,,,,,,,1,FIRST_UPWARD_CROSSING,charge_timeseries/cycle-070.csv,,,2153403.761401688,2161263.148472319,SOC_UPPER_BOUND_NOT_REACHED,SOC_UPPER_BOUND_NOT_REACHED,False,False,3,charge-efficiency-v1
70,virtual,60-80,60.0,80.0,60.0,80.0,100.0,NEGATIVE_PARTICLE_LITHIUM_DELTA_OVER_FROZEN_Q_REF_V1,4.855571466149088,25,20.0,W10_80_PERCENT_DISCHARGE_WINDOW,14.55,3.0000000000000004,2.996557686656702,4.85,99.7336579749329,4.855571466149088,25,,,,0.9264251830575332,0.11475370301523129,0.15098730846397773,0.9711142932298173,,,,,-0.04472492954448809,0.04472492954448809,,,2.057303785732781e-05,,,4.715305026153915e-05,104.82382290438113,99.99613359256,-3.19067159149089e-05,-0.0034440682851048336,0.0034440682851048336,SOC_UPPER_BOUND_NOT_REACHED,2154078.3810618664,2157243.994253028,3165.6131911618645,0.21905333359809648,0.7073718494594367,76.3549893068383,,,,,,,,,,,,,,,,,,,,,,,,,,,,,1,FIRST_UPWARD_CROSSING,charge_timeseries/cycle-070.csv,,,2153403.761401688,2161263.148472319,SOC_UPPER_BOUND_NOT_REACHED,SOC_UPPER_BOUND_NOT_REACHED,False,False,3,charge-efficiency-v1
70,virtual,80-100,80.0,100.0,80.0,,0.0,NEGATIVE_PARTICLE_LITHIUM_DELTA_OVER_FROZEN_Q_REF_V1,4.855571466149088,25,20.0,W10_80_PERCENT_DISCHARGE_WINDOW,14.55,3.0000000000000004,2.996557686656702,4.85,99.7336579749329,4.855571466149088,25,,,,,,,,,,,,,,,,,,,,,,,,,,,,,,,,,,,,,,,,,,,,,,,,,,,,,,,,,,,,0,FIRST_UPWARD_CROSSING,charge_timeseries/cycle-070.csv,,,2153403.761401688,2161263.148472319,SOC_UPPER_BOUND_NOT_REACHED,SOC_UPPER_BOUND_NOT_REACHED,False,False,3,charge-efficiency-v1
71,virtual,20-40,20.0,40.0,20.0,40.0,100.0,NEGATIVE_PARTICLE_LITHIUM_DELTA_OVER_FROZEN_Q_REF_V1,4.855571466149088,25,20.0,W10_80_PERCENT_DISCHARGE_WINDOW,14.55,3.0000000000000004,2.996557686656702,4.85,99.7336579749329,4.855571466149088,25,,,,1.0883917927814508,0.04227488013558263,0.07850848558432907,0.9711142932298173,,,,,0.11728889919143559,0.0,,,8.2780327422885e-06,,,6.844877349310163e-06,89.22469828149625,100.00104738384447,-2.6522549893881475e-05,-0.0024368568441793833,0.0024368568441793833,SOC_UPPER_BOUND_NOT_REACHED,2184820.975466006,2185180.192443727,359.2169777213064,0.07745189601948507,1.0109398967619658,92.88382211872877,,,,,,,,,,,,,,,,,,,,,,,,,,,,,1,FIRST_UPWARD_CROSSING,charge_timeseries/cycle-071.csv,,,2184820.975466006,2192711.854989156,SOC_UPPER_BOUND_NOT_REACHED,SOC_UPPER_BOUND_NOT_REACHED,False,False,3,charge-efficiency-v1
71,virtual,40-60,40.0,60.0,40.0,60.0,100.0,NEGATIVE_PARTICLE_LITHIUM_DELTA_OVER_FROZEN_Q_REF_V1,4.855571466149088,25,20.0,W10_80_PERCENT_DISCHARGE_WINDOW,14.55,3.0000000000000004,2.996557686656702,4.85,99.7336579749329,4.855571466149088,25,,,,0.9594251364212097,0.07850848558432907,0.11474209103307552,0.9711142932298173,,,,,-0.01177100356587095,0.01177100356587095,,,1.1465576088897506e-05,,,1.2995109604341248e-05,101.21835006868903,99.99146918772958,5.7386071570131314e-05,0.00598129748655423,0.00598129748655423,SOC_UPPER_BOUND_NOT_REACHED,2185180.192443727,2185537.559149566,357.36670583904174,0.0,0.9594251364212097,100.0,,,,,,,,,,,,,,,,,,,,,,,,,,,,,1,FIRST_UPWARD_CROSSING,charge_timeseries/cycle-071.csv,,,2184820.975466006,2192711.854989156,SOC_UPPER_BOUND_NOT_REACHED,SOC_UPPER_BOUND_NOT_REACHED,False,False,3,charge-efficiency-v1
71,virtual,60-80,60.0,80.0,60.0,80.0,100.0,NEGATIVE_PARTICLE_LITHIUM_DELTA_OVER_FROZEN_Q_REF_V1,4.855571466149088,25,20.0,W10_80_PERCENT_DISCHARGE_WINDOW,14.55,3.0000000000000004,2.996557686656702,4.85,99.7336579749329,4.855571466149088,25,,,,0.8794820294775327,0.11474209103307552,0.15097569648182196,0.9711142932298173,,,,,-0.0916801219635417,0.0916801219635417,,,3.3012160474549246e-05,,,4.552964823043709e-05,110.41888983299863,99.99455836394002,-3.068359744795579e-05,-0.003488825970234294,0.003488825970234294,SOC_UPPER_BOUND_NOT_REACHED,2185537.559149566,2188696.3927950696,3158.8336455034278,0.21975893345722486,0.6597230960203079,75.01268632085917,,,,,,,,,,,,,,,,,,,,,,,,,,,,,1,FIRST_UPWARD_CROSSING,charge_timeseries/cycle-071.csv,,,2184820.975466006,2192711.854989156,SOC_UPPER_BOUND_NOT_REACHED,SOC_UPPER_BOUND_NOT_REACHED,False,False,3,charge-efficiency-v1
71,virtual,80-100,80.0,100.0,80.0,,0.0,NEGATIVE_PARTICLE_LITHIUM_DELTA_OVER_FROZEN_Q_REF_V1,4.855571466149088,25,20.0,W10_80_PERCENT_DISCHARGE_WINDOW,14.55,3.0000000000000004,2.996557686656702,4.85,99.7336579749329,4.855571466149088,25,,,,,,,,,,,,,,,,,,,,,,,,,,,,,,,,,,,,,,,,,,,,,,,,,,,,,,,,,,,,0,FIRST_UPWARD_CROSSING,charge_timeseries/cycle-071.csv,,,2184820.975466006,2192711.854989156,SOC_UPPER_BOUND_NOT_REACHED,SOC_UPPER_BOUND_NOT_REACHED,False,False,3,charge-efficiency-v1
72,virtual,20-40,20.0,40.0,20.0,40.0,100.0,NEGATIVE_PARTICLE_LITHIUM_DELTA_OVER_FROZEN_Q_REF_V1,4.855571466149088,25,20.0,W10_80_PERCENT_DISCHARGE_WINDOW,14.55,3.0000000000000004,2.996557686656702,4.85,99.7336579749329,4.855571466149088,25,,,,1.087935992402793,0.04226341107620929,0.07849701652495573,0.9711142932298173,,,,,0.11683747846707736,0.0,,,8.195637722517926e-06,,,6.802271729257348e-06,89.26207975572483,100.00145038809377,-3.077720355348923e-05,-0.0028289535200977526,0.0028289535200977526,SOC_UPPER_BOUND_NOT_REACHED,2216269.682017464,2216629.204910649,359.52289318481644,0.07720568553545983,1.010730306867333,92.90347170471445,,,,,,,,,,,,,,,,,,,,,,,,,,,,,1,FIRST_UPWARD_CROSSING,charge_timeseries/cycle-072.csv,,,2216269.682017464,2224167.920769636,SOC_UPPER_BOUND_NOT_REACHED,SOC_UPPER_BOUND_NOT_REACHED,False,False,3,charge-efficiency-v1
72,virtual,40-60,40.0,60.0,40.0,60.0,100.0,NEGATIVE_PARTICLE_LITHIUM_DELTA_OVER_FROZEN_Q_REF_V1,4.855571466149088,25,20.0,W10_80_PERCENT_DISCHARGE_WINDOW,14.55,3.0000000000000004,2.996557686656702,4.85,99.7336579749329,4.855571466149088,25,,,,0.9594602975973152,0.07849701652495573,0.1147306219737022,0.9711142932298177,,,,,-0.01170029200372022,0.01170029200372022,,,1.1359288452283609e-05,,,1.2910565954933617e-05,101.21464073726514,99.9951747486234,2.2026516810491614e-05,0.0022957194649586353,0.0022957194649586353,SOC_UPPER_BOUND_NOT_REACHED,2216629.204910649,2216986.9064953793,357.7015847304732,0.0,0.9594602975973152,100.0,,,,,,,,,,,,,,,,,,,,,,,,,,,,,1,FIRST_UPWARD_CROSSING,charge_timeseries/cycle-072.csv,,,2216269.682017464,2224167.920769636,SOC_UPPER_BOUND_NOT_REACHED,SOC_UPPER_BOUND_NOT_REACHED,False,False,3,charge-efficiency-v1
72,virtual,60-80,60.0,80.0,60.0,80.0,100.0,NEGATIVE_PARTICLE_LITHIUM_DELTA_OVER_FROZEN_Q_REF_V1,4.855571466149088,25,20.0,W10_80_PERCENT_DISCHARGE_WINDOW,14.55,3.0000000000000004,2.996557686656702,4.85,99.7336579749329,4.855571466149088,25,,,,0.8798219338110034,0.1147306219737022,0.15096422742244864,0.9711142932298173,,,,,-0.09134545250923248,0.09134545250923248,,,3.270806391830229e-05,,,4.5251677537487545e-05,110.37623136120004,99.99396547319654,-2.4866651037180887e-05,-0.002826327701273534,0.002826327701273534,SOC_UPPER_BOUND_NOT_REACHED,2216986.9064953793,2220151.0617753766,3164.1552799969045,0.21967867298331864,0.6601432608276847,75.03146210145424,,,,,,,,,,,,,,,,,,,,,,,,,,,,,1,FIRST_UPWARD_CROSSING,charge_timeseries/cycle-072.csv,,,2216269.682017464,2224167.920769636,SOC_UPPER_BOUND_NOT_REACHED,SOC_UPPER_BOUND_NOT_REACHED,False,False,3,charge-efficiency-v1
72,virtual,80-100,80.0,100.0,80.0,,0.0,NEGATIVE_PARTICLE_LITHIUM_DELTA_OVER_FROZEN_Q_REF_V1,4.855571466149088,25,20.0,W10_80_PERCENT_DISCHARGE_WINDOW,14.55,3.0000000000000004,2.996557686656702,4.85,99.7336579749329,4.855571466149088,25,,,,,,,,,,,,,,,,,,,,,,,,,,,,,,,,,,,,,,,,,,,,,,,,,,,,,,,,,,,,0,FIRST_UPWARD_CROSSING,charge_timeseries/cycle-072.csv,,,2216269.682017464,2224167.920769636,SOC_UPPER_BOUND_NOT_REACHED,SOC_UPPER_BOUND_NOT_REACHED,False,False,3,charge-efficiency-v1
73,virtual,20-40,20.0,40.0,20.0,40.0,100.0,NEGATIVE_PARTICLE_LITHIUM_DELTA_OVER_FROZEN_Q_REF_V1,4.855571466149088,25,20.0,W10_80_PERCENT_DISCHARGE_WINDOW,14.55,3.0000000000000004,2.996557686656702,4.85,99.7336579749329,4.855571466149088,25,,,,1.088999321617335,0.04225164276386854,0.07848524821261497,0.9711142932298172,,,,,0.11789174312612095,0.0,,,8.245513983562783e-06,,,6.776318818353666e-06,89.17492177934142,100.00061659713371,-2.1736571405028826e-05,-0.0019960133099758597,0.0019960133099758597,SOC_UPPER_BOUND_NOT_REACHED,2247725.747947455,2248086.278453851,360.5305063960987,0.0769618243769541,1.012037497240381,92.93279409369569,,,,,,,,,,,,,,,,,,,,,,,,,,,,,1,FIRST_UPWARD_CROSSING,charge_timeseries/cycle-073.csv,,,2247725.747947455,2255631.7762441956,SOC_UPPER_BOUND_NOT_REACHED,SOC_UPPER_BOUND_NOT_REACHED,False,False,3,charge-efficiency-v1
73,virtual,40-60,40.0,60.0,40.0,60.0,100.0,NEGATIVE_PARTICLE_LITHIUM_DELTA_OVER_FROZEN_Q_REF_V1,4.855571466149088,25,20.0,W10_80_PERCENT_DISCHARGE_WINDOW,14.55,3.0000000000000004,2.996557686656702,4.85,99.7336579749329,4.855571466149088,25,,,,0.9592345475265318,0.07848524821261497,0.11471885366136145,0.9711142932298181,,,,,-0.011917923369286834,0.011917923369286834,,,1.1406631301407247e-05,,,1.2840230282619436e-05,101.23846099308237,99.99601998634233,1.393080441658423e-05,0.0014522834329211765,0.0014522834329211765,SOC_UPPER_BOUND_NOT_REACHED,2248086.278453851,2248444.7795098554,358.50105600430385,0.0,0.9592345475265318,100.0,,,,,,,,,,,,,,,,,,,,,,,,,,,,,1,FIRST_UPWARD_CROSSING,charge_timeseries/cycle-073.csv,,,2247725.747947455,2255631.7762441956,SOC_UPPER_BOUND_NOT_REACHED,SOC_UPPER_BOUND_NOT_REACHED,False,False,3,charge-efficiency-v1
73,virtual,60-80,60.0,80.0,60.0,80.0,100.0,NEGATIVE_PARTICLE_LITHIUM_DELTA_OVER_FROZEN_Q_REF_V1,4.855571466149088,25,20.0,W10_80_PERCENT_DISCHARGE_WINDOW,14.55,3.0000000000000004,2.996557686656702,4.85,99.7336579749329,4.855571466149088,25,,,,0.878981578280168,0.11471885366136145,0.1509524591101079,0.9711142932298177,,,,,-0.09218860771497099,0.09218860771497099,,,3.271416711897457e-05,,,4.4950817664285436e-05,110.48175720928285,99.99364119036139,-2.1772219461979603e-05,-0.0024769824533273544,0.0024769824533273544,SOC_UPPER_BOUND_NOT_REACHED,2248444.7795098554,2251613.6416385784,3168.8621287229134,0.21960985448600695,0.659371723794161,75.01542012795082,,,,,,,,,,,,,,,,,,,,,,,,,,,,,1,FIRST_UPWARD_CROSSING,charge_timeseries/cycle-073.csv,,,2247725.747947455,2255631.7762441956,SOC_UPPER_BOUND_NOT_REACHED,SOC_UPPER_BOUND_NOT_REACHED,False,False,3,charge-efficiency-v1
73,virtual,80-100,80.0,100.0,80.0,,0.0,NEGATIVE_PARTICLE_LITHIUM_DELTA_OVER_FROZEN_Q_REF_V1,4.855571466149088,25,20.0,W10_80_PERCENT_DISCHARGE_WINDOW,14.55,3.0000000000000004,2.996557686656702,4.85,99.7336579749329,4.855571466149088,25,,,,,,,,,,,,,,,,,,,,,,,,,,,,,,,,,,,,,,,,,,,,,,,,,,,,,,,,,,,,0,FIRST_UPWARD_CROSSING,charge_timeseries/cycle-073.csv,,,2247725.747947455,2255631.7762441956,SOC_UPPER_BOUND_NOT_REACHED,SOC_UPPER_BOUND_NOT_REACHED,False,False,3,charge-efficiency-v1
74,virtual,20-40,20.0,40.0,20.0,40.0,100.0,NEGATIVE_PARTICLE_LITHIUM_DELTA_OVER_FROZEN_Q_REF_V1,4.855571466149088,25,20.0,W10_80_PERCENT_DISCHARGE_WINDOW,14.55,3.0000000000000004,2.996557686656702,4.85,99.7336579749329,4.855571466149088,25,,,,1.0887012324953913,0.04223990189071483,0.07847350733946129,0.9711142932298177,,,,,0.11761329951514456,0.0,,,8.186195664667065e-06,,,6.737364909248367e-06,89.19933809608584,100.00242125651961,-4.128381014489868e-05,-0.0037920238273518665,0.0037920238273518665,SOC_UPPER_BOUND_NOT_REACHED,2279189.6036500502,2279550.526347415,360.92269736466164,0.07672028117286762,1.0119809513225237,92.95304543772598,,,,,,,,,,,,,,,,,,,,,,,,,,,,,1,FIRST_UPWARD_CROSSING,charge_timeseries/cycle-074.csv,,,2279189.6036500502,2287103.0394733297,SOC_UPPER_BOUND_NOT_REACHED,SOC_UPPER_BOUND_NOT_REACHED,False,False,3,charge-efficiency-v1
74,virtual,40-60,40.0,60.0,40.0,60.0,100.0,NEGATIVE_PARTICLE_LITHIUM_DELTA_OVER_FROZEN_Q_REF_V1,4.855571466149088,25,20.0,W10_80_PERCENT_DISCHARGE_WINDOW,14.55,3.0000000000000004,2.996557686656702,4.85,99.7336579749329,4.855571466149088,25,,,,0.9592509280125568,0.07847350733946129,0.11470711278820774,0.9711142932298173,,,,,-0.011878947344813623,0.011878947344813623,,,1.1320287902096687e-05,,,1.2760323003735419e-05,101.23673221164768,99.99837559421648,-8.498483352714636e-06,-0.000885949974562171,0.000885949974562171,SOC_UPPER_BOUND_NOT_REACHED,2279550.526347415,2279909.412476729,358.8861293142379,0.0,0.9592509280125568,100.0,,,,,,,,,,,,,,,,,,,,,,,,,,,,,1,FIRST_UPWARD_CROSSING,charge_timeseries/cycle-074.csv,,,2279189.6036500502,2287103.0394733297,SOC_UPPER_BOUND_NOT_REACHED,SOC_UPPER_BOUND_NOT_REACHED,False,False,3,charge-efficiency-v1
74,virtual,60-80,60.0,80.0,60.0,80.0,100.0,NEGATIVE_PARTICLE_LITHIUM_DELTA_OVER_FROZEN_Q_REF_V1,4.855571466149088,25,20.0,W10_80_PERCENT_DISCHARGE_WINDOW,14.55,3.0000000000000004,2.996557686656702,4.85,99.7336579749329,4.855571466149088,25,,,,0.8791821619128136,0.11470711278820774,0.15094071823695418,0.9711142932298173,,,,,-0.0919901577470436,0.0919901577470436,,,3.245365025232247e-05,,,4.468105425363411e-05,110.45655101975561,99.99339995366677,-1.91082744660509e-05,-0.00217341471356488,0.00217341471356488,SOC_UPPER_BOUND_NOT_REACHED,2279909.412476729,2283083.476211414,3174.0637346848685,0.2195238171131653,0.6596583447996484,75.03090637831494,,,,,,,,,,,,,,,,,,,,,,,,,,,,,1,FIRST_UPWARD_CROSSING,charge_timeseries/cycle-074.csv,,,2279189.6036500502,2287103.0394733297,SOC_UPPER_BOUND_NOT_REACHED,SOC_UPPER_BOUND_NOT_REACHED,False,False,3,charge-efficiency-v1
74,virtual,80-100,80.0,100.0,80.0,,0.0,NEGATIVE_PARTICLE_LITHIUM_DELTA_OVER_FROZEN_Q_REF_V1,4.855571466149088,25,20.0,W10_80_PERCENT_DISCHARGE_WINDOW,14.55,3.0000000000000004,2.996557686656702,4.85,99.7336579749329,4.855571466149088,25,,,,,,,,,,,,,,,,,,,,,,,,,,,,,,,,,,,,,,,,,,,,,,,,,,,,,,,,,,,,0,FIRST_UPWARD_CROSSING,charge_timeseries/cycle-074.csv,,,2279189.6036500502,2287103.0394733297,SOC_UPPER_BOUND_NOT_REACHED,SOC_UPPER_BOUND_NOT_REACHED,False,False,3,charge-efficiency-v1
75,virtual,20-40,20.0,40.0,20.0,40.0,100.0,NEGATIVE_PARTICLE_LITHIUM_DELTA_OVER_FROZEN_Q_REF_V1,4.855571466149088,25,20.0,W10_80_PERCENT_DISCHARGE_WINDOW,14.55,3.0000000000000004,2.996557686656702,4.85,99.7336579749329,4.855571466149088,25,,,,1.0897916499057123,0.04222821888705459,0.07846182433580103,0.9711142932298172,,,,,0.11870853679059447,0.0,,,8.2398889203264e-06,,,6.713342703100478e-06,89.11008753956199,100.00286110787344,-4.6133346322863034e-05,-0.004233226261813847,0.004233226261813847,SOC_UPPER_BOUND_NOT_REACHED,2310660.8671465726,2311022.8136880402,361.94654146767266,0.07648098975138713,1.0133106601543251,92.9820539771979,,,,,,,,,,,,,,,,,,,,,,,,,,,,,1,FIRST_UPWARD_CROSSING,charge_timeseries/cycle-075.csv,,,2310660.8671465726,2318582.1885520746,SOC_UPPER_BOUND_NOT_REACHED,SOC_UPPER_BOUND_NOT_REACHED,False,False,3,charge-efficiency-v1
75,virtual,40-60,40.0,60.0,40.0,60.0,100.0,NEGATIVE_PARTICLE_LITHIUM_DELTA_OVER_FROZEN_Q_REF_V1,4.855571466149088,25,20.0,W10_80_PERCENT_DISCHARGE_WINDOW,14.55,3.0000000000000004,2.996557686656702,4.85,99.7336579749329,4.855571466149088,25,,,,0.9590481454367712,0.07846182433580103,0.11469542978454748,0.9711142932298177,,,,,-0.012107020342419395,0.012107020342419395,,,1.1373196238661024e-05,,,1.2693339872339726e-05,101.25813785788108,99.99573821715131,1.6806013261927433e-05,0.001752363876818052,0.001752363876818052,SOC_UPPER_BOUND_NOT_REACHED,2311022.8136880402,2311382.5323371,359.71864905949997,0.0,0.9590481454367712,100.0,,,,,,,,,,,,,,,,,,,,,,,,,,,,,1,FIRST_UPWARD_CROSSING,charge_timeseries/cycle-075.csv,,,2310660.8671465726,2318582.1885520746,SOC_UPPER_BOUND_NOT_REACHED,SOC_UPPER_BOUND_NOT_REACHED,False,False,3,charge-efficiency-v1
75,virtual,60-80,60.0,80.0,60.0,80.0,100.0,NEGATIVE_PARTICLE_LITHIUM_DELTA_OVER_FROZEN_Q_REF_V1,4.855571466149088,25,20.0,W10_80_PERCENT_DISCHARGE_WINDOW,14.55,3.0000000000000004,2.996557686656702,4.85,99.7336579749329,4.855571466149088,25,,,,0.8782987564814995,0.11469542978454748,0.1509290352332939,0.9711142932298166,,,,,-0.09286300378052577,0.09286300378052577,,,3.247160484431792e-05,,,4.439014544823511e-05,110.56764979608306,99.99459557105615,-2.939471808383054e-05,-0.0033467789709263596,0.0033467789709263596,SOC_UPPER_BOUND_NOT_REACHED,2311382.5323371,2314561.310502501,3178.778165401677,0.2194563518972506,0.6588424045842488,75.01347345903099,,,,,,,,,,,,,,,,,,,,,,,,,,,,,1,FIRST_UPWARD_CROSSING,charge_timeseries/cycle-075.csv,,,2310660.8671465726,2318582.1885520746,SOC_UPPER_BOUND_NOT_REACHED,SOC_UPPER_BOUND_NOT_REACHED,False,False,3,charge-efficiency-v1
75,virtual,80-100,80.0,100.0,80.0,,0.0,NEGATIVE_PARTICLE_LITHIUM_DELTA_OVER_FROZEN_Q_REF_V1,4.855571466149088,25,20.0,W10_80_PERCENT_DISCHARGE_WINDOW,14.55,3.0000000000000004,2.996557686656702,4.85,99.7336579749329,4.855571466149088,25,,,,,,,,,,,,,,,,,,,,,,,,,,,,,,,,,,,,,,,,,,,,,,,,,,,,,,,,,,,,0,FIRST_UPWARD_CROSSING,charge_timeseries/cycle-075.csv,,,2310660.8671465726,2318582.1885520746,SOC_UPPER_BOUND_NOT_REACHED,SOC_UPPER_BOUND_NOT_REACHED,False,False,3,charge-efficiency-v1
