cycle,mode,soc_bin_id,soc_start_pct,soc_end_pct,actual_soc_start_pct,actual_soc_end_pct,soc_coverage_pct,soc_definition,soc_reference_capacity_ah,capacity_reference_node,soc_anchor_pct,soc_anchor_source,configured_charge_current_a,configured_nominal_charge_rate_c,effective_charge_rate_c,nominal_capacity_ah,soh_pct,q_ref_ah,q_ref_node,lli_pct,negative_lam_pct,positive_lam_pct,external_charge_ah,negative_particle_lithium_mol_start,negative_particle_lithium_mol_end,intercalated_charge_increment_ah,total_plating_inventory_start_ah,total_plating_inventory_end_ah,reversible_plating_inventory_start_ah,reversible_plating_inventory_end_ah,reversible_plating_increment_ah,reversible_plating_depletion_ah,dead_lithium_inventory_start_ah,dead_lithium_inventory_end_ah,dead_lithium_increment_ah,sei_inventory_start_ah,sei_inventory_end_ah,sei_increment_ah,useful_charge_efficiency_pct,reversible_retention_pct,charge_balance_error_ah,charge_balance_error_pct,charge_balance_abs_error_pct,charge_balance_status,time_start_s,time_end_s,duration_s,cc_charge_ah,cv_charge_ah,cv_charge_fraction_pct,mean_current_a,mean_voltage_v,maximum_voltage_v,temperature_start_k,temperature_end_k,temperature_mean_k,temperature_max_k,temperature_rise_k,negative_surface_stoichiometry,negative_average_stoichiometry,negative_particle_radial_stoichiometry_gradient,minimum_electrolyte_concentration_mol_m3,negative_reaction_overpotential_v,plating_reaction_overpotential_v,negative_intercalation_current_density_mean_a_m2,negative_intercalation_current_density_max_a_m2,negative_plating_current_density_mean_a_m2,negative_plating_current_density_extreme_a_m2,negative_sei_current_density_mean_a_m2,negative_sei_current_density_max_a_m2,electrolyte_ohmic_loss_mean_v,electrolyte_ohmic_loss_max_v,negative_particle_concentration_overpotential_mean_v,negative_particle_concentration_overpotential_max_v,irreversible_heating_energy_wh,ohmic_heating_energy_wh,reversible_heating_energy_wh,total_heating_energy_wh,soc_crossing_count,soc_crossing_selection_rule,charge_trace_path,trace_start_row,trace_end_row,trace_start_time_s,trace_end_time_s,primary_status,status_flags,is_valid_for_efficiency_analysis,is_valid_for_mechanism_analysis,output_schema_version,charge_efficiency_algorithm_version
1,virtual,20-40,20.0,40.0,20.0,40.0,100.0,NEGATIVE_PARTICLE_LITHIUM_DELTA_OVER_FROZEN_Q_REF_V1,4.86718922124331,0,20.0,INITIAL_SOC_CONFIGURATION,14.55,3.0000000000000004,2.989405042338429,4.85,100.0,4.86718922124331,0,,,,0.9955692666879538,0.04274926258206297,0.07906956290436219,0.9734378442486621,,,,,0.022099394269229876,0.0,,,1.0180755759730298e-05,,,0.0008042274448007185,97.77700827257172,99.99678292901022,-0.0007823800304986861,-0.07858619753314576,0.07858619753314576,SOC_UPPER_BOUND_NOT_REACHED,0.0,280.62649422582456,280.62649422582456,0.11031227246408162,0.8852569942238722,88.91967880536662,,,,,,,,,,,,,,,,,,,,,,,,,,,,,1,FIRST_UPWARD_CROSSING,charge_timeseries/cycle-001.csv,,,0.0,7505.133721536173,SOC_UPPER_BOUND_NOT_REACHED,SOC_UPPER_BOUND_NOT_REACHED,False,False,3,charge-efficiency-v1
1,virtual,40-60,40.0,60.0,40.0,60.0,100.0,NEGATIVE_PARTICLE_LITHIUM_DELTA_OVER_FROZEN_Q_REF_V1,4.86718922124331,0,20.0,INITIAL_SOC_CONFIGURATION,14.55,3.0000000000000004,2.989405042338429,4.85,100.0,4.86718922124331,0,,,,0.977724007745758,0.07906956290436219,0.11538986322666141,0.973437844248662,,,,,0.004220279050732578,0.0,,,7.230536515911749e-06,,,0.0006701047938338353,99.56161826209237,99.99326144741856,-0.0006114508839862864,-0.06253818860355578,0.06253818860355578,SOC_UPPER_BOUND_NOT_REACHED,280.62649422582456,565.3236619450964,284.6971677192719,0.0,0.977724007745758,100.0,,,,,,,,,,,,,,,,,,,,,,,,,,,,,1,FIRST_UPWARD_CROSSING,charge_timeseries/cycle-001.csv,,,0.0,7505.133721536173,SOC_UPPER_BOUND_NOT_REACHED,SOC_UPPER_BOUND_NOT_REACHED,False,False,3,charge-efficiency-v1
1,virtual,60-80,60.0,80.0,60.0,80.0,100.0,NEGATIVE_PARTICLE_LITHIUM_DELTA_OVER_FROZEN_Q_REF_V1,4.86718922124331,0,20.0,INITIAL_SOC_CONFIGURATION,14.55,3.0000000000000004,2.989405042338429,4.85,100.0,4.86718922124331,0,,,,0.9602106391511342,0.11538986322666141,0.1517101635489606,0.9734378442486615,,,,,-0.013481279670639524,0.013481279670639524,,,4.290943983545509e-05,,,0.0015498642452422926,101.37753161214926,99.9735397044406,-0.0013386991119654912,-0.1394172338216286,0.1394172338216286,SOC_UPPER_BOUND_NOT_REACHED,565.3236619450964,3480.2445128975996,2914.9208509525033,0.21317405107573018,0.7470365880754041,77.79924087654508,,,,,,,,,,,,,,,,,,,,,,,,,,,,,1,FIRST_UPWARD_CROSSING,charge_timeseries/cycle-001.csv,,,0.0,7505.133721536173,SOC_UPPER_BOUND_NOT_REACHED,SOC_UPPER_BOUND_NOT_REACHED,False,False,3,charge-efficiency-v1
1,virtual,80-100,80.0,100.0,80.0,,0.0,NEGATIVE_PARTICLE_LITHIUM_DELTA_OVER_FROZEN_Q_REF_V1,4.86718922124331,0,20.0,INITIAL_SOC_CONFIGURATION,14.55,3.0000000000000004,2.989405042338429,4.85,100.0,4.86718922124331,0,,,,,,,,,,,,,,,,,,,,,,,,,,,,,,,,,,,,,,,,,,,,,,,,,,,,,,,,,,,,0,FIRST_UPWARD_CROSSING,charge_timeseries/cycle-001.csv,,,0.0,7505.133721536173,SOC_UPPER_BOUND_NOT_REACHED,SOC_UPPER_BOUND_NOT_REACHED,False,False,3,charge-efficiency-v1
2,virtual,20-40,20.0,40.0,20.0,40.0,100.0,NEGATIVE_PARTICLE_LITHIUM_DELTA_OVER_FROZEN_Q_REF_V1,4.86718922124331,0,20.0,W10_80_PERCENT_DISCHARGE_WINDOW,14.55,3.0000000000000004,2.989405042338429,4.85,100.0,4.86718922124331,0,,,,1.0237652011623146,0.043004524411041814,0.07932482473334104,0.9734378442486623,,,,,0.05030234871592528,0.0,,,1.1420277291427473e-05,,,6.970976832014041e-05,95.08409185460553,99.99755723307467,-5.6121847884504916e-05,-0.005481906185206131,0.005481906185206131,SOC_UPPER_BOUND_NOT_REACHED,31099.43306914321,31389.247141863932,289.81407272071925,0.11020221187625072,0.9135629892860639,89.23559701471251,,,,,,,,,,,,,,,,,,,,,,,,,,,,,1,FIRST_UPWARD_CROSSING,charge_timeseries/cycle-002.csv,,,31099.43306914321,38585.845500428666,SOC_UPPER_BOUND_NOT_REACHED,SOC_UPPER_BOUND_NOT_REACHED,False,False,3,charge-efficiency-v1
2,virtual,40-60,40.0,60.0,40.0,60.0,100.0,NEGATIVE_PARTICLE_LITHIUM_DELTA_OVER_FROZEN_Q_REF_V1,4.86718922124331,0,20.0,W10_80_PERCENT_DISCHARGE_WINDOW,14.55,3.0000000000000004,2.989405042338429,4.85,100.0,4.86718922124331,0,,,,0.9642303917700716,0.07932482473334104,0.11564512505564024,0.9734378442486615,,,,,-0.009256953596978118,0.009256953596978118,,,9.74146518755364e-06,,,0.00014815058777042055,100.95490170784676,99.99486625615509,-0.00010839093456971316,-0.011241186286478288,0.011241186286478288,SOC_UPPER_BOUND_NOT_REACHED,31389.247141863932,31677.67594891412,288.4288070501862,0.0,0.9642303917700716,100.0,,,,,,,,,,,,,,,,,,,,,,,,,,,,,1,FIRST_UPWARD_CROSSING,charge_timeseries/cycle-002.csv,,,31099.43306914321,38585.845500428666,SOC_UPPER_BOUND_NOT_REACHED,SOC_UPPER_BOUND_NOT_REACHED,False,False,3,charge-efficiency-v1
2,virtual,60-80,60.0,80.0,60.0,80.0,100.0,NEGATIVE_PARTICLE_LITHIUM_DELTA_OVER_FROZEN_Q_REF_V1,4.86718922124331,0,20.0,W10_80_PERCENT_DISCHARGE_WINDOW,14.55,3.0000000000000004,2.989405042338429,4.85,100.0,4.86718922124331,0,,,,0.9460452342041462,0.11564512505564024,0.15196542537793944,0.9734378442486615,,,,,-0.027599628869485922,0.027599628869485922,,,4.57299090286483e-05,,,0.0005769023559318376,102.8954862890419,99.97811744962229,-0.0004156134399898592,-0.04393166679175664,0.04393166679175664,SOC_UPPER_BOUND_NOT_REACHED,31677.67594891412,34578.85681771835,2901.18086880423,0.22231950134263836,0.7237257328615079,76.50011930669858,,,,,,,,,,,,,,,,,,,,,,,,,,,,,1,FIRST_UPWARD_CROSSING,charge_timeseries/cycle-002.csv,,,31099.43306914321,38585.845500428666,SOC_UPPER_BOUND_NOT_REACHED,SOC_UPPER_BOUND_NOT_REACHED,False,False,3,charge-efficiency-v1
2,virtual,80-100,80.0,100.0,80.0,,0.0,NEGATIVE_PARTICLE_LITHIUM_DELTA_OVER_FROZEN_Q_REF_V1,4.86718922124331,0,20.0,W10_80_PERCENT_DISCHARGE_WINDOW,14.55,3.0000000000000004,2.989405042338429,4.85,100.0,4.86718922124331,0,,,,,,,,,,,,,,,,,,,,,,,,,,,,,,,,,,,,,,,,,,,,,,,,,,,,,,,,,,,,0,FIRST_UPWARD_CROSSING,charge_timeseries/cycle-002.csv,,,31099.43306914321,38585.845500428666,SOC_UPPER_BOUND_NOT_REACHED,SOC_UPPER_BOUND_NOT_REACHED,False,False,3,charge-efficiency-v1
3,virtual,20-40,20.0,40.0,20.0,40.0,100.0,NEGATIVE_PARTICLE_LITHIUM_DELTA_OVER_FROZEN_Q_REF_V1,4.86718922124331,0,20.0,W10_80_PERCENT_DISCHARGE_WINDOW,14.55,3.0000000000000004,2.989405042338429,4.85,100.0,4.86718922124331,0,,,,1.0297951195667396,0.0429631472520681,0.07928344757436731,0.9734378442486618,,,,,0.056334310026559524,0.0,,,1.0941183724190527e-05,,,5.297945524976311e-05,94.52733128684967,99.99776991645405,-4.0955347455406965e-05,-0.003977038410576067,0.003977038410576067,SOC_UPPER_BOUND_NOT_REACHED,62180.149308581575,62475.53181843022,295.3825098486484,0.10627459058557027,0.9235205289811694,89.68002580646501,,,,,,,,,,,,,,,,,,,,,,,,,,,,,1,FIRST_UPWARD_CROSSING,charge_timeseries/cycle-003.csv,,,62180.149308581575,69730.9589476784,SOC_UPPER_BOUND_NOT_REACHED,SOC_UPPER_BOUND_NOT_REACHED,False,False,3,charge-efficiency-v1
3,virtual,40-60,40.0,60.0,40.0,60.0,100.0,NEGATIVE_PARTICLE_LITHIUM_DELTA_OVER_FROZEN_Q_REF_V1,4.86718922124331,0,20.0,W10_80_PERCENT_DISCHARGE_WINDOW,14.55,3.0000000000000004,2.989405042338429,4.85,100.0,4.86718922124331,0,,,,0.9177920198172703,0.07928344757436731,0.11560374789666653,0.973437844248662,,,,,-0.05568452185375227,0.05568452185375227,,,1.6673988114250288e-06,,,0.00010294642242758209,106.06301027137614,99.99578363926412,-6.591639887842948e-05,-0.0071820627609677015,0.0071820627609677015,SOC_UPPER_BOUND_NOT_REACHED,62475.53181843022,62733.14828237838,257.61646394815557,0.0,0.9177920198172703,100.0,,,,,,,,,,,,,,,,,,,,,,,,,,,,,1,FIRST_UPWARD_CROSSING,charge_timeseries/cycle-003.csv,,,62180.149308581575,69730.9589476784,SOC_UPPER_BOUND_NOT_REACHED,SOC_UPPER_BOUND_NOT_REACHED,False,False,3,charge-efficiency-v1
3,virtual,60-80,60.0,80.0,60.0,80.0,100.0,NEGATIVE_PARTICLE_LITHIUM_DELTA_OVER_FROZEN_Q_REF_V1,4.86718922124331,0,20.0,W10_80_PERCENT_DISCHARGE_WINDOW,14.55,3.0000000000000004,2.989405042338429,4.85,100.0,4.86718922124331,0,,,,0.984517574721035,0.11560374789666653,0.1519240482189657,0.9734378442486612,,,,,0.010842812370269876,0.0,,,1.3706464645457303e-05,,,0.00045854119158094363,98.87460307902444,99.97593561474298,-0.00023532955412253198,-0.023903032324152577,0.023903032324152577,SOC_UPPER_BOUND_NOT_REACHED,62733.14828237838,65712.34769311361,2979.1994107352257,0.22008173571114,0.764435839009895,77.64572808428528,,,,,,,,,,,,,,,,,,,,,,,,,,,,,1,FIRST_UPWARD_CROSSING,charge_timeseries/cycle-003.csv,,,62180.149308581575,69730.9589476784,SOC_UPPER_BOUND_NOT_REACHED,SOC_UPPER_BOUND_NOT_REACHED,False,False,3,charge-efficiency-v1
3,virtual,80-100,80.0,100.0,80.0,,0.0,NEGATIVE_PARTICLE_LITHIUM_DELTA_OVER_FROZEN_Q_REF_V1,4.86718922124331,0,20.0,W10_80_PERCENT_DISCHARGE_WINDOW,14.55,3.0000000000000004,2.989405042338429,4.85,100.0,4.86718922124331,0,,,,,,,,,,,,,,,,,,,,,,,,,,,,,,,,,,,,,,,,,,,,,,,,,,,,,,,,,,,,0,FIRST_UPWARD_CROSSING,charge_timeseries/cycle-003.csv,,,62180.149308581575,69730.9589476784,SOC_UPPER_BOUND_NOT_REACHED,SOC_UPPER_BOUND_NOT_REACHED,False,False,3,charge-efficiency-v1
4,virtual,20-40,20.0,40.0,20.0,40.0,100.0,NEGATIVE_PARTICLE_LITHIUM_DELTA_OVER_FROZEN_Q_REF_V1,4.86718922124331,0,20.0,W10_80_PERCENT_DISCHARGE_WINDOW,14.55,3.0000000000000004,2.989405042338429,4.85,100.0,4.86718922124331,0,,,,1.0628491667766762,0.04292831147750143,0.07924861179980064,0.9734378442486618,,,,,0.08939744090083855,0.0,,,1.1533829363320628e-05,,,4.756839251908451e-05,91.58758125584518,99.9986939231257,-4.5220594706574246e-05,-0.004254657774603677,0.004254657774603677,SOC_UPPER_BOUND_NOT_REACHED,93325.26472803348,93636.1267568655,310.8620288320181,0.1033097075748071,0.959539459201869,90.27992768831756,,,,,,,,,,,,,,,,,,,,,,,,,,,,,1,FIRST_UPWARD_CROSSING,charge_timeseries/cycle-004.csv,,,93325.26472803348,100813.55398885699,SOC_UPPER_BOUND_NOT_REACHED,SOC_UPPER_BOUND_NOT_REACHED,False,False,3,charge-efficiency-v1
4,virtual,40-60,40.0,60.0,40.0,60.0,100.0,NEGATIVE_PARTICLE_LITHIUM_DELTA_OVER_FROZEN_Q_REF_V1,4.86718922124331,0,20.0,W10_80_PERCENT_DISCHARGE_WINDOW,14.55,3.0000000000000004,2.989405042338429,4.85,100.0,4.86718922124331,0,,,,0.9678345164235856,0.07924861179980064,0.11556891212209985,0.973437844248662,,,,,-0.0056787890913622685,0.0056787890913622685,,,1.72598977889706e-05,,,9.708674683566766e-05,100.57895515503851,99.99220308172467,-3.888537833862671e-05,-0.004017771393638538,0.004017771393638538,SOC_UPPER_BOUND_NOT_REACHED,93636.1267568655,93949.35876714216,313.23201027665885,0.0,0.9678345164235856,100.0,,,,,,,,,,,,,,,,,,,,,,,,,,,,,1,FIRST_UPWARD_CROSSING,charge_timeseries/cycle-004.csv,,,93325.26472803348,100813.55398885699,SOC_UPPER_BOUND_NOT_REACHED,SOC_UPPER_BOUND_NOT_REACHED,False,False,3,charge-efficiency-v1
4,virtual,60-80,60.0,80.0,60.0,80.0,100.0,NEGATIVE_PARTICLE_LITHIUM_DELTA_OVER_FROZEN_Q_REF_V1,4.86718922124331,0,20.0,W10_80_PERCENT_DISCHARGE_WINDOW,14.55,3.0000000000000004,2.989405042338429,4.85,100.0,4.86718922124331,0,,,,0.9052618612555519,0.11556891212209985,0.15188921244439904,0.9734378442486612,,,,,-0.06836984511857552,0.06836984511857552,,,5.9241520010321774e-05,,,0.00035535859052788013,107.53107867579362,99.97858496709479,-0.00022073798507205034,-0.024383882114054605,0.024383882114054605,SOC_UPPER_BOUND_NOT_REACHED,93949.35876714216,96804.80244273899,2855.4436755968304,0.22434346637261854,0.6809183948829334,75.21783740436544,,,,,,,,,,,,,,,,,,,,,,,,,,,,,1,FIRST_UPWARD_CROSSING,charge_timeseries/cycle-004.csv,,,93325.26472803348,100813.55398885699,SOC_UPPER_BOUND_NOT_REACHED,SOC_UPPER_BOUND_NOT_REACHED,False,False,3,charge-efficiency-v1
4,virtual,80-100,80.0,100.0,80.0,,0.0,NEGATIVE_PARTICLE_LITHIUM_DELTA_OVER_FROZEN_Q_REF_V1,4.86718922124331,0,20.0,W10_80_PERCENT_DISCHARGE_WINDOW,14.55,3.0000000000000004,2.989405042338429,4.85,100.0,4.86718922124331,0,,,,,,,,,,,,,,,,,,,,,,,,,,,,,,,,,,,,,,,,,,,,,,,,,,,,,,,,,,,,0,FIRST_UPWARD_CROSSING,charge_timeseries/cycle-004.csv,,,93325.26472803348,100813.55398885699,SOC_UPPER_BOUND_NOT_REACHED,SOC_UPPER_BOUND_NOT_REACHED,False,False,3,charge-efficiency-v1
5,virtual,20-40,20.0,40.0,20.0,40.0,100.0,NEGATIVE_PARTICLE_LITHIUM_DELTA_OVER_FROZEN_Q_REF_V1,4.86718922124331,0,20.0,W10_80_PERCENT_DISCHARGE_WINDOW,14.55,3.0000000000000004,2.989405042338429,4.85,100.0,4.86718922124331,0,,,,1.064846948173046,0.042894992318530466,0.07921529264082967,0.9734378442486618,,,,,0.09140387370597752,0.0,,,1.0910568777591583e-05,,,4.233132381908575e-05,91.41575189925514,99.99950882909363,-4.8011674189885056e-05,-0.004508786382142383,0.004508786382142383,SOC_UPPER_BOUND_NOT_REACHED,124407.86094179965,124722.1144976714,314.25355587175255,0.10087309597766843,0.9639738521953777,90.5269864227215,,,,,,,,,,,,,,,,,,,,,,,,,,,,,1,FIRST_UPWARD_CROSSING,charge_timeseries/cycle-005.csv,,,124407.86094179965,131917.49361258358,SOC_UPPER_BOUND_NOT_REACHED,SOC_UPPER_BOUND_NOT_REACHED,False,False,3,charge-efficiency-v1
5,virtual,40-60,40.0,60.0,40.0,60.0,100.0,NEGATIVE_PARTICLE_LITHIUM_DELTA_OVER_FROZEN_Q_REF_V1,4.86718922124331,0,20.0,W10_80_PERCENT_DISCHARGE_WINDOW,14.55,3.0000000000000004,2.989405042338429,4.85,100.0,4.86718922124331,0,,,,0.967418747419911,0.07921529264082967,0.1155355929631289,0.9734378442486623,,,,,-0.0060750557940689315,0.0060750557940689315,,,1.623273705543809e-05,,,8.598754923913252e-05,100.6221811232007,99.99421564183382,-4.626132097695912e-05,-0.004781933480236688,0.004781933480236688,SOC_UPPER_BOUND_NOT_REACHED,124722.1144976714,125038.4575241666,316.34302649520333,0.0,0.967418747419911,100.0,,,,,,,,,,,,,,,,,,,,,,,,,,,,,1,FIRST_UPWARD_CROSSING,charge_timeseries/cycle-005.csv,,,124407.86094179965,131917.49361258358,SOC_UPPER_BOUND_NOT_REACHED,SOC_UPPER_BOUND_NOT_REACHED,False,False,3,charge-efficiency-v1
5,virtual,60-80,60.0,80.0,60.0,80.0,100.0,NEGATIVE_PARTICLE_LITHIUM_DELTA_OVER_FROZEN_Q_REF_V1,4.86718922124331,0,20.0,W10_80_PERCENT_DISCHARGE_WINDOW,14.55,3.0000000000000004,2.989405042338429,4.85,100.0,4.86718922124331,0,,,,0.9035609861814582,0.1155355929631289,0.15185589328542812,0.973437844248662,,,,,-0.07003651659295405,0.07003651659295405,,,5.4957450135157565e-05,,,0.0003136170216648422,107.73349659136022,99.98233007752746,-0.00020891594604977026,-0.023121399578424757,0.023121399578424757,SOC_UPPER_BOUND_NOT_REACHED,125038.4575241666,127905.93933765,2867.481813483385,0.22423199908704544,0.6793289870944128,75.1835235787821,,,,,,,,,,,,,,,,,,,,,,,,,,,,,1,FIRST_UPWARD_CROSSING,charge_timeseries/cycle-005.csv,,,124407.86094179965,131917.49361258358,SOC_UPPER_BOUND_NOT_REACHED,SOC_UPPER_BOUND_NOT_REACHED,False,False,3,charge-efficiency-v1
5,virtual,80-100,80.0,100.0,80.0,,0.0,NEGATIVE_PARTICLE_LITHIUM_DELTA_OVER_FROZEN_Q_REF_V1,4.86718922124331,0,20.0,W10_80_PERCENT_DISCHARGE_WINDOW,14.55,3.0000000000000004,2.989405042338429,4.85,100.0,4.86718922124331,0,,,,,,,,,,,,,,,,,,,,,,,,,,,,,,,,,,,,,,,,,,,,,,,,,,,,,,,,,,,,0,FIRST_UPWARD_CROSSING,charge_timeseries/cycle-005.csv,,,124407.86094179965,131917.49361258358,SOC_UPPER_BOUND_NOT_REACHED,SOC_UPPER_BOUND_NOT_REACHED,False,False,3,charge-efficiency-v1
6,virtual,20-40,20.0,40.0,20.0,40.0,100.0,NEGATIVE_PARTICLE_LITHIUM_DELTA_OVER_FROZEN_Q_REF_V1,4.86718922124331,0,20.0,W10_80_PERCENT_DISCHARGE_WINDOW,14.55,3.0000000000000004,2.989405042338429,4.85,100.0,4.86718922124331,0,,,,0.9911997738783082,0.04286419422834865,0.07918449455064787,0.9734378442486621,,,,,0.017745758425392597,0.0,,,6.103736618350117e-06,,,3.464679045616162e-05,98.20803736060712,99.9983685222011,-2.4579322821072225e-05,-0.0024797546840532154,0.0024797546840532154,SOC_UPPER_BOUND_NOT_REACHED,155511.80144821608,155804.6739139523,292.8724657362254,0.09876175584128963,0.8924380180370185,90.03614019655589,,,,,,,,,,,,,,,,,,,,,,,,,,,,,1,FIRST_UPWARD_CROSSING,charge_timeseries/cycle-006.csv,,,155511.80144821608,163101.69533171738,SOC_UPPER_BOUND_NOT_REACHED,SOC_UPPER_BOUND_NOT_REACHED,False,False,3,charge-efficiency-v1
6,virtual,40-60,40.0,60.0,40.0,60.0,100.0,NEGATIVE_PARTICLE_LITHIUM_DELTA_OVER_FROZEN_Q_REF_V1,4.86718922124331,0,20.0,W10_80_PERCENT_DISCHARGE_WINDOW,14.55,3.0000000000000004,2.989405042338429,4.85,100.0,4.86718922124331,0,,,,0.9781048494916424,0.07918449455064787,0.11550479487294707,0.9734378442486615,,,,,0.004601570470212483,0.0,,,3.356311581323825e-06,,,7.508326287191877e-05,99.52285225398826,99.99331004515493,-1.3004801684757261e-05,-0.0013295917806272345,0.0013295917806272345,SOC_UPPER_BOUND_NOT_REACHED,155804.6739139523,156102.6557456777,297.98183172541144,0.0,0.9781048494916424,100.0,,,,,,,,,,,,,,,,,,,,,,,,,,,,,1,FIRST_UPWARD_CROSSING,charge_timeseries/cycle-006.csv,,,155511.80144821608,163101.69533171738,SOC_UPPER_BOUND_NOT_REACHED,SOC_UPPER_BOUND_NOT_REACHED,False,False,3,charge-efficiency-v1
6,virtual,60-80,60.0,80.0,60.0,80.0,100.0,NEGATIVE_PARTICLE_LITHIUM_DELTA_OVER_FROZEN_Q_REF_V1,4.86718922124331,0,20.0,W10_80_PERCENT_DISCHARGE_WINDOW,14.55,3.0000000000000004,2.989405042338429,4.85,100.0,4.86718922124331,0,,,,0.9633915975565566,0.11550479487294707,0.15182509519524628,0.973437844248662,,,,,-0.010172202406019721,0.010172202406019721,,,2.0891724180760376e-05,,,0.00029936108843175643,101.0427999079072,99.98692580314861,-0.0001942970986982262,-0.020168029199239497,0.020168029199239497,SOC_UPPER_BOUND_NOT_REACHED,156102.6557456777,159077.00617439477,2974.3504287170554,0.2213507310737174,0.7420408664828392,77.02380510322826,,,,,,,,,,,,,,,,,,,,,,,,,,,,,1,FIRST_UPWARD_CROSSING,charge_timeseries/cycle-006.csv,,,155511.80144821608,163101.69533171738,SOC_UPPER_BOUND_NOT_REACHED,SOC_UPPER_BOUND_NOT_REACHED,False,False,3,charge-efficiency-v1
6,virtual,80-100,80.0,100.0,80.0,,0.0,NEGATIVE_PARTICLE_LITHIUM_DELTA_OVER_FROZEN_Q_REF_V1,4.86718922124331,0,20.0,W10_80_PERCENT_DISCHARGE_WINDOW,14.55,3.0000000000000004,2.989405042338429,4.85,100.0,4.86718922124331,0,,,,,,,,,,,,,,,,,,,,,,,,,,,,,,,,,,,,,,,,,,,,,,,,,,,,,,,,,,,,0,FIRST_UPWARD_CROSSING,charge_timeseries/cycle-006.csv,,,155511.80144821608,163101.69533171738,SOC_UPPER_BOUND_NOT_REACHED,SOC_UPPER_BOUND_NOT_REACHED,False,False,3,charge-efficiency-v1
7,virtual,20-40,20.0,40.0,20.0,40.0,100.0,NEGATIVE_PARTICLE_LITHIUM_DELTA_OVER_FROZEN_Q_REF_V1,4.86718922124331,0,20.0,W10_80_PERCENT_DISCHARGE_WINDOW,14.55,3.0000000000000004,2.989405042338429,4.85,100.0,4.86718922124331,0,,,,1.0688074593100376,0.042837014901137845,0.07915731522343705,0.9734378442486618,,,,,0.09536942088610335,0.0,,,1.012931950418515e-05,,,3.591505456318131e-05,91.07700697345982,99.99998183253018,-4.585019879499441e-05,-0.004289846444802391,0.004289846444802391,SOC_UPPER_BOUND_NOT_REACHED,186696.00388783318,187016.49444791256,320.49056007936593,0.09687582445421254,0.9719316348558251,90.93608267697252,,,,,,,,,,,,,,,,,,,,,,,,,,,,,1,FIRST_UPWARD_CROSSING,charge_timeseries/cycle-007.csv,,,186696.00388783318,194246.81182961052,SOC_UPPER_BOUND_NOT_REACHED,SOC_UPPER_BOUND_NOT_REACHED,False,False,3,charge-efficiency-v1
7,virtual,40-60,40.0,60.0,40.0,60.0,100.0,NEGATIVE_PARTICLE_LITHIUM_DELTA_OVER_FROZEN_Q_REF_V1,4.86718922124331,0,20.0,W10_80_PERCENT_DISCHARGE_WINDOW,14.55,3.0000000000000004,2.989405042338429,4.85,100.0,4.86718922124331,0,,,,0.9666734000576983,0.07915731522343705,0.11547761554573627,0.973437844248662,,,,,-0.006869172654870248,0.006869172654870248,,,1.4868926669283971e-05,,,7.228271800479094e-05,100.69976521445194,99.98916609643958,1.757681923253429e-05,0.0018182789793828168,0.0018182789793828168,SOC_UPPER_BOUND_NOT_REACHED,187016.49444791256,187338.54953206476,322.05508415222147,0.0,0.9666734000576983,100.0,,,,,,,,,,,,,,,,,,,,,,,,,,,,,1,FIRST_UPWARD_CROSSING,charge_timeseries/cycle-007.csv,,,186696.00388783318,194246.81182961052,SOC_UPPER_BOUND_NOT_REACHED,SOC_UPPER_BOUND_NOT_REACHED,False,False,3,charge-efficiency-v1
7,virtual,60-80,60.0,80.0,60.0,80.0,100.0,NEGATIVE_PARTICLE_LITHIUM_DELTA_OVER_FROZEN_Q_REF_V1,4.86718922124331,0,20.0,W10_80_PERCENT_DISCHARGE_WINDOW,14.55,3.0000000000000004,2.989405042338429,4.85,100.0,4.86718922124331,0,,,,0.9002749427087496,0.11547761554573627,0.15179791586803548,0.973437844248662,,,,,-0.07331090389114893,0.07331090389114893,,,4.906401241207281e-05,,,0.00026145410798435534,108.12672863245307,99.98356031649718,-0.00016251576915993216,-0.01805179300791759,0.01805179300791759,SOC_UPPER_BOUND_NOT_REACHED,187338.54953206476,190230.6537419867,2892.1042099219094,0.22396989014228733,0.6763050525664623,75.12205666100112,,,,,,,,,,,,,,,,,,,,,,,,,,,,,1,FIRST_UPWARD_CROSSING,charge_timeseries/cycle-007.csv,,,186696.00388783318,194246.81182961052,SOC_UPPER_BOUND_NOT_REACHED,SOC_UPPER_BOUND_NOT_REACHED,False,False,3,charge-efficiency-v1
7,virtual,80-100,80.0,100.0,80.0,,0.0,NEGATIVE_PARTICLE_LITHIUM_DELTA_OVER_FROZEN_Q_REF_V1,4.86718922124331,0,20.0,W10_80_PERCENT_DISCHARGE_WINDOW,14.55,3.0000000000000004,2.989405042338429,4.85,100.0,4.86718922124331,0,,,,,,,,,,,,,,,,,,,,,,,,,,,,,,,,,,,,,,,,,,,,,,,,,,,,,,,,,,,,0,FIRST_UPWARD_CROSSING,charge_timeseries/cycle-007.csv,,,186696.00388783318,194246.81182961052,SOC_UPPER_BOUND_NOT_REACHED,SOC_UPPER_BOUND_NOT_REACHED,False,False,3,charge-efficiency-v1
8,virtual,20-40,20.0,40.0,20.0,40.0,100.0,NEGATIVE_PARTICLE_LITHIUM_DELTA_OVER_FROZEN_Q_REF_V1,4.86718922124331,0,20.0,W10_80_PERCENT_DISCHARGE_WINDOW,14.55,3.0000000000000004,2.989405042338429,4.85,100.0,4.86718922124331,0,,,,1.069859439664121,0.042810123643937076,0.07913042396623629,0.973437844248662,,,,,0.09643080237878401,0.0,,,9.750611579780301e-06,,,3.371469785921552e-05,90.98745201091741,100.00086057691168,-5.267227276406494e-05,-0.0049232890612809135,0.0049232890612809135,SOC_UPPER_BOUND_NOT_REACHED,217841.12115677152,218164.16788636748,323.04672959594166,0.0951733361716753,0.9746861034924458,91.10412708032425,,,,,,,,,,,,,,,,,,,,,,,,,,,,,1,FIRST_UPWARD_CROSSING,charge_timeseries/cycle-008.csv,,,217841.12115677152,225412.06692559324,SOC_UPPER_BOUND_NOT_REACHED,SOC_UPPER_BOUND_NOT_REACHED,False,False,3,charge-efficiency-v1
8,virtual,40-60,40.0,60.0,40.0,60.0,100.0,NEGATIVE_PARTICLE_LITHIUM_DELTA_OVER_FROZEN_Q_REF_V1,4.86718922124331,0,20.0,W10_80_PERCENT_DISCHARGE_WINDOW,14.55,3.0000000000000004,2.989405042338429,4.85,100.0,4.86718922124331,0,,,,0.9664068076291684,0.07913042396623629,0.11545072428853549,0.9734378442486615,,,,,-0.00711250635272874,0.00711250635272874,,,1.4263998071000449e-05,,,6.760131125332566e-05,100.72754419401721,99.99156983036622,-3.95576088663141e-07,-4.0932667851707876e-05,4.0932667851707876e-05,SOC_UPPER_BOUND_NOT_REACHED,218164.16788636748,218488.6430395777,324.4751532102449,0.0,0.9664068076291684,100.0,,,,,,,,,,,,,,,,,,,,,,,,,,,,,1,FIRST_UPWARD_CROSSING,charge_timeseries/cycle-008.csv,,,217841.12115677152,225412.06692559324,SOC_UPPER_BOUND_NOT_REACHED,SOC_UPPER_BOUND_NOT_REACHED,False,False,3,charge-efficiency-v1
8,virtual,60-80,60.0,80.0,60.0,80.0,100.0,NEGATIVE_PARTICLE_LITHIUM_DELTA_OVER_FROZEN_Q_REF_V1,4.86718922124331,0,20.0,W10_80_PERCENT_DISCHARGE_WINDOW,14.55,3.0000000000000004,2.989405042338429,4.85,100.0,4.86718922124331,0,,,,0.8993558226577255,0.11545072428853549,0.15177102461083472,0.9734378442486623,,,,,-0.07421400165731454,0.07421400165731454,,,4.663826646020318e-05,,,0.00024379413646415451,108.23723155224745,99.98532504454269,-0.00015845233654665503,-0.017618425605830365,0.017618425605830365,SOC_UPPER_BOUND_NOT_REACHED,218488.6430395777,221394.0801883255,2905.437148747777,0.2238027959313953,0.6755530267263302,75.11521132202981,,,,,,,,,,,,,,,,,,,,,,,,,,,,,1,FIRST_UPWARD_CROSSING,charge_timeseries/cycle-008.csv,,,217841.12115677152,225412.06692559324,SOC_UPPER_BOUND_NOT_REACHED,SOC_UPPER_BOUND_NOT_REACHED,False,False,3,charge-efficiency-v1
8,virtual,80-100,80.0,100.0,80.0,,0.0,NEGATIVE_PARTICLE_LITHIUM_DELTA_OVER_FROZEN_Q_REF_V1,4.86718922124331,0,20.0,W10_80_PERCENT_DISCHARGE_WINDOW,14.55,3.0000000000000004,2.989405042338429,4.85,100.0,4.86718922124331,0,,,,,,,,,,,,,,,,,,,,,,,,,,,,,,,,,,,,,,,,,,,,,,,,,,,,,,,,,,,,0,FIRST_UPWARD_CROSSING,charge_timeseries/cycle-008.csv,,,217841.12115677152,225412.06692559324,SOC_UPPER_BOUND_NOT_REACHED,SOC_UPPER_BOUND_NOT_REACHED,False,False,3,charge-efficiency-v1
9,virtual,20-40,20.0,40.0,20.0,40.0,100.0,NEGATIVE_PARTICLE_LITHIUM_DELTA_OVER_FROZEN_Q_REF_V1,4.86718922124331,0,20.0,W10_80_PERCENT_DISCHARGE_WINDOW,14.55,3.0000000000000004,2.989405042338429,4.85,100.0,4.86718922124331,0,,,,1.0712323235479542,0.04278451391548623,0.07910481423778544,0.9734378442486618,,,,,0.09781359229176802,0.0,,,9.486739507850095e-06,,,3.194237564437333e-05,90.87084312622362,100.00178420610128,-6.054210762784784e-05,-0.005651631891327787,0.005651631891327787,SOC_UPPER_BOUND_NOT_REACHED,249006.3763023476,249332.03299375804,325.6566914104188,0.09360995510864359,0.9776223684393105,91.26147026644934,,,,,,,,,,,,,,,,,,,,,,,,,,,,,1,FIRST_UPWARD_CROSSING,charge_timeseries/cycle-009.csv,,,249006.3763023476,256596.91564526493,SOC_UPPER_BOUND_NOT_REACHED,SOC_UPPER_BOUND_NOT_REACHED,False,False,3,charge-efficiency-v1
9,virtual,40-60,40.0,60.0,40.0,60.0,100.0,NEGATIVE_PARTICLE_LITHIUM_DELTA_OVER_FROZEN_Q_REF_V1,4.86718922124331,0,20.0,W10_80_PERCENT_DISCHARGE_WINDOW,14.55,3.0000000000000004,2.989405042338429,4.85,100.0,4.86718922124331,0,,,,0.9661036593209706,0.07910481423778544,0.11542511456008467,0.9734378442486623,,,,,-0.007410507099202185,0.007410507099202185,,,1.380965527611076e-05,,,6.379799053841603e-05,100.75915093136554,99.99210000181925,-1.2854743040024985e-06,-0.00013305759600434582,0.00013305759600434582,SOC_UPPER_BOUND_NOT_REACHED,249332.03299375804,249658.9248702699,326.89187651186006,0.0,0.9661036593209706,100.0,,,,,,,,,,,,,,,,,,,,,,,,,,,,,1,FIRST_UPWARD_CROSSING,charge_timeseries/cycle-009.csv,,,249006.3763023476,256596.91564526493,SOC_UPPER_BOUND_NOT_REACHED,SOC_UPPER_BOUND_NOT_REACHED,False,False,3,charge-efficiency-v1
9,virtual,60-80,60.0,80.0,60.0,80.0,100.0,NEGATIVE_PARTICLE_LITHIUM_DELTA_OVER_FROZEN_Q_REF_V1,4.86718922124331,0,20.0,W10_80_PERCENT_DISCHARGE_WINDOW,14.55,3.0000000000000004,2.989405042338429,4.85,100.0,4.86718922124331,0,,,,0.8981874445655904,0.11542511456008467,0.1517454148823839,0.9734378442486628,,,,,-0.07536846161723261,0.07536846161723261,,,4.4707773927797016e-05,,,0.00022931281107748183,108.37802845479177,99.98685553501392,-0.0001559586508450561,-0.01736370863216483,0.01736370863216483,SOC_UPPER_BOUND_NOT_REACHED,249658.9248702699,252577.37744190957,2918.452571639699,0.2236377037251325,0.6745497408404579,75.10122134547369,,,,,,,,,,,,,,,,,,,,,,,,,,,,,1,FIRST_UPWARD_CROSSING,charge_timeseries/cycle-009.csv,,,249006.3763023476,256596.91564526493,SOC_UPPER_BOUND_NOT_REACHED,SOC_UPPER_BOUND_NOT_REACHED,False,False,3,charge-efficiency-v1
9,virtual,80-100,80.0,100.0,80.0,,0.0,NEGATIVE_PARTICLE_LITHIUM_DELTA_OVER_FROZEN_Q_REF_V1,4.86718922124331,0,20.0,W10_80_PERCENT_DISCHARGE_WINDOW,14.55,3.0000000000000004,2.989405042338429,4.85,100.0,4.86718922124331,0,,,,,,,,,,,,,,,,,,,,,,,,,,,,,,,,,,,,,,,,,,,,,,,,,,,,,,,,,,,,0,FIRST_UPWARD_CROSSING,charge_timeseries/cycle-009.csv,,,249006.3763023476,256596.91564526493,SOC_UPPER_BOUND_NOT_REACHED,SOC_UPPER_BOUND_NOT_REACHED,False,False,3,charge-efficiency-v1
10,virtual,20-40,20.0,40.0,20.0,40.0,100.0,NEGATIVE_PARTICLE_LITHIUM_DELTA_OVER_FROZEN_Q_REF_V1,4.86718922124331,0,20.0,W10_80_PERCENT_DISCHARGE_WINDOW,14.55,3.0000000000000004,2.989405042338429,4.85,100.0,4.86718922124331,0,,,,1.073450693941995,0.04276009452232054,0.07908039484461975,0.9734378442486618,,,,,0.10001277314503544,0.0,,,9.34267618955039e-06,,,3.0502232155140557e-05,90.68305137275941,99.99999286895074,-3.9768360047043316e-05,-0.0037047216301107763,0.0037047216301107763,SOC_UPPER_BOUND_NOT_REACHED,280191.2255983101,280519.7467758602,328.5211775500544,0.09216109963114043,0.9812895943108545,91.41450090337167,,,,,,,,,,,,,,,,,,,,,,,,,,,,,1,FIRST_UPWARD_CROSSING,charge_timeseries/cycle-010.csv,,,280191.2255983101,287800.92621481954,SOC_UPPER_BOUND_NOT_REACHED,SOC_UPPER_BOUND_NOT_REACHED,False,False,3,charge-efficiency-v1
10,virtual,40-60,40.0,60.0,40.0,60.0,100.0,NEGATIVE_PARTICLE_LITHIUM_DELTA_OVER_FROZEN_Q_REF_V1,4.86718922124331,0,20.0,W10_80_PERCENT_DISCHARGE_WINDOW,14.55,3.0000000000000004,2.989405042338429,4.85,100.0,4.86718922124331,0,,,,0.9656566405760243,0.07908039484461975,0.11540069516691898,0.9734378442486623,,,,,-0.007849636887270847,0.007849636887270847,,,1.3545046431456343e-05,,,6.064759923972429e-05,100.80579404165816,99.99291329736086,-5.759431038421248e-06,-0.0005964263897140175,0.0005964263897140175,SOC_UPPER_BOUND_NOT_REACHED,280519.7467758602,280849.2194019029,329.47262604276546,0.0,0.9656566405760243,100.0,,,,,,,,,,,,,,,,,,,,,,,,,,,,,1,FIRST_UPWARD_CROSSING,charge_timeseries/cycle-010.csv,,,280191.2255983101,287800.92621481954,SOC_UPPER_BOUND_NOT_REACHED,SOC_UPPER_BOUND_NOT_REACHED,False,False,3,charge-efficiency-v1
10,virtual,60-80,60.0,80.0,60.0,80.0,100.0,NEGATIVE_PARTICLE_LITHIUM_DELTA_OVER_FROZEN_Q_REF_V1,4.86718922124331,0,20.0,W10_80_PERCENT_DISCHARGE_WINDOW,14.55,3.0000000000000004,2.989405042338429,4.85,100.0,4.86718922124331,0,,,,0.8963850606900284,0.11540069516691898,0.1517209954892182,0.973437844248662,,,,,-0.0771658089636782,0.0771658089636782,,,4.331994184878624e-05,,,0.00021708516125113972,108.59594686900729,99.98739097626665,-0.0001473796980553388,-0.016441561168130954,0.016441561168130954,SOC_UPPER_BOUND_NOT_REACHED,280849.2194019029,283780.15654943144,2930.9371475285234,0.2234893997840499,0.6728956609059785,75.06770141706625,,,,,,,,,,,,,,,,,,,,,,,,,,,,,1,FIRST_UPWARD_CROSSING,charge_timeseries/cycle-010.csv,,,280191.2255983101,287800.92621481954,SOC_UPPER_BOUND_NOT_REACHED,SOC_UPPER_BOUND_NOT_REACHED,False,False,3,charge-efficiency-v1
10,virtual,80-100,80.0,100.0,80.0,,0.0,NEGATIVE_PARTICLE_LITHIUM_DELTA_OVER_FROZEN_Q_REF_V1,4.86718922124331,0,20.0,W10_80_PERCENT_DISCHARGE_WINDOW,14.55,3.0000000000000004,2.989405042338429,4.85,100.0,4.86718922124331,0,,,,,,,,,,,,,,,,,,,,,,,,,,,,,,,,,,,,,,,,,,,,,,,,,,,,,,,,,,,,0,FIRST_UPWARD_CROSSING,charge_timeseries/cycle-010.csv,,,280191.2255983101,287800.92621481954,SOC_UPPER_BOUND_NOT_REACHED,SOC_UPPER_BOUND_NOT_REACHED,False,False,3,charge-efficiency-v1
11,virtual,20-40,20.0,40.0,20.0,40.0,100.0,NEGATIVE_PARTICLE_LITHIUM_DELTA_OVER_FROZEN_Q_REF_V1,4.86718922124331,0,20.0,W10_80_PERCENT_DISCHARGE_WINDOW,14.55,3.0000000000000004,2.989405042338429,4.85,100.0,4.86718922124331,0,,,,1.0743957413860674,0.042736685630813925,0.07905698595311314,0.973437844248662,,,,,0.10095822031424842,0.0,,,9.12471040523952e-06,,,2.9230849974228035e-05,90.6032858053625,100.00003007987007,-3.867873722263049e-05,-0.0036000456566154504,0.0036000456566154504,SOC_UPPER_BOUND_NOT_REACHED,311395.2363809553,311726.08178623184,330.8454052765196,0.09080681869497831,0.9835889226910891,91.54810325496736,,,,,,,,,,,,,,,,,,,,,,,,,,,,,1,FIRST_UPWARD_CROSSING,charge_timeseries/cycle-011.csv,,,311395.2363809553,319023.8981012745,SOC_UPPER_BOUND_NOT_REACHED,SOC_UPPER_BOUND_NOT_REACHED,False,False,3,charge-efficiency-v1
11,virtual,40-60,40.0,60.0,40.0,60.0,100.0,NEGATIVE_PARTICLE_LITHIUM_DELTA_OVER_FROZEN_Q_REF_V1,4.86718922124331,0,20.0,W10_80_PERCENT_DISCHARGE_WINDOW,14.55,3.0000000000000004,2.989405042338429,4.85,100.0,4.86718922124331,0,,,,0.9654271138765371,0.07905698595311314,0.11537728627541236,0.973437844248662,,,,,-0.008075118771490725,0.008075118771490725,,,1.3163548516695886e-05,,,5.792335699648238e-05,100.82976024362512,99.9933305789282,-6.698506147317929e-06,-0.0006938386182692775,0.0006938386182692775,SOC_UPPER_BOUND_NOT_REACHED,311726.08178623184,312057.7090197065,331.62723347467625,0.0,0.9654271138765371,100.0,,,,,,,,,,,,,,,,,,,,,,,,,,,,,1,FIRST_UPWARD_CROSSING,charge_timeseries/cycle-011.csv,,,311395.2363809553,319023.8981012745,SOC_UPPER_BOUND_NOT_REACHED,SOC_UPPER_BOUND_NOT_REACHED,False,False,3,charge-efficiency-v1
11,virtual,60-80,60.0,80.0,60.0,80.0,100.0,NEGATIVE_PARTICLE_LITHIUM_DELTA_OVER_FROZEN_Q_REF_V1,4.86718922124331,0,20.0,W10_80_PERCENT_DISCHARGE_WINDOW,14.55,3.0000000000000004,2.989405042338429,4.85,100.0,4.86718922124331,0,,,,0.8955780115412232,0.11537728627541236,0.15169758659771157,0.973437844248662,,,,,-0.0779685608147504,0.0779685608147504,,,4.176552194973043e-05,,,0.00020678166702612494,108.69380798814475,99.98785944876823,-0.0001398190816641609,-0.015612161069424054,0.015612161069424054,SOC_UPPER_BOUND_NOT_REACHED,312057.7090197065,315001.91133925965,2944.202319553145,0.2233097713934934,0.6722682401477298,75.06529096117558,,,,,,,,,,,,,,,,,,,,,,,,,,,,,1,FIRST_UPWARD_CROSSING,charge_timeseries/cycle-011.csv,,,311395.2363809553,319023.8981012745,SOC_UPPER_BOUND_NOT_REACHED,SOC_UPPER_BOUND_NOT_REACHED,False,False,3,charge-efficiency-v1
11,virtual,80-100,80.0,100.0,80.0,,0.0,NEGATIVE_PARTICLE_LITHIUM_DELTA_OVER_FROZEN_Q_REF_V1,4.86718922124331,0,20.0,W10_80_PERCENT_DISCHARGE_WINDOW,14.55,3.0000000000000004,2.989405042338429,4.85,100.0,4.86718922124331,0,,,,,,,,,,,,,,,,,,,,,,,,,,,,,,,,,,,,,,,,,,,,,,,,,,,,,,,,,,,,0,FIRST_UPWARD_CROSSING,charge_timeseries/cycle-011.csv,,,311395.2363809553,319023.8981012745,SOC_UPPER_BOUND_NOT_REACHED,SOC_UPPER_BOUND_NOT_REACHED,False,False,3,charge-efficiency-v1
12,virtual,20-40,20.0,40.0,20.0,40.0,100.0,NEGATIVE_PARTICLE_LITHIUM_DELTA_OVER_FROZEN_Q_REF_V1,4.86718922124331,0,20.0,W10_80_PERCENT_DISCHARGE_WINDOW,14.55,3.0000000000000004,2.989405042338429,4.85,100.0,4.86718922124331,0,,,,1.0752948182104043,0.042714182738425095,0.07903448306072432,0.9734378442486621,,,,,0.1018561578062441,0.0,,,8.914962728020191e-06,,,2.8129629085698465e-05,90.52753047473426,99.99992409937403,-3.622843631556627e-05,-0.003369163107831271,0.003369163107831271,SOC_UPPER_BOUND_NOT_REACHED,342618.2083295483,342951.29515134206,333.0868217937267,0.08953393247186395,0.9857608857385404,91.67354562157439,,,,,,,,,,,,,,,,,,,,,,,,,,,,,1,FIRST_UPWARD_CROSSING,charge_timeseries/cycle-012.csv,,,342618.2083295483,350265.64501036133,SOC_UPPER_BOUND_NOT_REACHED,SOC_UPPER_BOUND_NOT_REACHED,False,False,3,charge-efficiency-v1
12,virtual,40-60,40.0,60.0,40.0,60.0,100.0,NEGATIVE_PARTICLE_LITHIUM_DELTA_OVER_FROZEN_Q_REF_V1,4.86718922124331,0,20.0,W10_80_PERCENT_DISCHARGE_WINDOW,14.55,3.0000000000000004,2.989405042338429,4.85,100.0,4.86718922124331,0,,,,0.9652447551414353,0.07903448306072432,0.11535478338302353,0.973437844248662,,,,,-0.008293442441182602,0.008293442441182602,,,1.2829469199404381e-05,,,5.556004557422459e-05,100.8488094924718,99.98960332771338,3.1963819182134756e-05,0.0033114729722049786,0.0033114729722049786,SOC_UPPER_BOUND_NOT_REACHED,342951.29515134206,343285.0524173394,333.75726599738243,0.0,0.9652447551414353,100.0,,,,,,,,,,,,,,,,,,,,,,,,,,,,,1,FIRST_UPWARD_CROSSING,charge_timeseries/cycle-012.csv,,,342618.2083295483,350265.64501036133,SOC_UPPER_BOUND_NOT_REACHED,SOC_UPPER_BOUND_NOT_REACHED,False,False,3,charge-efficiency-v1
12,virtual,60-80,60.0,80.0,60.0,80.0,100.0,NEGATIVE_PARTICLE_LITHIUM_DELTA_OVER_FROZEN_Q_REF_V1,4.86718922124331,0,20.0,W10_80_PERCENT_DISCHARGE_WINDOW,14.55,3.0000000000000004,2.989405042338429,4.85,100.0,4.86718922124331,0,,,,0.8948166775159369,0.11535478338302353,0.15167508370532273,0.9734378442486615,,,,,-0.07873107535453479,0.07873107535453479,,,4.039174642438614e-05,,,0.00019784478536350944,108.78628759479335,99.98771719117761,-0.00012832790997774346,-0.01434125147666997,0.01434125147666997,SOC_UPPER_BOUND_NOT_REACHED,343285.0524173394,346242.6155975605,2957.5631802210746,0.22312958438900118,0.6716870931269356,75.06421259286071,,,,,,,,,,,,,,,,,,,,,,,,,,,,,1,FIRST_UPWARD_CROSSING,charge_timeseries/cycle-012.csv,,,342618.2083295483,350265.64501036133,SOC_UPPER_BOUND_NOT_REACHED,SOC_UPPER_BOUND_NOT_REACHED,False,False,3,charge-efficiency-v1
12,virtual,80-100,80.0,100.0,80.0,,0.0,NEGATIVE_PARTICLE_LITHIUM_DELTA_OVER_FROZEN_Q_REF_V1,4.86718922124331,0,20.0,W10_80_PERCENT_DISCHARGE_WINDOW,14.55,3.0000000000000004,2.989405042338429,4.85,100.0,4.86718922124331,0,,,,,,,,,,,,,,,,,,,,,,,,,,,,,,,,,,,,,,,,,,,,,,,,,,,,,,,,,,,,0,FIRST_UPWARD_CROSSING,charge_timeseries/cycle-012.csv,,,342618.2083295483,350265.64501036133,SOC_UPPER_BOUND_NOT_REACHED,SOC_UPPER_BOUND_NOT_REACHED,False,False,3,charge-efficiency-v1
13,virtual,20-40,20.0,40.0,20.0,40.0,100.0,NEGATIVE_PARTICLE_LITHIUM_DELTA_OVER_FROZEN_Q_REF_V1,4.86718922124331,0,20.0,W10_80_PERCENT_DISCHARGE_WINDOW,14.55,3.0000000000000004,2.989405042338429,4.85,100.0,4.86718922124331,0,,,,1.0768458708033728,0.04269247387573752,0.07901277419803673,0.973437844248662,,,,,0.103425661117591,0.0,,,8.80089615535977e-06,,,2.7195875352537674e-05,90.39713766301912,100.00163761252732,-5.363133438818224e-05,-0.004980409531418919,0.004980409531418919,SOC_UPPER_BOUND_NOT_REACHED,373859.95554821397,374195.52223352384,335.5666853098815,0.08833139907381866,0.9885144717295541,91.79721058799996,,,,,,,,,,,,,,,,,,,,,,,,,,,,,1,FIRST_UPWARD_CROSSING,charge_timeseries/cycle-013.csv,,,373859.95554821397,381525.6868697003,SOC_UPPER_BOUND_NOT_REACHED,SOC_UPPER_BOUND_NOT_REACHED,False,False,3,charge-efficiency-v1
13,virtual,40-60,40.0,60.0,40.0,60.0,100.0,NEGATIVE_PARTICLE_LITHIUM_DELTA_OVER_FROZEN_Q_REF_V1,4.86718922124331,0,20.0,W10_80_PERCENT_DISCHARGE_WINDOW,14.55,3.0000000000000004,2.989405042338429,4.85,100.0,4.86718922124331,0,,,,0.9648845245475702,0.07901277419803673,0.11533307452033595,0.973437844248662,,,,,-0.008627919047152877,0.008627919047152877,,,1.2621661562995778e-05,,,5.350925618135757e-05,100.88646045029091,99.99226857264644,8.468428316810162e-06,0.0008776623628388037,0.0008776623628388037,SOC_UPPER_BOUND_NOT_REACHED,374195.52223352384,374531.5307502039,336.0085166799998,0.0,0.9648845245475702,100.0,,,,,,,,,,,,,,,,,,,,,,,,,,,,,1,FIRST_UPWARD_CROSSING,charge_timeseries/cycle-013.csv,,,373859.95554821397,381525.6868697003,SOC_UPPER_BOUND_NOT_REACHED,SOC_UPPER_BOUND_NOT_REACHED,False,False,3,charge-efficiency-v1
13,virtual,60-80,60.0,80.0,60.0,80.0,100.0,NEGATIVE_PARTICLE_LITHIUM_DELTA_OVER_FROZEN_Q_REF_V1,4.86718922124331,0,20.0,W10_80_PERCENT_DISCHARGE_WINDOW,14.55,3.0000000000000004,2.989405042338429,4.85,100.0,4.86718922124331,0,,,,0.8935312893094294,0.11533307452033595,0.15165337484263516,0.973437844248662,,,,,-0.08002283395992614,0.08002283395992614,,,3.936072502363922e-05,,,0.0001899434601804438,108.942781959095,99.98698657539083,-0.00011302516451050515,-0.012649267671181082,0.012649267671181082,SOC_UPPER_BOUND_NOT_REACHED,374531.5307502039,377501.8671123698,2970.336362165944,0.22296480993980355,0.6705664793696259,75.0467820648874,,,,,,,,,,,,,,,,,,,,,,,,,,,,,1,FIRST_UPWARD_CROSSING,charge_timeseries/cycle-013.csv,,,373859.95554821397,381525.6868697003,SOC_UPPER_BOUND_NOT_REACHED,SOC_UPPER_BOUND_NOT_REACHED,False,False,3,charge-efficiency-v1
13,virtual,80-100,80.0,100.0,80.0,,0.0,NEGATIVE_PARTICLE_LITHIUM_DELTA_OVER_FROZEN_Q_REF_V1,4.86718922124331,0,20.0,W10_80_PERCENT_DISCHARGE_WINDOW,14.55,3.0000000000000004,2.989405042338429,4.85,100.0,4.86718922124331,0,,,,,,,,,,,,,,,,,,,,,,,,,,,,,,,,,,,,,,,,,,,,,,,,,,,,,,,,,,,,0,FIRST_UPWARD_CROSSING,charge_timeseries/cycle-013.csv,,,373859.95554821397,381525.6868697003,SOC_UPPER_BOUND_NOT_REACHED,SOC_UPPER_BOUND_NOT_REACHED,False,False,3,charge-efficiency-v1
14,virtual,20-40,20.0,40.0,20.0,40.0,100.0,NEGATIVE_PARTICLE_LITHIUM_DELTA_OVER_FROZEN_Q_REF_V1,4.86718922124331,0,20.0,W10_80_PERCENT_DISCHARGE_WINDOW,14.55,3.0000000000000004,2.989405042338429,4.85,100.0,4.86718922124331,0,,,,1.0781324041314637,0.0426714634649707,0.07899176378726992,0.9734378442486621,,,,,0.10472236522408013,0.0,,,8.69044087001324e-06,,,2.636343238463304e-05,90.28926693218698,100.00257902843583,-6.285921453330623e-05,-0.0058303798580235785,0.0058303798580235785,SOC_UPPER_BOUND_NOT_REACHED,405119.9975954874,405457.9190569753,337.9214614878744,0.0871903424458705,0.9909420616855932,91.91283537052108,,,,,,,,,,,,,,,,,,,,,,,,,,,,,1,FIRST_UPWARD_CROSSING,charge_timeseries/cycle-014.csv,,,405119.9975954874,412803.7949652461,SOC_UPPER_BOUND_NOT_REACHED,SOC_UPPER_BOUND_NOT_REACHED,False,False,3,charge-efficiency-v1
14,virtual,40-60,40.0,60.0,40.0,60.0,100.0,NEGATIVE_PARTICLE_LITHIUM_DELTA_OVER_FROZEN_Q_REF_V1,4.86718922124331,0,20.0,W10_80_PERCENT_DISCHARGE_WINDOW,14.55,3.0000000000000004,2.989405042338429,4.85,100.0,4.86718922124331,0,,,,0.9645929271150413,0.07899176378726992,0.11531206410956912,0.9734378442486615,,,,,-0.008916592951637353,0.008916592951637353,,,1.2411361637609331e-05,,,5.168707074378748e-05,100.91695853089801,99.99256931955415,7.577385635726408e-06,0.0007855526847360656,0.0007855526847360656,SOC_UPPER_BOUND_NOT_REACHED,405457.9190569753,405796.0662354492,338.14717847393325,0.0,0.9645929271150413,100.0,,,,,,,,,,,,,,,,,,,,,,,,,,,,,1,FIRST_UPWARD_CROSSING,charge_timeseries/cycle-014.csv,,,405119.9975954874,412803.7949652461,SOC_UPPER_BOUND_NOT_REACHED,SOC_UPPER_BOUND_NOT_REACHED,False,False,3,charge-efficiency-v1
14,virtual,60-80,60.0,80.0,60.0,80.0,100.0,NEGATIVE_PARTICLE_LITHIUM_DELTA_OVER_FROZEN_Q_REF_V1,4.86718922124331,0,20.0,W10_80_PERCENT_DISCHARGE_WINDOW,14.55,3.0000000000000004,2.989405042338429,4.85,100.0,4.86718922124331,0,,,,0.8924493849215852,0.11531206410956912,0.15163236443186834,0.973437844248662,,,,,-0.08109626789433141,0.08109626789433141,,,3.837635576327183e-05,,,0.00018296309602700359,109.07485182862139,99.98791992363083,-0.00011353088453569526,-0.01272126873006592,0.01272126873006592,SOC_UPPER_BOUND_NOT_REACHED,405796.0662354492,408779.2863273264,2983.220091877153,0.2227938583782875,0.6696555265432977,75.03568693726388,,,,,,,,,,,,,,,,,,,,,,,,,,,,,1,FIRST_UPWARD_CROSSING,charge_timeseries/cycle-014.csv,,,405119.9975954874,412803.7949652461,SOC_UPPER_BOUND_NOT_REACHED,SOC_UPPER_BOUND_NOT_REACHED,False,False,3,charge-efficiency-v1
14,virtual,80-100,80.0,100.0,80.0,,0.0,NEGATIVE_PARTICLE_LITHIUM_DELTA_OVER_FROZEN_Q_REF_V1,4.86718922124331,0,20.0,W10_80_PERCENT_DISCHARGE_WINDOW,14.55,3.0000000000000004,2.989405042338429,4.85,100.0,4.86718922124331,0,,,,,,,,,,,,,,,,,,,,,,,,,,,,,,,,,,,,,,,,,,,,,,,,,,,,,,,,,,,,0,FIRST_UPWARD_CROSSING,charge_timeseries/cycle-014.csv,,,405119.9975954874,412803.7949652461,SOC_UPPER_BOUND_NOT_REACHED,SOC_UPPER_BOUND_NOT_REACHED,False,False,3,charge-efficiency-v1
15,virtual,20-40,20.0,40.0,20.0,40.0,100.0,NEGATIVE_PARTICLE_LITHIUM_DELTA_OVER_FROZEN_Q_REF_V1,4.86718922124331,0,20.0,W10_80_PERCENT_DISCHARGE_WINDOW,14.55,3.0000000000000004,2.989405042338429,4.85,100.0,4.86718922124331,0,,,,1.0801623015935347,0.04265109421991968,0.07897139454221891,0.9734378442486623,,,,,0.10674501674407613,0.0,,,8.6614739135528e-06,,,2.565043497770869e-05,90.11959062194407,100.00190336203859,-5.4871308095005844e-05,-0.005079913269890614,0.005079913269890614,SOC_UPPER_BOUND_NOT_REACHED,436398.1058605779,436738.6641085417,340.5582479637541,0.08610381423220306,0.9940584873613316,92.02862254078148,,,,,,,,,,,,,,,,,,,,,,,,,,,,,1,FIRST_UPWARD_CROSSING,charge_timeseries/cycle-015.csv,,,436398.1058605779,444099.7095976896,SOC_UPPER_BOUND_NOT_REACHED,SOC_UPPER_BOUND_NOT_REACHED,False,False,3,charge-efficiency-v1
15,virtual,40-60,40.0,60.0,40.0,60.0,100.0,NEGATIVE_PARTICLE_LITHIUM_DELTA_OVER_FROZEN_Q_REF_V1,4.86718922124331,0,20.0,W10_80_PERCENT_DISCHARGE_WINDOW,14.55,3.0000000000000004,2.989405042338429,4.85,100.0,4.86718922124331,0,,,,0.9641673912406432,0.07897139454221891,0.11529169486451811,0.9734378442486615,,,,,-0.009336885789400076,0.009336885789400076,,,1.2314968523526168e-05,,,5.0081631256422565e-05,100.96149829295612,99.99310982906233,4.036181601829725e-06,0.0004186183476539447,0.0004186183476539447,SOC_UPPER_BOUND_NOT_REACHED,436738.6641085417,437079.1292821185,340.465173576887,0.0,0.9641673912406432,100.0,,,,,,,,,,,,,,,,,,,,,,,,,,,,,1,FIRST_UPWARD_CROSSING,charge_timeseries/cycle-015.csv,,,436398.1058605779,444099.7095976896,SOC_UPPER_BOUND_NOT_REACHED,SOC_UPPER_BOUND_NOT_REACHED,False,False,3,charge-efficiency-v1
15,virtual,60-80,60.0,80.0,60.0,80.0,100.0,NEGATIVE_PARTICLE_LITHIUM_DELTA_OVER_FROZEN_Q_REF_V1,4.86718922124331,0,20.0,W10_80_PERCENT_DISCHARGE_WINDOW,14.55,3.0000000000000004,2.989405042338429,4.85,100.0,4.86718922124331,0,,,,0.8908027858017011,0.11529169486451811,0.15161199518681734,0.9734378442486623,,,,,-0.08273805204082124,0.08273805204082124,,,3.7681035286019895e-05,,,0.00017665432213080645,109.27647059080441,99.98843811497879,-0.00011134176355664938,-0.012499036299762406,0.012499036299762406,SOC_UPPER_BOUND_NOT_REACHED,437079.1292821185,440074.71139555506,2995.582113436515,0.22263881141683492,0.6681639743848662,75.00694710822381,,,,,,,,,,,,,,,,,,,,,,,,,,,,,1,FIRST_UPWARD_CROSSING,charge_timeseries/cycle-015.csv,,,436398.1058605779,444099.7095976896,SOC_UPPER_BOUND_NOT_REACHED,SOC_UPPER_BOUND_NOT_REACHED,False,False,3,charge-efficiency-v1
15,virtual,80-100,80.0,100.0,80.0,,0.0,NEGATIVE_PARTICLE_LITHIUM_DELTA_OVER_FROZEN_Q_REF_V1,4.86718922124331,0,20.0,W10_80_PERCENT_DISCHARGE_WINDOW,14.55,3.0000000000000004,2.989405042338429,4.85,100.0,4.86718922124331,0,,,,,,,,,,,,,,,,,,,,,,,,,,,,,,,,,,,,,,,,,,,,,,,,,,,,,,,,,,,,0,FIRST_UPWARD_CROSSING,charge_timeseries/cycle-015.csv,,,436398.1058605779,444099.7095976896,SOC_UPPER_BOUND_NOT_REACHED,SOC_UPPER_BOUND_NOT_REACHED,False,False,3,charge-efficiency-v1
16,virtual,20-40,20.0,40.0,20.0,40.0,100.0,NEGATIVE_PARTICLE_LITHIUM_DELTA_OVER_FROZEN_Q_REF_V1,4.86718922124331,0,20.0,W10_80_PERCENT_DISCHARGE_WINDOW,14.55,3.0000000000000004,2.989405042338429,4.85,100.0,4.86718922124331,0,,,,1.0833826068011099,0.04263130402390972,0.07895160434620895,0.9734378442486621,,,,,0.1099413761134076,0.0,,,8.751762983796353e-06,,,2.5056877983167802e-05,89.85171426398655,99.99968741984421,-3.0422201926949555e-05,-0.0028080755345313143,0.0028080755345313143,SOC_UPPER_BOUND_NOT_REACHED,467694.0206008366,468037.7087294603,343.68812862372044,0.08506576673159619,0.9983168400695136,92.1481325066895,,,,,,,,,,,,,,,,,,,,,,,,,,,,,1,FIRST_UPWARD_CROSSING,charge_timeseries/cycle-016.csv,,,467694.0206008366,475413.43074992835,SOC_UPPER_BOUND_NOT_REACHED,SOC_UPPER_BOUND_NOT_REACHED,False,False,3,charge-efficiency-v1
16,virtual,40-60,40.0,60.0,40.0,60.0,100.0,NEGATIVE_PARTICLE_LITHIUM_DELTA_OVER_FROZEN_Q_REF_V1,4.86718922124331,0,20.0,W10_80_PERCENT_DISCHARGE_WINDOW,14.55,3.0000000000000004,2.989405042338429,4.85,100.0,4.86718922124331,0,,,,0.9635472659673062,0.07895160434620895,0.11527190466850815,0.9734378442486615,,,,,-0.009975998694913446,0.009975998694913446,,,1.237467229457884e-05,,,4.86741733749102e-05,101.02647567282817,99.99113479778572,2.4371567888703538e-05,0.0025293588337087845,0.0025293588337087845,SOC_UPPER_BOUND_NOT_REACHED,468037.7087294603,468380.81817307347,343.10944361310817,0.0,0.9635472659673062,100.0,,,,,,,,,,,,,,,,,,,,,,,,,,,,,1,FIRST_UPWARD_CROSSING,charge_timeseries/cycle-016.csv,,,467694.0206008366,475413.43074992835,SOC_UPPER_BOUND_NOT_REACHED,SOC_UPPER_BOUND_NOT_REACHED,False,False,3,charge-efficiency-v1
16,virtual,60-80,60.0,80.0,60.0,80.0,100.0,NEGATIVE_PARTICLE_LITHIUM_DELTA_OVER_FROZEN_Q_REF_V1,4.86718922124331,0,20.0,W10_80_PERCENT_DISCHARGE_WINDOW,14.55,3.0000000000000004,2.989405042338429,4.85,100.0,4.86718922124331,0,,,,0.8882409672108642,0.11527190466850815,0.15159220499080736,0.973437844248662,,,,,-0.08529595479069428,0.08529595479069428,,,3.7351138557155036e-05,,,0.00017087072521790314,109.5916401272643,99.98884562224059,-0.00010914411087858955,-0.012287669101922796,0.012287669101922796,SOC_UPPER_BOUND_NOT_REACHED,468380.81817307347,471388.1211367753,3007.302963701888,0.22250544167980052,0.6657355255310636,74.94987847965598,,,,,,,,,,,,,,,,,,,,,,,,,,,,,1,FIRST_UPWARD_CROSSING,charge_timeseries/cycle-016.csv,,,467694.0206008366,475413.43074992835,SOC_UPPER_BOUND_NOT_REACHED,SOC_UPPER_BOUND_NOT_REACHED,False,False,3,charge-efficiency-v1
16,virtual,80-100,80.0,100.0,80.0,,0.0,NEGATIVE_PARTICLE_LITHIUM_DELTA_OVER_FROZEN_Q_REF_V1,4.86718922124331,0,20.0,W10_80_PERCENT_DISCHARGE_WINDOW,14.55,3.0000000000000004,2.989405042338429,4.85,100.0,4.86718922124331,0,,,,,,,,,,,,,,,,,,,,,,,,,,,,,,,,,,,,,,,,,,,,,,,,,,,,,,,,,,,,0,FIRST_UPWARD_CROSSING,charge_timeseries/cycle-016.csv,,,467694.0206008366,475413.43074992835,SOC_UPPER_BOUND_NOT_REACHED,SOC_UPPER_BOUND_NOT_REACHED,False,False,3,charge-efficiency-v1
17,virtual,20-40,20.0,40.0,20.0,40.0,100.0,NEGATIVE_PARTICLE_LITHIUM_DELTA_OVER_FROZEN_Q_REF_V1,4.86718922124331,0,20.0,W10_80_PERCENT_DISCHARGE_WINDOW,14.55,3.0000000000000004,2.989405042338429,4.85,100.0,4.86718922124331,0,,,,1.0818499573723397,0.04261205744793106,0.07893235777023028,0.973437844248662,,,,,0.10842852321197675,0.0,,,8.423187649133235e-06,,,2.435171963870858e-05,89.97900657250148,100.00151685436481,-4.918499558703715e-05,-0.004546378659245921,0.004546378659245921,SOC_UPPER_BOUND_NOT_REACHED,499007.7420889971,499352.51264829515,344.7705592980498,0.08407153650943171,0.997778420862908,92.22890975439611,,,,,,,,,,,,,,,,,,,,,,,,,,,,,1,FIRST_UPWARD_CROSSING,charge_timeseries/cycle-017.csv,,,499007.7420889971,506744.5889086099,SOC_UPPER_BOUND_NOT_REACHED,SOC_UPPER_BOUND_NOT_REACHED,False,False,3,charge-efficiency-v1
17,virtual,40-60,40.0,60.0,40.0,60.0,100.0,NEGATIVE_PARTICLE_LITHIUM_DELTA_OVER_FROZEN_Q_REF_V1,4.86718922124331,0,20.0,W10_80_PERCENT_DISCHARGE_WINDOW,14.55,3.0000000000000004,2.989405042338429,4.85,100.0,4.86718922124331,0,,,,0.9637517368918572,0.07893235777023028,0.11525265809252949,0.973437844248662,,,,,-0.009758490953902743,0.009758490953902743,,,1.1909011892423296e-05,,,4.725907209465752e-05,101.00504175359963,99.99248939386283,1.321551311095348e-05,0.0013712569954555003,0.0013712569954555003,SOC_UPPER_BOUND_NOT_REACHED,499352.51264829515,499696.8597952498,344.3471469546885,0.0,0.9637517368918572,100.0,,,,,,,,,,,,,,,,,,,,,,,,,,,,,1,FIRST_UPWARD_CROSSING,charge_timeseries/cycle-017.csv,,,499007.7420889971,506744.5889086099,SOC_UPPER_BOUND_NOT_REACHED,SOC_UPPER_BOUND_NOT_REACHED,False,False,3,charge-efficiency-v1
17,virtual,60-80,60.0,80.0,60.0,80.0,100.0,NEGATIVE_PARTICLE_LITHIUM_DELTA_OVER_FROZEN_Q_REF_V1,4.86718922124331,0,20.0,W10_80_PERCENT_DISCHARGE_WINDOW,14.55,3.0000000000000004,2.989405042338429,4.85,100.0,4.86718922124331,0,,,,0.8894037518762052,0.11525265809252949,0.1515729584148287,0.973437844248662,,,,,-0.0841558072077111,0.0841558072077111,,,3.594330510410873e-05,,,0.00016598566887696814,109.44836270312399,99.98631500766692,-8.021413872671967e-05,-0.009018866691028369,0.009018866691028369,SOC_UPPER_BOUND_NOT_REACHED,499696.8597952498,502718.3495360647,3021.4897408149054,0.2222889473316368,0.6671148045445684,75.00696990959209,,,,,,,,,,,,,,,,,,,,,,,,,,,,,1,FIRST_UPWARD_CROSSING,charge_timeseries/cycle-017.csv,,,499007.7420889971,506744.5889086099,SOC_UPPER_BOUND_NOT_REACHED,SOC_UPPER_BOUND_NOT_REACHED,False,False,3,charge-efficiency-v1
17,virtual,80-100,80.0,100.0,80.0,,0.0,NEGATIVE_PARTICLE_LITHIUM_DELTA_OVER_FROZEN_Q_REF_V1,4.86718922124331,0,20.0,W10_80_PERCENT_DISCHARGE_WINDOW,14.55,3.0000000000000004,2.989405042338429,4.85,100.0,4.86718922124331,0,,,,,,,,,,,,,,,,,,,,,,,,,,,,,,,,,,,,,,,,,,,,,,,,,,,,,,,,,,,,0,FIRST_UPWARD_CROSSING,charge_timeseries/cycle-017.csv,,,499007.7420889971,506744.5889086099,SOC_UPPER_BOUND_NOT_REACHED,SOC_UPPER_BOUND_NOT_REACHED,False,False,3,charge-efficiency-v1
18,virtual,20-40,20.0,40.0,20.0,40.0,100.0,NEGATIVE_PARTICLE_LITHIUM_DELTA_OVER_FROZEN_Q_REF_V1,4.86718922124331,0,20.0,W10_80_PERCENT_DISCHARGE_WINDOW,14.55,3.0000000000000004,2.989405042338429,4.85,100.0,4.86718922124331,0,,,,1.0838607888017175,0.0425934271889776,0.07891372751127682,0.973437844248662,,,,,0.11043495439225616,0.0,,,8.416282959944777e-06,,,2.3832711687765684e-05,89.81207312840095,100.00110806104665,-4.425883384828744e-05,-0.004083442662153929,0.004083442662153929,SOC_UPPER_BOUND_NOT_REACHED,530338.900412769,530686.241838665,347.34142589594745,0.08311683116430009,1.0007439576374175,92.33141082110818,,,,,,,,,,,,,,,,,,,,,,,,,,,,,1,FIRST_UPWARD_CROSSING,charge_timeseries/cycle-018.csv,,,530338.900412769,538093.3930208916,SOC_UPPER_BOUND_NOT_REACHED,SOC_UPPER_BOUND_NOT_REACHED,False,False,3,charge-efficiency-v1
18,virtual,40-60,40.0,60.0,40.0,60.0,100.0,NEGATIVE_PARTICLE_LITHIUM_DELTA_OVER_FROZEN_Q_REF_V1,4.86718922124331,0,20.0,W10_80_PERCENT_DISCHARGE_WINDOW,14.55,3.0000000000000004,2.989405042338429,4.85,100.0,4.86718922124331,0,,,,0.9633134046457679,0.07891372751127682,0.11523402783357603,0.973437844248662,,,,,-0.010183248053575358,0.010183248053575358,,,1.1866555849059622e-05,,,4.606633217852513e-05,101.05100163187464,99.99389519024675,8.755626537126915e-07,9.089073706336057e-05,9.089073706336057e-05,SOC_UPPER_BOUND_NOT_REACHED,530686.241838665,531032.8463986258,346.604559960768,0.0,0.9633134046457679,100.0,,,,,,,,,,,,,,,,,,,,,,,,,,,,,1,FIRST_UPWARD_CROSSING,charge_timeseries/cycle-018.csv,,,530338.900412769,538093.3930208916,SOC_UPPER_BOUND_NOT_REACHED,SOC_UPPER_BOUND_NOT_REACHED,False,False,3,charge-efficiency-v1
18,virtual,60-80,60.0,80.0,60.0,80.0,100.0,NEGATIVE_PARTICLE_LITHIUM_DELTA_OVER_FROZEN_Q_REF_V1,4.86718922124331,0,20.0,W10_80_PERCENT_DISCHARGE_WINDOW,14.55,3.0000000000000004,2.989405042338429,4.85,100.0,4.86718922124331,0,,,,0.8877513293461449,0.11523402783357603,0.15155432815587525,0.973437844248662,,,,,-0.08577571180513438,0.08577571180513438,,,3.545867798272588e-05,,,0.0001612618625350809,109.65208522589629,99.98995249010972,-0.00010752363790056396,-0.012111909534369079,0.012111909534369079,SOC_UPPER_BOUND_NOT_REACHED,531032.8463986258,534066.5269954536,3033.680596827883,0.22214084080116966,0.6656104885449752,74.9771322826649,,,,,,,,,,,,,,,,,,,,,,,,,,,,,1,FIRST_UPWARD_CROSSING,charge_timeseries/cycle-018.csv,,,530338.900412769,538093.3930208916,SOC_UPPER_BOUND_NOT_REACHED,SOC_UPPER_BOUND_NOT_REACHED,False,False,3,charge-efficiency-v1
18,virtual,80-100,80.0,100.0,80.0,,0.0,NEGATIVE_PARTICLE_LITHIUM_DELTA_OVER_FROZEN_Q_REF_V1,4.86718922124331,0,20.0,W10_80_PERCENT_DISCHARGE_WINDOW,14.55,3.0000000000000004,2.989405042338429,4.85,100.0,4.86718922124331,0,,,,,,,,,,,,,,,,,,,,,,,,,,,,,,,,,,,,,,,,,,,,,,,,,,,,,,,,,,,,0,FIRST_UPWARD_CROSSING,charge_timeseries/cycle-018.csv,,,530338.900412769,538093.3930208916,SOC_UPPER_BOUND_NOT_REACHED,SOC_UPPER_BOUND_NOT_REACHED,False,False,3,charge-efficiency-v1
19,virtual,20-40,20.0,40.0,20.0,40.0,100.0,NEGATIVE_PARTICLE_LITHIUM_DELTA_OVER_FROZEN_Q_REF_V1,4.86718922124331,0,20.0,W10_80_PERCENT_DISCHARGE_WINDOW,14.55,3.0000000000000004,2.989405042338429,4.85,100.0,4.86718922124331,0,,,,1.0847949522148297,0.04257534874424903,0.07889564906654824,0.9734378442486618,,,,,0.11136524169397727,0.0,,,8.336132082563917e-06,,,2.3324407847143125e-05,89.73473210408937,100.00074979403183,-3.979426773903505e-05,-0.0036683677092880043,0.0036683677092880043,SOC_UPPER_BOUND_NOT_REACHED,561687.7046113621,562037.1559166014,349.45130523935944,0.08219814539675417,1.0025968068180755,92.42270207573054,,,,,,,,,,,,,,,,,,,,,,,,,,,,,1,FIRST_UPWARD_CROSSING,charge_timeseries/cycle-019.csv,,,561687.7046113621,569459.9647143087,SOC_UPPER_BOUND_NOT_REACHED,SOC_UPPER_BOUND_NOT_REACHED,False,False,3,charge-efficiency-v1
19,virtual,40-60,40.0,60.0,40.0,60.0,100.0,NEGATIVE_PARTICLE_LITHIUM_DELTA_OVER_FROZEN_Q_REF_V1,4.86718922124331,0,20.0,W10_80_PERCENT_DISCHARGE_WINDOW,14.55,3.0000000000000004,2.989405042338429,4.85,100.0,4.86718922124331,0,,,,0.9630851639593935,0.07889564906654824,0.11521594938884745,0.973437844248662,,,,,-0.010411892844228762,0.010411892844228762,,,1.1718237182630712e-05,,,4.494643719425706e-05,101.07494961782061,99.99385178412294,2.5478805834033835e-06,0.00026455402686597815,0.00026455402686597815,SOC_UPPER_BOUND_NOT_REACHED,562037.1559166014,562385.6695903325,348.51367373111947,0.0,0.9630851639593935,100.0,,,,,,,,,,,,,,,,,,,,,,,,,,,,,1,FIRST_UPWARD_CROSSING,charge_timeseries/cycle-019.csv,,,561687.7046113621,569459.9647143087,SOC_UPPER_BOUND_NOT_REACHED,SOC_UPPER_BOUND_NOT_REACHED,False,False,3,charge-efficiency-v1
19,virtual,60-80,60.0,80.0,60.0,80.0,100.0,NEGATIVE_PARTICLE_LITHIUM_DELTA_OVER_FROZEN_Q_REF_V1,4.86718922124331,0,20.0,W10_80_PERCENT_DISCHARGE_WINDOW,14.55,3.0000000000000004,2.989405042338429,4.85,100.0,4.86718922124331,0,,,,0.8870604312395207,0.11521594938884745,0.15153624971114668,0.9734378442486623,,,,,-0.08654976119220098,0.08654976119220098,,,3.477835685048456e-05,,,0.00015701082602913308,109.73748912331072,99.98057086338316,-1.9440999820319327e-05,-0.002191620676074316,0.002191620676074316,SOC_UPPER_BOUND_NOT_REACHED,562385.6695903325,565432.1673341886,3046.497743856061,0.22197819938986335,0.6650822318496574,74.97597778319506,,,,,,,,,,,,,,,,,,,,,,,,,,,,,1,FIRST_UPWARD_CROSSING,charge_timeseries/cycle-019.csv,,,561687.7046113621,569459.9647143087,SOC_UPPER_BOUND_NOT_REACHED,SOC_UPPER_BOUND_NOT_REACHED,False,False,3,charge-efficiency-v1
19,virtual,80-100,80.0,100.0,80.0,,0.0,NEGATIVE_PARTICLE_LITHIUM_DELTA_OVER_FROZEN_Q_REF_V1,4.86718922124331,0,20.0,W10_80_PERCENT_DISCHARGE_WINDOW,14.55,3.0000000000000004,2.989405042338429,4.85,100.0,4.86718922124331,0,,,,,,,,,,,,,,,,,,,,,,,,,,,,,,,,,,,,,,,,,,,,,,,,,,,,,,,,,,,,0,FIRST_UPWARD_CROSSING,charge_timeseries/cycle-019.csv,,,561687.7046113621,569459.9647143087,SOC_UPPER_BOUND_NOT_REACHED,SOC_UPPER_BOUND_NOT_REACHED,False,False,3,charge-efficiency-v1
20,virtual,20-40,20.0,40.0,20.0,40.0,100.0,NEGATIVE_PARTICLE_LITHIUM_DELTA_OVER_FROZEN_Q_REF_V1,4.86718922124331,0,20.0,W10_80_PERCENT_DISCHARGE_WINDOW,14.55,3.0000000000000004,2.989405042338429,4.85,100.0,4.86718922124331,0,,,,1.0859978863212072,0.04255783072998621,0.07887813105228542,0.9734378442486618,,,,,0.11256878515152295,0.0,,,8.292838708411337e-06,,,2.286838106962258e-05,89.63533506922006,100.00080507329596,-3.9904298755555345e-05,-0.00367443613456102,0.00367443613456102,SOC_UPPER_BOUND_NOT_REACHED,593054.2763894683,593405.957249036,351.68085956758523,0.0813124088531732,1.004685477468034,92.51265496209969,,,,,,,,,,,,,,,,,,,,,,,,,,,,,1,FIRST_UPWARD_CROSSING,charge_timeseries/cycle-020.csv,,,593054.2763894683,600844.2634337093,SOC_UPPER_BOUND_NOT_REACHED,SOC_UPPER_BOUND_NOT_REACHED,False,False,3,charge-efficiency-v1
20,virtual,40-60,40.0,60.0,40.0,60.0,100.0,NEGATIVE_PARTICLE_LITHIUM_DELTA_OVER_FROZEN_Q_REF_V1,4.86718922124331,0,20.0,W10_80_PERCENT_DISCHARGE_WINDOW,14.55,3.0000000000000004,2.989405042338429,4.85,100.0,4.86718922124331,0,,,,0.9628007811015964,0.07887813105228542,0.11519843137458464,0.9734378442486623,,,,,-0.01069247589596213,0.01069247589596213,,,1.161402717923506e-05,,,4.39222806072892e-05,101.10480416674521,99.99424462983579,-1.23558890230413e-07,-1.2833276899613863e-05,1.2833276899613863e-05,SOC_UPPER_BOUND_NOT_REACHED,593405.957249036,593756.4481169139,350.4908678780313,0.0,0.9628007811015964,100.0,,,,,,,,,,,,,,,,,,,,,,,,,,,,,1,FIRST_UPWARD_CROSSING,charge_timeseries/cycle-020.csv,,,593054.2763894683,600844.2634337093,SOC_UPPER_BOUND_NOT_REACHED,SOC_UPPER_BOUND_NOT_REACHED,False,False,3,charge-efficiency-v1
20,virtual,60-80,60.0,80.0,60.0,80.0,100.0,NEGATIVE_PARTICLE_LITHIUM_DELTA_OVER_FROZEN_Q_REF_V1,4.86718922124331,0,20.0,W10_80_PERCENT_DISCHARGE_WINDOW,14.55,3.0000000000000004,2.989405042338429,4.85,100.0,4.86718922124331,0,,,,0.8860635710009458,0.11519843137458464,0.15151873169688385,0.9734378442486615,,,,,-0.08753497267372408,0.08753497267372408,,,3.421161526988986e-05,,,0.00015306983589875173,109.86094859413,99.98186366855973,-2.658202516025998e-05,-0.003000013320740799,0.003000013320740799,SOC_UPPER_BOUND_NOT_REACHED,593756.4481169139,596815.3905757763,3058.9424588623383,0.22182627589192302,0.6642372951090227,74.96497055608144,,,,,,,,,,,,,,,,,,,,,,,,,,,,,1,FIRST_UPWARD_CROSSING,charge_timeseries/cycle-020.csv,,,593054.2763894683,600844.2634337093,SOC_UPPER_BOUND_NOT_REACHED,SOC_UPPER_BOUND_NOT_REACHED,False,False,3,charge-efficiency-v1
20,virtual,80-100,80.0,100.0,80.0,,0.0,NEGATIVE_PARTICLE_LITHIUM_DELTA_OVER_FROZEN_Q_REF_V1,4.86718922124331,0,20.0,W10_80_PERCENT_DISCHARGE_WINDOW,14.55,3.0000000000000004,2.989405042338429,4.85,100.0,4.86718922124331,0,,,,,,,,,,,,,,,,,,,,,,,,,,,,,,,,,,,,,,,,,,,,,,,,,,,,,,,,,,,,0,FIRST_UPWARD_CROSSING,charge_timeseries/cycle-020.csv,,,593054.2763894683,600844.2634337093,SOC_UPPER_BOUND_NOT_REACHED,SOC_UPPER_BOUND_NOT_REACHED,False,False,3,charge-efficiency-v1
21,virtual,20-40,20.0,40.0,20.0,40.0,100.0,NEGATIVE_PARTICLE_LITHIUM_DELTA_OVER_FROZEN_Q_REF_V1,4.86718922124331,0,20.0,W10_80_PERCENT_DISCHARGE_WINDOW,14.55,3.0000000000000004,2.989405042338429,4.85,100.0,4.86718922124331,0,,,,1.0888008527533384,0.04254083385295638,0.07886113417525559,0.9734378442486618,,,,,0.11537465030136872,0.0,,,8.383447788237307e-06,,,2.2502700143554877e-05,89.40458136003944,100.00106923104097,-4.252794462367149e-05,-0.003905943361095617,0.003905943361095617,SOC_UPPER_BOUND_NOT_REACHED,624438.5753756438,624793.1671591094,354.59178346553944,0.08045710516921772,1.0083437475841206,92.61048473963264,,,,,,,,,,,,,,,,,,,,,,,,,,,,,1,FIRST_UPWARD_CROSSING,charge_timeseries/cycle-021.csv,,,624438.5753756438,632246.6765561262,SOC_UPPER_BOUND_NOT_REACHED,SOC_UPPER_BOUND_NOT_REACHED,False,False,3,charge-efficiency-v1
21,virtual,40-60,40.0,60.0,40.0,60.0,100.0,NEGATIVE_PARTICLE_LITHIUM_DELTA_OVER_FROZEN_Q_REF_V1,4.86718922124331,0,20.0,W10_80_PERCENT_DISCHARGE_WINDOW,14.55,3.0000000000000004,2.989405042338429,4.85,100.0,4.86718922124331,0,,,,0.9621969174788401,0.07886113417525559,0.1151814344975548,0.973437844248662,,,,,-0.011275491430691481,0.011275491430691481,,,1.169060466092546e-05,,,4.3016814045553076e-05,101.16825636890165,99.99640773523156,-2.014275783679409e-05,-0.0020934132578154987,0.0020934132578154987,SOC_UPPER_BOUND_NOT_REACHED,624793.1671591094,625146.1016384945,352.93447938522417,0.0,0.9621969174788401,100.00000000000001,,,,,,,,,,,,,,,,,,,,,,,,,,,,,1,FIRST_UPWARD_CROSSING,charge_timeseries/cycle-021.csv,,,624438.5753756438,632246.6765561262,SOC_UPPER_BOUND_NOT_REACHED,SOC_UPPER_BOUND_NOT_REACHED,False,False,3,charge-efficiency-v1
21,virtual,60-80,60.0,80.0,60.0,80.0,100.0,NEGATIVE_PARTICLE_LITHIUM_DELTA_OVER_FROZEN_Q_REF_V1,4.86718922124331,0,20.0,W10_80_PERCENT_DISCHARGE_WINDOW,14.55,3.0000000000000004,2.989405042338429,4.85,100.0,4.86718922124331,0,,,,0.8838128214901605,0.1151814344975548,0.151501734819854,0.9734378442486612,,,,,-0.08977086413837555,0.08977086413837555,,,3.403509882044008e-05,,,0.0001493135500539866,110.14072443612977,99.98349861233864,-3.750726899964807e-05,-0.004243802317374012,0.004243802317374012,SOC_UPPER_BOUND_NOT_REACHED,625146.1016384945,628216.6947925758,3070.593154081186,0.22170511109932703,0.6621077103908335,74.91492477722612,,,,,,,,,,,,,,,,,,,,,,,,,,,,,1,FIRST_UPWARD_CROSSING,charge_timeseries/cycle-021.csv,,,624438.5753756438,632246.6765561262,SOC_UPPER_BOUND_NOT_REACHED,SOC_UPPER_BOUND_NOT_REACHED,False,False,3,charge-efficiency-v1
21,virtual,80-100,80.0,100.0,80.0,,0.0,NEGATIVE_PARTICLE_LITHIUM_DELTA_OVER_FROZEN_Q_REF_V1,4.86718922124331,0,20.0,W10_80_PERCENT_DISCHARGE_WINDOW,14.55,3.0000000000000004,2.989405042338429,4.85,100.0,4.86718922124331,0,,,,,,,,,,,,,,,,,,,,,,,,,,,,,,,,,,,,,,,,,,,,,,,,,,,,,,,,,,,,0,FIRST_UPWARD_CROSSING,charge_timeseries/cycle-021.csv,,,624438.5753756438,632246.6765561262,SOC_UPPER_BOUND_NOT_REACHED,SOC_UPPER_BOUND_NOT_REACHED,False,False,3,charge-efficiency-v1
22,virtual,20-40,20.0,40.0,20.0,40.0,100.0,NEGATIVE_PARTICLE_LITHIUM_DELTA_OVER_FROZEN_Q_REF_V1,4.86718922124331,0,20.0,W10_80_PERCENT_DISCHARGE_WINDOW,14.55,3.0000000000000004,2.989405042338429,4.85,100.0,4.86718922124331,0,,,,1.0894500159149938,0.042524321372325216,0.07884462169462443,0.973437844248662,,,,,0.11601701127103375,0.0,,,8.316853085698836e-06,,,2.2097222385705773e-05,89.35130846100388,100.00044422457489,-3.5253680173319424e-05,-0.003235915338778622,0.003235915338778622,SOC_UPPER_BOUND_NOT_REACHED,655840.9887123352,656197.5663222296,356.5776098942961,0.07962981428120255,1.0098202016337912,92.69082444187913,,,,,,,,,,,,,,,,,,,,,,,,,,,,,1,FIRST_UPWARD_CROSSING,charge_timeseries/cycle-022.csv,,,655840.9887123352,663666.9567690804,SOC_UPPER_BOUND_NOT_REACHED,SOC_UPPER_BOUND_NOT_REACHED,False,False,3,charge-efficiency-v1
22,virtual,40-60,40.0,60.0,40.0,60.0,100.0,NEGATIVE_PARTICLE_LITHIUM_DELTA_OVER_FROZEN_Q_REF_V1,4.86718922124331,0,20.0,W10_80_PERCENT_DISCHARGE_WINDOW,14.55,3.0000000000000004,2.989405042338429,4.85,100.0,4.86718922124331,0,,,,0.9620560138897458,0.07884462169462443,0.11516492201692365,0.973437844248662,,,,,-0.011458089892963194,0.011458089892963194,,,1.1547921373479021e-05,,,4.2126859704602615e-05,101.18307356272298,99.99207327505405,2.258475296890161e-05,0.0023475507291501516,0.0023475507291501516,SOC_UPPER_BOUND_NOT_REACHED,656197.5663222296,656552.2883663863,354.7220441568294,0.0,0.9620560138897458,100.0,,,,,,,,,,,,,,,,,,,,,,,,,,,,,1,FIRST_UPWARD_CROSSING,charge_timeseries/cycle-022.csv,,,655840.9887123352,663666.9567690804,SOC_UPPER_BOUND_NOT_REACHED,SOC_UPPER_BOUND_NOT_REACHED,False,False,3,charge-efficiency-v1
22,virtual,60-80,60.0,80.0,60.0,80.0,100.0,NEGATIVE_PARTICLE_LITHIUM_DELTA_OVER_FROZEN_Q_REF_V1,4.86718922124331,0,20.0,W10_80_PERCENT_DISCHARGE_WINDOW,14.55,3.0000000000000004,2.989405042338429,4.85,100.0,4.86718922124331,0,,,,0.8832117136861637,0.11516492201692365,0.15148522233922285,0.9734378442486615,,,,,-0.09030852162240077,0.09030852162240077,,,3.342544203288134e-05,,,0.0001459649582870523,110.21568545393617,99.99067142581714,-9.69993404169589e-05,-0.010982569514632388,0.010982569514632388,SOC_UPPER_BOUND_NOT_REACHED,656552.2883663863,659635.3815614579,3083.093195071478,0.22155554837154676,0.6616561653146169,74.91478600902329,,,,,,,,,,,,,,,,,,,,,,,,,,,,,1,FIRST_UPWARD_CROSSING,charge_timeseries/cycle-022.csv,,,655840.9887123352,663666.9567690804,SOC_UPPER_BOUND_NOT_REACHED,SOC_UPPER_BOUND_NOT_REACHED,False,False,3,charge-efficiency-v1
22,virtual,80-100,80.0,100.0,80.0,,0.0,NEGATIVE_PARTICLE_LITHIUM_DELTA_OVER_FROZEN_Q_REF_V1,4.86718922124331,0,20.0,W10_80_PERCENT_DISCHARGE_WINDOW,14.55,3.0000000000000004,2.989405042338429,4.85,100.0,4.86718922124331,0,,,,,,,,,,,,,,,,,,,,,,,,,,,,,,,,,,,,,,,,,,,,,,,,,,,,,,,,,,,,0,FIRST_UPWARD_CROSSING,charge_timeseries/cycle-022.csv,,,655840.9887123352,663666.9567690804,SOC_UPPER_BOUND_NOT_REACHED,SOC_UPPER_BOUND_NOT_REACHED,False,False,3,charge-efficiency-v1
23,virtual,20-40,20.0,40.0,20.0,40.0,100.0,NEGATIVE_PARTICLE_LITHIUM_DELTA_OVER_FROZEN_Q_REF_V1,4.86718922124331,0,20.0,W10_80_PERCENT_DISCHARGE_WINDOW,14.55,3.0000000000000004,2.989405042338429,4.85,100.0,4.86718922124331,0,,,,1.0901346658326574,0.04250831041384734,0.07882861073614655,0.973437844248662,,,,,0.11671978537008554,0.0,,,8.23534944709636e-06,,,2.1720076874592875e-05,89.29519212244654,100.00210650911394,-5.291921241168396e-05,-0.004854373874191374,0.004854373874191374,SOC_UPPER_BOUND_NOT_REACHED,687261.2692645642,687619.7983296836,358.52906511947407,0.07882860958564816,1.0113060562470093,92.76891084594233,,,,,,,,,,,,,,,,,,,,,,,,,,,,,1,FIRST_UPWARD_CROSSING,charge_timeseries/cycle-023.csv,,,687261.2692645642,695105.4319127497,SOC_UPPER_BOUND_NOT_REACHED,SOC_UPPER_BOUND_NOT_REACHED,False,False,3,charge-efficiency-v1
23,virtual,40-60,40.0,60.0,40.0,60.0,100.0,NEGATIVE_PARTICLE_LITHIUM_DELTA_OVER_FROZEN_Q_REF_V1,4.86718922124331,0,20.0,W10_80_PERCENT_DISCHARGE_WINDOW,14.55,3.0000000000000004,2.989405042338429,4.85,100.0,4.86718922124331,0,,,,0.9618368804153438,0.07882861073614655,0.11514891105844577,0.973437844248662,,,,,-0.011648779609259169,0.011648779609259169,,,1.1423445236468342e-05,,,4.129283612783197e-05,101.20612591069586,99.99502870217242,-4.9005054233441925e-06,-0.0005094944395590278,0.0005094944395590278,SOC_UPPER_BOUND_NOT_REACHED,687619.7983296836,687976.3173690039,356.5190393203,0.0,0.9618368804153438,100.0,,,,,,,,,,,,,,,,,,,,,,,,,,,,,1,FIRST_UPWARD_CROSSING,charge_timeseries/cycle-023.csv,,,687261.2692645642,695105.4319127497,SOC_UPPER_BOUND_NOT_REACHED,SOC_UPPER_BOUND_NOT_REACHED,False,False,3,charge-efficiency-v1
23,virtual,60-80,60.0,80.0,60.0,80.0,100.0,NEGATIVE_PARTICLE_LITHIUM_DELTA_OVER_FROZEN_Q_REF_V1,4.86718922124331,0,20.0,W10_80_PERCENT_DISCHARGE_WINDOW,14.55,3.0000000000000004,2.989405042338429,4.85,100.0,4.86718922124331,0,,,,0.8826225995759902,0.11514891105844577,0.15146921138074498,0.973437844248662,,,,,-0.0908960126072285,0.0908960126072285,,,3.287135408211678e-05,,,0.00014283855572946175,110.28924986923055,99.9908490973837,-9.494197525494741e-05,-0.010756803111608213,0.010756803111608213,SOC_UPPER_BOUND_NOT_REACHED,687976.3173690039,691072.0302016188,3095.7128326148186,0.22141257810558992,0.6612100214704003,74.91424101173526,,,,,,,,,,,,,,,,,,,,,,,,,,,,,1,FIRST_UPWARD_CROSSING,charge_timeseries/cycle-023.csv,,,687261.2692645642,695105.4319127497,SOC_UPPER_BOUND_NOT_REACHED,SOC_UPPER_BOUND_NOT_REACHED,False,False,3,charge-efficiency-v1
23,virtual,80-100,80.0,100.0,80.0,,0.0,NEGATIVE_PARTICLE_LITHIUM_DELTA_OVER_FROZEN_Q_REF_V1,4.86718922124331,0,20.0,W10_80_PERCENT_DISCHARGE_WINDOW,14.55,3.0000000000000004,2.989405042338429,4.85,100.0,4.86718922124331,0,,,,,,,,,,,,,,,,,,,,,,,,,,,,,,,,,,,,,,,,,,,,,,,,,,,,,,,,,,,,0,FIRST_UPWARD_CROSSING,charge_timeseries/cycle-023.csv,,,687261.2692645642,695105.4319127497,SOC_UPPER_BOUND_NOT_REACHED,SOC_UPPER_BOUND_NOT_REACHED,False,False,3,charge-efficiency-v1
24,virtual,20-40,20.0,40.0,20.0,40.0,100.0,NEGATIVE_PARTICLE_LITHIUM_DELTA_OVER_FROZEN_Q_REF_V1,4.86718922124331,0,20.0,W10_80_PERCENT_DISCHARGE_WINDOW,14.55,3.0000000000000004,2.989405042338429,4.85,100.0,4.86718922124331,0,,,,1.0668206011453514,0.0424927703075786,0.07881307062987782,0.973437844248662,,,,,0.09337964541471681,0.0,,,7.579345289511572e-06,,,2.0472871622635724e-05,91.24662977107562,99.99970834065549,-2.494073493974902e-05,-0.0023378565161726677,0.0023378565161726677,SOC_UPPER_BOUND_NOT_REACHED,718699.7446136413,719049.9140931546,350.16947951332236,0.07805138379686097,0.9887692173484904,92.68373860487283,,,,,,,,,,,,,,,,,,,,,,,,,,,,,1,FIRST_UPWARD_CROSSING,charge_timeseries/cycle-024.csv,,,718699.7446136413,726514.4181414662,SOC_UPPER_BOUND_NOT_REACHED,SOC_UPPER_BOUND_NOT_REACHED,False,False,3,charge-efficiency-v1
24,virtual,40-60,40.0,60.0,40.0,60.0,100.0,NEGATIVE_PARTICLE_LITHIUM_DELTA_OVER_FROZEN_Q_REF_V1,4.86718922124331,0,20.0,W10_80_PERCENT_DISCHARGE_WINDOW,14.55,3.0000000000000004,2.989405042338429,4.85,100.0,4.86718922124331,0,,,,0.912769967387547,0.07881307062987782,0.11513337095217703,0.973437844248662,,,,,-0.06069297957592417,0.06069297957592417,,,3.7379630692044308e-06,,,3.616744241524e-05,106.64656803233278,99.99724983120545,-1.4802690675219665e-05,-0.0016217328794884294,0.0016217328794884294,SOC_UPPER_BOUND_NOT_REACHED,719049.9140931546,719348.2189432555,298.3048501008327,0.0,0.912769967387547,100.0,,,,,,,,,,,,,,,,,,,,,,,,,,,,,1,FIRST_UPWARD_CROSSING,charge_timeseries/cycle-024.csv,,,718699.7446136413,726514.4181414662,SOC_UPPER_BOUND_NOT_REACHED,SOC_UPPER_BOUND_NOT_REACHED,False,False,3,charge-efficiency-v1
24,virtual,60-80,60.0,80.0,60.0,80.0,100.0,NEGATIVE_PARTICLE_LITHIUM_DELTA_OVER_FROZEN_Q_REF_V1,4.86718922124331,0,20.0,W10_80_PERCENT_DISCHARGE_WINDOW,14.55,3.0000000000000004,2.989405042338429,4.85,100.0,4.86718922124331,0,,,,0.9523542083075105,0.11513337095217703,0.15145367127447626,0.9734378442486623,,,,,-0.021146650390203005,0.021146650390203005,,,1.3612781288331426e-05,,,0.00014767297674967567,102.21384394138614,99.99338329704416,-9.827130898676373e-05,-0.010318777208052448,0.010318777208052448,SOC_UPPER_BOUND_NOT_REACHED,719348.2189432555,722470.2783782358,3122.0594349803027,0.21986391962209598,0.7324902886854145,76.91364014521129,,,,,,,,,,,,,,,,,,,,,,,,,,,,,1,FIRST_UPWARD_CROSSING,charge_timeseries/cycle-024.csv,,,718699.7446136413,726514.4181414662,SOC_UPPER_BOUND_NOT_REACHED,SOC_UPPER_BOUND_NOT_REACHED,False,False,3,charge-efficiency-v1
24,virtual,80-100,80.0,100.0,80.0,,0.0,NEGATIVE_PARTICLE_LITHIUM_DELTA_OVER_FROZEN_Q_REF_V1,4.86718922124331,0,20.0,W10_80_PERCENT_DISCHARGE_WINDOW,14.55,3.0000000000000004,2.989405042338429,4.85,100.0,4.86718922124331,0,,,,,,,,,,,,,,,,,,,,,,,,,,,,,,,,,,,,,,,,,,,,,,,,,,,,,,,,,,,,0,FIRST_UPWARD_CROSSING,charge_timeseries/cycle-024.csv,,,718699.7446136413,726514.4181414662,SOC_UPPER_BOUND_NOT_REACHED,SOC_UPPER_BOUND_NOT_REACHED,False,False,3,charge-efficiency-v1
25,virtual,20-40,20.0,40.0,20.0,40.0,100.0,NEGATIVE_PARTICLE_LITHIUM_DELTA_OVER_FROZEN_Q_REF_V1,4.86718922124331,0,20.0,W10_80_PERCENT_DISCHARGE_WINDOW,14.55,3.0000000000000004,2.989405042338429,4.85,100.0,4.86718922124331,0,,,,1.0920444032377954,0.04247818044490955,0.07879848076720876,0.9734378442486618,,,,,0.11861976277671873,0.0,,,8.152350058554178e-06,,,2.1058762125270025e-05,89.13903513103699,100.00120908889289,-4.241489976886115e-05,-0.0038839903984769744,0.0038839903984769744,SOC_UPPER_BOUND_NOT_REACHED,750108.7311822426,750471.4193422445,362.6881600018544,0.07729490202900327,1.0147495012087921,92.92200007620275,,,,,,,,,,,,,,,,,,,,,,,,,,,,,1,FIRST_UPWARD_CROSSING,charge_timeseries/cycle-025.csv,,,750108.7311822426,757989.4079023687,SOC_UPPER_BOUND_NOT_REACHED,SOC_UPPER_BOUND_NOT_REACHED,False,False,3,charge-efficiency-v1
25,virtual,40-60,40.0,60.0,40.0,60.0,100.0,NEGATIVE_PARTICLE_LITHIUM_DELTA_OVER_FROZEN_Q_REF_V1,4.86718922124331,0,20.0,W10_80_PERCENT_DISCHARGE_WINDOW,14.55,3.0000000000000004,2.989405042338429,4.85,100.0,4.86718922124331,0,,,,0.9613717156439238,0.07879848076720876,0.11511878108950797,0.973437844248662,,,,,-0.01212949542980031,0.01212949542980031,,,1.1252004755841344e-05,,,3.9798977561220084e-05,101.2550950281137,99.99340870715967,1.2315842745080907e-05,0.0012810698031439165,0.0012810698031439165,SOC_UPPER_BOUND_NOT_REACHED,750471.4193422445,750831.650322828,360.2309805835066,0.0,0.9613717156439238,100.0,,,,,,,,,,,,,,,,,,,,,,,,,,,,,1,FIRST_UPWARD_CROSSING,charge_timeseries/cycle-025.csv,,,750108.7311822426,757989.4079023687,SOC_UPPER_BOUND_NOT_REACHED,SOC_UPPER_BOUND_NOT_REACHED,False,False,3,charge-efficiency-v1
25,virtual,60-80,60.0,80.0,60.0,80.0,100.0,NEGATIVE_PARTICLE_LITHIUM_DELTA_OVER_FROZEN_Q_REF_V1,4.86718922124331,0,20.0,W10_80_PERCENT_DISCHARGE_WINDOW,14.55,3.0000000000000004,2.989405042338429,4.85,100.0,4.86718922124331,0,,,,0.8810695123939422,0.11511878108950797,0.1514390814118072,0.9734378442486623,,,,,-0.0924465627838785,0.0924465627838785,,,3.1962808321808756e-05,,,0.00013713006392897936,110.48365997862614,99.99112091292936,-9.086194309249063e-05,-0.01031268723004736,0.01031268723004736,SOC_UPPER_BOUND_NOT_REACHED,750831.650322828,753951.7776477241,3120.1273248961697,0.22115029691261745,0.6599192154813247,74.89979010716952,,,,,,,,,,,,,,,,,,,,,,,,,,,,,1,FIRST_UPWARD_CROSSING,charge_timeseries/cycle-025.csv,,,750108.7311822426,757989.4079023687,SOC_UPPER_BOUND_NOT_REACHED,SOC_UPPER_BOUND_NOT_REACHED,False,False,3,charge-efficiency-v1
25,virtual,80-100,80.0,100.0,80.0,,0.0,NEGATIVE_PARTICLE_LITHIUM_DELTA_OVER_FROZEN_Q_REF_V1,4.86718922124331,0,20.0,W10_80_PERCENT_DISCHARGE_WINDOW,14.55,3.0000000000000004,2.989405042338429,4.85,100.0,4.86718922124331,0,,,,,,,,,,,,,,,,,,,,,,,,,,,,,,,,,,,,,,,,,,,,,,,,,,,,,,,,,,,,0,FIRST_UPWARD_CROSSING,charge_timeseries/cycle-025.csv,,,750108.7311822426,757989.4079023687,SOC_UPPER_BOUND_NOT_REACHED,SOC_UPPER_BOUND_NOT_REACHED,False,False,3,charge-efficiency-v1
26,virtual,20-40,20.0,40.0,20.0,40.0,100.0,NEGATIVE_PARTICLE_LITHIUM_DELTA_OVER_FROZEN_Q_REF_V1,4.853168371993805,25,20.0,W10_80_PERCENT_DISCHARGE_WINDOW,14.55,3.0000000000000004,2.9980414617312134,4.85,99.71193128904235,4.853168371993805,25,,,,1.0924337842052636,0.04246375990690007,0.0786794328082449,0.970633674398761,,,,,0.12181003801529346,0.0,,,8.269154572548756e-06,,,2.0756205966934727e-05,88.85057276994495,100.00090881561285,-3.8953569330368865e-05,-0.003565760222136233,0.003565760222136233,VALID,781583.721227956,781948.6817451796,364.9605172235293,0.07656138306823101,1.0158724011370326,92.99166831205895,,,,,,,,,,,,,,,,,,,,,,,,,,,,,1,FIRST_UPWARD_CROSSING,charge_timeseries/cycle-026.csv,,,781583.721227956,789483.415177495,VALID,VALID,True,True,3,charge-efficiency-v1
26,virtual,40-60,40.0,60.0,40.0,60.0,100.0,NEGATIVE_PARTICLE_LITHIUM_DELTA_OVER_FROZEN_Q_REF_V1,4.853168371993805,25,20.0,W10_80_PERCENT_DISCHARGE_WINDOW,14.55,3.0000000000000004,2.9980414617312134,4.85,99.71193128904235,4.853168371993805,25,,,,0.9581079708370507,0.0786794328082449,0.11489510570958972,0.970633674398761,,,,,-0.012581108642513078,0.012581108642513078,,,1.1340011408437437e-05,,,3.893457452401605e-05,101.30733737146214,99.99421724038531,5.130494870275726e-06,0.0005354819108532696,0.0005354819108532696,VALID,781948.6817451796,782309.297710856,360.61596567637747,0.0,0.9581079708370507,100.0,,,,,,,,,,,,,,,,,,,,,,,,,,,,,1,FIRST_UPWARD_CROSSING,charge_timeseries/cycle-026.csv,,,781583.721227956,789483.415177495,VALID,VALID,True,True,3,charge-efficiency-v1
26,virtual,60-80,60.0,80.0,60.0,80.0,100.0,NEGATIVE_PARTICLE_LITHIUM_DELTA_OVER_FROZEN_Q_REF_V1,4.853168371993805,25,20.0,W10_80_PERCENT_DISCHARGE_WINDOW,14.55,3.0000000000000004,2.9980414617312134,4.85,99.71193128904235,4.853168371993805,25,,,,0.8754388361347092,0.11489510570958972,0.15111077861093455,0.9706336743987614,,,,,-0.09527379530843438,0.09527379530843438,,,3.198225819094113e-05,,,0.00013402729695233956,110.87395650441579,99.99098086112666,-8.705251076102094e-05,-0.009943871252660035,0.009943871252660035,VALID,782309.297710856,785418.4986157021,3109.200904846285,0.21256897105769923,0.66286986507701,75.71858109514005,,,,,,,,,,,,,,,,,,,,,,,,,,,,,1,FIRST_UPWARD_CROSSING,charge_timeseries/cycle-026.csv,,,781583.721227956,789483.415177495,VALID,VALID,True,True,3,charge-efficiency-v1
26,virtual,80-100,80.0,100.0,80.0,100.0,100.0,NEGATIVE_PARTICLE_LITHIUM_DELTA_OVER_FROZEN_Q_REF_V1,4.853168371993805,25,20.0,W10_80_PERCENT_DISCHARGE_WINDOW,14.55,3.0000000000000004,2.9980414617312134,4.85,99.71193128904235,4.853168371993805,25,,,,0.9677418748780543,0.15111077861093455,0.18732645151227936,0.9706336743987606,,,,,-0.0029472350914944885,0.0029472350914944885,,,1.8425237132963738e-05,,,0.0001098242083121051,100.29881930252017,99.99427165732648,-7.281387465674083e-05,-0.007524100852400972,0.007524100852400972,VALID,785418.4986157021,789479.6659219399,4061.1673062377427,0.7759009798019527,0.1918408950761016,19.823560399334337,,,,,,,,,,,,,,,,,,,,,,,,,,,,,1,FIRST_UPWARD_CROSSING,charge_timeseries/cycle-026.csv,,,781583.721227956,789483.415177495,VALID,VALID,True,True,3,charge-efficiency-v1
27,virtual,20-40,20.0,40.0,20.0,40.0,100.0,NEGATIVE_PARTICLE_LITHIUM_DELTA_OVER_FROZEN_Q_REF_V1,4.853168371993805,25,20.0,W10_80_PERCENT_DISCHARGE_WINDOW,14.55,3.0000000000000004,2.9980414617312134,4.85,99.71193128904235,4.853168371993805,25,,,,1.0893091184908306,0.042867803943947444,0.07908347684529225,0.9706336743987606,,,,,0.11868487890097187,0.0,,,7.969627563355047e-06,,,2.033659143976796e-05,89.10543921118669,100.00086612778152,-3.77410279051027e-05,-0.0034646756613394116,0.0034646756613394116,SOC_UPPER_BOUND_NOT_REACHED,813036.5716581487,813402.9370416311,366.36538348236513,0.07371120335001352,1.015597915140817,93.23321524636314,,,,,,,,,,,,,,,,,,,,,,,,,,,,,1,FIRST_UPWARD_CROSSING,charge_timeseries/cycle-027.csv,,,813036.5716581487,820960.9763576158,SOC_UPPER_BOUND_NOT_REACHED,SOC_UPPER_BOUND_NOT_REACHED,False,False,3,charge-efficiency-v1
27,virtual,40-60,40.0,60.0,40.0,60.0,100.0,NEGATIVE_PARTICLE_LITHIUM_DELTA_OVER_FROZEN_Q_REF_V1,4.853168371993805,25,20.0,W10_80_PERCENT_DISCHARGE_WINDOW,14.55,3.0000000000000004,2.9980414617312134,4.85,99.71193128904235,4.853168371993805,25,,,,0.9581819571677301,0.07908347684529225,0.11529914974663709,0.9706336743987614,,,,,-0.012503996540398354,0.012503996540398354,,,1.0996806746423667e-05,,,3.826852077665199e-05,101.29951489254056,99.99454390588593,3.013981844102176e-06,0.0003145521392420226,0.0003145521392420226,SOC_UPPER_BOUND_NOT_REACHED,813402.9370416311,813768.711504619,365.77446298796394,0.0,0.9581819571677301,100.0,,,,,,,,,,,,,,,,,,,,,,,,,,,,,1,FIRST_UPWARD_CROSSING,charge_timeseries/cycle-027.csv,,,813036.5716581487,820960.9763576158,SOC_UPPER_BOUND_NOT_REACHED,SOC_UPPER_BOUND_NOT_REACHED,False,False,3,charge-efficiency-v1
27,virtual,60-80,60.0,80.0,60.0,80.0,100.0,NEGATIVE_PARTICLE_LITHIUM_DELTA_OVER_FROZEN_Q_REF_V1,4.853168371993805,25,20.0,W10_80_PERCENT_DISCHARGE_WINDOW,14.55,3.0000000000000004,2.9980414617312134,4.85,99.71193128904235,4.853168371993805,25,,,,0.878396130761156,0.11529914974663709,0.1515148226479819,0.970633674398761,,,,,-0.09231307779349905,0.09231307779349905,,,3.079683678564298e-05,,,0.0001317444588626246,110.50067736041579,99.99140090065873,-8.700713975429153e-05,-0.009905228029510705,0.009905228029510705,SOC_UPPER_BOUND_NOT_REACHED,813768.711504619,816926.8237872564,3158.1122826373294,0.22372340719621908,0.6546727235649369,74.53046531496489,,,,,,,,,,,,,,,,,,,,,,,,,,,,,1,FIRST_UPWARD_CROSSING,charge_timeseries/cycle-027.csv,,,813036.5716581487,820960.9763576158,SOC_UPPER_BOUND_NOT_REACHED,SOC_UPPER_BOUND_NOT_REACHED,False,False,3,charge-efficiency-v1
27,virtual,80-100,80.0,100.0,80.0,,0.0,NEGATIVE_PARTICLE_LITHIUM_DELTA_OVER_FROZEN_Q_REF_V1,4.853168371993805,25,20.0,W10_80_PERCENT_DISCHARGE_WINDOW,14.55,3.0000000000000004,2.9980414617312134,4.85,99.71193128904235,4.853168371993805,25,,,,,,,,,,,,,,,,,,,,,,,,,,,,,,,,,,,,,,,,,,,,,,,,,,,,,,,,,,,,0,FIRST_UPWARD_CROSSING,charge_timeseries/cycle-027.csv,,,813036.5716581487,820960.9763576158,SOC_UPPER_BOUND_NOT_REACHED,SOC_UPPER_BOUND_NOT_REACHED,False,False,3,charge-efficiency-v1
28,virtual,20-40,20.0,40.0,20.0,40.0,100.0,NEGATIVE_PARTICLE_LITHIUM_DELTA_OVER_FROZEN_Q_REF_V1,4.853168371993805,25,20.0,W10_80_PERCENT_DISCHARGE_WINDOW,14.55,3.0000000000000004,2.9980414617312134,4.85,99.71193128904235,4.853168371993805,25,,,,1.0908737182527501,0.04285375408771986,0.07906942698906469,0.9706336743987611,,,,,0.1202562698874419,0.0,,,7.989084494018032e-06,,,2.0096828849652804e-05,88.97763858069868,100.00148743462981,-4.431194679654915e-05,-0.004062060168387179,0.004062060168387179,SOC_UPPER_BOUND_NOT_REACHED,844514.133161998,844882.8436774731,368.7105154751368,0.0730210476787347,1.0178526705740154,93.30618691632866,,,,,,,,,,,,,,,,,,,,,,,,,,,,,1,FIRST_UPWARD_CROSSING,charge_timeseries/cycle-028.csv,,,844514.133161998,852457.3925705109,SOC_UPPER_BOUND_NOT_REACHED,SOC_UPPER_BOUND_NOT_REACHED,False,False,3,charge-efficiency-v1
28,virtual,40-60,40.0,60.0,40.0,60.0,100.0,NEGATIVE_PARTICLE_LITHIUM_DELTA_OVER_FROZEN_Q_REF_V1,4.853168371993805,25,20.0,W10_80_PERCENT_DISCHARGE_WINDOW,14.55,3.0000000000000004,2.9980414617312134,4.85,99.71193128904235,4.853168371993805,25,,,,0.9578297231011252,0.07906942698906469,0.11528509989040951,0.970633674398761,,,,,-0.01287208460288429,0.01287208460288429,,,1.0998536421392893e-05,,,3.768492953579172e-05,101.33676696273122,99.99288669962884,1.9449839291252324e-05,0.0020306155491062014,0.0020306155491062014,SOC_UPPER_BOUND_NOT_REACHED,844882.8436774731,845250.66414416,367.82046668688207,0.0,0.9578297231011252,100.0,,,,,,,,,,,,,,,,,,,,,,,,,,,,,1,FIRST_UPWARD_CROSSING,charge_timeseries/cycle-028.csv,,,844514.133161998,852457.3925705109,SOC_UPPER_BOUND_NOT_REACHED,SOC_UPPER_BOUND_NOT_REACHED,False,False,3,charge-efficiency-v1
28,virtual,60-80,60.0,80.0,60.0,80.0,100.0,NEGATIVE_PARTICLE_LITHIUM_DELTA_OVER_FROZEN_Q_REF_V1,4.853168371993805,25,20.0,W10_80_PERCENT_DISCHARGE_WINDOW,14.55,3.0000000000000004,2.9980414617312134,4.85,99.71193128904235,4.853168371993805,25,,,,0.8772302676290131,0.11528509989040951,0.1515007727917543,0.9706336743987602,,,,,-0.09356247673211035,0.09356247673211035,,,3.0557758683207904e-05,,,0.00012941581109322808,110.6475357972085,99.98186679504423,-9.036074132273697e-07,-0.0001030068667910478,0.0001030068667910478,SOC_UPPER_BOUND_NOT_REACHED,845250.66414416,848420.762975396,3170.0988312359877,0.22361742301263796,0.6536128446163751,74.50869728685565,,,,,,,,,,,,,,,,,,,,,,,,,,,,,1,FIRST_UPWARD_CROSSING,charge_timeseries/cycle-028.csv,,,844514.133161998,852457.3925705109,SOC_UPPER_BOUND_NOT_REACHED,SOC_UPPER_BOUND_NOT_REACHED,False,False,3,charge-efficiency-v1
28,virtual,80-100,80.0,100.0,80.0,,0.0,NEGATIVE_PARTICLE_LITHIUM_DELTA_OVER_FROZEN_Q_REF_V1,4.853168371993805,25,20.0,W10_80_PERCENT_DISCHARGE_WINDOW,14.55,3.0000000000000004,2.9980414617312134,4.85,99.71193128904235,4.853168371993805,25,,,,,,,,,,,,,,,,,,,,,,,,,,,,,,,,,,,,,,,,,,,,,,,,,,,,,,,,,,,,0,FIRST_UPWARD_CROSSING,charge_timeseries/cycle-028.csv,,,844514.133161998,852457.3925705109,SOC_UPPER_BOUND_NOT_REACHED,SOC_UPPER_BOUND_NOT_REACHED,False,False,3,charge-efficiency-v1
29,virtual,20-40,20.0,40.0,20.0,40.0,100.0,NEGATIVE_PARTICLE_LITHIUM_DELTA_OVER_FROZEN_Q_REF_V1,4.853168371993805,25,20.0,W10_80_PERCENT_DISCHARGE_WINDOW,14.55,3.0000000000000004,2.9980414617312134,4.85,99.71193128904235,4.853168371993805,25,,,,1.0920496550182746,0.042840027295433625,0.07905570019677843,0.9706336743987606,,,,,0.12142471305899809,0.0,,,7.992566809253681e-06,,,1.9860559714444947e-05,88.8818260175649,100.00079963758462,-3.6585566007829584e-05,-0.0033501742196161725,0.0033501742196161725,SOC_UPPER_BOUND_NOT_REACHED,876010.5490210595,876381.4465462748,370.89752521531216,0.07234801237825521,1.0197016426400194,93.37502538956944,,,,,,,,,,,,,,,,,,,,,,,,,,,,,1,FIRST_UPWARD_CROSSING,charge_timeseries/cycle-029.csv,,,876010.5490210595,883972.4130214206,SOC_UPPER_BOUND_NOT_REACHED,SOC_UPPER_BOUND_NOT_REACHED,False,False,3,charge-efficiency-v1
29,virtual,40-60,40.0,60.0,40.0,60.0,100.0,NEGATIVE_PARTICLE_LITHIUM_DELTA_OVER_FROZEN_Q_REF_V1,4.853168371993805,25,20.0,W10_80_PERCENT_DISCHARGE_WINDOW,14.55,3.0000000000000004,2.9980414617312134,4.85,99.71193128904235,4.853168371993805,25,,,,0.9575246195295161,0.07905570019677843,0.11527137309812326,0.970633674398761,,,,,-0.013161756910581912,0.013161756910581912,,,1.0965737711414892e-05,,,3.712523930741313e-05,101.36905669074976,99.99449601187666,4.6110643180385935e-06,0.0004815609148832393,0.0004815609148832393,SOC_UPPER_BOUND_NOT_REACHED,876381.4465462748,876751.1518361586,369.70528988379795,0.0,0.9575246195295161,100.0,,,,,,,,,,,,,,,,,,,,,,,,,,,,,1,FIRST_UPWARD_CROSSING,charge_timeseries/cycle-029.csv,,,876010.5490210595,883972.4130214206,SOC_UPPER_BOUND_NOT_REACHED,SOC_UPPER_BOUND_NOT_REACHED,False,False,3,charge-efficiency-v1
29,virtual,60-80,60.0,80.0,60.0,80.0,100.0,NEGATIVE_PARTICLE_LITHIUM_DELTA_OVER_FROZEN_Q_REF_V1,4.853168371993805,25,20.0,W10_80_PERCENT_DISCHARGE_WINDOW,14.55,3.0000000000000004,2.9980414617312134,4.85,99.71193128904235,4.853168371993805,25,,,,0.8762803580863604,0.11527137309812326,0.1514870459994681,0.9706336743987617,,,,,-0.09449704148347102,0.09449704148347102,,,3.0260701859027763e-05,,,0.00012723634655503052,110.76748045779003,99.98359826626907,-1.3771877344304073e-05,-0.001571629127278328,0.001571629127278328,SOC_UPPER_BOUND_NOT_REACHED,876751.1518361586,879933.1658559515,3182.014019792846,0.22351041829778706,0.6527699397885733,74.49327532732859,,,,,,,,,,,,,,,,,,,,,,,,,,,,,1,FIRST_UPWARD_CROSSING,charge_timeseries/cycle-029.csv,,,876010.5490210595,883972.4130214206,SOC_UPPER_BOUND_NOT_REACHED,SOC_UPPER_BOUND_NOT_REACHED,False,False,3,charge-efficiency-v1
29,virtual,80-100,80.0,100.0,80.0,,0.0,NEGATIVE_PARTICLE_LITHIUM_DELTA_OVER_FROZEN_Q_REF_V1,4.853168371993805,25,20.0,W10_80_PERCENT_DISCHARGE_WINDOW,14.55,3.0000000000000004,2.9980414617312134,4.85,99.71193128904235,4.853168371993805,25,,,,,,,,,,,,,,,,,,,,,,,,,,,,,,,,,,,,,,,,,,,,,,,,,,,,,,,,,,,,0,FIRST_UPWARD_CROSSING,charge_timeseries/cycle-029.csv,,,876010.5490210595,883972.4130214206,SOC_UPPER_BOUND_NOT_REACHED,SOC_UPPER_BOUND_NOT_REACHED,False,False,3,charge-efficiency-v1
30,virtual,20-40,20.0,40.0,20.0,40.0,100.0,NEGATIVE_PARTICLE_LITHIUM_DELTA_OVER_FROZEN_Q_REF_V1,4.853168371993805,25,20.0,W10_80_PERCENT_DISCHARGE_WINDOW,14.55,3.0000000000000004,2.9980414617312134,4.85,99.71193128904235,4.853168371993805,25,,,,1.0943030092310444,0.04282657831433282,0.07904225121567764,0.9706336743987607,,,,,0.12368821334948508,0.0,,,8.07742615019846e-06,,,1.9671475724652998e-05,88.69880336716018,100.00172516360112,-4.662741907601742e-05,-0.0042609239564078355,0.0042609239564078355,SOC_UPPER_BOUND_NOT_REACHED,907525.5694502353,907899.1571730473,373.5877228119952,0.07169151980862845,1.0226114894224159,93.44865917356789,,,,,,,,,,,,,,,,,,,,,,,,,,,,,1,FIRST_UPWARD_CROSSING,charge_timeseries/cycle-030.csv,,,907525.5694502353,915506.3032936811,SOC_UPPER_BOUND_NOT_REACHED,SOC_UPPER_BOUND_NOT_REACHED,False,False,3,charge-efficiency-v1
30,virtual,40-60,40.0,60.0,40.0,60.0,100.0,NEGATIVE_PARTICLE_LITHIUM_DELTA_OVER_FROZEN_Q_REF_V1,4.853168371993805,25,20.0,W10_80_PERCENT_DISCHARGE_WINDOW,14.55,3.0000000000000004,2.9980414617312134,4.85,99.71193128904235,4.853168371993805,25,,,,0.9570050979688937,0.07904225121567764,0.11525792411702246,0.970633674398761,,,,,-0.013673792857893927,0.013673792857893927,,,1.1040604229591196e-05,,,3.661906330527237e-05,101.42408608468148,99.99527521555292,-2.443239508376216e-06,-0.0002553005740054721,0.0002553005740054721,SOC_UPPER_BOUND_NOT_REACHED,907899.1571730473,908271.1094679293,371.9522948820077,0.0,0.9570050979688937,100.0,,,,,,,,,,,,,,,,,,,,,,,,,,,,,1,FIRST_UPWARD_CROSSING,charge_timeseries/cycle-030.csv,,,907525.5694502353,915506.3032936811,SOC_UPPER_BOUND_NOT_REACHED,SOC_UPPER_BOUND_NOT_REACHED,False,False,3,charge-efficiency-v1
30,virtual,60-80,60.0,80.0,60.0,80.0,100.0,NEGATIVE_PARTICLE_LITHIUM_DELTA_OVER_FROZEN_Q_REF_V1,4.853168371993805,25,20.0,W10_80_PERCENT_DISCHARGE_WINDOW,14.55,3.0000000000000004,2.9980414617312134,4.85,99.71193128904235,4.853168371993805,25,,,,0.8744304122388272,0.11525792411702246,0.15147359701836727,0.9706336743987606,,,,,-0.09627552027715286,0.09627552027715286,,,3.0176787451541287e-05,,,0.0001251065757027353,111.0018202493234,99.99173655030656,-8.302524593473137e-05,-0.009494780233244593,0.009494780233244593,SOC_UPPER_BOUND_NOT_REACHED,908271.1094679293,911464.4335736731,3193.32410574384,0.2234207353375738,0.6510096769012534,74.44956943279868,,,,,,,,,,,,,,,,,,,,,,,,,,,,,1,FIRST_UPWARD_CROSSING,charge_timeseries/cycle-030.csv,,,907525.5694502353,915506.3032936811,SOC_UPPER_BOUND_NOT_REACHED,SOC_UPPER_BOUND_NOT_REACHED,False,False,3,charge-efficiency-v1
30,virtual,80-100,80.0,100.0,80.0,,0.0,NEGATIVE_PARTICLE_LITHIUM_DELTA_OVER_FROZEN_Q_REF_V1,4.853168371993805,25,20.0,W10_80_PERCENT_DISCHARGE_WINDOW,14.55,3.0000000000000004,2.9980414617312134,4.85,99.71193128904235,4.853168371993805,25,,,,,,,,,,,,,,,,,,,,,,,,,,,,,,,,,,,,,,,,,,,,,,,,,,,,,,,,,,,,0,FIRST_UPWARD_CROSSING,charge_timeseries/cycle-030.csv,,,907525.5694502353,915506.3032936811,SOC_UPPER_BOUND_NOT_REACHED,SOC_UPPER_BOUND_NOT_REACHED,False,False,3,charge-efficiency-v1
31,virtual,20-40,20.0,40.0,20.0,40.0,100.0,NEGATIVE_PARTICLE_LITHIUM_DELTA_OVER_FROZEN_Q_REF_V1,4.853168371993805,25,20.0,W10_80_PERCENT_DISCHARGE_WINDOW,14.55,3.0000000000000004,2.9980414617312134,4.85,99.71193128904235,4.853168371993805,25,,,,1.0942909752336218,0.0428133837409977,0.07902905664234253,0.9706336743987611,,,,,0.1236720525519228,0.0,,,7.98509788312203e-06,,,1.9425617094205594e-05,88.6997787943503,100.00134806165782,-4.216243203947201e-05,-0.003852945239767758,0.003852945239767758,SOC_UPPER_BOUND_NOT_REACHED,939059.4598004493,939434.654023896,375.19422344659915,0.07105056214074036,1.0232404130928814,93.50716000142724,,,,,,,,,,,,,,,,,,,,,,,,,,,,,1,FIRST_UPWARD_CROSSING,charge_timeseries/cycle-031.csv,,,939059.4598004493,947058.6771064929,SOC_UPPER_BOUND_NOT_REACHED,SOC_UPPER_BOUND_NOT_REACHED,False,False,3,charge-efficiency-v1
31,virtual,40-60,40.0,60.0,40.0,60.0,100.0,NEGATIVE_PARTICLE_LITHIUM_DELTA_OVER_FROZEN_Q_REF_V1,4.853168371993805,25,20.0,W10_80_PERCENT_DISCHARGE_WINDOW,14.55,3.0000000000000004,2.9980414617312134,4.85,99.71193128904235,4.853168371993805,25,,,,0.9569537802959789,0.07902905664234253,0.11524472954368735,0.970633674398761,,,,,-0.013729852004649004,0.013729852004649004,,,1.0906749309204291e-05,,,3.608989074537633e-05,101.42952506008713,99.99477948643961,2.961261812317595e-06,0.0003094466915007847,0.0003094466915007847,SOC_UPPER_BOUND_NOT_REACHED,939434.654023896,939808.1229293506,373.46890545471615,0.0,0.9569537802959789,100.0,,,,,,,,,,,,,,,,,,,,,,,,,,,,,1,FIRST_UPWARD_CROSSING,charge_timeseries/cycle-031.csv,,,939059.4598004493,947058.6771064929,SOC_UPPER_BOUND_NOT_REACHED,SOC_UPPER_BOUND_NOT_REACHED,False,False,3,charge-efficiency-v1
31,virtual,60-80,60.0,80.0,60.0,80.0,100.0,NEGATIVE_PARTICLE_LITHIUM_DELTA_OVER_FROZEN_Q_REF_V1,4.853168371993805,25,20.0,W10_80_PERCENT_DISCHARGE_WINDOW,14.55,3.0000000000000004,2.9980414617312134,4.85,99.71193128904235,4.853168371993805,25,,,,0.8744160754993241,0.11524472954368735,0.15146040244503217,0.970633674398761,,,,,-0.09628882537803903,0.09628882537803903,,,2.9701940030945912e-05,,,0.00012320736579209124,111.00364021149693,99.99185439511031,-8.168282722087472e-05,-0.00934141417450849,0.00934141417450849,SOC_UPPER_BOUND_NOT_REACHED,939808.1229293506,943013.9046845712,3205.7817552206116,0.22330478639028536,0.6511112891090387,74.46241067071303,,,,,,,,,,,,,,,,,,,,,,,,,,,,,1,FIRST_UPWARD_CROSSING,charge_timeseries/cycle-031.csv,,,939059.4598004493,947058.6771064929,SOC_UPPER_BOUND_NOT_REACHED,SOC_UPPER_BOUND_NOT_REACHED,False,False,3,charge-efficiency-v1
31,virtual,80-100,80.0,100.0,80.0,,0.0,NEGATIVE_PARTICLE_LITHIUM_DELTA_OVER_FROZEN_Q_REF_V1,4.853168371993805,25,20.0,W10_80_PERCENT_DISCHARGE_WINDOW,14.55,3.0000000000000004,2.9980414617312134,4.85,99.71193128904235,4.853168371993805,25,,,,,,,,,,,,,,,,,,,,,,,,,,,,,,,,,,,,,,,,,,,,,,,,,,,,,,,,,,,,0,FIRST_UPWARD_CROSSING,charge_timeseries/cycle-031.csv,,,939059.4598004493,947058.6771064929,SOC_UPPER_BOUND_NOT_REACHED,SOC_UPPER_BOUND_NOT_REACHED,False,False,3,charge-efficiency-v1
32,virtual,20-40,20.0,40.0,20.0,40.0,100.0,NEGATIVE_PARTICLE_LITHIUM_DELTA_OVER_FROZEN_Q_REF_V1,4.853168371993805,25,20.0,W10_80_PERCENT_DISCHARGE_WINDOW,14.55,3.0000000000000004,2.9980414617312134,4.85,99.71193128904235,4.853168371993805,25,,,,1.0936490675279171,0.04280043310479206,0.07901610600613689,0.970633674398761,,,,,0.12303055901387416,0.0,,,7.894216279664794e-06,,,1.9179206786699987e-05,88.7518403497367,100.00138672314257,-4.223930778435303e-05,-0.0038622359803068005,0.0038622359803068005,SOC_UPPER_BOUND_NOT_REACHED,970611.8336091775,970988.422539119,376.58892994158316,0.0704242984871147,1.0232247690408025,93.56061276161451,,,,,,,,,,,,,,,,,,,,,,,,,,,,,1,FIRST_UPWARD_CROSSING,charge_timeseries/cycle-032.csv,,,970611.8336091775,978629.2802975981,SOC_UPPER_BOUND_NOT_REACHED,SOC_UPPER_BOUND_NOT_REACHED,False,False,3,charge-efficiency-v1
32,virtual,40-60,40.0,60.0,40.0,60.0,100.0,NEGATIVE_PARTICLE_LITHIUM_DELTA_OVER_FROZEN_Q_REF_V1,4.853168371993805,25,20.0,W10_80_PERCENT_DISCHARGE_WINDOW,14.55,3.0000000000000004,2.9980414617312134,4.85,99.71193128904235,4.853168371993805,25,,,,0.95703445336735,0.07901610600613689,0.11523177890748171,0.970633674398761,,,,,-0.013659007824452396,0.013659007824452396,,,1.0720613722541624e-05,,,3.557997466829138e-05,101.42097507394449,99.9937529111067,1.3486204650581257e-05,0.0014091660549032173,0.0014091660549032173,SOC_UPPER_BOUND_NOT_REACHED,970988.422539119,971363.1441669287,374.72162780965573,0.0,0.95703445336735,100.0,,,,,,,,,,,,,,,,,,,,,,,,,,,,,1,FIRST_UPWARD_CROSSING,charge_timeseries/cycle-032.csv,,,970611.8336091775,978629.2802975981,SOC_UPPER_BOUND_NOT_REACHED,SOC_UPPER_BOUND_NOT_REACHED,False,False,3,charge-efficiency-v1
32,virtual,60-80,60.0,80.0,60.0,80.0,100.0,NEGATIVE_PARTICLE_LITHIUM_DELTA_OVER_FROZEN_Q_REF_V1,4.853168371993805,25,20.0,W10_80_PERCENT_DISCHARGE_WINDOW,14.55,3.0000000000000004,2.9980414617312134,4.85,99.71193128904235,4.853168371993805,25,,,,0.8748862659937189,0.11523177890748171,0.15144745180882654,0.9706336743987614,,,,,-0.09581728154702346,0.09581728154702346,,,2.9139358554370297e-05,,,0.00012144407148734215,110.94398347838847,99.99201345995509,-8.071028806067027e-05,-0.009225232032759984,0.009225232032759984,SOC_UPPER_BOUND_NOT_REACHED,971363.1441669287,974581.4277498176,3218.2835828888997,0.22318432344564598,0.6517019425480729,74.48990433149075,,,,,,,,,,,,,,,,,,,,,,,,,,,,,1,FIRST_UPWARD_CROSSING,charge_timeseries/cycle-032.csv,,,970611.8336091775,978629.2802975981,SOC_UPPER_BOUND_NOT_REACHED,SOC_UPPER_BOUND_NOT_REACHED,False,False,3,charge-efficiency-v1
32,virtual,80-100,80.0,100.0,80.0,,0.0,NEGATIVE_PARTICLE_LITHIUM_DELTA_OVER_FROZEN_Q_REF_V1,4.853168371993805,25,20.0,W10_80_PERCENT_DISCHARGE_WINDOW,14.55,3.0000000000000004,2.9980414617312134,4.85,99.71193128904235,4.853168371993805,25,,,,,,,,,,,,,,,,,,,,,,,,,,,,,,,,,,,,,,,,,,,,,,,,,,,,,,,,,,,,0,FIRST_UPWARD_CROSSING,charge_timeseries/cycle-032.csv,,,970611.8336091775,978629.2802975981,SOC_UPPER_BOUND_NOT_REACHED,SOC_UPPER_BOUND_NOT_REACHED,False,False,3,charge-efficiency-v1
33,virtual,20-40,20.0,40.0,20.0,40.0,100.0,NEGATIVE_PARTICLE_LITHIUM_DELTA_OVER_FROZEN_Q_REF_V1,4.853168371993805,25,20.0,W10_80_PERCENT_DISCHARGE_WINDOW,14.55,3.0000000000000004,2.9980414617312134,4.85,99.71193128904235,4.853168371993805,25,,,,1.0962143842991683,0.04278775073492959,0.0790034236362744,0.9706336743987606,,,,,0.12559420294155804,0.0,,,7.979550991087363e-06,,,1.9030445080635283e-05,88.54414686588026,100.0012308761264,-4.0503037222139326e-05,-0.0036948098658670424,0.0036948098658670424,SOC_UPPER_BOUND_NOT_REACHED,1002182.4363279518,1002561.8168882545,379.38056030269195,0.06981180905906977,1.0264025752400985,93.6315550991696,,,,,,,,,,,,,,,,,,,,,,,,,,,,,1,FIRST_UPWARD_CROSSING,charge_timeseries/cycle-033.csv,,,1002182.4363279518,1010219.2177893849,SOC_UPPER_BOUND_NOT_REACHED,SOC_UPPER_BOUND_NOT_REACHED,False,False,3,charge-efficiency-v1
33,virtual,40-60,40.0,60.0,40.0,60.0,100.0,NEGATIVE_PARTICLE_LITHIUM_DELTA_OVER_FROZEN_Q_REF_V1,4.853168371993805,25,20.0,W10_80_PERCENT_DISCHARGE_WINDOW,14.55,3.0000000000000004,2.9980414617312134,4.85,99.71193128904235,4.853168371993805,25,,,,0.9564396251491394,0.0790034236362744,0.11521909653761923,0.9706336743987614,,,,,-0.014238022448748916,0.014238022448748916,,,1.083442721335013e-05,,,3.5149842023129985e-05,101.4840507311069,99.9954024072225,-2.011070109553259e-06,-0.00021026628933736087,0.00021026628933736087,SOC_UPPER_BOUND_NOT_REACHED,1002561.8168882545,1002938.912781826,377.09589357145353,0.0,0.9564396251491394,100.0,,,,,,,,,,,,,,,,,,,,,,,,,,,,,1,FIRST_UPWARD_CROSSING,charge_timeseries/cycle-033.csv,,,1002182.4363279518,1010219.2177893849,SOC_UPPER_BOUND_NOT_REACHED,SOC_UPPER_BOUND_NOT_REACHED,False,False,3,charge-efficiency-v1
33,virtual,60-80,60.0,80.0,60.0,80.0,100.0,NEGATIVE_PARTICLE_LITHIUM_DELTA_OVER_FROZEN_Q_REF_V1,4.853168371993805,25,20.0,W10_80_PERCENT_DISCHARGE_WINDOW,14.55,3.0000000000000004,2.9980414617312134,4.85,99.71193128904235,4.853168371993805,25,,,,0.8728923400435682,0.11521909653761923,0.15143476943896406,0.970633674398761,,,,,-0.09782164552179214,0.09782164552179214,,,2.914802535818658e-05,,,0.00011958085337138158,111.19741002084109,99.99079941902167,-6.841771213017545e-05,-0.007838047029575326,0.007838047029575326,SOC_UPPER_BOUND_NOT_REACHED,1002938.912781826,1006168.5274736973,3229.6146918713343,0.22310635936598225,0.649785980677586,74.44056395834033,,,,,,,,,,,,,,,,,,,,,,,,,,,,,1,FIRST_UPWARD_CROSSING,charge_timeseries/cycle-033.csv,,,1002182.4363279518,1010219.2177893849,SOC_UPPER_BOUND_NOT_REACHED,SOC_UPPER_BOUND_NOT_REACHED,False,False,3,charge-efficiency-v1
33,virtual,80-100,80.0,100.0,80.0,,0.0,NEGATIVE_PARTICLE_LITHIUM_DELTA_OVER_FROZEN_Q_REF_V1,4.853168371993805,25,20.0,W10_80_PERCENT_DISCHARGE_WINDOW,14.55,3.0000000000000004,2.9980414617312134,4.85,99.71193128904235,4.853168371993805,25,,,,,,,,,,,,,,,,,,,,,,,,,,,,,,,,,,,,,,,,,,,,,,,,,,,,,,,,,,,,0,FIRST_UPWARD_CROSSING,charge_timeseries/cycle-033.csv,,,1002182.4363279518,1010219.2177893849,SOC_UPPER_BOUND_NOT_REACHED,SOC_UPPER_BOUND_NOT_REACHED,False,False,3,charge-efficiency-v1
34,virtual,20-40,20.0,40.0,20.0,40.0,100.0,NEGATIVE_PARTICLE_LITHIUM_DELTA_OVER_FROZEN_Q_REF_V1,4.853168371993805,25,20.0,W10_80_PERCENT_DISCHARGE_WINDOW,14.55,3.0000000000000004,2.9980414617312134,4.85,99.71193128904235,4.853168371993805,25,,,,1.098725818979631,0.04277525850191571,0.07899093140326052,0.9706336743987607,,,,,0.1280917699202928,0.0,,,8.07925442536557e-06,,,1.8891907047242917e-05,88.3417552979844,99.99996590044842,-2.6596500895204045e-05,-0.002420667689406242,0.002420667689406242,SOC_UPPER_BOUND_NOT_REACHED,1033772.3734913525,1034154.5668999212,382.1934085686593,0.06921245905409251,1.0295133599255384,93.70066145179248,,,,,,,,,,,,,,,,,,,,,,,,,,,,,1,FIRST_UPWARD_CROSSING,charge_timeseries/cycle-034.csv,,,1033772.3734913525,1041828.5065745101,SOC_UPPER_BOUND_NOT_REACHED,SOC_UPPER_BOUND_NOT_REACHED,False,False,3,charge-efficiency-v1
34,virtual,40-60,40.0,60.0,40.0,60.0,100.0,NEGATIVE_PARTICLE_LITHIUM_DELTA_OVER_FROZEN_Q_REF_V1,4.853168371993805,25,20.0,W10_80_PERCENT_DISCHARGE_WINDOW,14.55,3.0000000000000004,2.9980414617312134,4.85,99.71193128904235,4.853168371993805,25,,,,0.9558538854068909,0.07899093140326052,0.11520660430460535,0.970633674398761,,,,,-0.014809550944173161,0.014809550944173161,,,1.094271156926608e-05,,,3.4743228066576315e-05,101.54623935912325,99.99688634918398,-1.5923987332966405e-05,-0.0016659436736178388,0.0016659436736178388,SOC_UPPER_BOUND_NOT_REACHED,1034154.5668999212,1034533.9867587677,379.41985884659283,0.0,0.9558538854068909,100.0,,,,,,,,,,,,,,,,,,,,,,,,,,,,,1,FIRST_UPWARD_CROSSING,charge_timeseries/cycle-034.csv,,,1033772.3734913525,1041828.5065745101,SOC_UPPER_BOUND_NOT_REACHED,SOC_UPPER_BOUND_NOT_REACHED,False,False,3,charge-efficiency-v1
34,virtual,60-80,60.0,80.0,60.0,80.0,100.0,NEGATIVE_PARTICLE_LITHIUM_DELTA_OVER_FROZEN_Q_REF_V1,4.853168371993805,25,20.0,W10_80_PERCENT_DISCHARGE_WINDOW,14.55,3.0000000000000004,2.9980414617312134,4.85,99.71193128904235,4.853168371993805,25,,,,0.8709867119972163,0.11520660430460535,0.1514222772059502,0.9706336743987617,,,,,-0.09976947789514642,0.09976947789514642,,,2.9149513154573536e-05,,,0.0001178113520765578,111.44069835153397,99.98593371266018,-2.444537163004412e-05,-0.0028066296871498368,0.0028066296871498368,SOC_UPPER_BOUND_NOT_REACHED,1034533.9867587677,1037774.8525000284,3240.865741260664,0.22302925668676038,0.6479574553104559,74.39349491620335,,,,,,,,,,,,,,,,,,,,,,,,,,,,,1,FIRST_UPWARD_CROSSING,charge_timeseries/cycle-034.csv,,,1033772.3734913525,1041828.5065745101,SOC_UPPER_BOUND_NOT_REACHED,SOC_UPPER_BOUND_NOT_REACHED,False,False,3,charge-efficiency-v1
34,virtual,80-100,80.0,100.0,80.0,,0.0,NEGATIVE_PARTICLE_LITHIUM_DELTA_OVER_FROZEN_Q_REF_V1,4.853168371993805,25,20.0,W10_80_PERCENT_DISCHARGE_WINDOW,14.55,3.0000000000000004,2.9980414617312134,4.85,99.71193128904235,4.853168371993805,25,,,,,,,,,,,,,,,,,,,,,,,,,,,,,,,,,,,,,,,,,,,,,,,,,,,,,,,,,,,,0,FIRST_UPWARD_CROSSING,charge_timeseries/cycle-034.csv,,,1033772.3734913525,1041828.5065745101,SOC_UPPER_BOUND_NOT_REACHED,SOC_UPPER_BOUND_NOT_REACHED,False,False,3,charge-efficiency-v1
35,virtual,20-40,20.0,40.0,20.0,40.0,100.0,NEGATIVE_PARTICLE_LITHIUM_DELTA_OVER_FROZEN_Q_REF_V1,4.853168371993805,25,20.0,W10_80_PERCENT_DISCHARGE_WINDOW,14.55,3.0000000000000004,2.9980414617312134,4.85,99.71193128904235,4.853168371993805,25,,,,1.0986250276277907,0.04276297686427404,0.07897864976561887,0.9706336743987611,,,,,0.12801093004789338,0.0,,,8.007538138100033e-06,,,1.8689315908371196e-05,88.34986005139577,100.00178193818377,-4.627367291032414e-05,-0.004211962384494435,0.004211962384494435,SOC_UPPER_BOUND_NOT_REACHED,1065381.6623235017,1065765.4567725032,383.7944490016562,0.06862608546943813,1.0299989421583526,93.7534569353823,,,,,,,,,,,,,,,,,,,,,,,,,,,,,1,FIRST_UPWARD_CROSSING,charge_timeseries/cycle-035.csv,,,1065381.6623235017,1073456.4152126457,SOC_UPPER_BOUND_NOT_REACHED,SOC_UPPER_BOUND_NOT_REACHED,False,False,3,charge-efficiency-v1
35,virtual,40-60,40.0,60.0,40.0,60.0,100.0,NEGATIVE_PARTICLE_LITHIUM_DELTA_OVER_FROZEN_Q_REF_V1,4.853168371993805,25,20.0,W10_80_PERCENT_DISCHARGE_WINDOW,14.55,3.0000000000000004,2.9980414617312134,4.85,99.71193128904235,4.853168371993805,25,,,,0.9558348866993197,0.07897864976561887,0.11519432266696368,0.9706336743987606,,,,,-0.01485438280776824,0.01485438280776824,,,1.0822524908669657e-05,,,3.430388300364878e-05,101.54825774884027,99.99418360753505,1.0468700414989485e-05,0.001095241506735531,0.001095241506735531,SOC_UPPER_BOUND_NOT_REACHED,1065765.4567725032,1066146.3667089236,380.9099364201845,0.0,0.9558348866993197,100.0,,,,,,,,,,,,,,,,,,,,,,,,,,,,,1,FIRST_UPWARD_CROSSING,charge_timeseries/cycle-035.csv,,,1065381.6623235017,1073456.4152126457,SOC_UPPER_BOUND_NOT_REACHED,SOC_UPPER_BOUND_NOT_REACHED,False,False,3,charge-efficiency-v1
35,virtual,60-80,60.0,80.0,60.0,80.0,100.0,NEGATIVE_PARTICLE_LITHIUM_DELTA_OVER_FROZEN_Q_REF_V1,4.853168371993805,25,20.0,W10_80_PERCENT_DISCHARGE_WINDOW,14.55,3.0000000000000004,2.9980414617312134,4.85,99.71193128904235,4.853168371993805,25,,,,0.8709744448639103,0.11519432266696368,0.15140999556830853,0.9706336743987617,,,,,-0.09972719517845119,0.09972719517845119,,,2.8730662283857778e-05,,,0.0001162490386047016,111.44226792445365,99.99219659727096,-7.70140572887712e-05,-0.008842286675908688,0.008842286675908688,SOC_UPPER_BOUND_NOT_REACHED,1066146.3667089236,1069399.531396157,3253.1646872335277,0.2229242772847918,0.6480501675791185,74.4051873623429,,,,,,,,,,,,,,,,,,,,,,,,,,,,,1,FIRST_UPWARD_CROSSING,charge_timeseries/cycle-035.csv,,,1065381.6623235017,1073456.4152126457,SOC_UPPER_BOUND_NOT_REACHED,SOC_UPPER_BOUND_NOT_REACHED,False,False,3,charge-efficiency-v1
35,virtual,80-100,80.0,100.0,80.0,,0.0,NEGATIVE_PARTICLE_LITHIUM_DELTA_OVER_FROZEN_Q_REF_V1,4.853168371993805,25,20.0,W10_80_PERCENT_DISCHARGE_WINDOW,14.55,3.0000000000000004,2.9980414617312134,4.85,99.71193128904235,4.853168371993805,25,,,,,,,,,,,,,,,,,,,,,,,,,,,,,,,,,,,,,,,,,,,,,,,,,,,,,,,,,,,,0,FIRST_UPWARD_CROSSING,charge_timeseries/cycle-035.csv,,,1065381.6623235017,1073456.4152126457,SOC_UPPER_BOUND_NOT_REACHED,SOC_UPPER_BOUND_NOT_REACHED,False,False,3,charge-efficiency-v1
36,virtual,20-40,20.0,40.0,20.0,40.0,100.0,NEGATIVE_PARTICLE_LITHIUM_DELTA_OVER_FROZEN_Q_REF_V1,4.853168371993805,25,20.0,W10_80_PERCENT_DISCHARGE_WINDOW,14.55,3.0000000000000004,2.9980414617312134,4.85,99.71193128904235,4.853168371993805,25,,,,0.9798691096747925,0.04275089129642897,0.0789665641977738,0.9706336743987611,,,,,0.009228363280494565,0.0,,,4.2351649950974485e-06,,,1.565346669084311e-05,99.05748276123364,99.99927827140718,-1.2816636149270977e-05,-0.001307994713041283,0.001307994713041283,SOC_UPPER_BOUND_NOT_REACHED,1097009.5705490096,1097350.116960109,340.54641109943964,0.06805160991591627,0.9118174997588762,93.0550305909223,,,,,,,,,,,,,,,,,,,,,,,,,,,,,1,FIRST_UPWARD_CROSSING,charge_timeseries/cycle-036.csv,,,1097009.5705490096,1105074.0370613453,SOC_UPPER_BOUND_NOT_REACHED,SOC_UPPER_BOUND_NOT_REACHED,False,False,3,charge-efficiency-v1
36,virtual,40-60,40.0,60.0,40.0,60.0,100.0,NEGATIVE_PARTICLE_LITHIUM_DELTA_OVER_FROZEN_Q_REF_V1,4.853168371993805,25,20.0,W10_80_PERCENT_DISCHARGE_WINDOW,14.55,3.0000000000000004,2.9980414617312134,4.85,99.71193128904235,4.853168371993805,25,,,,0.9764668080448604,0.0789665641977738,0.11518223709911861,0.9706336743987606,,,,,0.005783520369578035,0.0,,,1.0605118266927838e-06,,,3.193380581963806e-05,99.40262857907283,99.99491910261435,1.6618958875391776e-05,0.0017019481602930508,0.0017019481602930508,SOC_UPPER_BOUND_NOT_REACHED,1097350.116960109,1097692.9289762718,342.8120161627555,0.0,0.9764668080448604,100.0,,,,,,,,,,,,,,,,,,,,,,,,,,,,,1,FIRST_UPWARD_CROSSING,charge_timeseries/cycle-036.csv,,,1097009.5705490096,1105074.0370613453,SOC_UPPER_BOUND_NOT_REACHED,SOC_UPPER_BOUND_NOT_REACHED,False,False,3,charge-efficiency-v1
36,virtual,60-80,60.0,80.0,60.0,80.0,100.0,NEGATIVE_PARTICLE_LITHIUM_DELTA_OVER_FROZEN_Q_REF_V1,4.853168371993805,25,20.0,W10_80_PERCENT_DISCHARGE_WINDOW,14.55,3.0000000000000004,2.9980414617312134,4.85,99.71193128904235,4.853168371993805,25,,,,0.9662236942345791,0.11518223709911861,0.15139791000046346,0.9706336743987617,,,,,-0.004539793989707967,0.004539793989707967,,,7.455653815839538e-06,,,0.00012159049596249805,100.45641399507142,99.98656482693397,7.676757469710083e-07,7.945114071945254e-05,7.945114071945254e-05,SOC_UPPER_BOUND_NOT_REACHED,1097692.9289762718,1101004.5165675536,3311.587591281722,0.22136378803060294,0.7448599062039761,77.0897992513046,,,,,,,,,,,,,,,,,,,,,,,,,,,,,1,FIRST_UPWARD_CROSSING,charge_timeseries/cycle-036.csv,,,1097009.5705490096,1105074.0370613453,SOC_UPPER_BOUND_NOT_REACHED,SOC_UPPER_BOUND_NOT_REACHED,False,False,3,charge-efficiency-v1
36,virtual,80-100,80.0,100.0,80.0,,0.0,NEGATIVE_PARTICLE_LITHIUM_DELTA_OVER_FROZEN_Q_REF_V1,4.853168371993805,25,20.0,W10_80_PERCENT_DISCHARGE_WINDOW,14.55,3.0000000000000004,2.9980414617312134,4.85,99.71193128904235,4.853168371993805,25,,,,,,,,,,,,,,,,,,,,,,,,,,,,,,,,,,,,,,,,,,,,,,,,,,,,,,,,,,,,0,FIRST_UPWARD_CROSSING,charge_timeseries/cycle-036.csv,,,1097009.5705490096,1105074.0370613453,SOC_UPPER_BOUND_NOT_REACHED,SOC_UPPER_BOUND_NOT_REACHED,False,False,3,charge-efficiency-v1
37,virtual,20-40,20.0,40.0,20.0,40.0,100.0,NEGATIVE_PARTICLE_LITHIUM_DELTA_OVER_FROZEN_Q_REF_V1,4.853168371993805,25,20.0,W10_80_PERCENT_DISCHARGE_WINDOW,14.55,3.0000000000000004,2.9980414617312134,4.85,99.71193128904235,4.853168371993805,25,,,,1.1013833046005368,0.0427394107465349,0.07895508364787972,0.9706336743987607,,,,,0.13076817240402944,0.0,,,8.081369506614602e-06,,,1.8393633190651182e-05,88.12859885785196,100.00168353761819,-4.501720495064809e-05,-0.004087333153009386,0.004087333153009386,SOC_UPPER_BOUND_NOT_REACHED,1128627.1923980063,1129015.617248502,388.42485049573526,0.06748746003412838,1.0338958445664084,93.87248201854615,,,,,,,,,,,,,,,,,,,,,,,,,,,,,1,FIRST_UPWARD_CROSSING,charge_timeseries/cycle-037.csv,,,1128627.1923980063,1136739.6257275722,SOC_UPPER_BOUND_NOT_REACHED,SOC_UPPER_BOUND_NOT_REACHED,False,False,3,charge-efficiency-v1
37,virtual,40-60,40.0,60.0,40.0,60.0,100.0,NEGATIVE_PARTICLE_LITHIUM_DELTA_OVER_FROZEN_Q_REF_V1,4.853168371993805,25,20.0,W10_80_PERCENT_DISCHARGE_WINDOW,14.55,3.0000000000000004,2.9980414617312134,4.85,99.71193128904235,4.853168371993805,25,,,,0.9551421673559503,0.07895508364787972,0.11517075654922454,0.970633674398761,,,,,-0.015548025222727607,0.015548025222727607,,,1.0851214768390662e-05,,,3.353863831921655e-05,101.62190588713037,99.99408274685713,1.2128326829174974e-05,0.001269792837515375,0.001269792837515375,SOC_UPPER_BOUND_NOT_REACHED,1129015.617248502,1129400.4223490572,384.80510055509905,0.0,0.9551421673559503,100.0,,,,,,,,,,,,,,,,,,,,,,,,,,,,,1,FIRST_UPWARD_CROSSING,charge_timeseries/cycle-037.csv,,,1128627.1923980063,1136739.6257275722,SOC_UPPER_BOUND_NOT_REACHED,SOC_UPPER_BOUND_NOT_REACHED,False,False,3,charge-efficiency-v1
37,virtual,60-80,60.0,80.0,60.0,80.0,100.0,NEGATIVE_PARTICLE_LITHIUM_DELTA_OVER_FROZEN_Q_REF_V1,4.853168371993805,25,20.0,W10_80_PERCENT_DISCHARGE_WINDOW,14.55,3.0000000000000004,2.9980414617312134,4.85,99.71193128904235,4.853168371993805,25,,,,0.8688160572982294,0.11517075654922454,0.15138642945056938,0.9706336743987614,,,,,-0.10188437935296184,0.10188437935296184,,,2.8408431509452468e-05,,,0.00011317026886915882,111.71912239020486,99.99231572070185,-7.481644794871123e-05,-0.008611310451762262,0.008611310451762262,SOC_UPPER_BOUND_NOT_REACHED,1129400.4223490572,1132676.281650312,3275.8593012548995,0.2227447593937751,0.6460712979044543,74.3622648864884,,,,,,,,,,,,,,,,,,,,,,,,,,,,,1,FIRST_UPWARD_CROSSING,charge_timeseries/cycle-037.csv,,,1128627.1923980063,1136739.6257275722,SOC_UPPER_BOUND_NOT_REACHED,SOC_UPPER_BOUND_NOT_REACHED,False,False,3,charge-efficiency-v1
37,virtual,80-100,80.0,100.0,80.0,,0.0,NEGATIVE_PARTICLE_LITHIUM_DELTA_OVER_FROZEN_Q_REF_V1,4.853168371993805,25,20.0,W10_80_PERCENT_DISCHARGE_WINDOW,14.55,3.0000000000000004,2.9980414617312134,4.85,99.71193128904235,4.853168371993805,25,,,,,,,,,,,,,,,,,,,,,,,,,,,,,,,,,,,,,,,,,,,,,,,,,,,,,,,,,,,,0,FIRST_UPWARD_CROSSING,charge_timeseries/cycle-037.csv,,,1128627.1923980063,1136739.6257275722,SOC_UPPER_BOUND_NOT_REACHED,SOC_UPPER_BOUND_NOT_REACHED,False,False,3,charge-efficiency-v1
38,virtual,20-40,20.0,40.0,20.0,40.0,100.0,NEGATIVE_PARTICLE_LITHIUM_DELTA_OVER_FROZEN_Q_REF_V1,4.853168371993805,25,20.0,W10_80_PERCENT_DISCHARGE_WINDOW,14.55,3.0000000000000004,2.9980414617312134,4.85,99.71193128904235,4.853168371993805,25,,,,1.1022226052731676,0.04272830669308645,0.07894397959443127,0.9706336743987607,,,,,0.13160334013642605,0.0,,,8.071771991007698e-06,,,1.824115224757089e-05,88.06149227525644,100.00130729146274,-4.07221862577245e-05,-0.0036945519047517795,0.0036945519047517795,SOC_UPPER_BOUND_NOT_REACHED,1160292.7804175732,1160683.2471093528,390.4666917797179,0.06693546124221911,1.0352871440309486,93.92722840903538,,,,,,,,,,,,,,,,,,,,,,,,,,,,,1,FIRST_UPWARD_CROSSING,charge_timeseries/cycle-038.csv,,,1160292.7804175732,1168424.2538514372,SOC_UPPER_BOUND_NOT_REACHED,SOC_UPPER_BOUND_NOT_REACHED,False,False,3,charge-efficiency-v1
38,virtual,40-60,40.0,60.0,40.0,60.0,100.0,NEGATIVE_PARTICLE_LITHIUM_DELTA_OVER_FROZEN_Q_REF_V1,4.853168371993805,25,20.0,W10_80_PERCENT_DISCHARGE_WINDOW,14.55,3.0000000000000004,2.9980414617312134,4.85,99.71193128904235,4.853168371993805,25,,,,0.9548934371129271,0.07894397959443127,0.11515965249577609,0.970633674398761,,,,,-0.015784939406290985,0.015784939406290985,,,1.0822681109922978e-05,,,3.316916099539713e-05,101.64837631866271,99.99531862732326,7.10278351689908e-07,7.438299647732415e-05,7.438299647732415e-05,SOC_UPPER_BOUND_NOT_REACHED,1160683.2471093528,1161069.8371282625,386.5900189095931,0.0,0.9548934371129271,100.0,,,,,,,,,,,,,,,,,,,,,,,,,,,,,1,FIRST_UPWARD_CROSSING,charge_timeseries/cycle-038.csv,,,1160292.7804175732,1168424.2538514372,SOC_UPPER_BOUND_NOT_REACHED,SOC_UPPER_BOUND_NOT_REACHED,False,False,3,charge-efficiency-v1
38,virtual,60-80,60.0,80.0,60.0,80.0,100.0,NEGATIVE_PARTICLE_LITHIUM_DELTA_OVER_FROZEN_Q_REF_V1,4.853168371993805,25,20.0,W10_80_PERCENT_DISCHARGE_WINDOW,14.55,3.0000000000000004,2.9980414617312134,4.85,99.71193128904235,4.853168371993805,25,,,,0.8681573091685845,0.11515965249577609,0.15137532539712092,0.9706336743987614,,,,,-0.10254265368998802,0.10254265368998802,,,2.8175444111524107e-05,,,0.00011175799094723105,111.80389362019152,99.99236446446847,-7.364497524753322e-05,-0.008482906780806975,0.008482906780806975,SOC_UPPER_BOUND_NOT_REACHED,1161069.8371282625,1164357.6134266283,3287.7762983657913,0.2226736097642417,0.6454836994043428,74.35100673431047,,,,,,,,,,,,,,,,,,,,,,,,,,,,,1,FIRST_UPWARD_CROSSING,charge_timeseries/cycle-038.csv,,,1160292.7804175732,1168424.2538514372,SOC_UPPER_BOUND_NOT_REACHED,SOC_UPPER_BOUND_NOT_REACHED,False,False,3,charge-efficiency-v1
38,virtual,80-100,80.0,100.0,80.0,,0.0,NEGATIVE_PARTICLE_LITHIUM_DELTA_OVER_FROZEN_Q_REF_V1,4.853168371993805,25,20.0,W10_80_PERCENT_DISCHARGE_WINDOW,14.55,3.0000000000000004,2.9980414617312134,4.85,99.71193128904235,4.853168371993805,25,,,,,,,,,,,,,,,,,,,,,,,,,,,,,,,,,,,,,,,,,,,,,,,,,,,,,,,,,,,,0,FIRST_UPWARD_CROSSING,charge_timeseries/cycle-038.csv,,,1160292.7804175732,1168424.2538514372,SOC_UPPER_BOUND_NOT_REACHED,SOC_UPPER_BOUND_NOT_REACHED,False,False,3,charge-efficiency-v1
39,virtual,20-40,20.0,40.0,20.0,40.0,100.0,NEGATIVE_PARTICLE_LITHIUM_DELTA_OVER_FROZEN_Q_REF_V1,4.853168371993805,25,20.0,W10_80_PERCENT_DISCHARGE_WINDOW,14.55,3.0000000000000004,2.9980414617312134,4.85,99.71193128904235,4.853168371993805,25,,,,1.1036533133794233,0.04271674784713582,0.07893242074848064,0.970633674398761,,,,,0.13302570806497632,0.0,,,8.111247996982207e-06,,,1.8113083365731142e-05,87.94733478637855,100.00054990858456,-3.229341567667632e-05,-0.002926047091526668,0.002926047091526668,SOC_UPPER_BOUND_NOT_REACHED,1191977.4076907216,1192370.2243053261,392.8166146044525,0.06639388657435974,1.0372594268050634,93.98417186180872,,,,,,,,,,,,,,,,,,,,,,,,,,,,,1,FIRST_UPWARD_CROSSING,charge_timeseries/cycle-039.csv,,,1191977.4076907216,1200128.0303936051,SOC_UPPER_BOUND_NOT_REACHED,SOC_UPPER_BOUND_NOT_REACHED,False,False,3,charge-efficiency-v1
39,virtual,40-60,40.0,60.0,40.0,60.0,100.0,NEGATIVE_PARTICLE_LITHIUM_DELTA_OVER_FROZEN_Q_REF_V1,4.853168371993805,25,20.0,W10_80_PERCENT_DISCHARGE_WINDOW,14.55,3.0000000000000004,2.9980414617312134,4.85,99.71193128904235,4.853168371993805,25,,,,0.9545418751339305,0.07893242074848064,0.11514809364982546,0.970633674398761,,,,,-0.01614767493107333,0.01614767493107333,,,1.0847625550707181e-05,,,3.282727354352033e-05,101.68581386359531,99.99414633682416,1.2200767148584646e-05,0.0012781803990393583,0.0012781803990393583,SOC_UPPER_BOUND_NOT_REACHED,1192370.2243053261,1192758.7937249173,388.56941959136896,0.0,0.9545418751339305,100.0,,,,,,,,,,,,,,,,,,,,,,,,,,,,,1,FIRST_UPWARD_CROSSING,charge_timeseries/cycle-039.csv,,,1191977.4076907216,1200128.0303936051,SOC_UPPER_BOUND_NOT_REACHED,SOC_UPPER_BOUND_NOT_REACHED,False,False,3,charge-efficiency-v1
39,virtual,60-80,60.0,80.0,60.0,80.0,100.0,NEGATIVE_PARTICLE_LITHIUM_DELTA_OVER_FROZEN_Q_REF_V1,4.853168371993805,25,20.0,W10_80_PERCENT_DISCHARGE_WINDOW,14.55,3.0000000000000004,2.9980414617312134,4.85,99.71193128904235,4.853168371993805,25,,,,0.8670504291141559,0.11514809364982546,0.1513637665511703,0.970633674398761,,,,,-0.10364851456613414,0.10364851456613414,,,2.804351703267205e-05,,,0.00011037265050457129,111.9466229190883,99.99247226235784,-7.314688600834618e-05,-0.008436289695753748,0.008436289695753748,SOC_UPPER_BOUND_NOT_REACHED,1192758.7937249173,1196058.0729750001,3299.279250082636,0.2225951791326955,0.6444552499814603,74.32730880946387,,,,,,,,,,,,,,,,,,,,,,,,,,,,,1,FIRST_UPWARD_CROSSING,charge_timeseries/cycle-039.csv,,,1191977.4076907216,1200128.0303936051,SOC_UPPER_BOUND_NOT_REACHED,SOC_UPPER_BOUND_NOT_REACHED,False,False,3,charge-efficiency-v1
39,virtual,80-100,80.0,100.0,80.0,,0.0,NEGATIVE_PARTICLE_LITHIUM_DELTA_OVER_FROZEN_Q_REF_V1,4.853168371993805,25,20.0,W10_80_PERCENT_DISCHARGE_WINDOW,14.55,3.0000000000000004,2.9980414617312134,4.85,99.71193128904235,4.853168371993805,25,,,,,,,,,,,,,,,,,,,,,,,,,,,,,,,,,,,,,,,,,,,,,,,,,,,,,,,,,,,,0,FIRST_UPWARD_CROSSING,charge_timeseries/cycle-039.csv,,,1191977.4076907216,1200128.0303936051,SOC_UPPER_BOUND_NOT_REACHED,SOC_UPPER_BOUND_NOT_REACHED,False,False,3,charge-efficiency-v1
40,virtual,20-40,20.0,40.0,20.0,40.0,100.0,NEGATIVE_PARTICLE_LITHIUM_DELTA_OVER_FROZEN_Q_REF_V1,4.853168371993805,25,20.0,W10_80_PERCENT_DISCHARGE_WINDOW,14.55,3.0000000000000004,2.9980414617312134,4.85,99.71193128904235,4.853168371993805,25,,,,1.1054018983118898,0.04270532818544127,0.0789210010867861,0.9706336743987611,,,,,0.1347810244872841,0.0,,,8.181520952288152e-06,,,1.8001519972860036e-05,87.80821490184344,100.00115800182493,-3.8983615080478984e-05,-0.00352664629398707,0.00352664629398707,SOC_UPPER_BOUND_NOT_REACHED,1223681.183446769,1224076.5381053311,395.3546585621987,0.06586241526316337,1.0395394830487266,94.04176749074297,,,,,,,,,,,,,,,,,,,,,,,,,,,,,1,FIRST_UPWARD_CROSSING,charge_timeseries/cycle-040.csv,,,1223681.183446769,1231851.1515246937,SOC_UPPER_BOUND_NOT_REACHED,SOC_UPPER_BOUND_NOT_REACHED,False,False,3,charge-efficiency-v1
40,virtual,40-60,40.0,60.0,40.0,60.0,100.0,NEGATIVE_PARTICLE_LITHIUM_DELTA_OVER_FROZEN_Q_REF_V1,4.853168371993805,25,20.0,W10_80_PERCENT_DISCHARGE_WINDOW,14.55,3.0000000000000004,2.9980414617312134,4.85,99.71193128904235,4.853168371993805,25,,,,0.9541020153425424,0.0789210010867861,0.11513667398813092,0.970633674398761,,,,,-0.01658373052473762,0.01658373052473762,,,1.0903084294788205e-05,,,3.250532246276e-05,101.73269302342722,99.99454235839757,8.663061761393642e-06,0.000907980658471141,0.000907980658471141,SOC_UPPER_BOUND_NOT_REACHED,1224076.5381053311,1224467.1976724304,390.65956709937615,0.0,0.9541020153425424,100.0,,,,,,,,,,,,,,,,,,,,,,,,,,,,,1,FIRST_UPWARD_CROSSING,charge_timeseries/cycle-040.csv,,,1223681.183446769,1231851.1515246937,SOC_UPPER_BOUND_NOT_REACHED,SOC_UPPER_BOUND_NOT_REACHED,False,False,3,charge-efficiency-v1
40,virtual,60-80,60.0,80.0,60.0,80.0,100.0,NEGATIVE_PARTICLE_LITHIUM_DELTA_OVER_FROZEN_Q_REF_V1,4.853168371993805,25,20.0,W10_80_PERCENT_DISCHARGE_WINDOW,14.55,3.0000000000000004,2.9980414617312134,4.85,99.71193128904235,4.853168371993805,25,,,,0.8656915234073849,0.11513667398813092,0.15135234688947571,0.9706336743987602,,,,,-0.1050065977184358,0.1050065977184358,,,2.796948027910997e-05,,,0.00010902578341789176,112.12234937663712,99.99255546285046,-7.254853663651861e-05,-0.008380414347938356,0.008380414347938356,SOC_UPPER_BOUND_NOT_REACHED,1224467.1976724304,1227777.7983456403,3310.6006732098863,0.22252151519602023,0.6431700082113646,74.29551876398538,,,,,,,,,,,,,,,,,,,,,,,,,,,,,1,FIRST_UPWARD_CROSSING,charge_timeseries/cycle-040.csv,,,1223681.183446769,1231851.1515246937,SOC_UPPER_BOUND_NOT_REACHED,SOC_UPPER_BOUND_NOT_REACHED,False,False,3,charge-efficiency-v1
40,virtual,80-100,80.0,100.0,80.0,,0.0,NEGATIVE_PARTICLE_LITHIUM_DELTA_OVER_FROZEN_Q_REF_V1,4.853168371993805,25,20.0,W10_80_PERCENT_DISCHARGE_WINDOW,14.55,3.0000000000000004,2.9980414617312134,4.85,99.71193128904235,4.853168371993805,25,,,,,,,,,,,,,,,,,,,,,,,,,,,,,,,,,,,,,,,,,,,,,,,,,,,,,,,,,,,,0,FIRST_UPWARD_CROSSING,charge_timeseries/cycle-040.csv,,,1223681.183446769,1231851.1515246937,SOC_UPPER_BOUND_NOT_REACHED,SOC_UPPER_BOUND_NOT_REACHED,False,False,3,charge-efficiency-v1
41,virtual,20-40,20.0,40.0,20.0,40.0,100.0,NEGATIVE_PARTICLE_LITHIUM_DELTA_OVER_FROZEN_Q_REF_V1,4.853168371993805,25,20.0,W10_80_PERCENT_DISCHARGE_WINDOW,14.55,3.0000000000000004,2.9980414617312134,4.85,99.71193128904235,4.853168371993805,25,,,,0.9895085983083309,0.04269407871767432,0.07890975161901914,0.970633674398761,,,,,0.01886738827690673,0.0,,,5.367594817955786e-06,,,1.5117576231696295e-05,98.09249521006299,99.99923844697499,-1.2949538386486381e-05,-0.0013086837657221959,0.0013086837657221959,PREEXISTING_PLATED_LITHIUM_RELEASED,1255404.3041546205,1255757.4354962897,353.1313416692994,0.06534067584902956,0.9241679224593013,93.39665406033497,,,,,,,,,,,,,,,,,,,,,,,,,,,,,1,FIRST_UPWARD_CROSSING,charge_timeseries/cycle-041.csv,,,1255404.3041546205,1263863.8880718348,PREEXISTING_PLATED_LITHIUM_RELEASED,PREEXISTING_PLATED_LITHIUM_RELEASED,True,True,3,charge-efficiency-v1
41,virtual,40-60,40.0,60.0,40.0,60.0,100.0,NEGATIVE_PARTICLE_LITHIUM_DELTA_OVER_FROZEN_Q_REF_V1,4.853168371993805,25,20.0,W10_80_PERCENT_DISCHARGE_WINDOW,14.55,3.0000000000000004,2.9980414617312134,4.85,99.71193128904235,4.853168371993805,25,,,,0.8431903777904225,0.07890975161901914,0.11512542452036396,0.970633674398761,,,,,-0.12748666778288367,0.12748666778288367,,,-5.087654863006243e-06,,,2.4907893781518642e-05,115.11441543513617,99.99485630105757,2.355093562655952e-05,0.002793074523487171,0.002793074523487171,PREEXISTING_PLATED_LITHIUM_RELEASED,1255757.4354962897,1256020.8966043484,263.46110805867755,0.0,0.8431903777904225,100.0,,,,,,,,,,,,,,,,,,,,,,,,,,,,,1,FIRST_UPWARD_CROSSING,charge_timeseries/cycle-041.csv,,,1255404.3041546205,1263863.8880718348,PREEXISTING_PLATED_LITHIUM_RELEASED,PREEXISTING_PLATED_LITHIUM_RELEASED,True,True,3,charge-efficiency-v1
41,virtual,60-80,60.0,80.0,60.0,80.0,100.0,NEGATIVE_PARTICLE_LITHIUM_DELTA_OVER_FROZEN_Q_REF_V1,4.853168371993805,25,20.0,W10_80_PERCENT_DISCHARGE_WINDOW,14.55,3.0000000000000004,2.9980414617312134,4.85,99.71193128904235,4.853168371993805,25,,,,0.9911408849997647,0.11512542452036396,0.15134109742170876,0.9706336743987602,,,,,0.020533922625288553,0.0,,,-6.759145735212848e-05,,,0.0001204305217920032,97.93094897896283,100.00269507843822,-7.955108872392813e-05,-0.008026214025460873,0.008026214025460873,PREEXISTING_PLATED_LITHIUM_RELEASED,1256020.8966043484,1259290.649121991,3269.752517642335,0.12458620740450427,0.8665546775952605,87.43002036440724,,,,,,,,,,,,,,,,,,,,,,,,,,,,,1,FIRST_UPWARD_CROSSING,charge_timeseries/cycle-041.csv,,,1255404.3041546205,1263863.8880718348,PREEXISTING_PLATED_LITHIUM_RELEASED,PREEXISTING_PLATED_LITHIUM_RELEASED,True,True,3,charge-efficiency-v1
41,virtual,80-100,80.0,100.0,80.0,100.0,100.0,NEGATIVE_PARTICLE_LITHIUM_DELTA_OVER_FROZEN_Q_REF_V1,4.853168371993805,25,20.0,W10_80_PERCENT_DISCHARGE_WINDOW,14.55,3.0000000000000004,2.9980414617312134,4.85,99.71193128904235,4.853168371993805,25,,,,0.9995815033041712,0.15134109742170876,0.18755677032305362,0.9706336743987621,,,,,0.02897390402377316,0.0,,,-5.009055748598579e-05,,,7.112606410883404e-05,97.10400514518122,100.00260860352837,-4.7110624987078964e-05,-0.004713034888235949,0.004713034888235949,PREEXISTING_PLATED_LITHIUM_RELEASED,1259290.649121991,1262572.6219842925,3281.972862301656,0.8490321026434645,0.15054940066070666,15.061243146562576,,,,,,,,,,,,,,,,,,,,,,,,,,,,,1,FIRST_UPWARD_CROSSING,charge_timeseries/cycle-041.csv,,,1255404.3041546205,1263863.8880718348,PREEXISTING_PLATED_LITHIUM_RELEASED,PREEXISTING_PLATED_LITHIUM_RELEASED,True,True,3,charge-efficiency-v1
42,virtual,20-40,20.0,40.0,20.0,40.0,100.0,NEGATIVE_PARTICLE_LITHIUM_DELTA_OVER_FROZEN_Q_REF_V1,4.853168371993805,25,20.0,W10_80_PERCENT_DISCHARGE_WINDOW,14.55,3.0000000000000004,2.9980414617312134,4.85,99.71193128904235,4.853168371993805,25,,,,1.1040990973693636,0.04443932476512873,0.08065499766647356,0.9706336743987614,,,,,0.13347508227942936,0.0,,,3.5807728412020484e-06,,,1.7110526527398806e-05,87.9118257329801,100.00087485886458,-3.035060819556179e-05,-0.0027489025457837456,0.0027489025457837456,SOC_UPPER_BOUND_NOT_REACHED,1287417.0364991052,1287805.5636807126,388.52718160732667,0.06504586225668865,1.0390532351126749,94.10869346676692,,,,,,,,,,,,,,,,,,,,,,,,,,,,,1,FIRST_UPWARD_CROSSING,charge_timeseries/cycle-042.csv,,,1287417.0364991052,1295616.3741614197,SOC_UPPER_BOUND_NOT_REACHED,SOC_UPPER_BOUND_NOT_REACHED,False,False,3,charge-efficiency-v1
42,virtual,40-60,40.0,60.0,40.0,60.0,100.0,NEGATIVE_PARTICLE_LITHIUM_DELTA_OVER_FROZEN_Q_REF_V1,4.853168371993805,25,20.0,W10_80_PERCENT_DISCHARGE_WINDOW,14.55,3.0000000000000004,2.9980414617312134,4.85,99.71193128904235,4.853168371993805,25,,,,0.9621733980012207,0.08065499766647356,0.11687067056781837,0.9706336743987606,,,,,-0.00850542351414342,0.00850542351414342,,,6.638247923748588e-06,,,3.156910103291333e-05,100.87928812157091,99.99530779829318,6.939767646874095e-06,0.0007212595631193382,0.0007212595631193382,SOC_UPPER_BOUND_NOT_REACHED,1287805.5636807126,1288195.8219079105,390.2582271979633,0.0,0.9621733980012207,100.0,,,,,,,,,,,,,,,,,,,,,,,,,,,,,1,FIRST_UPWARD_CROSSING,charge_timeseries/cycle-042.csv,,,1287417.0364991052,1295616.3741614197,SOC_UPPER_BOUND_NOT_REACHED,SOC_UPPER_BOUND_NOT_REACHED,False,False,3,charge-efficiency-v1
42,virtual,60-80,60.0,80.0,60.0,80.0,100.0,NEGATIVE_PARTICLE_LITHIUM_DELTA_OVER_FROZEN_Q_REF_V1,4.853168371993805,25,20.0,W10_80_PERCENT_DISCHARGE_WINDOW,14.55,3.0000000000000004,2.9980414617312134,4.85,99.71193128904235,4.853168371993805,25,,,,0.9088756749911947,0.11687067056781837,0.1530863434691632,0.970633674398761,,,,,-0.06181390389815972,0.06181390389815972,,,1.8924043358411503e-05,,,0.00010946457036530022,106.79498869943512,99.99384904975106,-7.248412313043406e-05,-0.007975141719040539,0.007975141719040539,SOC_UPPER_BOUND_NOT_REACHED,1288195.8219079105,1291672.8342359187,3477.0123280083244,0.2691446494020716,0.6397310255891231,70.38707748398271,,,,,,,,,,,,,,,,,,,,,,,,,,,,,1,FIRST_UPWARD_CROSSING,charge_timeseries/cycle-042.csv,,,1287417.0364991052,1295616.3741614197,SOC_UPPER_BOUND_NOT_REACHED,SOC_UPPER_BOUND_NOT_REACHED,False,False,3,charge-efficiency-v1
42,virtual,80-100,80.0,100.0,80.0,,0.0,NEGATIVE_PARTICLE_LITHIUM_DELTA_OVER_FROZEN_Q_REF_V1,4.853168371993805,25,20.0,W10_80_PERCENT_DISCHARGE_WINDOW,14.55,3.0000000000000004,2.9980414617312134,4.85,99.71193128904235,4.853168371993805,25,,,,,,,,,,,,,,,,,,,,,,,,,,,,,,,,,,,,,,,,,,,,,,,,,,,,,,,,,,,,0,FIRST_UPWARD_CROSSING,charge_timeseries/cycle-042.csv,,,1287417.0364991052,1295616.3741614197,SOC_UPPER_BOUND_NOT_REACHED,SOC_UPPER_BOUND_NOT_REACHED,False,False,3,charge-efficiency-v1
43,virtual,20-40,20.0,40.0,20.0,40.0,100.0,NEGATIVE_PARTICLE_LITHIUM_DELTA_OVER_FROZEN_Q_REF_V1,4.853168371993805,25,20.0,W10_80_PERCENT_DISCHARGE_WINDOW,14.55,3.0000000000000004,2.9980414617312134,4.85,99.71193128904235,4.853168371993805,25,,,,1.1097727437157323,0.042686177333386255,0.07890185023473108,0.970633674398761,,,,,0.13914449914342636,0.0,,,8.312354652244974e-06,,,1.766724899349842e-05,87.46238181601875,100.00048927372616,-3.1409430100826086e-05,-0.0028302578414082583,0.0028302578414082583,SOC_UPPER_BOUND_NOT_REACHED,1319169.527172647,1319571.9739005168,402.44672786968846,0.0643200222225524,1.04545272149318,94.204216801433,,,,,,,,,,,,,,,,,,,,,,,,,,,,,1,FIRST_UPWARD_CROSSING,charge_timeseries/cycle-043.csv,,,1319169.527172647,1327390.1717645412,SOC_UPPER_BOUND_NOT_REACHED,SOC_UPPER_BOUND_NOT_REACHED,False,False,3,charge-efficiency-v1
43,virtual,40-60,40.0,60.0,40.0,60.0,100.0,NEGATIVE_PARTICLE_LITHIUM_DELTA_OVER_FROZEN_Q_REF_V1,4.853168371993805,25,20.0,W10_80_PERCENT_DISCHARGE_WINDOW,14.55,3.0000000000000004,2.9980414617312134,4.85,99.71193128904235,4.853168371993805,25,,,,0.9529827547501558,0.07890185023473108,0.1151175231360759,0.970633674398761,,,,,-0.01770943827303552,0.01770943827303552,,,1.0998964408735074e-05,,,3.158376143840014e-05,101.85217618688523,99.99385942461826,1.593589858317479e-05,0.0016722126925951264,0.0016722126925951264,SOC_UPPER_BOUND_NOT_REACHED,1319571.9739005168,1319968.5470798633,396.5731793465489,0.0,0.9529827547501558,100.0,,,,,,,,,,,,,,,,,,,,,,,,,,,,,1,FIRST_UPWARD_CROSSING,charge_timeseries/cycle-043.csv,,,1319169.527172647,1327390.1717645412,SOC_UPPER_BOUND_NOT_REACHED,SOC_UPPER_BOUND_NOT_REACHED,False,False,3,charge-efficiency-v1
43,virtual,60-80,60.0,80.0,60.0,80.0,100.0,NEGATIVE_PARTICLE_LITHIUM_DELTA_OVER_FROZEN_Q_REF_V1,4.853168371993805,25,20.0,W10_80_PERCENT_DISCHARGE_WINDOW,14.55,3.0000000000000004,2.9980414617312134,4.85,99.71193128904235,4.853168371993805,25,,,,0.8623501659498222,0.1151175231360759,0.15133319603742074,0.9706336743987614,,,,,-0.10834673079573783,0.10834673079573783,,,2.7637158065974433e-05,,,0.00010516546339089938,112.55679104899016,99.99266859921933,-6.95802746581986e-05,-0.008068679917462589,0.008068679917462589,SOC_UPPER_BOUND_NOT_REACHED,1319968.5470798633,1323306.836653785,3338.2895739218816,0.22237107451034452,0.6399790914394776,74.21336676320838,,,,,,,,,,,,,,,,,,,,,,,,,,,,,1,FIRST_UPWARD_CROSSING,charge_timeseries/cycle-043.csv,,,1319169.527172647,1327390.1717645412,SOC_UPPER_BOUND_NOT_REACHED,SOC_UPPER_BOUND_NOT_REACHED,False,False,3,charge-efficiency-v1
43,virtual,80-100,80.0,100.0,80.0,,0.0,NEGATIVE_PARTICLE_LITHIUM_DELTA_OVER_FROZEN_Q_REF_V1,4.853168371993805,25,20.0,W10_80_PERCENT_DISCHARGE_WINDOW,14.55,3.0000000000000004,2.9980414617312134,4.85,99.71193128904235,4.853168371993805,25,,,,,,,,,,,,,,,,,,,,,,,,,,,,,,,,,,,,,,,,,,,,,,,,,,,,,,,,,,,,0,FIRST_UPWARD_CROSSING,charge_timeseries/cycle-043.csv,,,1319169.527172647,1327390.1717645412,SOC_UPPER_BOUND_NOT_REACHED,SOC_UPPER_BOUND_NOT_REACHED,False,False,3,charge-efficiency-v1
44,virtual,20-40,20.0,40.0,20.0,40.0,100.0,NEGATIVE_PARTICLE_LITHIUM_DELTA_OVER_FROZEN_Q_REF_V1,4.853168371993805,25,20.0,W10_80_PERCENT_DISCHARGE_WINDOW,14.55,3.0000000000000004,2.9980414617312134,4.85,99.71193128904235,4.853168371993805,25,,,,0.9812887153880725,0.04267556250182574,0.07889123540317057,0.9706336743987611,,,,,0.010646605655474834,0.0,,,5.086699141302643e-06,,,1.4595214856319427e-05,98.91417879139703,99.99914038206043,-1.1246580161161646e-05,-0.0011461030769842223,0.0011461030769842223,PREEXISTING_PLATED_LITHIUM_RELEASED,1350943.3249391636,1351297.8341036206,354.5091644569213,0.06382548091981424,0.9174632344682583,93.49574901668231,,,,,,,,,,,,,,,,,,,,,,,,,,,,,1,FIRST_UPWARD_CROSSING,charge_timeseries/cycle-044.csv,,,1350943.3249391636,1359470.9931209343,PREEXISTING_PLATED_LITHIUM_RELEASED,PREEXISTING_PLATED_LITHIUM_RELEASED,True,True,3,charge-efficiency-v1
44,virtual,40-60,40.0,60.0,40.0,60.0,100.0,NEGATIVE_PARTICLE_LITHIUM_DELTA_OVER_FROZEN_Q_REF_V1,4.853168371993805,25,20.0,W10_80_PERCENT_DISCHARGE_WINDOW,14.55,3.0000000000000004,2.9980414617312134,4.85,99.71193128904235,4.853168371993805,25,,,,0.8867372581494956,0.07889123540317057,0.11510690830451539,0.970633674398761,,,,,-0.0839023489562666,0.0839023489562666,,,-3.988752015838398e-06,,,2.5860894894071118e-05,109.46124858048103,99.9993309509726,-1.5939435877188046e-05,-0.0017975376280513532,0.0017975376280513532,PREEXISTING_PLATED_LITHIUM_RELEASED,1351297.8341036206,1351588.8700179332,291.03591431263965,0.0,0.8867372581494956,99.99999999999999,,,,,,,,,,,,,,,,,,,,,,,,,,,,,1,FIRST_UPWARD_CROSSING,charge_timeseries/cycle-044.csv,,,1350943.3249391636,1359470.9931209343,PREEXISTING_PLATED_LITHIUM_RELEASED,PREEXISTING_PLATED_LITHIUM_RELEASED,True,True,3,charge-efficiency-v1
44,virtual,60-80,60.0,80.0,60.0,80.0,100.0,NEGATIVE_PARTICLE_LITHIUM_DELTA_OVER_FROZEN_Q_REF_V1,4.853168371993805,25,20.0,W10_80_PERCENT_DISCHARGE_WINDOW,14.55,3.0000000000000004,2.9980414617312134,4.85,99.71193128904235,4.853168371993805,25,,,,0.9911766844694209,0.11510690830451539,0.1513225812058602,0.9706336743987606,,,,,0.020513293834321517,0.0,,,-4.399187870857569e-05,,,0.00011715907840024326,97.92741189411079,99.99700192339021,-4.345096335289789e-05,-0.004383775772142712,0.004383775772142712,PREEXISTING_PLATED_LITHIUM_RELEASED,1351588.8700179332,1355035.2598348358,3446.3898169024974,0.15911193063371798,0.8320647538357029,83.94716773237145,,,,,,,,,,,,,,,,,,,,,,,,,,,,,1,FIRST_UPWARD_CROSSING,charge_timeseries/cycle-044.csv,,,1350943.3249391636,1359470.9931209343,PREEXISTING_PLATED_LITHIUM_RELEASED,PREEXISTING_PLATED_LITHIUM_RELEASED,True,True,3,charge-efficiency-v1
44,virtual,80-100,80.0,100.0,80.0,100.0,100.0,NEGATIVE_PARTICLE_LITHIUM_DELTA_OVER_FROZEN_Q_REF_V1,4.853168371993805,25,20.0,W10_80_PERCENT_DISCHARGE_WINDOW,14.55,3.0000000000000004,2.9980414617312134,4.85,99.71193128904235,4.853168371993805,25,,,,0.9951248977844444,0.1513225812058602,0.18753825410720504,0.9706336743987614,,,,,0.024493357178668775,0.0,,,-2.7108393445284245e-05,,,7.3973583835929e-05,97.53887944717185,100.0002144246406,-4.899898337640263e-05,-0.004923902867418395,0.004923902867418395,PREEXISTING_PLATED_LITHIUM_RELEASED,1355035.2598348358,1358586.07446314,3550.8146283043,0.8189626742825701,0.1761622235018743,17.702523963985183,,,,,,,,,,,,,,,,,,,,,,,,,,,,,1,FIRST_UPWARD_CROSSING,charge_timeseries/cycle-044.csv,,,1350943.3249391636,1359470.9931209343,PREEXISTING_PLATED_LITHIUM_RELEASED,PREEXISTING_PLATED_LITHIUM_RELEASED,True,True,3,charge-efficiency-v1
45,virtual,20-40,20.0,40.0,20.0,40.0,100.0,NEGATIVE_PARTICLE_LITHIUM_DELTA_OVER_FROZEN_Q_REF_V1,4.853168371993805,25,20.0,W10_80_PERCENT_DISCHARGE_WINDOW,14.55,3.0000000000000004,2.9980414617312134,4.85,99.71193128904235,4.853168371993805,25,,,,1.1094087769286214,0.043486624725990776,0.0797022976273356,0.9706336743987611,,,,,0.13879531660089536,0.0,,,6.073414561792983e-06,,,1.710028863466384e-05,87.49107584004729,100.00182205796956,-4.338777423140705e-05,-0.0039108915607757614,0.0039108915607757614,SOC_UPPER_BOUND_NOT_REACHED,1383024.1441215975,1383424.445446616,400.3013250185783,0.06343303796731535,1.045975738961306,94.28226643898306,,,,,,,,,,,,,,,,,,,,,,,,,,,,,1,FIRST_UPWARD_CROSSING,charge_timeseries/cycle-045.csv,,,1383024.1441215975,1391274.9872607526,SOC_UPPER_BOUND_NOT_REACHED,SOC_UPPER_BOUND_NOT_REACHED,False,False,3,charge-efficiency-v1
45,virtual,40-60,40.0,60.0,40.0,60.0,100.0,NEGATIVE_PARTICLE_LITHIUM_DELTA_OVER_FROZEN_Q_REF_V1,4.853168371993805,25,20.0,W10_80_PERCENT_DISCHARGE_WINDOW,14.55,3.0000000000000004,2.9980414617312134,4.85,99.71193128904235,4.853168371993805,25,,,,0.9568164100730494,0.0797022976273356,0.11591797052868043,0.970633674398761,,,,,-0.013904916208466997,0.013904916208466997,,,8.909484227039195e-06,,,3.0833509583473584e-05,101.44408730663982,99.99083921619314,4.790888894490308e-05,0.005007114054538991,0.005007114054538991,SOC_UPPER_BOUND_NOT_REACHED,1383424.445446616,1383821.6349603508,397.18951373468275,0.0,0.9568164100730494,100.0,,,,,,,,,,,,,,,,,,,,,,,,,,,,,1,FIRST_UPWARD_CROSSING,charge_timeseries/cycle-045.csv,,,1383024.1441215975,1391274.9872607526,SOC_UPPER_BOUND_NOT_REACHED,SOC_UPPER_BOUND_NOT_REACHED,False,False,3,charge-efficiency-v1
45,virtual,60-80,60.0,80.0,60.0,80.0,100.0,NEGATIVE_PARTICLE_LITHIUM_DELTA_OVER_FROZEN_Q_REF_V1,4.853168371993805,25,20.0,W10_80_PERCENT_DISCHARGE_WINDOW,14.55,3.0000000000000004,2.9980414617312134,4.85,99.71193128904235,4.853168371993805,25,,,,0.8827363513969229,0.11591797052868043,0.15213364343002525,0.970633674398761,,,,,-0.0879558721914331,0.0879558721914331,,,2.3201401394367e-05,,,0.00010432848854665527,109.95736981520488,99.9933673072937,-6.89807003461107e-05,-0.007814417094860693,0.007814417094860693,SOC_UPPER_BOUND_NOT_REACHED,1383821.6349603508,1387248.5132667732,3426.8783064223257,0.24405133129707263,0.6386850200998503,72.35286267401774,,,,,,,,,,,,,,,,,,,,,,,,,,,,,1,FIRST_UPWARD_CROSSING,charge_timeseries/cycle-045.csv,,,1383024.1441215975,1391274.9872607526,SOC_UPPER_BOUND_NOT_REACHED,SOC_UPPER_BOUND_NOT_REACHED,False,False,3,charge-efficiency-v1
45,virtual,80-100,80.0,100.0,80.0,,0.0,NEGATIVE_PARTICLE_LITHIUM_DELTA_OVER_FROZEN_Q_REF_V1,4.853168371993805,25,20.0,W10_80_PERCENT_DISCHARGE_WINDOW,14.55,3.0000000000000004,2.9980414617312134,4.85,99.71193128904235,4.853168371993805,25,,,,,,,,,,,,,,,,,,,,,,,,,,,,,,,,,,,,,,,,,,,,,,,,,,,,,,,,,,,,0,FIRST_UPWARD_CROSSING,charge_timeseries/cycle-045.csv,,,1383024.1441215975,1391274.9872607526,SOC_UPPER_BOUND_NOT_REACHED,SOC_UPPER_BOUND_NOT_REACHED,False,False,3,charge-efficiency-v1
46,virtual,20-40,20.0,40.0,20.0,40.0,100.0,NEGATIVE_PARTICLE_LITHIUM_DELTA_OVER_FROZEN_Q_REF_V1,4.853168371993805,25,20.0,W10_80_PERCENT_DISCHARGE_WINDOW,14.55,3.0000000000000004,2.9980414617312134,4.85,99.71193128904235,4.853168371993805,25,,,,1.1122638807324157,0.0426621455335904,0.07887781843493523,0.9706336743987611,,,,,0.14165148404052846,0.0,,,8.33488541522381e-06,,,1.7333901512955885e-05,87.2664923506828,100.00191300888598,-4.6946493802213496e-05,-0.004220805387593784,0.004220805387593784,SOC_UPPER_BOUND_NOT_REACHED,1414828.140472793,1415236.8556667226,408.7151939296555,0.06285485085643168,1.049409029875984,94.34892637032839,,,,,,,,,,,,,,,,,,,,,,,,,,,,,1,FIRST_UPWARD_CROSSING,charge_timeseries/cycle-046.csv,,,1414828.140472793,1423101.7100078955,SOC_UPPER_BOUND_NOT_REACHED,SOC_UPPER_BOUND_NOT_REACHED,False,False,3,charge-efficiency-v1
46,virtual,40-60,40.0,60.0,40.0,60.0,100.0,NEGATIVE_PARTICLE_LITHIUM_DELTA_OVER_FROZEN_Q_REF_V1,4.853168371993805,25,20.0,W10_80_PERCENT_DISCHARGE_WINDOW,14.55,3.0000000000000004,2.9980414617312134,4.85,99.71193128904235,4.853168371993805,25,,,,0.9522468541747208,0.07887781843493523,0.11509349133628004,0.9706336743987606,,,,,-0.01845016367745317,0.01845016367745317,,,1.0957378388320484e-05,,,3.073202245190698e-05,101.93088799857208,99.99334800076937,2.1654052573150118e-05,0.0022739957058631535,0.0022739957058631535,SOC_UPPER_BOUND_NOT_REACHED,1415236.8556667226,1415638.7534919095,401.8978251866918,0.0,0.9522468541747208,100.0,,,,,,,,,,,,,,,,,,,,,,,,,,,,,1,FIRST_UPWARD_CROSSING,charge_timeseries/cycle-046.csv,,,1414828.140472793,1423101.7100078955,SOC_UPPER_BOUND_NOT_REACHED,SOC_UPPER_BOUND_NOT_REACHED,False,False,3,charge-efficiency-v1
46,virtual,60-80,60.0,80.0,60.0,80.0,100.0,NEGATIVE_PARTICLE_LITHIUM_DELTA_OVER_FROZEN_Q_REF_V1,4.853168371993805,25,20.0,W10_80_PERCENT_DISCHARGE_WINDOW,14.55,3.0000000000000004,2.9980414617312134,4.85,99.71193128904235,4.853168371993805,25,,,,0.8604354621510488,0.11509349133628004,0.15130916423762486,0.970633674398761,,,,,-0.11026628014920564,0.11026628014920564,,,2.7092698237086033e-05,,,0.00010183111406252693,112.80726063663413,99.9920891334112,-6.0855910806068e-05,-0.0070726874336316916,0.0070726874336316916,SOC_UPPER_BOUND_NOT_REACHED,1415638.7534919095,1419008.0116842212,3369.2581923119487,0.2221879622961725,0.6382474998548764,74.1772658066983,,,,,,,,,,,,,,,,,,,,,,,,,,,,,1,FIRST_UPWARD_CROSSING,charge_timeseries/cycle-046.csv,,,1414828.140472793,1423101.7100078955,SOC_UPPER_BOUND_NOT_REACHED,SOC_UPPER_BOUND_NOT_REACHED,False,False,3,charge-efficiency-v1
46,virtual,80-100,80.0,100.0,80.0,,0.0,NEGATIVE_PARTICLE_LITHIUM_DELTA_OVER_FROZEN_Q_REF_V1,4.853168371993805,25,20.0,W10_80_PERCENT_DISCHARGE_WINDOW,14.55,3.0000000000000004,2.9980414617312134,4.85,99.71193128904235,4.853168371993805,25,,,,,,,,,,,,,,,,,,,,,,,,,,,,,,,,,,,,,,,,,,,,,,,,,,,,,,,,,,,,0,FIRST_UPWARD_CROSSING,charge_timeseries/cycle-046.csv,,,1414828.140472793,1423101.7100078955,SOC_UPPER_BOUND_NOT_REACHED,SOC_UPPER_BOUND_NOT_REACHED,False,False,3,charge-efficiency-v1
47,virtual,20-40,20.0,40.0,20.0,40.0,100.0,NEGATIVE_PARTICLE_LITHIUM_DELTA_OVER_FROZEN_Q_REF_V1,4.853168371993805,25,20.0,W10_80_PERCENT_DISCHARGE_WINDOW,14.55,3.0000000000000004,2.9980414617312134,4.85,99.71193128904235,4.853168371993805,25,,,,1.1130388107189724,0.04265172780214882,0.07886740070349364,0.970633674398761,,,,,0.1424133188064841,0.0,,,8.341221998508369e-06,,,1.7232037693125368e-05,87.20573488104839,100.00073514833392,-3.375574596442554e-05,-0.003032755519335473,0.003032755519335473,SOC_UPPER_BOUND_NOT_REACHED,1446654.8630360402,1447065.6605557126,410.7975196724729,0.06238419430547896,1.0506546164134933,94.39514653894398,,,,,,,,,,,,,,,,,,,,,,,,,,,,,1,FIRST_UPWARD_CROSSING,charge_timeseries/cycle-047.csv,,,1446654.8630360402,1454947.415786173,SOC_UPPER_BOUND_NOT_REACHED,SOC_UPPER_BOUND_NOT_REACHED,False,False,3,charge-efficiency-v1
47,virtual,40-60,40.0,60.0,40.0,60.0,100.0,NEGATIVE_PARTICLE_LITHIUM_DELTA_OVER_FROZEN_Q_REF_V1,4.853168371993805,25,20.0,W10_80_PERCENT_DISCHARGE_WINDOW,14.55,3.0000000000000004,2.9980414617312134,4.85,99.71193128904235,4.853168371993805,25,,,,0.9520051878997056,0.07886740070349364,0.11508307360483847,0.970633674398761,,,,,-0.018683148377537026,0.018683148377537026,,,1.094237606097349e-05,,,3.046944699304499e-05,101.95676312858686,99.99425823733145,1.3250055427627139e-05,0.001391804960313204,0.001391804960313204,SOC_UPPER_BOUND_NOT_REACHED,1447065.6605557126,1447469.3164377138,403.6558820010351,0.0,0.9520051878997056,100.0,,,,,,,,,,,,,,,,,,,,,,,,,,,,,1,FIRST_UPWARD_CROSSING,charge_timeseries/cycle-047.csv,,,1446654.8630360402,1454947.415786173,SOC_UPPER_BOUND_NOT_REACHED,SOC_UPPER_BOUND_NOT_REACHED,False,False,3,charge-efficiency-v1
47,virtual,60-80,60.0,80.0,60.0,80.0,100.0,NEGATIVE_PARTICLE_LITHIUM_DELTA_OVER_FROZEN_Q_REF_V1,4.853168371993805,25,20.0,W10_80_PERCENT_DISCHARGE_WINDOW,14.55,3.0000000000000004,2.9980414617312134,4.85,99.71193128904235,4.853168371993805,25,,,,0.8598417197651431,0.11508307360483847,0.15129874650618327,0.9706336743987606,,,,,-0.11085307316523227,0.11085307316523227,,,2.6916399949453423e-05,,,0.00010082720620092911,112.88515689421062,99.9928918857727,-6.662507453558675e-05,-0.00774852778180904,0.00774852778180904,SOC_UPPER_BOUND_NOT_REACHED,1447469.3164377138,1450850.117790712,3380.80135299838,0.22211655067452435,0.6377251690906188,74.1677397631749,,,,,,,,,,,,,,,,,,,,,,,,,,,,,1,FIRST_UPWARD_CROSSING,charge_timeseries/cycle-047.csv,,,1446654.8630360402,1454947.415786173,SOC_UPPER_BOUND_NOT_REACHED,SOC_UPPER_BOUND_NOT_REACHED,False,False,3,charge-efficiency-v1
47,virtual,80-100,80.0,100.0,80.0,,0.0,NEGATIVE_PARTICLE_LITHIUM_DELTA_OVER_FROZEN_Q_REF_V1,4.853168371993805,25,20.0,W10_80_PERCENT_DISCHARGE_WINDOW,14.55,3.0000000000000004,2.9980414617312134,4.85,99.71193128904235,4.853168371993805,25,,,,,,,,,,,,,,,,,,,,,,,,,,,,,,,,,,,,,,,,,,,,,,,,,,,,,,,,,,,,0,FIRST_UPWARD_CROSSING,charge_timeseries/cycle-047.csv,,,1446654.8630360402,1454947.415786173,SOC_UPPER_BOUND_NOT_REACHED,SOC_UPPER_BOUND_NOT_REACHED,False,False,3,charge-efficiency-v1
48,virtual,20-40,20.0,40.0,20.0,40.0,100.0,NEGATIVE_PARTICLE_LITHIUM_DELTA_OVER_FROZEN_Q_REF_V1,4.853168371993805,25,20.0,W10_80_PERCENT_DISCHARGE_WINDOW,14.55,3.0000000000000004,2.9980414617312134,4.85,99.71193128904235,4.853168371993805,25,,,,1.113468409953718,0.04264128081549666,0.07885695371684148,0.970633674398761,,,,,0.14285453799556094,0.0,,,8.33116252422746e-06,,,1.7126619833524037e-05,87.17208909762478,100.00177844655735,-4.526022296169607e-05,-0.004064796320856318,0.004064796320856318,SOC_UPPER_BOUND_NOT_REACHED,1478500.5687332547,1478913.2908837528,412.72215049816765,0.061920962892698043,1.05154744706102,94.43891157224013,,,,,,,,,,,,,,,,,,,,,,,,,,,,,1,FIRST_UPWARD_CROSSING,charge_timeseries/cycle-048.csv,,,1478500.5687332547,1486812.0094821968,SOC_UPPER_BOUND_NOT_REACHED,SOC_UPPER_BOUND_NOT_REACHED,False,False,3,charge-efficiency-v1
48,virtual,40-60,40.0,60.0,40.0,60.0,100.0,NEGATIVE_PARTICLE_LITHIUM_DELTA_OVER_FROZEN_Q_REF_V1,4.853168371993805,25,20.0,W10_80_PERCENT_DISCHARGE_WINDOW,14.55,3.0000000000000004,2.9980414617312134,4.85,99.71193128904235,4.853168371993805,25,,,,0.9518276652950621,0.07885695371684148,0.1150726266181863,0.970633674398761,,,,,-0.01884395189035186,0.01884395189035186,,,1.0903169338325955e-05,,,3.020948829816905e-05,101.97577878742042,99.9960136915498,-3.1698709834770966e-06,-0.0003330299274810899,0.0003330299274810899,SOC_UPPER_BOUND_NOT_REACHED,1478913.2908837528,1479318.5887862653,405.2979025123897,0.0,0.9518276652950621,100.0,,,,,,,,,,,,,,,,,,,,,,,,,,,,,1,FIRST_UPWARD_CROSSING,charge_timeseries/cycle-048.csv,,,1478500.5687332547,1486812.0094821968,SOC_UPPER_BOUND_NOT_REACHED,SOC_UPPER_BOUND_NOT_REACHED,False,False,3,charge-efficiency-v1
48,virtual,60-80,60.0,80.0,60.0,80.0,100.0,NEGATIVE_PARTICLE_LITHIUM_DELTA_OVER_FROZEN_Q_REF_V1,4.853168371993805,25,20.0,W10_80_PERCENT_DISCHARGE_WINDOW,14.55,3.0000000000000004,2.9980414617312134,4.85,99.71193128904235,4.853168371993805,25,,,,0.8594970738229853,0.1150726266181863,0.15128829951953113,0.970633674398761,,,,,-0.11119725990365495,0.11119725990365495,,,2.6702423382504378e-05,,,9.986980840545612e-05,112.93042221556934,99.99294246254854,-6.591290390878246e-05,-0.0076687758360370305,0.0076687758360370305,SOC_UPPER_BOUND_NOT_REACHED,1479318.5887862653,1482711.0588189145,3392.470032649252,0.22203993179096762,0.6374571420320178,74.16629578465593,,,,,,,,,,,,,,,,,,,,,,,,,,,,,1,FIRST_UPWARD_CROSSING,charge_timeseries/cycle-048.csv,,,1478500.5687332547,1486812.0094821968,SOC_UPPER_BOUND_NOT_REACHED,SOC_UPPER_BOUND_NOT_REACHED,False,False,3,charge-efficiency-v1
48,virtual,80-100,80.0,100.0,80.0,,0.0,NEGATIVE_PARTICLE_LITHIUM_DELTA_OVER_FROZEN_Q_REF_V1,4.853168371993805,25,20.0,W10_80_PERCENT_DISCHARGE_WINDOW,14.55,3.0000000000000004,2.9980414617312134,4.85,99.71193128904235,4.853168371993805,25,,,,,,,,,,,,,,,,,,,,,,,,,,,,,,,,,,,,,,,,,,,,,,,,,,,,,,,,,,,,0,FIRST_UPWARD_CROSSING,charge_timeseries/cycle-048.csv,,,1478500.5687332547,1486812.0094821968,SOC_UPPER_BOUND_NOT_REACHED,SOC_UPPER_BOUND_NOT_REACHED,False,False,3,charge-efficiency-v1
49,virtual,20-40,20.0,40.0,20.0,40.0,100.0,NEGATIVE_PARTICLE_LITHIUM_DELTA_OVER_FROZEN_Q_REF_V1,4.853168371993805,25,20.0,W10_80_PERCENT_DISCHARGE_WINDOW,14.55,3.0000000000000004,2.9980414617312134,4.85,99.71193128904235,4.853168371993805,25,,,,1.114872224892209,0.04263093752196559,0.07884661042331041,0.970633674398761,,,,,0.14425586911544644,0.0,,,8.38600455153101e-06,,,1.705046493909873e-05,87.06232451818471,100.00155341765736,-4.2755091488988484e-05,-0.0038349768282300014,0.0038349768282300014,SOC_UPPER_BOUND_NOT_REACHED,1510365.1623826965,1510780.3236016815,415.1612189848925,0.06146487934393499,1.053407345548274,94.48682297651843,,,,,,,,,,,,,,,,,,,,,,,,,,,,,1,FIRST_UPWARD_CROSSING,charge_timeseries/cycle-049.csv,,,1510365.1623826965,1518695.8956219053,SOC_UPPER_BOUND_NOT_REACHED,SOC_UPPER_BOUND_NOT_REACHED,False,False,3,charge-efficiency-v1
49,virtual,40-60,40.0,60.0,40.0,60.0,100.0,NEGATIVE_PARTICLE_LITHIUM_DELTA_OVER_FROZEN_Q_REF_V1,4.853168371993805,25,20.0,W10_80_PERCENT_DISCHARGE_WINDOW,14.55,3.0000000000000004,2.9980414617312134,4.85,99.71193128904235,4.853168371993805,25,,,,0.9514337919190353,0.07884661042331041,0.11506228332465523,0.970633674398761,,,,,-0.019222473934331602,0.019222473934331602,,,1.0943955073346601e-05,,,2.997485474705297e-05,102.01799459329689,99.99762553581785,-1.8327355214564633e-05,-0.0019262880265791785,0.0019262880265791785,SOC_UPPER_BOUND_NOT_REACHED,1510780.3236016815,1511187.612741847,407.2891401656387,0.0,0.9514337919190353,100.0,,,,,,,,,,,,,,,,,,,,,,,,,,,,,1,FIRST_UPWARD_CROSSING,charge_timeseries/cycle-049.csv,,,1510365.1623826965,1518695.8956219053,SOC_UPPER_BOUND_NOT_REACHED,SOC_UPPER_BOUND_NOT_REACHED,False,False,3,charge-efficiency-v1
49,virtual,60-80,60.0,80.0,60.0,80.0,100.0,NEGATIVE_PARTICLE_LITHIUM_DELTA_OVER_FROZEN_Q_REF_V1,4.853168371993805,25,20.0,W10_80_PERCENT_DISCHARGE_WINDOW,14.55,3.0000000000000004,2.9980414617312134,4.85,99.71193128904235,4.853168371993805,25,,,,0.8584411516951316,0.11506228332465523,0.15127795622600007,0.9706336743987614,,,,,-0.11226456404833124,0.11226456404833124,,,2.6626129642777063e-05,,,9.890167079341927e-05,113.06933183271647,99.99160788779064,-5.348645573466371e-05,-0.006230649081657607,0.006230649081657607,SOC_UPPER_BOUND_NOT_REACHED,1511187.612741847,1514591.293170404,3403.680428556792,0.22197388878320964,0.6364672629119219,74.14221250403872,,,,,,,,,,,,,,,,,,,,,,,,,,,,,1,FIRST_UPWARD_CROSSING,charge_timeseries/cycle-049.csv,,,1510365.1623826965,1518695.8956219053,SOC_UPPER_BOUND_NOT_REACHED,SOC_UPPER_BOUND_NOT_REACHED,False,False,3,charge-efficiency-v1
49,virtual,80-100,80.0,100.0,80.0,,0.0,NEGATIVE_PARTICLE_LITHIUM_DELTA_OVER_FROZEN_Q_REF_V1,4.853168371993805,25,20.0,W10_80_PERCENT_DISCHARGE_WINDOW,14.55,3.0000000000000004,2.9980414617312134,4.85,99.71193128904235,4.853168371993805,25,,,,,,,,,,,,,,,,,,,,,,,,,,,,,,,,,,,,,,,,,,,,,,,,,,,,,,,,,,,,0,FIRST_UPWARD_CROSSING,charge_timeseries/cycle-049.csv,,,1510365.1623826965,1518695.8956219053,SOC_UPPER_BOUND_NOT_REACHED,SOC_UPPER_BOUND_NOT_REACHED,False,False,3,charge-efficiency-v1
50,virtual,20-40,20.0,40.0,20.0,40.0,100.0,NEGATIVE_PARTICLE_LITHIUM_DELTA_OVER_FROZEN_Q_REF_V1,4.853168371993805,25,20.0,W10_80_PERCENT_DISCHARGE_WINDOW,14.55,3.0000000000000004,2.9980414617312134,4.85,99.71193128904235,4.853168371993805,25,,,,1.1159553072302815,0.04262071243355961,0.07883638533490443,0.970633674398761,,,,,0.1453339517462542,0.0,,,8.41350420663356e-06,,,1.6969024957506906e-05,86.9778268099107,100.00110388961404,-3.770144389791952e-05,-0.003378400878032626,0.003378400878032626,SOC_UPPER_BOUND_NOT_REACHED,1542249.0486035703,1542666.4697952282,417.421191657839,0.06101574796354512,1.0549395592667363,94.53242010963847,,,,,,,,,,,,,,,,,,,,,,,,,,,,,1,FIRST_UPWARD_CROSSING,charge_timeseries/cycle-050.csv,,,1542249.0486035703,1550599.0129851452,SOC_UPPER_BOUND_NOT_REACHED,SOC_UPPER_BOUND_NOT_REACHED,False,False,3,charge-efficiency-v1
50,virtual,40-60,40.0,60.0,40.0,60.0,100.0,NEGATIVE_PARTICLE_LITHIUM_DELTA_OVER_FROZEN_Q_REF_V1,4.853168371993805,25,20.0,W10_80_PERCENT_DISCHARGE_WINDOW,14.55,3.0000000000000004,2.9980414617312134,4.85,99.71193128904235,4.853168371993805,25,,,,0.9511702419292742,0.07883638533490443,0.11505205823624925,0.970633674398761,,,,,-0.01953391991818229,0.01953391991818229,,,1.0960578910205326e-05,,,2.974317487154654e-05,102.04626171125884,99.99258939718797,2.9783694913687597e-05,0.0031312685785119644,0.0031312685785119644,SOC_UPPER_BOUND_NOT_REACHED,1542666.4697952282,1543075.6755600532,409.2057648250392,0.0,0.9511702419292742,100.00000000000001,,,,,,,,,,,,,,,,,,,,,,,,,,,,,1,FIRST_UPWARD_CROSSING,charge_timeseries/cycle-050.csv,,,1542249.0486035703,1550599.0129851452,SOC_UPPER_BOUND_NOT_REACHED,SOC_UPPER_BOUND_NOT_REACHED,False,False,3,charge-efficiency-v1
50,virtual,60-80,60.0,80.0,60.0,80.0,100.0,NEGATIVE_PARTICLE_LITHIUM_DELTA_OVER_FROZEN_Q_REF_V1,4.853168371993805,25,20.0,W10_80_PERCENT_DISCHARGE_WINDOW,14.55,3.0000000000000004,2.9980414617312134,4.85,99.71193128904235,4.853168371993805,25,,,,0.8576116407089689,0.11505205823624925,0.15126773113759406,0.9706336743987606,,,,,-0.11308190114779007,0.11308190114779007,,,2.650943541091617e-05,,,9.797448183529456e-05,113.17869631484466,99.99301928108754,-6.46164592479348e-05,-0.007534466205999463,0.007534466205999463,SOC_UPPER_BOUND_NOT_REACHED,1543075.6755600532,1546490.719981838,3415.044421784807,0.221906846937092,0.6357047937718768,74.12501925071277,,,,,,,,,,,,,,,,,,,,,,,,,,,,,1,FIRST_UPWARD_CROSSING,charge_timeseries/cycle-050.csv,,,1542249.0486035703,1550599.0129851452,SOC_UPPER_BOUND_NOT_REACHED,SOC_UPPER_BOUND_NOT_REACHED,False,False,3,charge-efficiency-v1
50,virtual,80-100,80.0,100.0,80.0,,0.0,NEGATIVE_PARTICLE_LITHIUM_DELTA_OVER_FROZEN_Q_REF_V1,4.853168371993805,25,20.0,W10_80_PERCENT_DISCHARGE_WINDOW,14.55,3.0000000000000004,2.9980414617312134,4.85,99.71193128904235,4.853168371993805,25,,,,,,,,,,,,,,,,,,,,,,,,,,,,,,,,,,,,,,,,,,,,,,,,,,,,,,,,,,,,0,FIRST_UPWARD_CROSSING,charge_timeseries/cycle-050.csv,,,1542249.0486035703,1550599.0129851452,SOC_UPPER_BOUND_NOT_REACHED,SOC_UPPER_BOUND_NOT_REACHED,False,False,3,charge-efficiency-v1
51,virtual,20-40,20.0,40.0,20.0,40.0,100.0,NEGATIVE_PARTICLE_LITHIUM_DELTA_OVER_FROZEN_Q_REF_V1,4.853168371993805,25,20.0,W10_80_PERCENT_DISCHARGE_WINDOW,14.55,3.0000000000000004,2.9980414617312134,4.85,99.71193128904235,4.853168371993805,25,,,,1.1170440374730737,0.04261057468685944,0.07882624758820427,0.970633674398761,,,,,0.1464323064506055,0.0,,,8.44833859615533e-06,,,1.6892877151925e-05,86.89305361626427,100.00196441461185,-4.7284592041174633e-05,-0.004233010557769924,0.004233010557769924,SOC_UPPER_BOUND_NOT_REACHED,1574152.1658708688,1574571.8730166967,419.70714582783285,0.06057324064994989,1.0564707968231237,94.57736323565398,,,,,,,,,,,,,,,,,,,,,,,,,,,,,1,FIRST_UPWARD_CROSSING,charge_timeseries/cycle-051.csv,,,1574152.1658708688,1582521.3421113521,SOC_UPPER_BOUND_NOT_REACHED,SOC_UPPER_BOUND_NOT_REACHED,False,False,3,charge-efficiency-v1
51,virtual,40-60,40.0,60.0,40.0,60.0,100.0,NEGATIVE_PARTICLE_LITHIUM_DELTA_OVER_FROZEN_Q_REF_V1,4.853168371993805,25,20.0,W10_80_PERCENT_DISCHARGE_WINDOW,14.55,3.0000000000000004,2.9980414617312134,4.85,99.71193128904235,4.853168371993805,25,,,,0.9508438466531232,0.07882624758820427,0.11504192048954909,0.970633674398761,,,,,-0.019848357962224894,0.019848357962224894,,,1.0979582544341261e-05,,,2.951889541508157e-05,102.08129103588314,99.99384439234758,1.8031738627688476e-05,0.0018963932606976869,0.0018963932606976869,SOC_UPPER_BOUND_NOT_REACHED,1574571.8730166967,1574982.9718675772,411.09885088049487,0.0,0.9508438466531232,100.0,,,,,,,,,,,,,,,,,,,,,,,,,,,,,1,FIRST_UPWARD_CROSSING,charge_timeseries/cycle-051.csv,,,1574152.1658708688,1582521.3421113521,SOC_UPPER_BOUND_NOT_REACHED,SOC_UPPER_BOUND_NOT_REACHED,False,False,3,charge-efficiency-v1
51,virtual,60-80,60.0,80.0,60.0,80.0,100.0,NEGATIVE_PARTICLE_LITHIUM_DELTA_OVER_FROZEN_Q_REF_V1,4.853168371993805,25,20.0,W10_80_PERCENT_DISCHARGE_WINDOW,14.55,3.0000000000000004,2.9980414617312134,4.85,99.71193128904235,4.853168371993805,25,,,,0.8567773797555445,0.11504192048954909,0.1512575933908939,0.9706336743987606,,,,,-0.11391563890461977,0.11391563890461977,,,2.6400356019878717e-05,,,9.707729273100707e-05,113.28890063317283,99.99307354946502,-6.413338734723162e-05,-0.0074854202343122254,0.0074854202343122254,SOC_UPPER_BOUND_NOT_REACHED,1574982.9718675772,1578409.3137550806,3426.34188750348,0.22184104569661567,0.6349363340589288,74.10750436012779,,,,,,,,,,,,,,,,,,,,,,,,,,,,,1,FIRST_UPWARD_CROSSING,charge_timeseries/cycle-051.csv,,,1574152.1658708688,1582521.3421113521,SOC_UPPER_BOUND_NOT_REACHED,SOC_UPPER_BOUND_NOT_REACHED,False,False,3,charge-efficiency-v1
51,virtual,80-100,80.0,100.0,80.0,,0.0,NEGATIVE_PARTICLE_LITHIUM_DELTA_OVER_FROZEN_Q_REF_V1,4.853168371993805,25,20.0,W10_80_PERCENT_DISCHARGE_WINDOW,14.55,3.0000000000000004,2.9980414617312134,4.85,99.71193128904235,4.853168371993805,25,,,,,,,,,,,,,,,,,,,,,,,,,,,,,,,,,,,,,,,,,,,,,,,,,,,,,,,,,,,,0,FIRST_UPWARD_CROSSING,charge_timeseries/cycle-051.csv,,,1574152.1658708688,1582521.3421113521,SOC_UPPER_BOUND_NOT_REACHED,SOC_UPPER_BOUND_NOT_REACHED,False,False,3,charge-efficiency-v1
52,virtual,20-40,20.0,40.0,20.0,40.0,100.0,NEGATIVE_PARTICLE_LITHIUM_DELTA_OVER_FROZEN_Q_REF_V1,4.853168371993805,25,20.0,W10_80_PERCENT_DISCHARGE_WINDOW,14.55,3.0000000000000004,2.9980414617312134,4.85,99.71193128904235,4.853168371993805,25,,,,1.1185579371398338,0.04260053970769262,0.07881621260903744,0.970633674398761,,,,,0.1479410587930924,0.0,,,8.507727433158894e-06,,,1.682964698111744e-05,86.77544918957736,100.0015015808714,-4.213342643399898e-05,-0.0037667629932281077,0.0037667629932281077,SOC_UPPER_BOUND_NOT_REACHED,1606074.4949285414,1606496.7236043834,422.2286758420061,0.060137188592634415,1.0584207485471993,94.62368585516401,,,,,,,,,,,,,,,,,,,,,,,,,,,,,1,FIRST_UPWARD_CROSSING,charge_timeseries/cycle-052.csv,,,1606074.4949285414,1614463.0756830531,SOC_UPPER_BOUND_NOT_REACHED,SOC_UPPER_BOUND_NOT_REACHED,False,False,3,charge-efficiency-v1
52,virtual,40-60,40.0,60.0,40.0,60.0,100.0,NEGATIVE_PARTICLE_LITHIUM_DELTA_OVER_FROZEN_Q_REF_V1,4.853168371993805,25,20.0,W10_80_PERCENT_DISCHARGE_WINDOW,14.55,3.0000000000000004,2.9980414617312134,4.85,99.71193128904235,4.853168371993805,25,,,,0.9504052079195534,0.07881621260903744,0.11503188551038226,0.970633674398761,,,,,-0.020258168913614094,0.020258168913614094,,,1.103282700459134e-05,,,2.930715527645067e-05,102.12840442272912,99.99687476097995,-1.0637547874559061e-05,-0.0011192644764483942,0.0011192644764483942,SOC_UPPER_BOUND_NOT_REACHED,1606496.7236043834,1606909.868847289,413.14524290561195,0.0,0.9504052079195534,100.0,,,,,,,,,,,,,,,,,,,,,,,,,,,,,1,FIRST_UPWARD_CROSSING,charge_timeseries/cycle-052.csv,,,1606074.4949285414,1614463.0756830531,SOC_UPPER_BOUND_NOT_REACHED,SOC_UPPER_BOUND_NOT_REACHED,False,False,3,charge-efficiency-v1
52,virtual,60-80,60.0,80.0,60.0,80.0,100.0,NEGATIVE_PARTICLE_LITHIUM_DELTA_OVER_FROZEN_Q_REF_V1,4.853168371993805,25,20.0,W10_80_PERCENT_DISCHARGE_WINDOW,14.55,3.0000000000000004,2.9980414617312134,4.85,99.71193128904235,4.853168371993805,25,,,,0.8556363253992127,0.11503188551038226,0.1512475584117271,0.9706336743987614,,,,,-0.11505657774050662,0.11505657774050662,,,2.6349389082211492e-05,,,9.618907777472763e-05,113.43997976545636,99.99307781364584,-6.330972589896344e-05,-0.007399139566617293,0.007399139566617293,SOC_UPPER_BOUND_NOT_REACHED,1606909.868847289,1610347.3066458895,3437.4377986005898,0.2217805108165524,0.6338558145826604,74.08004963872044,,,,,,,,,,,,,,,,,,,,,,,,,,,,,1,FIRST_UPWARD_CROSSING,charge_timeseries/cycle-052.csv,,,1606074.4949285414,1614463.0756830531,SOC_UPPER_BOUND_NOT_REACHED,SOC_UPPER_BOUND_NOT_REACHED,False,False,3,charge-efficiency-v1
52,virtual,80-100,80.0,100.0,80.0,,0.0,NEGATIVE_PARTICLE_LITHIUM_DELTA_OVER_FROZEN_Q_REF_V1,4.853168371993805,25,20.0,W10_80_PERCENT_DISCHARGE_WINDOW,14.55,3.0000000000000004,2.9980414617312134,4.85,99.71193128904235,4.853168371993805,25,,,,,,,,,,,,,,,,,,,,,,,,,,,,,,,,,,,,,,,,,,,,,,,,,,,,,,,,,,,,0,FIRST_UPWARD_CROSSING,charge_timeseries/cycle-052.csv,,,1606074.4949285414,1614463.0756830531,SOC_UPPER_BOUND_NOT_REACHED,SOC_UPPER_BOUND_NOT_REACHED,False,False,3,charge-efficiency-v1
53,virtual,20-40,20.0,40.0,20.0,40.0,100.0,NEGATIVE_PARTICLE_LITHIUM_DELTA_OVER_FROZEN_Q_REF_V1,4.853168371993805,25,20.0,W10_80_PERCENT_DISCHARGE_WINDOW,14.55,3.0000000000000004,2.9980414617312134,4.85,99.71193128904235,4.853168371993805,25,,,,1.120124364895685,0.04259059188887496,0.07880626479021978,0.970633674398761,,,,,0.14950563046322288,0.0,,,8.5869308141754e-06,,,1.6773451074578172e-05,86.6540988499214,100.00133377745965,-4.030034818769401e-05,-0.0035978458687886063,0.0035978458687886063,SOC_UPPER_BOUND_NOT_REACHED,1638016.2285166802,1638441.054384566,424.82586788576424,0.05970743482974118,1.0604169300659436,94.66957092435877,,,,,,,,,,,,,,,,,,,,,,,,,,,,,1,FIRST_UPWARD_CROSSING,charge_timeseries/cycle-053.csv,,,1638016.2285166802,1646424.2317430465,SOC_UPPER_BOUND_NOT_REACHED,SOC_UPPER_BOUND_NOT_REACHED,False,False,3,charge-efficiency-v1
53,virtual,40-60,40.0,60.0,40.0,60.0,100.0,NEGATIVE_PARTICLE_LITHIUM_DELTA_OVER_FROZEN_Q_REF_V1,4.853168371993805,25,20.0,W10_80_PERCENT_DISCHARGE_WINDOW,14.55,3.0000000000000004,2.9980414617312134,4.85,99.71193128904235,4.853168371993805,25,,,,0.9499912624928438,0.07880626479021978,0.1150219376915646,0.970633674398761,,,,,-0.020686114181218185,0.020686114181218185,,,1.1091521613575215e-05,,,2.9105950671196035e-05,102.17290544880909,99.99539971818412,3.5048030161410892e-06,0.00036893002646616347,0.00036893002646616347,SOC_UPPER_BOUND_NOT_REACHED,1638441.054384566,1638856.2809643873,415.2265798215098,0.0,0.9499912624928438,100.0,,,,,,,,,,,,,,,,,,,,,,,,,,,,,1,FIRST_UPWARD_CROSSING,charge_timeseries/cycle-053.csv,,,1638016.2285166802,1646424.2317430465,SOC_UPPER_BOUND_NOT_REACHED,SOC_UPPER_BOUND_NOT_REACHED,False,False,3,charge-efficiency-v1
53,virtual,60-80,60.0,80.0,60.0,80.0,100.0,NEGATIVE_PARTICLE_LITHIUM_DELTA_OVER_FROZEN_Q_REF_V1,4.853168371993805,25,20.0,W10_80_PERCENT_DISCHARGE_WINDOW,14.55,3.0000000000000004,2.9980414617312134,4.85,99.71193128904235,4.853168371993805,25,,,,0.8544628349466622,0.1150219376915646,0.15123761059290944,0.9706336743987614,,,,,-0.1162339464366812,0.1162339464366812,,,2.6308078845638412e-05,,,9.532514918488e-05,113.5957744094687,99.99261442604629,-5.852624344848678e-05,-0.006849477947410099,0.006849477947410099,SOC_UPPER_BOUND_NOT_REACHED,1638856.2809643873,1642304.7274285466,3448.4464641592394,0.22172231821974517,0.632740516726917,74.05126248310312,,,,,,,,,,,,,,,,,,,,,,,,,,,,,1,FIRST_UPWARD_CROSSING,charge_timeseries/cycle-053.csv,,,1638016.2285166802,1646424.2317430465,SOC_UPPER_BOUND_NOT_REACHED,SOC_UPPER_BOUND_NOT_REACHED,False,False,3,charge-efficiency-v1
53,virtual,80-100,80.0,100.0,80.0,,0.0,NEGATIVE_PARTICLE_LITHIUM_DELTA_OVER_FROZEN_Q_REF_V1,4.853168371993805,25,20.0,W10_80_PERCENT_DISCHARGE_WINDOW,14.55,3.0000000000000004,2.9980414617312134,4.85,99.71193128904235,4.853168371993805,25,,,,,,,,,,,,,,,,,,,,,,,,,,,,,,,,,,,,,,,,,,,,,,,,,,,,,,,,,,,,0,FIRST_UPWARD_CROSSING,charge_timeseries/cycle-053.csv,,,1638016.2285166802,1646424.2317430465,SOC_UPPER_BOUND_NOT_REACHED,SOC_UPPER_BOUND_NOT_REACHED,False,False,3,charge-efficiency-v1
54,virtual,20-40,20.0,40.0,20.0,40.0,100.0,NEGATIVE_PARTICLE_LITHIUM_DELTA_OVER_FROZEN_Q_REF_V1,4.853168371993805,25,20.0,W10_80_PERCENT_DISCHARGE_WINDOW,14.55,3.0000000000000004,2.9980414617312134,4.85,99.71193128904235,4.853168371993805,25,,,,1.12186710718507,0.04258071307035751,0.07879638597170233,0.9706336743987607,,,,,0.15124666314987206,0.0,,,8.67489209312785e-06,,,1.6723446966737665e-05,86.51948775236166,100.00117931646966,-3.8628702622611755e-05,-0.0034432511992919432,0.0034432511992919432,SOC_UPPER_BOUND_NOT_REACHED,1669977.384737077,1670404.92119865,427.53646157307145,0.05928380213570079,1.0625833050493694,94.71561277124414,,,,,,,,,,,,,,,,,,,,,,,,,,,,,1,FIRST_UPWARD_CROSSING,charge_timeseries/cycle-054.csv,,,1669977.384737077,1678404.9818196401,SOC_UPPER_BOUND_NOT_REACHED,SOC_UPPER_BOUND_NOT_REACHED,False,False,3,charge-efficiency-v1
54,virtual,40-60,40.0,60.0,40.0,60.0,100.0,NEGATIVE_PARTICLE_LITHIUM_DELTA_OVER_FROZEN_Q_REF_V1,4.853168371993805,25,20.0,W10_80_PERCENT_DISCHARGE_WINDOW,14.55,3.0000000000000004,2.9980414617312134,4.85,99.71193128904235,4.853168371993805,25,,,,0.9495061619018017,0.07879638597170233,0.11501205887304715,0.970633674398761,,,,,-0.021158347429876295,0.021158347429876295,,,1.1165166949891024e-05,,,2.8911522201982565e-05,102.22510535946836,99.99675252945644,-9.241756234845688e-06,-0.0009733224075486804,0.0009733224075486804,SOC_UPPER_BOUND_NOT_REACHED,1670404.92119865,1670822.2969848823,417.3757862323552,0.0,0.9495061619018017,100.0,,,,,,,,,,,,,,,,,,,,,,,,,,,,,1,FIRST_UPWARD_CROSSING,charge_timeseries/cycle-054.csv,,,1669977.384737077,1678404.9818196401,SOC_UPPER_BOUND_NOT_REACHED,SOC_UPPER_BOUND_NOT_REACHED,False,False,3,charge-efficiency-v1
54,virtual,60-80,60.0,80.0,60.0,80.0,100.0,NEGATIVE_PARTICLE_LITHIUM_DELTA_OVER_FROZEN_Q_REF_V1,4.853168371993805,25,20.0,W10_80_PERCENT_DISCHARGE_WINDOW,14.55,3.0000000000000004,2.9980414617312134,4.85,99.71193128904235,4.853168371993805,25,,,,0.8531514752758302,0.11501205887304715,0.15122773177439197,0.970633674398761,,,,,-0.11754055520301515,0.11754055520301515,,,2.6291567871387835e-05,,,9.447794140186871e-05,113.77037988300353,99.99315993914615,-6.241342918877901e-05,-0.007315632803494864,0.007315632803494864,SOC_UPPER_BOUND_NOT_REACHED,1670822.2969848823,1674281.6809482423,3459.38396335995,0.22166586455163076,0.6314856107241995,74.01799434502946,,,,,,,,,,,,,,,,,,,,,,,,,,,,,1,FIRST_UPWARD_CROSSING,charge_timeseries/cycle-054.csv,,,1669977.384737077,1678404.9818196401,SOC_UPPER_BOUND_NOT_REACHED,SOC_UPPER_BOUND_NOT_REACHED,False,False,3,charge-efficiency-v1
54,virtual,80-100,80.0,100.0,80.0,,0.0,NEGATIVE_PARTICLE_LITHIUM_DELTA_OVER_FROZEN_Q_REF_V1,4.853168371993805,25,20.0,W10_80_PERCENT_DISCHARGE_WINDOW,14.55,3.0000000000000004,2.9980414617312134,4.85,99.71193128904235,4.853168371993805,25,,,,,,,,,,,,,,,,,,,,,,,,,,,,,,,,,,,,,,,,,,,,,,,,,,,,,,,,,,,,0,FIRST_UPWARD_CROSSING,charge_timeseries/cycle-054.csv,,,1669977.384737077,1678404.9818196401,SOC_UPPER_BOUND_NOT_REACHED,SOC_UPPER_BOUND_NOT_REACHED,False,False,3,charge-efficiency-v1
55,virtual,20-40,20.0,40.0,20.0,40.0,100.0,NEGATIVE_PARTICLE_LITHIUM_DELTA_OVER_FROZEN_Q_REF_V1,4.853168371993805,25,20.0,W10_80_PERCENT_DISCHARGE_WINDOW,14.55,3.0000000000000004,2.9980414617312134,4.85,99.71193128904235,4.853168371993805,25,,,,1.1233621393670554,0.04257093308652383,0.07878660598786864,0.9706336743987607,,,,,0.15275131505242992,0.0,,,8.737227582484089e-06,,,1.6670097623419644e-05,86.404342854714,100.00203407995824,-4.825740934122358e-05,-0.004295801652031252,0.004295801652031252,SOC_UPPER_BOUND_NOT_REACHED,1701958.1351634401,1702388.2274336251,430.09227018497177,0.05886610759732525,1.06449603176973,94.75982806127926,,,,,,,,,,,,,,,,,,,,,,,,,,,,,1,FIRST_UPWARD_CROSSING,charge_timeseries/cycle-055.csv,,,1701958.1351634401,1710405.2811163624,SOC_UPPER_BOUND_NOT_REACHED,SOC_UPPER_BOUND_NOT_REACHED,False,False,3,charge-efficiency-v1
55,virtual,40-60,40.0,60.0,40.0,60.0,100.0,NEGATIVE_PARTICLE_LITHIUM_DELTA_OVER_FROZEN_Q_REF_V1,4.853168371993805,25,20.0,W10_80_PERCENT_DISCHARGE_WINDOW,14.55,3.0000000000000004,2.9980414617312134,4.85,99.71193128904235,4.853168371993805,25,,,,0.9490928879778578,0.07878660598786864,0.11500227888921347,0.970633674398761,,,,,-0.021578717139784653,0.021578717139784653,,,1.1221470135064186e-05,,,2.8719148029571206e-05,102.26961835809328,99.99600347664997,-2.009899283228478e-06,-0.00021177055572619237,0.00021177055572619237,SOC_UPPER_BOUND_NOT_REACHED,1702388.2274336251,1702807.6927693614,419.4653357362454,0.0,0.9490928879778578,100.0,,,,,,,,,,,,,,,,,,,,,,,,,,,,,1,FIRST_UPWARD_CROSSING,charge_timeseries/cycle-055.csv,,,1701958.1351634401,1710405.2811163624,SOC_UPPER_BOUND_NOT_REACHED,SOC_UPPER_BOUND_NOT_REACHED,False,False,3,charge-efficiency-v1
55,virtual,60-80,60.0,80.0,60.0,80.0,100.0,NEGATIVE_PARTICLE_LITHIUM_DELTA_OVER_FROZEN_Q_REF_V1,4.853168371993805,25,20.0,W10_80_PERCENT_DISCHARGE_WINDOW,14.55,3.0000000000000004,2.9980414617312134,4.85,99.71193128904235,4.853168371993805,25,,,,0.8520250156335812,0.11500227888921347,0.15121795179055827,0.9706336743987606,,,,,-0.118666968691998,0.118666968691998,,,2.624716875933991e-05,,,9.3663009751499e-05,113.92079535094165,99.99315631281374,-6.160025169210659e-05,-0.007229864213118147,0.007229864213118147,SOC_UPPER_BOUND_NOT_REACHED,1702807.6927693614,1706278.1592471562,3470.4664777949856,0.22160921365153063,0.6304158019820506,73.9902925870389,,,,,,,,,,,,,,,,,,,,,,,,,,,,,1,FIRST_UPWARD_CROSSING,charge_timeseries/cycle-055.csv,,,1701958.1351634401,1710405.2811163624,SOC_UPPER_BOUND_NOT_REACHED,SOC_UPPER_BOUND_NOT_REACHED,False,False,3,charge-efficiency-v1
55,virtual,80-100,80.0,100.0,80.0,,0.0,NEGATIVE_PARTICLE_LITHIUM_DELTA_OVER_FROZEN_Q_REF_V1,4.853168371993805,25,20.0,W10_80_PERCENT_DISCHARGE_WINDOW,14.55,3.0000000000000004,2.9980414617312134,4.85,99.71193128904235,4.853168371993805,25,,,,,,,,,,,,,,,,,,,,,,,,,,,,,,,,,,,,,,,,,,,,,,,,,,,,,,,,,,,,0,FIRST_UPWARD_CROSSING,charge_timeseries/cycle-055.csv,,,1701958.1351634401,1710405.2811163624,SOC_UPPER_BOUND_NOT_REACHED,SOC_UPPER_BOUND_NOT_REACHED,False,False,3,charge-efficiency-v1
56,virtual,20-40,20.0,40.0,20.0,40.0,100.0,NEGATIVE_PARTICLE_LITHIUM_DELTA_OVER_FROZEN_Q_REF_V1,4.853168371993805,25,20.0,W10_80_PERCENT_DISCHARGE_WINDOW,14.55,3.0000000000000004,2.9980414617312134,4.85,99.71193128904235,4.853168371993805,25,,,,1.1252489900819556,0.042561221068292486,0.07877689396963732,0.9706336743987611,,,,,0.15463516337462999,0.0,,,8.841596244629941e-06,,,1.663088526594747e-05,86.25945750265164,100.00176384885572,-4.5320172946228254e-05,-0.004027568417806573,0.004027568417806573,SOC_UPPER_BOUND_NOT_REACHED,1733958.4345632466,1734391.3572617383,432.9226984918095,0.05845391901531605,1.0667950710666394,94.80524581399013,,,,,,,,,,,,,,,,,,,,,,,,,,,,,1,FIRST_UPWARD_CROSSING,charge_timeseries/cycle-056.csv,,,1733958.4345632466,1742425.2486105887,SOC_UPPER_BOUND_NOT_REACHED,SOC_UPPER_BOUND_NOT_REACHED,False,False,3,charge-efficiency-v1
56,virtual,40-60,40.0,60.0,40.0,60.0,100.0,NEGATIVE_PARTICLE_LITHIUM_DELTA_OVER_FROZEN_Q_REF_V1,4.853168371993805,25,20.0,W10_80_PERCENT_DISCHARGE_WINDOW,14.55,3.0000000000000004,2.9980414617312134,4.85,99.71193128904235,4.853168371993805,25,,,,0.94857127213145,0.07877689396963732,0.11499256687098212,0.9706336743987606,,,,,-0.022091148337175792,0.022091148337175792,,,1.1307933236929038e-05,,,2.8540230573748104e-05,102.32585604429451,99.99696954032767,-1.1102093945392078e-05,-0.0011704016631713453,0.0011704016631713453,SOC_UPPER_BOUND_NOT_REACHED,1734391.3572617383,1734813.0335282546,421.67626651631343,0.0,0.94857127213145,100.0,,,,,,,,,,,,,,,,,,,,,,,,,,,,,1,FIRST_UPWARD_CROSSING,charge_timeseries/cycle-056.csv,,,1733958.4345632466,1742425.2486105887,SOC_UPPER_BOUND_NOT_REACHED,SOC_UPPER_BOUND_NOT_REACHED,False,False,3,charge-efficiency-v1
56,virtual,60-80,60.0,80.0,60.0,80.0,100.0,NEGATIVE_PARTICLE_LITHIUM_DELTA_OVER_FROZEN_Q_REF_V1,4.853168371993805,25,20.0,W10_80_PERCENT_DISCHARGE_WINDOW,14.55,3.0000000000000004,2.9980414617312134,4.85,99.71193128904235,4.853168371993805,25,,,,0.8506249641124379,0.11499256687098212,0.15120823977232695,0.970633674398761,,,,,-0.12007343065884987,0.12007343065884987,,,2.6252325624833567e-05,,,9.285704024411534e-05,114.10829864504893,99.99239143273977,-5.4388993342091574e-05,-0.00639400389557604,0.00639400389557604,SOC_UPPER_BOUND_NOT_REACHED,1734813.0335282546,1738294.2640202905,3481.2304920356764,0.22155766555032314,0.6290672985621149,73.95354299511988,,,,,,,,,,,,,,,,,,,,,,,,,,,,,1,FIRST_UPWARD_CROSSING,charge_timeseries/cycle-056.csv,,,1733958.4345632466,1742425.2486105887,SOC_UPPER_BOUND_NOT_REACHED,SOC_UPPER_BOUND_NOT_REACHED,False,False,3,charge-efficiency-v1
56,virtual,80-100,80.0,100.0,80.0,,0.0,NEGATIVE_PARTICLE_LITHIUM_DELTA_OVER_FROZEN_Q_REF_V1,4.853168371993805,25,20.0,W10_80_PERCENT_DISCHARGE_WINDOW,14.55,3.0000000000000004,2.9980414617312134,4.85,99.71193128904235,4.853168371993805,25,,,,,,,,,,,,,,,,,,,,,,,,,,,,,,,,,,,,,,,,,,,,,,,,,,,,,,,,,,,,0,FIRST_UPWARD_CROSSING,charge_timeseries/cycle-056.csv,,,1733958.4345632466,1742425.2486105887,SOC_UPPER_BOUND_NOT_REACHED,SOC_UPPER_BOUND_NOT_REACHED,False,False,3,charge-efficiency-v1
57,virtual,20-40,20.0,40.0,20.0,40.0,100.0,NEGATIVE_PARTICLE_LITHIUM_DELTA_OVER_FROZEN_Q_REF_V1,4.853168371993805,25,20.0,W10_80_PERCENT_DISCHARGE_WINDOW,14.55,3.0000000000000004,2.9980414617312134,4.85,99.71193128904235,4.853168371993805,25,,,,1.1266215395248278,0.04255159583436704,0.07876726873571187,0.9706336743987611,,,,,0.15600036781842735,0.0,,,8.89704530928747e-06,,,1.6579433133281918e-05,86.15436864522782,100.00110975087215,-3.797917080339275e-05,-0.003371067343467543,0.003371067343467543,SOC_UPPER_BOUND_NOT_REACHED,1765978.4017381682,1766413.8395175585,435.43777939032196,0.058047195710067875,1.06857434381476,94.84767566803754,,,,,,,,,,,,,,,,,,,,,,,,,,,,,1,FIRST_UPWARD_CROSSING,charge_timeseries/cycle-057.csv,,,1765978.4017381682,1774464.7576695557,SOC_UPPER_BOUND_NOT_REACHED,SOC_UPPER_BOUND_NOT_REACHED,False,False,3,charge-efficiency-v1
57,virtual,40-60,40.0,60.0,40.0,60.0,100.0,NEGATIVE_PARTICLE_LITHIUM_DELTA_OVER_FROZEN_Q_REF_V1,4.853168371993805,25,20.0,W10_80_PERCENT_DISCHARGE_WINDOW,14.55,3.0000000000000004,2.9980414617312134,4.85,99.71193128904235,4.853168371993805,25,,,,0.9481815567571632,0.07876726873571187,0.11498294163705668,0.9706336743987606,,,,,-0.022485315623274632,0.022485315623274632,,,1.1354808681479298e-05,,,2.8357429818312574e-05,102.36791334756447,99.99649877373794,-6.5142568226317366e-06,-0.0006870263164483898,0.0006870263164483898,SOC_UPPER_BOUND_NOT_REACHED,1766413.8395175585,1766837.560750212,423.72123265362137,0.0,0.9481815567571632,100.0,,,,,,,,,,,,,,,,,,,,,,,,,,,,,1,FIRST_UPWARD_CROSSING,charge_timeseries/cycle-057.csv,,,1765978.4017381682,1774464.7576695557,SOC_UPPER_BOUND_NOT_REACHED,SOC_UPPER_BOUND_NOT_REACHED,False,False,3,charge-efficiency-v1
57,virtual,60-80,60.0,80.0,60.0,80.0,100.0,NEGATIVE_PARTICLE_LITHIUM_DELTA_OVER_FROZEN_Q_REF_V1,4.853168371993805,25,20.0,W10_80_PERCENT_DISCHARGE_WINDOW,14.55,3.0000000000000004,2.9980414617312134,4.85,99.71193128904235,4.853168371993805,25,,,,0.8496023055875664,0.11498294163705668,0.15119861453840153,0.9706336743987617,,,,,-0.12108896543482238,0.12108896543482238,,,2.6194431375122472e-05,,,9.209270086826815e-05,114.2456497605068,99.99322075478746,-6.0690508616234595e-05,-0.007143402062010927,0.007143402062010927,SOC_UPPER_BOUND_NOT_REACHED,1766837.560750212,1770329.8903835602,3492.3296333480266,0.2215020875516218,0.6281002180359446,73.9287327618025,,,,,,,,,,,,,,,,,,,,,,,,,,,,,1,FIRST_UPWARD_CROSSING,charge_timeseries/cycle-057.csv,,,1765978.4017381682,1774464.7576695557,SOC_UPPER_BOUND_NOT_REACHED,SOC_UPPER_BOUND_NOT_REACHED,False,False,3,charge-efficiency-v1
57,virtual,80-100,80.0,100.0,80.0,,0.0,NEGATIVE_PARTICLE_LITHIUM_DELTA_OVER_FROZEN_Q_REF_V1,4.853168371993805,25,20.0,W10_80_PERCENT_DISCHARGE_WINDOW,14.55,3.0000000000000004,2.9980414617312134,4.85,99.71193128904235,4.853168371993805,25,,,,,,,,,,,,,,,,,,,,,,,,,,,,,,,,,,,,,,,,,,,,,,,,,,,,,,,,,,,,0,FIRST_UPWARD_CROSSING,charge_timeseries/cycle-057.csv,,,1765978.4017381682,1774464.7576695557,SOC_UPPER_BOUND_NOT_REACHED,SOC_UPPER_BOUND_NOT_REACHED,False,False,3,charge-efficiency-v1
58,virtual,20-40,20.0,40.0,20.0,40.0,100.0,NEGATIVE_PARTICLE_LITHIUM_DELTA_OVER_FROZEN_Q_REF_V1,4.853168371993805,25,20.0,W10_80_PERCENT_DISCHARGE_WINDOW,14.55,3.0000000000000004,2.9980414617312134,4.85,99.71193128904235,4.853168371993805,25,,,,1.1279679090147399,0.04254202470378202,0.07875769760512684,0.9706336743987607,,,,,0.15734635427028582,0.0,,,8.950558735384105e-06,,,1.6530097972103364e-05,86.0515327290288,100.00107446800655,-3.760031101407435e-05,-0.0033334557405021886,0.0033334557405021886,SOC_UPPER_BOUND_NOT_REACHED,1798017.9106551516,1798455.8606958536,437.9500407021087,0.05764587321476602,1.0703220357999739,94.88940485327116,,,,,,,,,,,,,,,,,,,,,,,,,,,,,1,FIRST_UPWARD_CROSSING,charge_timeseries/cycle-058.csv,,,1798017.9106551516,1806523.9530288782,SOC_UPPER_BOUND_NOT_REACHED,SOC_UPPER_BOUND_NOT_REACHED,False,False,3,charge-efficiency-v1
58,virtual,40-60,40.0,60.0,40.0,60.0,100.0,NEGATIVE_PARTICLE_LITHIUM_DELTA_OVER_FROZEN_Q_REF_V1,4.853168371993805,25,20.0,W10_80_PERCENT_DISCHARGE_WINDOW,14.55,3.0000000000000004,2.9980414617312134,4.85,99.71193128904235,4.853168371993805,25,,,,0.9478144826821987,0.07875769760512684,0.11497337050647168,0.9706336743987614,,,,,-0.022879121288114063,0.022879121288114063,,,1.1401648965299327e-05,,,2.817948974984108e-05,102.40755887713249,99.99367707788323,2.034843283627019e-05,0.0021468792899942426,0.0021468792899942426,SOC_UPPER_BOUND_NOT_REACHED,1798455.8606958536,1798881.6497563687,425.7890605150013,0.0,0.9478144826821987,100.0,,,,,,,,,,,,,,,,,,,,,,,,,,,,,1,FIRST_UPWARD_CROSSING,charge_timeseries/cycle-058.csv,,,1798017.9106551516,1806523.9530288782,SOC_UPPER_BOUND_NOT_REACHED,SOC_UPPER_BOUND_NOT_REACHED,False,False,3,charge-efficiency-v1
58,virtual,60-80,60.0,80.0,60.0,80.0,100.0,NEGATIVE_PARTICLE_LITHIUM_DELTA_OVER_FROZEN_Q_REF_V1,4.853168371993805,25,20.0,W10_80_PERCENT_DISCHARGE_WINDOW,14.55,3.0000000000000004,2.9980414617312134,4.85,99.71193128904235,4.853168371993805,25,,,,0.8486046411216751,0.11497337050647168,0.1511890434078165,0.970633674398761,,,,,-0.12208600796396485,0.12208600796396485,,,2.6136544574654856e-05,,,9.134813511246787e-05,114.37996298438686,99.9932860740894,-6.050999280815539e-05,-0.007130528148912081,0.007130528148912081,SOC_UPPER_BOUND_NOT_REACHED,1798881.6497563687,1802385.1237666572,3503.474010288596,0.2214472330634719,0.6271574080582032,73.90454608275937,,,,,,,,,,,,,,,,,,,,,,,,,,,,,1,FIRST_UPWARD_CROSSING,charge_timeseries/cycle-058.csv,,,1798017.9106551516,1806523.9530288782,SOC_UPPER_BOUND_NOT_REACHED,SOC_UPPER_BOUND_NOT_REACHED,False,False,3,charge-efficiency-v1
58,virtual,80-100,80.0,100.0,80.0,,0.0,NEGATIVE_PARTICLE_LITHIUM_DELTA_OVER_FROZEN_Q_REF_V1,4.853168371993805,25,20.0,W10_80_PERCENT_DISCHARGE_WINDOW,14.55,3.0000000000000004,2.9980414617312134,4.85,99.71193128904235,4.853168371993805,25,,,,,,,,,,,,,,,,,,,,,,,,,,,,,,,,,,,,,,,,,,,,,,,,,,,,,,,,,,,,0,FIRST_UPWARD_CROSSING,charge_timeseries/cycle-058.csv,,,1798017.9106551516,1806523.9530288782,SOC_UPPER_BOUND_NOT_REACHED,SOC_UPPER_BOUND_NOT_REACHED,False,False,3,charge-efficiency-v1
59,virtual,20-40,20.0,40.0,20.0,40.0,100.0,NEGATIVE_PARTICLE_LITHIUM_DELTA_OVER_FROZEN_Q_REF_V1,4.853168371993805,25,20.0,W10_80_PERCENT_DISCHARGE_WINDOW,14.55,3.0000000000000004,2.9980414617312134,4.85,99.71193128904235,4.853168371993805,25,,,,1.1292250195469193,0.042532550989836014,0.07874822389118084,0.9706336743987611,,,,,0.15860889415815468,0.0,,,9.003960043570298e-06,,,1.6481499928833188e-05,85.95573580084242,100.0015540755556,-4.3034469968894484e-05,-0.0038109738293047447,0.0038109738293047447,SOC_UPPER_BOUND_NOT_REACHED,1830077.1062373067,1830517.548427312,440.4421900051037,0.057249859976091506,1.0719751595708278,94.93016369766036,,,,,,,,,,,,,,,,,,,,,,,,,,,,,1,FIRST_UPWARD_CROSSING,charge_timeseries/cycle-059.csv,,,1830077.1062373067,1838602.7199325196,SOC_UPPER_BOUND_NOT_REACHED,SOC_UPPER_BOUND_NOT_REACHED,False,False,3,charge-efficiency-v1
59,virtual,40-60,40.0,60.0,40.0,60.0,100.0,NEGATIVE_PARTICLE_LITHIUM_DELTA_OVER_FROZEN_Q_REF_V1,4.853168371993805,25,20.0,W10_80_PERCENT_DISCHARGE_WINDOW,14.55,3.0000000000000004,2.9980414617312134,4.85,99.71193128904235,4.853168371993805,25,,,,0.9474246391039396,0.07874822389118084,0.11496389679252565,0.9706336743987606,,,,,-0.023252691654808116,0.023252691654808116,,,1.1442308133635323e-05,,,2.8004866804334783e-05,102.44969724629199,99.99539210210656,4.209185049175446e-06,0.0004442765023671362,0.0004442765023671362,SOC_UPPER_BOUND_NOT_REACHED,1830517.548427312,1830945.348869546,427.80044223435493,0.0,0.9474246391039396,100.0,,,,,,,,,,,,,,,,,,,,,,,,,,,,,1,FIRST_UPWARD_CROSSING,charge_timeseries/cycle-059.csv,,,1830077.1062373067,1838602.7199325196,SOC_UPPER_BOUND_NOT_REACHED,SOC_UPPER_BOUND_NOT_REACHED,False,False,3,charge-efficiency-v1
59,virtual,60-80,60.0,80.0,60.0,80.0,100.0,NEGATIVE_PARTICLE_LITHIUM_DELTA_OVER_FROZEN_Q_REF_V1,4.853168371993805,25,20.0,W10_80_PERCENT_DISCHARGE_WINDOW,14.55,3.0000000000000004,2.9980414617312134,4.85,99.71193128904235,4.853168371993805,25,,,,0.8476695230465798,0.11496389679252565,0.1511795696938705,0.9706336743987617,,,,,-0.12302096117406322,0.12302096117406322,,,2.6071131442454917e-05,,,9.062838341691859e-05,114.50614278430592,99.99329811673807,-5.988969297798796e-05,-0.007065217204311001,0.007065217204311001,SOC_UPPER_BOUND_NOT_REACHED,1830945.348869546,1834459.9599654167,3514.6110958705067,0.2213932591853936,0.6262762638611862,73.88212585611292,,,,,,,,,,,,,,,,,,,,,,,,,,,,,1,FIRST_UPWARD_CROSSING,charge_timeseries/cycle-059.csv,,,1830077.1062373067,1838602.7199325196,SOC_UPPER_BOUND_NOT_REACHED,SOC_UPPER_BOUND_NOT_REACHED,False,False,3,charge-efficiency-v1
59,virtual,80-100,80.0,100.0,80.0,,0.0,NEGATIVE_PARTICLE_LITHIUM_DELTA_OVER_FROZEN_Q_REF_V1,4.853168371993805,25,20.0,W10_80_PERCENT_DISCHARGE_WINDOW,14.55,3.0000000000000004,2.9980414617312134,4.85,99.71193128904235,4.853168371993805,25,,,,,,,,,,,,,,,,,,,,,,,,,,,,,,,,,,,,,,,,,,,,,,,,,,,,,,,,,,,,0,FIRST_UPWARD_CROSSING,charge_timeseries/cycle-059.csv,,,1830077.1062373067,1838602.7199325196,SOC_UPPER_BOUND_NOT_REACHED,SOC_UPPER_BOUND_NOT_REACHED,False,False,3,charge-efficiency-v1
60,virtual,20-40,20.0,40.0,20.0,40.0,100.0,NEGATIVE_PARTICLE_LITHIUM_DELTA_OVER_FROZEN_Q_REF_V1,4.853168371993805,25,20.0,W10_80_PERCENT_DISCHARGE_WINDOW,14.55,3.0000000000000004,2.9980414617312134,4.85,99.71193128904235,4.853168371993805,25,,,,1.1321489398199094,0.04252311560498228,0.07873878850632711,0.9706336743987611,,,,,0.1615288121575298,0.0,,,9.186125740559895e-06,,,1.647986641577226e-05,85.73374405607443,100.001196550728,-3.921272853779634e-05,-0.0034635662463309725,0.0034635662463309725,SOC_UPPER_BOUND_NOT_REACHED,1862155.873823063,1862599.8291080808,443.9552850177445,0.05685914656322872,1.0752897932566807,94.9777679805739,,,,,,,,,,,,,,,,,,,,,,,,,,,,,1,FIRST_UPWARD_CROSSING,charge_timeseries/cycle-060.csv,,,1862155.873823063,1870701.689016439,SOC_UPPER_BOUND_NOT_REACHED,SOC_UPPER_BOUND_NOT_REACHED,False,False,3,charge-efficiency-v1
60,virtual,40-60,40.0,60.0,40.0,60.0,100.0,NEGATIVE_PARTICLE_LITHIUM_DELTA_OVER_FROZEN_Q_REF_V1,4.853168371993805,25,20.0,W10_80_PERCENT_DISCHARGE_WINDOW,14.55,3.0000000000000004,2.9980414617312134,4.85,99.71193128904235,4.853168371993805,25,,,,0.9466446727508097,0.07873878850632711,0.11495446140767192,0.9706336743987606,,,,,-0.02403349301000321,0.02403349301000321,,,1.161312308557965e-05,,,2.7862170045411805e-05,102.53410834481775,99.99530009904106,5.016068921226413e-06,0.0005298787460188687,0.0005298787460188687,SOC_UPPER_BOUND_NOT_REACHED,1862599.8291080808,1863030.290426441,430.4613183602153,0.0,0.9466446727508097,100.0,,,,,,,,,,,,,,,,,,,,,,,,,,,,,1,FIRST_UPWARD_CROSSING,charge_timeseries/cycle-060.csv,,,1862155.873823063,1870701.689016439,SOC_UPPER_BOUND_NOT_REACHED,SOC_UPPER_BOUND_NOT_REACHED,False,False,3,charge-efficiency-v1
60,virtual,60-80,60.0,80.0,60.0,80.0,100.0,NEGATIVE_PARTICLE_LITHIUM_DELTA_OVER_FROZEN_Q_REF_V1,4.853168371993805,25,20.0,W10_80_PERCENT_DISCHARGE_WINDOW,14.55,3.0000000000000004,2.9980414617312134,4.85,99.71193128904235,4.853168371993805,25,,,,0.8455125470417966,0.11495446140767192,0.15117013430901677,0.9706336743987617,,,,,-0.1251780013520414,0.1251780013520414,,,2.6206384067830463e-05,,,8.986071618437286e-05,114.79825790814432,99.99327342979413,-5.9193105175880945e-05,-0.0070008547339694095,0.0070008547339694095,SOC_UPPER_BOUND_NOT_REACHED,1863030.290426441,1866555.0366591592,3524.7462327182407,0.22135531537926112,0.6241572316625354,73.81998455803888,,,,,,,,,,,,,,,,,,,,,,,,,,,,,1,FIRST_UPWARD_CROSSING,charge_timeseries/cycle-060.csv,,,1862155.873823063,1870701.689016439,SOC_UPPER_BOUND_NOT_REACHED,SOC_UPPER_BOUND_NOT_REACHED,False,False,3,charge-efficiency-v1
60,virtual,80-100,80.0,100.0,80.0,,0.0,NEGATIVE_PARTICLE_LITHIUM_DELTA_OVER_FROZEN_Q_REF_V1,4.853168371993805,25,20.0,W10_80_PERCENT_DISCHARGE_WINDOW,14.55,3.0000000000000004,2.9980414617312134,4.85,99.71193128904235,4.853168371993805,25,,,,,,,,,,,,,,,,,,,,,,,,,,,,,,,,,,,,,,,,,,,,,,,,,,,,,,,,,,,,0,FIRST_UPWARD_CROSSING,charge_timeseries/cycle-060.csv,,,1862155.873823063,1870701.689016439,SOC_UPPER_BOUND_NOT_REACHED,SOC_UPPER_BOUND_NOT_REACHED,False,False,3,charge-efficiency-v1
61,virtual,20-40,20.0,40.0,20.0,40.0,100.0,NEGATIVE_PARTICLE_LITHIUM_DELTA_OVER_FROZEN_Q_REF_V1,4.853168371993805,25,20.0,W10_80_PERCENT_DISCHARGE_WINDOW,14.55,3.0000000000000004,2.9980414617312134,4.85,99.71193128904235,4.853168371993805,25,,,,1.130084053308238,0.042513750684083744,0.07872942358542857,0.9706336743987611,,,,,0.15947115347880653,0.0,,,8.989907409487005e-06,,,1.6347416746553822e-05,85.8903965202679,100.00183832072214,-4.611189348557865e-05,-0.004080395024652323,0.004080395024652323,SOC_UPPER_BOUND_NOT_REACHED,1894254.8428778118,1894699.31034706,444.46746924832985,0.05647295022093684,1.073611103087301,95.00276549734363,,,,,,,,,,,,,,,,,,,,,,,,,,,,,1,FIRST_UPWARD_CROSSING,charge_timeseries/cycle-061.csv,,,1894254.8428778118,1902819.2257040255,SOC_UPPER_BOUND_NOT_REACHED,SOC_UPPER_BOUND_NOT_REACHED,False,False,3,charge-efficiency-v1
61,virtual,40-60,40.0,60.0,40.0,60.0,100.0,NEGATIVE_PARTICLE_LITHIUM_DELTA_OVER_FROZEN_Q_REF_V1,4.853168371993805,25,20.0,W10_80_PERCENT_DISCHARGE_WINDOW,14.55,3.0000000000000004,2.9980414617312134,4.85,99.71193128904235,4.853168371993805,25,,,,0.9470679610740196,0.07872942358542857,0.11494509648677338,0.9706336743987606,,,,,-0.023603606449478065,0.023603606449478065,,,1.1398153530236405e-05,,,2.7644450466893233e-05,102.4882811258884,99.99599890120935,-1.1494792599986425e-06,-0.00012137241541727153,0.00012137241541727153,SOC_UPPER_BOUND_NOT_REACHED,1894699.31034706,1895130.5405764105,431.2302293504513,0.0,0.9470679610740196,100.0,,,,,,,,,,,,,,,,,,,,,,,,,,,,,1,FIRST_UPWARD_CROSSING,charge_timeseries/cycle-061.csv,,,1894254.8428778118,1902819.2257040255,SOC_UPPER_BOUND_NOT_REACHED,SOC_UPPER_BOUND_NOT_REACHED,False,False,3,charge-efficiency-v1
61,virtual,60-80,60.0,80.0,60.0,80.0,100.0,NEGATIVE_PARTICLE_LITHIUM_DELTA_OVER_FROZEN_Q_REF_V1,4.853168371993805,25,20.0,W10_80_PERCENT_DISCHARGE_WINDOW,14.55,3.0000000000000004,2.9980414617312134,4.85,99.71193128904235,4.853168371993805,25,,,,0.8470382460539708,0.11494509648677338,0.15116076938811823,0.9706336743987617,,,,,-0.12365132846295307,0.12365132846295307,,,2.5749830769369354e-05,,,8.930850778990362e-05,114.59148142608377,99.99340052017453,-5.915822039703755e-05,-0.0069841262390019825,0.0069841262390019825,SOC_UPPER_BOUND_NOT_REACHED,1895130.5405764105,1898668.3791643726,3537.8385879620973,0.22127327100964775,0.625764975044323,73.87682645494748,,,,,,,,,,,,,,,,,,,,,,,,,,,,,1,FIRST_UPWARD_CROSSING,charge_timeseries/cycle-061.csv,,,1894254.8428778118,1902819.2257040255,SOC_UPPER_BOUND_NOT_REACHED,SOC_UPPER_BOUND_NOT_REACHED,False,False,3,charge-efficiency-v1
61,virtual,80-100,80.0,100.0,80.0,,0.0,NEGATIVE_PARTICLE_LITHIUM_DELTA_OVER_FROZEN_Q_REF_V1,4.853168371993805,25,20.0,W10_80_PERCENT_DISCHARGE_WINDOW,14.55,3.0000000000000004,2.9980414617312134,4.85,99.71193128904235,4.853168371993805,25,,,,,,,,,,,,,,,,,,,,,,,,,,,,,,,,,,,,,,,,,,,,,,,,,,,,,,,,,,,,0,FIRST_UPWARD_CROSSING,charge_timeseries/cycle-061.csv,,,1894254.8428778118,1902819.2257040255,SOC_UPPER_BOUND_NOT_REACHED,SOC_UPPER_BOUND_NOT_REACHED,False,False,3,charge-efficiency-v1
62,virtual,20-40,20.0,40.0,20.0,40.0,100.0,NEGATIVE_PARTICLE_LITHIUM_DELTA_OVER_FROZEN_Q_REF_V1,4.853168371993805,25,20.0,W10_80_PERCENT_DISCHARGE_WINDOW,14.55,3.0000000000000004,2.9980414617312134,4.85,99.71193128904235,4.853168371993805,25,,,,1.1307987675425788,0.04250446138265522,0.07872013428400004,0.970633674398761,,,,,0.16017096776673823,0.0,,,8.994212030000344e-06,,,1.6292151125238408e-05,85.8361100364582,100.00051951090585,-3.116098607591766e-05,-0.002755661481983737,0.002755661481983737,SOC_UPPER_BOUND_NOT_REACHED,1926372.3799364604,1926818.9813745997,446.60143813942204,0.056091660121690416,1.0747071074208885,95.03964261973975,,,,,,,,,,,,,,,,,,,,,,,,,,,,,1,FIRST_UPWARD_CROSSING,charge_timeseries/cycle-062.csv,,,1926372.3799364604,1934956.1481734589,SOC_UPPER_BOUND_NOT_REACHED,SOC_UPPER_BOUND_NOT_REACHED,False,False,3,charge-efficiency-v1
62,virtual,40-60,40.0,60.0,40.0,60.0,100.0,NEGATIVE_PARTICLE_LITHIUM_DELTA_OVER_FROZEN_Q_REF_V1,4.853168371993805,25,20.0,W10_80_PERCENT_DISCHARGE_WINDOW,14.55,3.0000000000000004,2.9980414617312134,4.85,99.71193128904235,4.853168371993805,25,,,,0.9468260242568731,0.07872013428400004,0.11493580718534487,0.970633674398761,,,,,-0.023842009492479083,0.023842009492479083,,,1.139865733168488e-05,,,2.7478333723865433e-05,102.51446934621106,99.99637110200703,-4.5176404643854084e-06,-0.00047713522322447027,0.00047713522322447027,SOC_UPPER_BOUND_NOT_REACHED,1926818.9813745997,1927252.0236697278,433.0422951281229,0.0,0.9468260242568731,100.0,,,,,,,,,,,,,,,,,,,,,,,,,,,,,1,FIRST_UPWARD_CROSSING,charge_timeseries/cycle-062.csv,,,1926372.3799364604,1934956.1481734589,SOC_UPPER_BOUND_NOT_REACHED,SOC_UPPER_BOUND_NOT_REACHED,False,False,3,charge-efficiency-v1
62,virtual,60-80,60.0,80.0,60.0,80.0,100.0,NEGATIVE_PARTICLE_LITHIUM_DELTA_OVER_FROZEN_Q_REF_V1,4.853168371993805,25,20.0,W10_80_PERCENT_DISCHARGE_WINDOW,14.55,3.0000000000000004,2.9980414617312134,4.85,99.71193128904235,4.853168371993805,25,,,,0.8465227481704798,0.11493580718534487,0.15115148008668966,0.9706336743987602,,,,,-0.12416662877305151,0.12416662877305151,,,2.5627911265918915e-05,,,8.86657790658274e-05,114.66126297214237,99.99341984076726,-5.8591145560726865e-05,-0.0069213905577085915,0.0069213905577085915,SOC_UPPER_BOUND_NOT_REACHED,1927252.0236697278,1930801.2474131498,3549.223743421894,0.2212174239487066,0.6253053242217732,73.86751573695975,,,,,,,,,,,,,,,,,,,,,,,,,,,,,1,FIRST_UPWARD_CROSSING,charge_timeseries/cycle-062.csv,,,1926372.3799364604,1934956.1481734589,SOC_UPPER_BOUND_NOT_REACHED,SOC_UPPER_BOUND_NOT_REACHED,False,False,3,charge-efficiency-v1
62,virtual,80-100,80.0,100.0,80.0,,0.0,NEGATIVE_PARTICLE_LITHIUM_DELTA_OVER_FROZEN_Q_REF_V1,4.853168371993805,25,20.0,W10_80_PERCENT_DISCHARGE_WINDOW,14.55,3.0000000000000004,2.9980414617312134,4.85,99.71193128904235,4.853168371993805,25,,,,,,,,,,,,,,,,,,,,,,,,,,,,,,,,,,,,,,,,,,,,,,,,,,,,,,,,,,,,0,FIRST_UPWARD_CROSSING,charge_timeseries/cycle-062.csv,,,1926372.3799364604,1934956.1481734589,SOC_UPPER_BOUND_NOT_REACHED,SOC_UPPER_BOUND_NOT_REACHED,False,False,3,charge-efficiency-v1
63,virtual,20-40,20.0,40.0,20.0,40.0,100.0,NEGATIVE_PARTICLE_LITHIUM_DELTA_OVER_FROZEN_Q_REF_V1,4.853168371993805,25,20.0,W10_80_PERCENT_DISCHARGE_WINDOW,14.55,3.0000000000000004,2.9980414617312134,4.85,99.71193128904235,4.853168371993805,25,,,,1.1331698257799376,0.04249524434707582,0.07871091724842064,0.9706336743987607,,,,,0.16255103099330057,0.0,,,9.149755882456416e-06,,,1.628182907695286e-05,85.65650552252337,100.0013130963943,-4.031119708303166e-05,-0.0035573835594577613,0.0035573835594577613,SOC_UPPER_BOUND_NOT_REACHED,1958509.3031279712,1958959.197923984,449.89479601264503,0.055715107844140015,1.0774547179357976,95.08325172656338,,,,,,,,,,,,,,,,,,,,,,,,,,,,,1,FIRST_UPWARD_CROSSING,charge_timeseries/cycle-063.csv,,,1958509.3031279712,1967113.306043348,SOC_UPPER_BOUND_NOT_REACHED,SOC_UPPER_BOUND_NOT_REACHED,False,False,3,charge-efficiency-v1
63,virtual,40-60,40.0,60.0,40.0,60.0,100.0,NEGATIVE_PARTICLE_LITHIUM_DELTA_OVER_FROZEN_Q_REF_V1,4.853168371993805,25,20.0,W10_80_PERCENT_DISCHARGE_WINDOW,14.55,3.0000000000000004,2.9980414617312134,4.85,99.71193128904235,4.853168371993805,25,,,,0.9461665746265926,0.07871091724842064,0.11492659014976546,0.970633674398761,,,,,-0.02450079185890988,0.02450079185890988,,,1.152963221168462e-05,,,2.7338012458855143e-05,102.5859188464594,99.99643909564712,-5.175557929115726e-06,-0.0005470028288790771,0.0005470028288790771,SOC_UPPER_BOUND_NOT_REACHED,1958959.197923984,1959394.7211079346,435.52318395077174,0.0,0.9461665746265926,100.0,,,,,,,,,,,,,,,,,,,,,,,,,,,,,1,FIRST_UPWARD_CROSSING,charge_timeseries/cycle-063.csv,,,1958509.3031279712,1967113.306043348,SOC_UPPER_BOUND_NOT_REACHED,SOC_UPPER_BOUND_NOT_REACHED,False,False,3,charge-efficiency-v1
63,virtual,60-80,60.0,80.0,60.0,80.0,100.0,NEGATIVE_PARTICLE_LITHIUM_DELTA_OVER_FROZEN_Q_REF_V1,4.853168371993805,25,20.0,W10_80_PERCENT_DISCHARGE_WINDOW,14.55,3.0000000000000004,2.9980414617312134,4.85,99.71193128904235,4.853168371993805,25,,,,0.8447744339287656,0.11492659014976546,0.1511422630511103,0.9706336743987617,,,,,-0.12591488962239283,0.12591488962239283,,,2.5703521815237038e-05,,,8.796977653600935e-05,114.89856172430154,99.99341254302195,-5.802414595446059e-05,-0.006868596352355213,0.006868596352355213,SOC_UPPER_BOUND_NOT_REACHED,1959394.7211079346,1962954.385389915,3559.664281980292,0.2211781129300547,0.6235963209987109,73.81808633797915,,,,,,,,,,,,,,,,,,,,,,,,,,,,,1,FIRST_UPWARD_CROSSING,charge_timeseries/cycle-063.csv,,,1958509.3031279712,1967113.306043348,SOC_UPPER_BOUND_NOT_REACHED,SOC_UPPER_BOUND_NOT_REACHED,False,False,3,charge-efficiency-v1
63,virtual,80-100,80.0,100.0,80.0,,0.0,NEGATIVE_PARTICLE_LITHIUM_DELTA_OVER_FROZEN_Q_REF_V1,4.853168371993805,25,20.0,W10_80_PERCENT_DISCHARGE_WINDOW,14.55,3.0000000000000004,2.9980414617312134,4.85,99.71193128904235,4.853168371993805,25,,,,,,,,,,,,,,,,,,,,,,,,,,,,,,,,,,,,,,,,,,,,,,,,,,,,,,,,,,,,0,FIRST_UPWARD_CROSSING,charge_timeseries/cycle-063.csv,,,1958509.3031279712,1967113.306043348,SOC_UPPER_BOUND_NOT_REACHED,SOC_UPPER_BOUND_NOT_REACHED,False,False,3,charge-efficiency-v1
64,virtual,20-40,20.0,40.0,20.0,40.0,100.0,NEGATIVE_PARTICLE_LITHIUM_DELTA_OVER_FROZEN_Q_REF_V1,4.853168371993805,25,20.0,W10_80_PERCENT_DISCHARGE_WINDOW,14.55,3.0000000000000004,2.9980414617312134,4.85,99.71193128904235,4.853168371993805,25,,,,1.1363233891059956,0.04248609463504881,0.07870176753639363,0.970633674398761,,,,,0.16570464951821032,0.0,,,9.332071451661345e-06,,,1.6293464430328086e-05,85.41878867444669,100.00131430991554,-4.0560346857621e-05,-0.0035694369443131785,0.0035694369443131785,SOC_UPPER_BOUND_NOT_REACHED,1990666.4610287535,1991120.0274592345,453.5664304810193,0.055342713480393976,1.0809806756256017,95.1296687183448,,,,,,,,,,,,,,,,,,,,,,,,,,,,,1,FIRST_UPWARD_CROSSING,charge_timeseries/cycle-064.csv,,,1990666.4610287535,1999290.8933165732,SOC_UPPER_BOUND_NOT_REACHED,SOC_UPPER_BOUND_NOT_REACHED,False,False,3,charge-efficiency-v1
64,virtual,40-60,40.0,60.0,40.0,60.0,100.0,NEGATIVE_PARTICLE_LITHIUM_DELTA_OVER_FROZEN_Q_REF_V1,4.853168371993805,25,20.0,W10_80_PERCENT_DISCHARGE_WINDOW,14.55,3.0000000000000004,2.9980414617312134,4.85,99.71193128904235,4.853168371993805,25,,,,0.9453112560610605,0.07870176753639363,0.11491744043773845,0.970633674398761,,,,,-0.025356452744883212,0.025356452744883212,,,1.1721382099293305e-05,,,2.7214332266392582e-05,102.67873868795496,99.99639966127936,-4.9013071830028565e-06,-0.000518486070231059,0.000518486070231059,SOC_UPPER_BOUND_NOT_REACHED,1991120.0274592345,1991558.3733498151,438.34589058052643,0.0,0.9453112560610605,100.0,,,,,,,,,,,,,,,,,,,,,,,,,,,,,1,FIRST_UPWARD_CROSSING,charge_timeseries/cycle-064.csv,,,1990666.4610287535,1999290.8933165732,SOC_UPPER_BOUND_NOT_REACHED,SOC_UPPER_BOUND_NOT_REACHED,False,False,3,charge-efficiency-v1
64,virtual,60-80,60.0,80.0,60.0,80.0,100.0,NEGATIVE_PARTICLE_LITHIUM_DELTA_OVER_FROZEN_Q_REF_V1,4.853168371993805,25,20.0,W10_80_PERCENT_DISCHARGE_WINDOW,14.55,3.0000000000000004,2.9980414617312134,4.85,99.71193128904235,4.853168371993805,25,,,,0.8424663989352654,0.11491744043773845,0.15113311333908325,0.9706336743987602,,,,,-0.12822753247325064,0.12822753247325064,,,2.5868440491605936e-05,,,8.725907234141683e-05,115.21333973977794,99.99284754741173,-5.287050307711816e-05,-0.00627568092257893,0.00627568092257893,SOC_UPPER_BOUND_NOT_REACHED,1991558.3733498151,1995127.9904555073,3569.617105692289,0.22114804360140058,0.6213183553338648,73.74992713289286,,,,,,,,,,,,,,,,,,,,,,,,,,,,,1,FIRST_UPWARD_CROSSING,charge_timeseries/cycle-064.csv,,,1990666.4610287535,1999290.8933165732,SOC_UPPER_BOUND_NOT_REACHED,SOC_UPPER_BOUND_NOT_REACHED,False,False,3,charge-efficiency-v1
64,virtual,80-100,80.0,100.0,80.0,,0.0,NEGATIVE_PARTICLE_LITHIUM_DELTA_OVER_FROZEN_Q_REF_V1,4.853168371993805,25,20.0,W10_80_PERCENT_DISCHARGE_WINDOW,14.55,3.0000000000000004,2.9980414617312134,4.85,99.71193128904235,4.853168371993805,25,,,,,,,,,,,,,,,,,,,,,,,,,,,,,,,,,,,,,,,,,,,,,,,,,,,,,,,,,,,,0,FIRST_UPWARD_CROSSING,charge_timeseries/cycle-064.csv,,,1990666.4610287535,1999290.8933165732,SOC_UPPER_BOUND_NOT_REACHED,SOC_UPPER_BOUND_NOT_REACHED,False,False,3,charge-efficiency-v1
65,virtual,20-40,20.0,40.0,20.0,40.0,100.0,NEGATIVE_PARTICLE_LITHIUM_DELTA_OVER_FROZEN_Q_REF_V1,4.853168371993805,25,20.0,W10_80_PERCENT_DISCHARGE_WINDOW,14.55,3.0000000000000004,2.9980414617312134,4.85,99.71193128904235,4.853168371993805,25,,,,1.1347779710126902,0.042476979747166035,0.07869265264851086,0.970633674398761,,,,,0.16415750801284762,0.0,,,9.189354090051276e-06,,,1.6184290320700456e-05,85.53511781098071,100.00116422765122,-3.858504332932e-05,-0.003400228442475511,0.003400228442475511,SOC_UPPER_BOUND_NOT_REACHED,2022844.0482659512,2023298.4822536951,454.43398774385287,0.05497464592686115,1.079803325085829,95.15547117311407,,,,,,,,,,,,,,,,,,,,,,,,,,,,,1,FIRST_UPWARD_CROSSING,charge_timeseries/cycle-065.csv,,,2022844.0482659512,2031487.3709778446,SOC_UPPER_BOUND_NOT_REACHED,SOC_UPPER_BOUND_NOT_REACHED,False,False,3,charge-efficiency-v1
65,virtual,40-60,40.0,60.0,40.0,60.0,100.0,NEGATIVE_PARTICLE_LITHIUM_DELTA_OVER_FROZEN_Q_REF_V1,4.853168371993805,25,20.0,W10_80_PERCENT_DISCHARGE_WINDOW,14.55,3.0000000000000004,2.9980414617312134,4.85,99.71193128904235,4.853168371993805,25,,,,0.9456199213298643,0.07869265264851086,0.11490832554985568,0.970633674398761,,,,,-0.02504531522937012,0.02504531522937012,,,1.1551993687700969e-05,,,2.7023741119680533e-05,102.6452227268773,99.99666227838887,-7.013574334080452e-06,-0.0007416906281137747,0.0007416906281137747,SOC_UPPER_BOUND_NOT_REACHED,2023298.4822536951,2023737.7852414444,439.30298774937035,0.0,0.9456199213298643,100.0,,,,,,,,,,,,,,,,,,,,,,,,,,,,,1,FIRST_UPWARD_CROSSING,charge_timeseries/cycle-065.csv,,,2022844.0482659512,2031487.3709778446,SOC_UPPER_BOUND_NOT_REACHED,SOC_UPPER_BOUND_NOT_REACHED,False,False,3,charge-efficiency-v1
65,virtual,60-80,60.0,80.0,60.0,80.0,100.0,NEGATIVE_PARTICLE_LITHIUM_DELTA_OVER_FROZEN_Q_REF_V1,4.853168371993805,25,20.0,W10_80_PERCENT_DISCHARGE_WINDOW,14.55,3.0000000000000004,2.9980414617312134,4.85,99.71193128904235,4.853168371993805,25,,,,0.8436133022912146,0.11490832554985568,0.15112399845120048,0.9706336743987602,,,,,-0.12708089729933594,0.12708089729933594,,,2.549447883899887e-05,,,8.674977816586216e-05,115.05670569235505,99.99282548157717,-5.171906521461711e-05,-0.006130660229532955,0.006130660229532955,SOC_UPPER_BOUND_NOT_REACHED,2023737.7852414444,2027320.2210265785,3582.4357851340083,0.22107524212353735,0.6225380601676772,73.79424417288024,,,,,,,,,,,,,,,,,,,,,,,,,,,,,1,FIRST_UPWARD_CROSSING,charge_timeseries/cycle-065.csv,,,2022844.0482659512,2031487.3709778446,SOC_UPPER_BOUND_NOT_REACHED,SOC_UPPER_BOUND_NOT_REACHED,False,False,3,charge-efficiency-v1
65,virtual,80-100,80.0,100.0,80.0,,0.0,NEGATIVE_PARTICLE_LITHIUM_DELTA_OVER_FROZEN_Q_REF_V1,4.853168371993805,25,20.0,W10_80_PERCENT_DISCHARGE_WINDOW,14.55,3.0000000000000004,2.9980414617312134,4.85,99.71193128904235,4.853168371993805,25,,,,,,,,,,,,,,,,,,,,,,,,,,,,,,,,,,,,,,,,,,,,,,,,,,,,,,,,,,,,0,FIRST_UPWARD_CROSSING,charge_timeseries/cycle-065.csv,,,2022844.0482659512,2031487.3709778446,SOC_UPPER_BOUND_NOT_REACHED,SOC_UPPER_BOUND_NOT_REACHED,False,False,3,charge-efficiency-v1
66,virtual,20-40,20.0,40.0,20.0,40.0,100.0,NEGATIVE_PARTICLE_LITHIUM_DELTA_OVER_FROZEN_Q_REF_V1,4.853168371993805,25,20.0,W10_80_PERCENT_DISCHARGE_WINDOW,14.55,3.0000000000000004,2.9980414617312134,4.85,99.71193128904235,4.853168371993805,25,,,,1.13760835762333,0.042467929020862244,0.07868360192220707,0.970633674398761,,,,,0.1669812014696599,0.0,,,9.36457021005841e-06,,,1.6192392569600034e-05,85.32230515839305,100.00057297795391,-3.207520787085194e-05,-0.0028195299072751945,0.0028195299072751945,SOC_UPPER_BOUND_NOT_REACHED,2055040.5258347972,2055498.5267262403,458.00089144301785,0.05461071014562162,1.0829976474777083,95.19951574022247,,,,,,,,,,,,,,,,,,,,,,,,,,,,,1,FIRST_UPWARD_CROSSING,charge_timeseries/cycle-066.csv,,,2055040.5258347972,2063704.2423855087,SOC_UPPER_BOUND_NOT_REACHED,SOC_UPPER_BOUND_NOT_REACHED,False,False,3,charge-efficiency-v1
66,virtual,40-60,40.0,60.0,40.0,60.0,100.0,NEGATIVE_PARTICLE_LITHIUM_DELTA_OVER_FROZEN_Q_REF_V1,4.853168371993805,25,20.0,W10_80_PERCENT_DISCHARGE_WINDOW,14.55,3.0000000000000004,2.9980414617312134,4.85,99.71193128904235,4.853168371993805,25,,,,0.944854482636551,0.07868360192220707,0.11489927482355189,0.970633674398761,,,,,-0.02582687171956924,0.02582687171956924,,,1.1719114360388659e-05,,,2.6903901636815553e-05,102.72837693379778,99.99495372480786,9.05694136199564e-06,0.0009585540978461438,0.0009585540978461438,SOC_UPPER_BOUND_NOT_REACHED,2055498.5267262403,2055940.5348424753,442.00811623519144,0.0,0.944854482636551,100.0,,,,,,,,,,,,,,,,,,,,,,,,,,,,,1,FIRST_UPWARD_CROSSING,charge_timeseries/cycle-066.csv,,,2055040.5258347972,2063704.2423855087,SOC_UPPER_BOUND_NOT_REACHED,SOC_UPPER_BOUND_NOT_REACHED,False,False,3,charge-efficiency-v1
66,virtual,60-80,60.0,80.0,60.0,80.0,100.0,NEGATIVE_PARTICLE_LITHIUM_DELTA_OVER_FROZEN_Q_REF_V1,4.853168371993805,25,20.0,W10_80_PERCENT_DISCHARGE_WINDOW,14.55,3.0000000000000004,2.9980414617312134,4.85,99.71193128904235,4.853168371993805,25,,,,0.8415456121881728,0.11489927482355189,0.1511149477248967,0.9706336743987606,,,,,-0.12914299043623603,0.12914299043623603,,,2.562252192704704e-05,,,8.608325907366599e-05,115.33940173188417,99.99347293541162,-5.677755535249407e-05,-0.006746818536057959,0.006746818536057959,SOC_UPPER_BOUND_NOT_REACHED,2055940.5348424753,2059533.0303635655,3592.4955210901167,0.221043837432069,0.6205017747561038,73.73358802771077,,,,,,,,,,,,,,,,,,,,,,,,,,,,,1,FIRST_UPWARD_CROSSING,charge_timeseries/cycle-066.csv,,,2055040.5258347972,2063704.2423855087,SOC_UPPER_BOUND_NOT_REACHED,SOC_UPPER_BOUND_NOT_REACHED,False,False,3,charge-efficiency-v1
66,virtual,80-100,80.0,100.0,80.0,,0.0,NEGATIVE_PARTICLE_LITHIUM_DELTA_OVER_FROZEN_Q_REF_V1,4.853168371993805,25,20.0,W10_80_PERCENT_DISCHARGE_WINDOW,14.55,3.0000000000000004,2.9980414617312134,4.85,99.71193128904235,4.853168371993805,25,,,,,,,,,,,,,,,,,,,,,,,,,,,,,,,,,,,,,,,,,,,,,,,,,,,,,,,,,,,,0,FIRST_UPWARD_CROSSING,charge_timeseries/cycle-066.csv,,,2055040.5258347972,2063704.2423855087,SOC_UPPER_BOUND_NOT_REACHED,SOC_UPPER_BOUND_NOT_REACHED,False,False,3,charge-efficiency-v1
67,virtual,20-40,20.0,40.0,20.0,40.0,100.0,NEGATIVE_PARTICLE_LITHIUM_DELTA_OVER_FROZEN_Q_REF_V1,4.853168371993805,25,20.0,W10_80_PERCENT_DISCHARGE_WINDOW,14.55,3.0000000000000004,2.9980414617312134,4.85,99.71193128904235,4.853168371993805,25,,,,1.1375743400476197,0.04245894063625164,0.07867461353759646,0.9706336743987607,,,,,0.16695304368489852,0.0,,,9.328893331651995e-06,,,1.6127094759635363e-05,85.32485660305323,100.0010881078804,-3.7834024130711796e-05,-0.0033258506981731,0.0033258506981731,SOC_UPPER_BOUND_NOT_REACHED,2087257.397509654,2087717.199442701,459.8019330470121,0.054250982863975034,1.0833233571836447,95.23099449819658,,,,,,,,,,,,,,,,,,,,,,,,,,,,,1,FIRST_UPWARD_CROSSING,charge_timeseries/cycle-067.csv,,,2087257.397509654,2095940.5906717244,SOC_UPPER_BOUND_NOT_REACHED,SOC_UPPER_BOUND_NOT_REACHED,False,False,3,charge-efficiency-v1
67,virtual,40-60,40.0,60.0,40.0,60.0,100.0,NEGATIVE_PARTICLE_LITHIUM_DELTA_OVER_FROZEN_Q_REF_V1,4.853168371993805,25,20.0,W10_80_PERCENT_DISCHARGE_WINDOW,14.55,3.0000000000000004,2.9980414617312134,4.85,99.71193128904235,4.853168371993805,25,,,,0.944784371086045,0.07867461353759646,0.1148902864389413,0.9706336743987614,,,,,-0.025894968761612402,0.025894968761612402,,,1.1669025168894488e-05,,,2.6743717249769206e-05,102.73600030904429,99.99516657448054,7.252706477278714e-06,0.0007676573299938916,0.0007676573299938916,SOC_UPPER_BOUND_NOT_REACHED,2087717.199442701,2088160.7873742762,443.58793157509444,0.0,0.944784371086045,100.0,,,,,,,,,,,,,,,,,,,,,,,,,,,,,1,FIRST_UPWARD_CROSSING,charge_timeseries/cycle-067.csv,,,2087257.397509654,2095940.5906717244,SOC_UPPER_BOUND_NOT_REACHED,SOC_UPPER_BOUND_NOT_REACHED,False,False,3,charge-efficiency-v1
67,virtual,60-80,60.0,80.0,60.0,80.0,100.0,NEGATIVE_PARTICLE_LITHIUM_DELTA_OVER_FROZEN_Q_REF_V1,4.853168371993805,25,20.0,W10_80_PERCENT_DISCHARGE_WINDOW,14.55,3.0000000000000004,2.9980414617312134,4.85,99.71193128904235,4.853168371993805,25,,,,0.8415772838062154,0.1148902864389413,0.1511059593402861,0.9706336743987602,,,,,-0.1291109312182665,0.1291109312182665,,,2.5429743957749995e-05,,,8.554113901768079e-05,115.33506109015435,99.99351923741631,-5.643025725365902e-05,-0.006705297105744225,0.006705297105744225,SOC_UPPER_BOUND_NOT_REACHED,2088160.7873742762,2091765.1533037478,3604.365929471573,0.2209880985567909,0.6205891852494245,73.74119967243836,,,,,,,,,,,,,,,,,,,,,,,,,,,,,1,FIRST_UPWARD_CROSSING,charge_timeseries/cycle-067.csv,,,2087257.397509654,2095940.5906717244,SOC_UPPER_BOUND_NOT_REACHED,SOC_UPPER_BOUND_NOT_REACHED,False,False,3,charge-efficiency-v1
67,virtual,80-100,80.0,100.0,80.0,,0.0,NEGATIVE_PARTICLE_LITHIUM_DELTA_OVER_FROZEN_Q_REF_V1,4.853168371993805,25,20.0,W10_80_PERCENT_DISCHARGE_WINDOW,14.55,3.0000000000000004,2.9980414617312134,4.85,99.71193128904235,4.853168371993805,25,,,,,,,,,,,,,,,,,,,,,,,,,,,,,,,,,,,,,,,,,,,,,,,,,,,,,,,,,,,,0,FIRST_UPWARD_CROSSING,charge_timeseries/cycle-067.csv,,,2087257.397509654,2095940.5906717244,SOC_UPPER_BOUND_NOT_REACHED,SOC_UPPER_BOUND_NOT_REACHED,False,False,3,charge-efficiency-v1
68,virtual,20-40,20.0,40.0,20.0,40.0,100.0,NEGATIVE_PARTICLE_LITHIUM_DELTA_OVER_FROZEN_Q_REF_V1,4.853168371993805,25,20.0,W10_80_PERCENT_DISCHARGE_WINDOW,14.55,3.0000000000000004,2.9980414617312134,4.85,99.71193128904235,4.853168371993805,25,,,,1.140290249158148,0.042450004515009125,0.07866567741635395,0.9706336743987611,,,,,0.16967959743542538,0.0,,,9.502055055690684e-06,,,1.6137168659002832e-05,85.12163241905817,100.0020190189345,-4.866189975349933e-05,-0.004267501172567719,0.004267501172567719,SOC_UPPER_BOUND_NOT_REACHED,2119493.7458390025,2119957.1047370373,463.35889803475703,0.05389510660389027,1.0863951425542577,95.27356244222209,,,,,,,,,,,,,,,,,,,,,,,,,,,,,1,FIRST_UPWARD_CROSSING,charge_timeseries/cycle-068.csv,,,2119493.7458390025,2128197.360457015,SOC_UPPER_BOUND_NOT_REACHED,SOC_UPPER_BOUND_NOT_REACHED,False,False,3,charge-efficiency-v1
68,virtual,40-60,40.0,60.0,40.0,60.0,100.0,NEGATIVE_PARTICLE_LITHIUM_DELTA_OVER_FROZEN_Q_REF_V1,4.853168371993805,25,20.0,W10_80_PERCENT_DISCHARGE_WINDOW,14.55,3.0000000000000004,2.9980414617312134,4.85,99.71193128904235,4.853168371993805,25,,,,0.9439974568212759,0.07866567741635395,0.11488135031769876,0.9706336743987606,,,,,-0.026660672526637896,0.026660672526637896,,,1.182947150064461e-05,,,2.6628689670585293e-05,102.82164081958196,99.9974094263733,-1.4003212018054434e-05,-0.0014833950999409969,0.0014833950999409969,SOC_UPPER_BOUND_NOT_REACHED,2119957.1047370373,2120403.3676309534,446.2628939160076,0.0,0.9439974568212759,100.0,,,,,,,,,,,,,,,,,,,,,,,,,,,,,1,FIRST_UPWARD_CROSSING,charge_timeseries/cycle-068.csv,,,2119493.7458390025,2128197.360457015,SOC_UPPER_BOUND_NOT_REACHED,SOC_UPPER_BOUND_NOT_REACHED,False,False,3,charge-efficiency-v1
68,virtual,60-80,60.0,80.0,60.0,80.0,100.0,NEGATIVE_PARTICLE_LITHIUM_DELTA_OVER_FROZEN_Q_REF_V1,4.853168371993805,25,20.0,W10_80_PERCENT_DISCHARGE_WINDOW,14.55,3.0000000000000004,2.9980414617312134,4.85,99.71193128904235,4.853168371993805,25,,,,0.8396049476285816,0.11488135031769876,0.1510970232190436,0.9706336743987617,,,,,-0.1310935580460197,0.1310935580460197,,,2.5546843812075323e-05,,,8.490759094262335e-05,115.6059974563351,99.99227835948054,-4.562315891509794e-05,-0.005433884000321587,0.005433884000321587,SOC_UPPER_BOUND_NOT_REACHED,2120403.3676309534,2124017.82824665,3614.46061569656,0.22095817637556744,0.6186467712530141,73.68307833348865,,,,,,,,,,,,,,,,,,,,,,,,,,,,,1,FIRST_UPWARD_CROSSING,charge_timeseries/cycle-068.csv,,,2119493.7458390025,2128197.360457015,SOC_UPPER_BOUND_NOT_REACHED,SOC_UPPER_BOUND_NOT_REACHED,False,False,3,charge-efficiency-v1
68,virtual,80-100,80.0,100.0,80.0,,0.0,NEGATIVE_PARTICLE_LITHIUM_DELTA_OVER_FROZEN_Q_REF_V1,4.853168371993805,25,20.0,W10_80_PERCENT_DISCHARGE_WINDOW,14.55,3.0000000000000004,2.9980414617312134,4.85,99.71193128904235,4.853168371993805,25,,,,,,,,,,,,,,,,,,,,,,,,,,,,,,,,,,,,,,,,,,,,,,,,,,,,,,,,,,,,0,FIRST_UPWARD_CROSSING,charge_timeseries/cycle-068.csv,,,2119493.7458390025,2128197.360457015,SOC_UPPER_BOUND_NOT_REACHED,SOC_UPPER_BOUND_NOT_REACHED,False,False,3,charge-efficiency-v1
69,virtual,20-40,20.0,40.0,20.0,40.0,100.0,NEGATIVE_PARTICLE_LITHIUM_DELTA_OVER_FROZEN_Q_REF_V1,4.853168371993805,25,20.0,W10_80_PERCENT_DISCHARGE_WINDOW,14.55,3.0000000000000004,2.9980414617312134,4.85,99.71193128904235,4.853168371993805,25,,,,1.1407189772043131,0.04244110639437156,0.07865677929571638,0.9706336743987607,,,,,0.17009785148855328,0.0,,,9.495678356167235e-06,,,1.608616891483894e-05,85.08964028788235,100.00110006787399,-3.8130530271685004e-05,-0.003342675192897705,0.003342675192897705,SOC_UPPER_BOUND_NOT_REACHED,2151750.5155830043,2152215.967771958,465.45218895376405,0.05354300224174389,1.0871759749625693,95.30620570782756,,,,,,,,,,,,,,,,,,,,,,,,,,,,,1,FIRST_UPWARD_CROSSING,charge_timeseries/cycle-069.csv,,,2151750.5155830043,2160473.8826119653,SOC_UPPER_BOUND_NOT_REACHED,SOC_UPPER_BOUND_NOT_REACHED,False,False,3,charge-efficiency-v1
69,virtual,40-60,40.0,60.0,40.0,60.0,100.0,NEGATIVE_PARTICLE_LITHIUM_DELTA_OVER_FROZEN_Q_REF_V1,4.853168371993805,25,20.0,W10_80_PERCENT_DISCHARGE_WINDOW,14.55,3.0000000000000004,2.9980414617312134,4.85,99.71193128904235,4.853168371993805,25,,,,0.943850143707225,0.07865677929571638,0.11487245219706121,0.9706336743987614,,,,,-0.026847517381551056,0.026847517381551056,,,1.1815686810035149e-05,,,2.648270767842409e-05,102.83768889268129,99.99322067274754,2.568829552607177e-05,0.002721649797622967,0.002721649797622967,SOC_UPPER_BOUND_NOT_REACHED,2152215.967771958,2152664.0302969525,448.06252499422175,0.0,0.943850143707225,100.0,,,,,,,,,,,,,,,,,,,,,,,,,,,,,1,FIRST_UPWARD_CROSSING,charge_timeseries/cycle-069.csv,,,2151750.5155830043,2160473.8826119653,SOC_UPPER_BOUND_NOT_REACHED,SOC_UPPER_BOUND_NOT_REACHED,False,False,3,charge-efficiency-v1
69,virtual,60-80,60.0,80.0,60.0,80.0,100.0,NEGATIVE_PARTICLE_LITHIUM_DELTA_OVER_FROZEN_Q_REF_V1,4.853168371993805,25,20.0,W10_80_PERCENT_DISCHARGE_WINDOW,14.55,3.0000000000000004,2.9980414617312134,4.85,99.71193128904235,4.853168371993805,25,,,,0.8393185533299398,0.11487245219706121,0.15108812509840602,0.9706336743987606,,,,,-0.13138182527219908,0.13138182527219908,,,2.5408536123847775e-05,,,8.437341113042007e-05,115.64544481327583,99.99205257609121,-4.3077743876018815e-05,-0.005132466535513932,0.005132466535513932,SOC_UPPER_BOUND_NOT_REACHED,2152664.0302969525,2156290.1018855707,3626.0715886183307,0.2209085907963747,0.6184099625335651,73.68000624793355,,,,,,,,,,,,,,,,,,,,,,,,,,,,,1,FIRST_UPWARD_CROSSING,charge_timeseries/cycle-069.csv,,,2151750.5155830043,2160473.8826119653,SOC_UPPER_BOUND_NOT_REACHED,SOC_UPPER_BOUND_NOT_REACHED,False,False,3,charge-efficiency-v1
69,virtual,80-100,80.0,100.0,80.0,,0.0,NEGATIVE_PARTICLE_LITHIUM_DELTA_OVER_FROZEN_Q_REF_V1,4.853168371993805,25,20.0,W10_80_PERCENT_DISCHARGE_WINDOW,14.55,3.0000000000000004,2.9980414617312134,4.85,99.71193128904235,4.853168371993805,25,,,,,,,,,,,,,,,,,,,,,,,,,,,,,,,,,,,,,,,,,,,,,,,,,,,,,,,,,,,,0,FIRST_UPWARD_CROSSING,charge_timeseries/cycle-069.csv,,,2151750.5155830043,2160473.8826119653,SOC_UPPER_BOUND_NOT_REACHED,SOC_UPPER_BOUND_NOT_REACHED,False,False,3,charge-efficiency-v1
70,virtual,20-40,20.0,40.0,20.0,40.0,100.0,NEGATIVE_PARTICLE_LITHIUM_DELTA_OVER_FROZEN_Q_REF_V1,4.853168371993805,25,20.0,W10_80_PERCENT_DISCHARGE_WINDOW,14.55,3.0000000000000004,2.9980414617312134,4.85,99.71193128904235,4.853168371993805,25,,,,1.1405051783722446,0.04243226635280087,0.07864793925414569,0.970633674398761,,,,,0.16989071198278,0.0,,,9.44413460758197e-06,,,1.6022255799080787e-05,85.10559117180615,100.00168416677633,-4.4674399703126255e-05,-0.003917071184796074,0.003917071184796074,SOC_UPPER_BOUND_NOT_REACHED,2184027.037701416,2184494.173385251,467.13568383487734,0.05319459266489679,1.0873105857073477,95.33587451651755,,,,,,,,,,,,,,,,,,,,,,,,,,,,,1,FIRST_UPWARD_CROSSING,charge_timeseries/cycle-070.csv,,,2184027.037701416,2192769.80384701,SOC_UPPER_BOUND_NOT_REACHED,SOC_UPPER_BOUND_NOT_REACHED,False,False,3,charge-efficiency-v1
70,virtual,40-60,40.0,60.0,40.0,60.0,100.0,NEGATIVE_PARTICLE_LITHIUM_DELTA_OVER_FROZEN_Q_REF_V1,4.853168371993805,25,20.0,W10_80_PERCENT_DISCHARGE_WINDOW,14.55,3.0000000000000004,2.9980414617312134,4.85,99.71193128904235,4.853168371993805,25,,,,0.9438085104950229,0.07864793925414569,0.11486361215549051,0.970633674398761,,,,,-0.02686798081453376,0.02686798081453376,,,1.1755118069868564e-05,,,2.6331511894184256e-05,102.84222526131582,99.99546339005005,4.730280831699574e-06,0.0005011907372204734,0.0005011907372204734,SOC_UPPER_BOUND_NOT_REACHED,2184494.173385251,2184943.747314927,449.5739296765389,0.0,0.9438085104950229,100.00000000000001,,,,,,,,,,,,,,,,,,,,,,,,,,,,,1,FIRST_UPWARD_CROSSING,charge_timeseries/cycle-070.csv,,,2184027.037701416,2192769.80384701,SOC_UPPER_BOUND_NOT_REACHED,SOC_UPPER_BOUND_NOT_REACHED,False,False,3,charge-efficiency-v1
70,virtual,60-80,60.0,80.0,60.0,80.0,100.0,NEGATIVE_PARTICLE_LITHIUM_DELTA_OVER_FROZEN_Q_REF_V1,4.853168371993805,25,20.0,W10_80_PERCENT_DISCHARGE_WINDOW,14.55,3.0000000000000004,2.9980414617312134,4.85,99.71193128904235,4.853168371993805,25,,,,0.8394681185797697,0.11486361215549051,0.15107928505683532,0.9706336743987606,,,,,-0.1312192830240405,0.1312192830240405,,,2.5206255080258838e-05,,,8.38769173372167e-05,115.62484064801647,99.99359985163694,-5.535596736794268e-05,-0.006594171492968084,0.006594171492968084,SOC_UPPER_BOUND_NOT_REACHED,2184943.747314927,2188581.729996613,3637.9826816861596,0.22085516410485168,0.618612954474918,73.69105994418237,,,,,,,,,,,,,,,,,,,,,,,,,,,,,1,FIRST_UPWARD_CROSSING,charge_timeseries/cycle-070.csv,,,2184027.037701416,2192769.80384701,SOC_UPPER_BOUND_NOT_REACHED,SOC_UPPER_BOUND_NOT_REACHED,False,False,3,charge-efficiency-v1
70,virtual,80-100,80.0,100.0,80.0,,0.0,NEGATIVE_PARTICLE_LITHIUM_DELTA_OVER_FROZEN_Q_REF_V1,4.853168371993805,25,20.0,W10_80_PERCENT_DISCHARGE_WINDOW,14.55,3.0000000000000004,2.9980414617312134,4.85,99.71193128904235,4.853168371993805,25,,,,,,,,,,,,,,,,,,,,,,,,,,,,,,,,,,,,,,,,,,,,,,,,,,,,,,,,,,,,0,FIRST_UPWARD_CROSSING,charge_timeseries/cycle-070.csv,,,2184027.037701416,2192769.80384701,SOC_UPPER_BOUND_NOT_REACHED,SOC_UPPER_BOUND_NOT_REACHED,False,False,3,charge-efficiency-v1
71,virtual,20-40,20.0,40.0,20.0,40.0,100.0,NEGATIVE_PARTICLE_LITHIUM_DELTA_OVER_FROZEN_Q_REF_V1,4.853168371993805,25,20.0,W10_80_PERCENT_DISCHARGE_WINDOW,14.55,3.0000000000000004,2.9980414617312134,4.85,99.71193128904235,4.853168371993805,25,,,,1.1434258347799917,0.04242348046971886,0.07863915337106367,0.9706336743987606,,,,,0.17279780371352535,0.0,,,9.633303682230615e-06,,,1.6040713435805376e-05,84.88820567759183,100.00049354598458,-3.131734941219655e-05,-0.002738905179470811,0.002738905179470811,SOC_UPPER_BOUND_NOT_REACHED,2216322.95908942,2216793.8588164034,470.89972698378506,0.05284983959126428,1.0905759951887275,95.37793899842808,,,,,,,,,,,,,,,,,,,,,,,,,,,,,1,FIRST_UPWARD_CROSSING,charge_timeseries/cycle-071.csv,,,2216322.95908942,2225086.4615964196,SOC_UPPER_BOUND_NOT_REACHED,SOC_UPPER_BOUND_NOT_REACHED,False,False,3,charge-efficiency-v1
71,virtual,40-60,40.0,60.0,40.0,60.0,100.0,NEGATIVE_PARTICLE_LITHIUM_DELTA_OVER_FROZEN_Q_REF_V1,4.853168371993805,25,20.0,W10_80_PERCENT_DISCHARGE_WINDOW,14.55,3.0000000000000004,2.9980414617312134,4.85,99.71193128904235,4.853168371993805,25,,,,0.9430082412081126,0.07863915337106367,0.1148548262724085,0.9706336743987614,,,,,-0.027698005733965386,0.027698005733965386,,,1.1931384928113437e-05,,,2.622807124907922e-05,102.92950071732747,99.99230414537803,3.44130871393622e-05,0.0036492880587421688,0.0036492880587421688,SOC_UPPER_BOUND_NOT_REACHED,2216793.8588164034,2217246.25326842,452.3944520165261,0.0,0.9430082412081126,100.0,,,,,,,,,,,,,,,,,,,,,,,,,,,,,1,FIRST_UPWARD_CROSSING,charge_timeseries/cycle-071.csv,,,2216322.95908942,2225086.4615964196,SOC_UPPER_BOUND_NOT_REACHED,SOC_UPPER_BOUND_NOT_REACHED,False,False,3,charge-efficiency-v1
71,virtual,60-80,60.0,80.0,60.0,80.0,100.0,NEGATIVE_PARTICLE_LITHIUM_DELTA_OVER_FROZEN_Q_REF_V1,4.853168371993805,25,20.0,W10_80_PERCENT_DISCHARGE_WINDOW,14.55,3.0000000000000004,2.9980414617312134,4.85,99.71193128904235,4.853168371993805,25,,,,0.8374072549644317,0.1148548262724085,0.15107049917375331,0.9706336743987606,,,,,-0.13331592300759326,0.13331592300759326,,,2.5343025741780822e-05,,,8.327272190462864e-05,115.90939398297756,99.98931182256497,-1.911217438210766e-05,-0.002282303415548918,0.002282303415548918,SOC_UPPER_BOUND_NOT_REACHED,2217246.25326842,2220894.225486606,3647.9722181857865,0.2208305249059683,0.6165767300584634,73.62925582542893,,,,,,,,,,,,,,,,,,,,,,,,,,,,,1,FIRST_UPWARD_CROSSING,charge_timeseries/cycle-071.csv,,,2216322.95908942,2225086.4615964196,SOC_UPPER_BOUND_NOT_REACHED,SOC_UPPER_BOUND_NOT_REACHED,False,False,3,charge-efficiency-v1
71,virtual,80-100,80.0,100.0,80.0,,0.0,NEGATIVE_PARTICLE_LITHIUM_DELTA_OVER_FROZEN_Q_REF_V1,4.853168371993805,25,20.0,W10_80_PERCENT_DISCHARGE_WINDOW,14.55,3.0000000000000004,2.9980414617312134,4.85,99.71193128904235,4.853168371993805,25,,,,,,,,,,,,,,,,,,,,,,,,,,,,,,,,,,,,,,,,,,,,,,,,,,,,,,,,,,,,0,FIRST_UPWARD_CROSSING,charge_timeseries/cycle-071.csv,,,2216322.95908942,2225086.4615964196,SOC_UPPER_BOUND_NOT_REACHED,SOC_UPPER_BOUND_NOT_REACHED,False,False,3,charge-efficiency-v1
72,virtual,20-40,20.0,40.0,20.0,40.0,100.0,NEGATIVE_PARTICLE_LITHIUM_DELTA_OVER_FROZEN_Q_REF_V1,4.853168371993805,25,20.0,W10_80_PERCENT_DISCHARGE_WINDOW,14.55,3.0000000000000004,2.9980414617312134,4.85,99.71193128904235,4.853168371993805,25,,,,1.1429953319720776,0.04241473372642547,0.0786304066277703,0.970633674398761,,,,,0.17236399348783366,0.0,,,9.575564477568368e-06,,,1.5973793753648602e-05,84.92017834614155,100.00020436780902,-2.7885272748440215e-05,-0.002439666372068913,0.002439666372068913,SOC_UPPER_BOUND_NOT_REACHED,2248639.616716679,2249112.1234873603,472.5067706810921,0.052508398145422436,1.0904869338266552,95.4060706394289,,,,,,,,,,,,,,,,,,,,,,,,,,,,,1,FIRST_UPWARD_CROSSING,charge_timeseries/cycle-072.csv,,,2248639.616716679,2257422.449613076,SOC_UPPER_BOUND_NOT_REACHED,SOC_UPPER_BOUND_NOT_REACHED,False,False,3,charge-efficiency-v1
72,virtual,40-60,40.0,60.0,40.0,60.0,100.0,NEGATIVE_PARTICLE_LITHIUM_DELTA_OVER_FROZEN_Q_REF_V1,4.853168371993805,25,20.0,W10_80_PERCENT_DISCHARGE_WINDOW,14.55,3.0000000000000004,2.9980414617312134,4.85,99.71193128904235,4.853168371993805,25,,,,0.9430030825292036,0.0786304066277703,0.11484607952911512,0.970633674398761,,,,,-0.027660727875483404,0.027660727875483404,,,1.1855253935502685e-05,,,2.6079095154923904e-05,102.93006379103768,99.99680425159957,-7.798343164555632e-06,-0.0008269690003175708,0.0008269690003175708,SOC_UPPER_BOUND_NOT_REACHED,2249112.1234873603,2249565.9326533847,453.8091660242627,0.0,0.9430030825292036,100.0,,,,,,,,,,,,,,,,,,,,,,,,,,,,,1,FIRST_UPWARD_CROSSING,charge_timeseries/cycle-072.csv,,,2248639.616716679,2257422.449613076,SOC_UPPER_BOUND_NOT_REACHED,SOC_UPPER_BOUND_NOT_REACHED,False,False,3,charge-efficiency-v1
72,virtual,60-80,60.0,80.0,60.0,80.0,100.0,NEGATIVE_PARTICLE_LITHIUM_DELTA_OVER_FROZEN_Q_REF_V1,4.853168371993805,25,20.0,W10_80_PERCENT_DISCHARGE_WINDOW,14.55,3.0000000000000004,2.9980414617312134,4.85,99.71193128904235,4.853168371993805,25,,,,0.8377078763276018,0.11484607952911512,0.15106175243045994,0.970633674398761,,,,,-0.13298660398443543,0.13298660398443543,,,2.5121742932000986e-05,,,8.28071490805854e-05,115.86779852827551,99.99274139410713,-4.712297873643578e-05,-0.005625228085835429,0.005625228085835429,SOC_UPPER_BOUND_NOT_REACHED,2249565.9326533847,2253225.876233281,3659.9435798964805,0.220778428418268,0.6169294479093338,73.64493821090345,,,,,,,,,,,,,,,,,,,,,,,,,,,,,1,FIRST_UPWARD_CROSSING,charge_timeseries/cycle-072.csv,,,2248639.616716679,2257422.449613076,SOC_UPPER_BOUND_NOT_REACHED,SOC_UPPER_BOUND_NOT_REACHED,False,False,3,charge-efficiency-v1
72,virtual,80-100,80.0,100.0,80.0,,0.0,NEGATIVE_PARTICLE_LITHIUM_DELTA_OVER_FROZEN_Q_REF_V1,4.853168371993805,25,20.0,W10_80_PERCENT_DISCHARGE_WINDOW,14.55,3.0000000000000004,2.9980414617312134,4.85,99.71193128904235,4.853168371993805,25,,,,,,,,,,,,,,,,,,,,,,,,,,,,,,,,,,,,,,,,,,,,,,,,,,,,,,,,,,,,0,FIRST_UPWARD_CROSSING,charge_timeseries/cycle-072.csv,,,2248639.616716679,2257422.449613076,SOC_UPPER_BOUND_NOT_REACHED,SOC_UPPER_BOUND_NOT_REACHED,False,False,3,charge-efficiency-v1
73,virtual,20-40,20.0,40.0,20.0,40.0,100.0,NEGATIVE_PARTICLE_LITHIUM_DELTA_OVER_FROZEN_Q_REF_V1,4.853168371993805,25,20.0,W10_80_PERCENT_DISCHARGE_WINDOW,14.55,3.0000000000000004,2.9980414617312134,4.85,99.71193128904235,4.853168371993805,25,,,,1.1445148773965808,0.04240603394263334,0.07862170684397816,0.970633674398761,,,,,0.17388790334138246,0.0,,,9.650999858788582e-06,,,1.5959404343485195e-05,84.80743182706843,100.00058543088386,-3.2310747764885406e-05,-0.0028230954794036768,0.0028230954794036768,SOC_UPPER_BOUND_NOT_REACHED,2280975.60433317,2281450.9480386307,475.34370546051196,0.05217052400382389,1.0923443533927568,95.44169105756879,,,,,,,,,,,,,,,,,,,,,,,,,,,,,1,FIRST_UPWARD_CROSSING,charge_timeseries/cycle-073.csv,,,2280975.60433317,2289778.6148814666,SOC_UPPER_BOUND_NOT_REACHED,SOC_UPPER_BOUND_NOT_REACHED,False,False,3,charge-efficiency-v1
73,virtual,40-60,40.0,60.0,40.0,60.0,100.0,NEGATIVE_PARTICLE_LITHIUM_DELTA_OVER_FROZEN_Q_REF_V1,4.853168371993805,25,20.0,W10_80_PERCENT_DISCHARGE_WINDOW,14.55,3.0000000000000004,2.9980414617312134,4.85,99.71193128904235,4.853168371993805,25,,,,0.9425202626408496,0.07862170684397816,0.11483737974532299,0.970633674398761,,,,,-0.02813390255868156,0.02813390255868156,,,1.1928470552929546e-05,,,2.596149336506204e-05,102.9827912324283,99.99782595647198,-1.739916314791312e-05,-0.0018460253681085185,0.0018460253681085185,SOC_UPPER_BOUND_NOT_REACHED,2281450.9480386307,2281907.0215221313,456.07348350075074,0.0,0.9425202626408496,100.0,,,,,,,,,,,,,,,,,,,,,,,,,,,,,1,FIRST_UPWARD_CROSSING,charge_timeseries/cycle-073.csv,,,2280975.60433317,2289778.6148814666,SOC_UPPER_BOUND_NOT_REACHED,SOC_UPPER_BOUND_NOT_REACHED,False,False,3,charge-efficiency-v1
73,virtual,60-80,60.0,80.0,60.0,80.0,100.0,NEGATIVE_PARTICLE_LITHIUM_DELTA_OVER_FROZEN_Q_REF_V1,4.853168371993805,25,20.0,W10_80_PERCENT_DISCHARGE_WINDOW,14.55,3.0000000000000004,2.9980414617312134,4.85,99.71193128904235,4.853168371993805,25,,,,0.83661411459215,0.11483737974532299,0.15105305264666782,0.9706336743987614,,,,,-0.13407641898904052,0.13407641898904052,,,2.5112666370424863e-05,,,8.227857107695469e-05,116.01928027140039,99.99320365489449,-5.0532055018148725e-05,-0.006040067234914288,0.006040067234914288,SOC_UPPER_BOUND_NOT_REACHED,2281907.0215221313,2285577.7772212015,3670.7556990697412,0.22074363195347405,0.6158704826386759,73.61464167251269,,,,,,,,,,,,,,,,,,,,,,,,,,,,,1,FIRST_UPWARD_CROSSING,charge_timeseries/cycle-073.csv,,,2280975.60433317,2289778.6148814666,SOC_UPPER_BOUND_NOT_REACHED,SOC_UPPER_BOUND_NOT_REACHED,False,False,3,charge-efficiency-v1
73,virtual,80-100,80.0,100.0,80.0,,0.0,NEGATIVE_PARTICLE_LITHIUM_DELTA_OVER_FROZEN_Q_REF_V1,4.853168371993805,25,20.0,W10_80_PERCENT_DISCHARGE_WINDOW,14.55,3.0000000000000004,2.9980414617312134,4.85,99.71193128904235,4.853168371993805,25,,,,,,,,,,,,,,,,,,,,,,,,,,,,,,,,,,,,,,,,,,,,,,,,,,,,,,,,,,,,0,FIRST_UPWARD_CROSSING,charge_timeseries/cycle-073.csv,,,2280975.60433317,2289778.6148814666,SOC_UPPER_BOUND_NOT_REACHED,SOC_UPPER_BOUND_NOT_REACHED,False,False,3,charge-efficiency-v1
74,virtual,20-40,20.0,40.0,20.0,40.0,100.0,NEGATIVE_PARTICLE_LITHIUM_DELTA_OVER_FROZEN_Q_REF_V1,4.853168371993805,25,20.0,W10_80_PERCENT_DISCHARGE_WINDOW,14.55,3.0000000000000004,2.9980414617312134,4.85,99.71193128904235,4.853168371993805,25,,,,1.1454920971157496,0.04239737816063183,0.07861305106197665,0.970633674398761,,,,,0.1748730396040793,0.0,,,9.702285384992869e-06,,,1.5933617780058973e-05,84.7350825765392,100.0012760356119,-4.025279025565709e-05,-0.0035140172819184126,0.0035140172819184126,SOC_UPPER_BOUND_NOT_REACHED,2313331.7695517014,2313809.677382919,477.90783121778935,0.05183561618081143,1.0936564809349383,95.47481677862912,,,,,,,,,,,,,,,,,,,,,,,,,,,,,1,FIRST_UPWARD_CROSSING,charge_timeseries/cycle-074.csv,,,2313331.7695517014,2322154.8067441722,SOC_UPPER_BOUND_NOT_REACHED,SOC_UPPER_BOUND_NOT_REACHED,False,False,3,charge-efficiency-v1
74,virtual,40-60,40.0,60.0,40.0,60.0,100.0,NEGATIVE_PARTICLE_LITHIUM_DELTA_OVER_FROZEN_Q_REF_V1,4.853168371993805,25,20.0,W10_80_PERCENT_DISCHARGE_WINDOW,14.55,3.0000000000000004,2.9980414617312134,4.85,99.71193128904235,4.853168371993805,25,,,,0.9422099963759815,0.07861305106197665,0.11482872396332146,0.9706336743987606,,,,,-0.028472358615562104,0.028472358615562104,,,1.1961817797666828e-05,,,2.5840117894887493e-05,103.01670308446154,99.99483336061279,1.0878657090485078e-05,0.0011545894367845399,0.0011545894367845399,SOC_UPPER_BOUND_NOT_REACHED,2313809.677382919,2314267.808690656,458.1313077368896,0.0,0.9422099963759815,100.0,,,,,,,,,,,,,,,,,,,,,,,,,,,,,1,FIRST_UPWARD_CROSSING,charge_timeseries/cycle-074.csv,,,2313331.7695517014,2322154.8067441722,SOC_UPPER_BOUND_NOT_REACHED,SOC_UPPER_BOUND_NOT_REACHED,False,False,3,charge-efficiency-v1
74,virtual,60-80,60.0,80.0,60.0,80.0,100.0,NEGATIVE_PARTICLE_LITHIUM_DELTA_OVER_FROZEN_Q_REF_V1,4.853168371993805,25,20.0,W10_80_PERCENT_DISCHARGE_WINDOW,14.55,3.0000000000000004,2.9980414617312134,4.85,99.71193128904235,4.853168371993805,25,,,,0.8359173282707075,0.11482872396332146,0.15104439686466628,0.970633674398761,,,,,-0.13476945391518444,0.13476945391518444,,,2.504704834003623e-05,,,8.178012045279015e-05,116.11598917404261,99.99364676561487,-5.37193816618764e-05,-0.006426398860878698,0.006426398860878698,SOC_UPPER_BOUND_NOT_REACHED,2314267.808690656,2317949.6598965493,3681.851205893388,0.22070641927806206,0.6152109089926454,73.59709963966826,,,,,,,,,,,,,,,,,,,,,,,,,,,,,1,FIRST_UPWARD_CROSSING,charge_timeseries/cycle-074.csv,,,2313331.7695517014,2322154.8067441722,SOC_UPPER_BOUND_NOT_REACHED,SOC_UPPER_BOUND_NOT_REACHED,False,False,3,charge-efficiency-v1
74,virtual,80-100,80.0,100.0,80.0,,0.0,NEGATIVE_PARTICLE_LITHIUM_DELTA_OVER_FROZEN_Q_REF_V1,4.853168371993805,25,20.0,W10_80_PERCENT_DISCHARGE_WINDOW,14.55,3.0000000000000004,2.9980414617312134,4.85,99.71193128904235,4.853168371993805,25,,,,,,,,,,,,,,,,,,,,,,,,,,,,,,,,,,,,,,,,,,,,,,,,,,,,,,,,,,,,0,FIRST_UPWARD_CROSSING,charge_timeseries/cycle-074.csv,,,2313331.7695517014,2322154.8067441722,SOC_UPPER_BOUND_NOT_REACHED,SOC_UPPER_BOUND_NOT_REACHED,False,False,3,charge-efficiency-v1
75,virtual,20-40,20.0,40.0,20.0,40.0,100.0,NEGATIVE_PARTICLE_LITHIUM_DELTA_OVER_FROZEN_Q_REF_V1,4.853168371993805,25,20.0,W10_80_PERCENT_DISCHARGE_WINDOW,14.55,3.0000000000000004,2.9980414617312134,4.85,99.71193128904235,4.853168371993805,25,,,,1.1466011925877275,0.042388764632526374,0.0786044375338712,0.970633674398761,,,,,0.1759794478954949,0.0,,,9.760227037973641e-06,,,1.5911547532165837e-05,84.65311920774903,100.00104044079193,-3.7601481098548106e-05,-0.0032793861842831794,0.0032793861842831794,SOC_UPPER_BOUND_NOT_REACHED,2345707.96135457,2346188.5242665526,480.5629119825538,0.05150376916114006,1.0950974234265876,95.50813574117232,,,,,,,,,,,,,,,,,,,,,,,,,,,,,1,FIRST_UPWARD_CROSSING,charge_timeseries/cycle-075.csv,,,2345707.96135457,2354551.0483834534,SOC_UPPER_BOUND_NOT_REACHED,SOC_UPPER_BOUND_NOT_REACHED,False,False,3,charge-efficiency-v1
75,virtual,40-60,40.0,60.0,40.0,60.0,100.0,NEGATIVE_PARTICLE_LITHIUM_DELTA_OVER_FROZEN_Q_REF_V1,4.853168371993805,25,20.0,W10_80_PERCENT_DISCHARGE_WINDOW,14.55,3.0000000000000004,2.9980414617312134,4.85,99.71193128904235,4.853168371993805,25,,,,0.9418127226990133,0.0786044375338712,0.11482011043521602,0.970633674398761,,,,,-0.028841884772320747,0.028841884772320747,,,1.2004523225423412e-05,,,2.572202765903364e-05,103.06015739701984,99.99777736358105,-1.6793478311516452e-05,-0.0017831016620151723,0.0017831016620151723,SOC_UPPER_BOUND_NOT_REACHED,2346188.5242665526,2346648.7448851205,460.2206185681664,0.0,0.9418127226990133,100.0,,,,,,,,,,,,,,,,,,,,,,,,,,,,,1,FIRST_UPWARD_CROSSING,charge_timeseries/cycle-075.csv,,,2345707.96135457,2354551.0483834534,SOC_UPPER_BOUND_NOT_REACHED,SOC_UPPER_BOUND_NOT_REACHED,False,False,3,charge-efficiency-v1
75,virtual,60-80,60.0,80.0,60.0,80.0,100.0,NEGATIVE_PARTICLE_LITHIUM_DELTA_OVER_FROZEN_Q_REF_V1,4.853168371993805,25,20.0,W10_80_PERCENT_DISCHARGE_WINDOW,14.55,3.0000000000000004,2.9980414617312134,4.85,99.71193128904235,4.853168371993805,25,,,,0.83514305445839,0.11482011043521602,0.15103578333656084,0.970633674398761,,,,,-0.1355507093190365,0.1355507093190365,,,2.499595432516131e-05,,,8.128870765299057e-05,116.22364207150594,99.99280489990969,-4.619528331262224e-05,-0.005531421600887404,0.005531421600887404,SOC_UPPER_BOUND_NOT_REACHED,2346648.7448851205,2350341.5924516544,3692.847566533566,0.22067121558418584,0.6144718388742041,73.57683639872975,,,,,,,,,,,,,,,,,,,,,,,,,,,,,1,FIRST_UPWARD_CROSSING,charge_timeseries/cycle-075.csv,,,2345707.96135457,2354551.0483834534,SOC_UPPER_BOUND_NOT_REACHED,SOC_UPPER_BOUND_NOT_REACHED,False,False,3,charge-efficiency-v1
75,virtual,80-100,80.0,100.0,80.0,,0.0,NEGATIVE_PARTICLE_LITHIUM_DELTA_OVER_FROZEN_Q_REF_V1,4.853168371993805,25,20.0,W10_80_PERCENT_DISCHARGE_WINDOW,14.55,3.0000000000000004,2.9980414617312134,4.85,99.71193128904235,4.853168371993805,25,,,,,,,,,,,,,,,,,,,,,,,,,,,,,,,,,,,,,,,,,,,,,,,,,,,,,,,,,,,,0,FIRST_UPWARD_CROSSING,charge_timeseries/cycle-075.csv,,,2345707.96135457,2354551.0483834534,SOC_UPPER_BOUND_NOT_REACHED,SOC_UPPER_BOUND_NOT_REACHED,False,False,3,charge-efficiency-v1
